clase,precision,recall
Bot,0.0007796143360968443,1.0
Bot,0.0035815164214374065,0.9961489088575096
Bot,0.0037498882523636133,0.9961489088575096
Bot,0.003844877048165013,0.9961489088575096
Bot,0.003907971304612766,0.9961489088575096
Bot,0.0039613474715102445,0.9948652118100129
Bot,0.004008254418130757,0.9948652118100129
Bot,0.004049862957863136,0.9948652118100129
Bot,0.004091059056417024,0.9948652118100129
Bot,0.004122235321356053,0.9942233632862645
Bot,0.0041577753620270835,0.9942233632862645
Bot,0.004184394289341815,0.9942233632862645
Bot,0.004205321851102267,0.993581514762516
Bot,0.004226263442548207,0.993581514762516
Bot,0.004245294661295144,0.993581514762516
Bot,0.004261832918529613,0.993581514762516
Bot,0.004278405934491746,0.993581514762516
Bot,0.004294393430798679,0.993581514762516
Bot,0.004309660823011584,0.993581514762516
Bot,0.00431909930296554,0.9922978177150192
Bot,0.004334198677873159,0.9922978177150192
Bot,0.004347153682848989,0.9922978177150192
Bot,0.004359534719774409,0.9922978177150192
Bot,0.004372073030021946,0.9922978177150192
Bot,0.004384086842351527,0.9922978177150192
Bot,0.004399845180091982,0.9922978177150192
Bot,0.004414985821213064,0.9922978177150192
Bot,0.004427287670605216,0.9922978177150192
Bot,0.004434481610534836,0.9916559691912709
Bot,0.004444879182717619,0.9916559691912709
Bot,0.004452744706421463,0.9916559691912709
Bot,0.004459878414188476,0.9916559691912709
Bot,0.0044673191747748265,0.9916559691912709
Bot,0.004474888489833749,0.9916559691912709
Bot,0.004481885350761921,0.9916559691912709
Bot,0.004491931966855648,0.9916559691912709
Bot,0.004510738184493571,0.9916559691912709
Bot,0.004530114264435525,0.9916559691912709
Bot,0.004547983432976854,0.9916559691912709
Bot,0.004561868683140574,0.9916559691912709
Bot,0.004570302793653048,0.9916559691912709
Bot,0.004578184727531336,0.9916559691912709
Bot,0.004584746592598527,0.9916559691912709
Bot,0.004593770906117595,0.9916559691912709
Bot,0.0046046827686512005,0.9916559691912709
Bot,0.004616405120175931,0.9916559691912709
Bot,0.0046259701063524,0.9916559691912709
Bot,0.00464404660278222,0.9916559691912709
Bot,0.004667983974765694,0.9916559691912709
Bot,0.004693224138664269,0.9916559691912709
Bot,0.00471395881006865,0.9916559691912709
Bot,0.004729225080503961,0.9916559691912709
Bot,0.004735907991576521,0.9916559691912709
Bot,0.004742376897718134,0.9916559691912709
Bot,0.004748148375795199,0.9916559691912709
Bot,0.004753802272594407,0.9916559691912709
Bot,0.004761185704732526,0.9916559691912709
Bot,0.004768415497196048,0.9916559691912709
Bot,0.0047878472351344315,0.9916559691912709
Bot,0.004806361195710673,0.9916559691912709
Bot,0.004821059135204965,0.9916559691912709
Bot,0.004839816180962137,0.9916559691912709
Bot,0.004865099758162032,0.9916559691912709
Bot,0.0048804526027501115,0.9916559691912709
Bot,0.004891485016859002,0.9916559691912709
Bot,0.004906163665809279,0.9916559691912709
Bot,0.00491293453236495,0.9916559691912709
Bot,0.004920147126729615,0.9916559691912709
Bot,0.004925652927973883,0.9916559691912709
Bot,0.004930824836038106,0.9916559691912709
Bot,0.004938658347131742,0.9916559691912709
Bot,0.0049493532204432315,0.9916559691912709
Bot,0.004959027837960155,0.9916559691912709
Bot,0.004968804270920435,0.9916559691912709
Bot,0.004981460583588586,0.9916559691912709
Bot,0.004997089074325636,0.9916559691912709
Bot,0.00500774661126273,0.9916559691912709
Bot,0.0050188572598013894,0.9916559691912709
Bot,0.005029427849683585,0.9916559691912709
Bot,0.005040207480385601,0.9916559691912709
Bot,0.00505521472392638,0.9916559691912709
Bot,0.005064892916034238,0.9916559691912709
Bot,0.005075958682681946,0.9916559691912709
Bot,0.005085833731092714,0.9916559691912709
Bot,0.00509458304599313,0.9910141206675225
Bot,0.005108675152449616,0.9910141206675225
Bot,0.0051205009070317345,0.9910141206675225
Bot,0.005130710158075053,0.9910141206675225
Bot,0.005138906917221662,0.9910141206675225
Bot,0.005148399961320311,0.9910141206675225
Bot,0.005157394046282935,0.9910141206675225
Bot,0.005164294123943059,0.9910141206675225
Bot,0.0051755635632280235,0.9910141206675225
Bot,0.0051874748017739555,0.9910141206675225
Bot,0.005201455329470422,0.9910141206675225
Bot,0.00521038973310251,0.9910141206675225
Bot,0.005217379550845796,0.9910141206675225
Bot,0.005225767365353569,0.9910141206675225
Bot,0.005232302009556406,0.9910141206675225
Bot,0.005239546358447411,0.9910141206675225
Bot,0.005244672106089119,0.9910141206675225
Bot,0.00524995069670654,0.9910141206675225
Bot,0.005255383023479036,0.9910141206675225
Bot,0.005261382339611325,0.9910141206675225
Bot,0.005269570618730866,0.9910141206675225
Bot,0.005276143221317806,0.9910141206675225
Bot,0.005290842114280819,0.9910141206675225
Bot,0.00531398638463074,0.9910141206675225
Bot,0.005351782656619365,0.9910141206675225
Bot,0.005454982264241602,0.9910141206675225
Bot,0.005478324427508001,0.9910141206675225
Bot,0.005492042940377187,0.9910141206675225
Bot,0.005506065944411557,0.9910141206675225
Bot,0.0055323448686068095,0.9910141206675225
Bot,0.005581422250498858,0.9910141206675225
Bot,0.0056515166489141695,0.9910141206675225
Bot,0.005674488689612084,0.9910141206675225
Bot,0.0056926485932447726,0.9910141206675225
Bot,0.0057140319452874035,0.9910141206675225
Bot,0.005817940660019745,0.9910141206675225
Bot,0.0058590488911825864,0.9910141206675225
Bot,0.005874251451442311,0.9910141206675225
Bot,0.006034479389360713,0.9910141206675225
Bot,0.0060467447835077385,0.9910141206675225
Bot,0.006054925705591002,0.9910141206675225
Bot,0.006079410328697652,0.9910141206675225
Bot,0.006087271924429516,0.9910141206675225
Bot,0.006096766423559422,0.9910141206675225
Bot,0.006109141554824006,0.9910141206675225
Bot,0.006138847693757381,0.9910141206675225
Bot,0.006185575270518763,0.9910141206675225
Bot,0.006269414272662674,0.9910141206675225
Bot,0.006278056079630473,0.9910141206675225
Bot,0.006286133051054474,0.9910141206675225
Bot,0.006297080259224366,0.9910141206675225
Bot,0.006311520978449263,0.9910141206675225
Bot,0.006327739185672425,0.9910141206675225
Bot,0.006333301824369033,0.9890885750962772
Bot,0.006347911697705937,0.9890885750962772
Bot,0.006344580481643234,0.9865211810012837
Bot,0.006328407564327788,0.9826700898587933
Bot,0.006323871683798133,0.9801026957637997
Bot,0.006325852036575229,0.9768934531450578
Bot,0.006255529403909393,0.9621309370988447
Bot,0.00626694333813046,0.9614890885750963
Bot,0.006273825649714197,0.9602053915275995
Bot,0.006251603919242403,0.9537869062901155
Bot,0.006264484509753431,0.9525032092426188
Bot,0.0062790155385495944,0.9505776636713735
Bot,0.006286338909375491,0.9486521181001284
Bot,0.006275963061474553,0.9435173299101413
Bot,0.006285032643689956,0.9435173299101413
Bot,0.00629698644220266,0.9435173299101413
Bot,0.006304926849981343,0.9435173299101413
Bot,0.006313131313131313,0.9435173299101413
Bot,0.006321873682942983,0.9435173299101413
Bot,0.00632646996757092,0.9428754813863928
Bot,0.006329714300497581,0.9422336328626444
Bot,0.006336161874260853,0.9422336328626444
Bot,0.006335267909231946,0.9409499358151476
Bot,0.006344233066177362,0.9409499358151476
Bot,0.006356667129179964,0.9409499358151476
Bot,0.006371475261639025,0.9409499358151476
Bot,0.006384294461428584,0.9409499358151476
Bot,0.006394737645637315,0.9409499358151476
Bot,0.006402613454223061,0.9409499358151476
Bot,0.006410312469937996,0.9409499358151476
Bot,0.006417720964846999,0.9409499358151476
Bot,0.006424696075939382,0.9409499358151476
Bot,0.006437249985729153,0.9409499358151476
Bot,0.006446959902196188,0.9409499358151476
Bot,0.006455931442059556,0.9409499358151476
Bot,0.0064689218169462805,0.9409499358151476
Bot,0.006480961622627663,0.9409499358151476
Bot,0.0064971901646900315,0.9409499358151476
Bot,0.006510462926777276,0.9409499358151476
Bot,0.006528496486368535,0.9409499358151476
Bot,0.00655567629447776,0.9409499358151476
Bot,0.006576881320041992,0.9409499358151476
Bot,0.006600897830168715,0.9409499358151476
Bot,0.006634564906500606,0.9409499358151476
Bot,0.006662243349117912,0.9409499358151476
Bot,0.006690245293782088,0.9409499358151476
Bot,0.006722889466708857,0.9409499358151476
Bot,0.006752772966798099,0.9409499358151476
Bot,0.006775806764714039,0.9409499358151476
Bot,0.006794429124278729,0.9409499358151476
Bot,0.0068148960798077324,0.9409499358151476
Bot,0.006836634286700275,0.9409499358151476
Bot,0.006856009764903403,0.9409499358151476
Bot,0.00687501172409912,0.9409499358151476
Bot,0.006900739499437491,0.9409499358151476
Bot,0.006934786516428727,0.9409499358151476
Bot,0.0069685748646451775,0.9409499358151476
Bot,0.00701616685650838,0.9409499358151476
Bot,0.007051670562883008,0.9409499358151476
Bot,0.007069864341552573,0.9409499358151476
Bot,0.007085788306032587,0.9409499358151476
Bot,0.007100958580970787,0.9409499358151476
Bot,0.007129656648185974,0.9409499358151476
Bot,0.007149684945670197,0.9409499358151476
Bot,0.007166706590339123,0.9409499358151476
Bot,0.007181768302241731,0.9409499358151476
Bot,0.007196928786733301,0.9409499358151476
Bot,0.007213501943610688,0.9409499358151476
Bot,0.0072273713271544075,0.9409499358151476
Bot,0.007242224242184721,0.9409499358151476
Bot,0.007256240317175907,0.9409499358151476
Bot,0.007274242927957208,0.9409499358151476
Bot,0.007286499597403501,0.9409499358151476
Bot,0.007305744926842881,0.9409499358151476
Bot,0.007321799584465399,0.9409499358151476
Bot,0.007368241171681025,0.9409499358151476
Bot,0.007412313744128547,0.9409499358151476
Bot,0.00744517688643312,0.9409499358151476
Bot,0.007496420535896911,0.9409499358151476
Bot,0.007547597228085711,0.9409499358151476
Bot,0.007601053570317523,0.9409499358151476
Bot,0.00765491277263447,0.9409499358151476
Bot,0.007716764222849202,0.9409499358151476
Bot,0.007776661510575303,0.9390243902439024
Bot,0.00785020580560114,0.9364569961489089
Bot,0.007964846340924165,0.9249037227214377
Bot,0.007951212858344511,0.8979460847240052
Bot,0.00786572999030011,0.858793324775353
Bot,0.007959662970316207,0.8440308087291399
Bot,0.008164034288944013,0.834403080872914
Bot,0.008550299393247389,0.8267008985879333
Bot,0.008690341646953115,0.7946084724005135
Bot,0.009009009009009009,0.7599486521181001
Bot,0.009933549735728488,0.7503209242618742
Bot,0.010743899316565891,0.7002567394094994
Bot,0.011272490786906569,0.6675224646983312
Bot,0.011536058550517671,0.6636713735558408
Bot,0.011641575116415752,0.6611039794608472
Bot,0.011696775668877201,0.6566110397946084
Bot,0.011816121722240207,0.6559691912708601
Bot,0.011705019449782068,0.641206675224647
Bot,0.011722804038116803,0.637997432605905
Bot,0.011754079461855695,0.634788189987163
Bot,0.011795074032911483,0.6335044929396663
Bot,0.01182842183634748,0.6322207958921694
Bot,0.011843658883346587,0.6309370988446726
Bot,0.011877862226464796,0.6309370988446726
Bot,0.01190115863772292,0.6309370988446726
Bot,0.011928887810205692,0.6309370988446726
Bot,0.011955437717399237,0.6309370988446726
Bot,0.011985841572073722,0.6302952503209243
Bot,0.01200734394124847,0.6296534017971759
Bot,0.012047305014184136,0.6296534017971759
Bot,0.0120630231413097,0.6290115532734275
Bot,0.012090704962124017,0.6290115532734275
Bot,0.012112822287593009,0.6290115532734275
Bot,0.012126542139424268,0.6283697047496791
Bot,0.01215635632155363,0.6283697047496791
Bot,0.012210941202883728,0.6283697047496791
Bot,0.011304108078301628,0.5789473684210527
Bot,0.011187985785858688,0.5718870346598203
Bot,0.011208111099929556,0.5718870346598203
Bot,0.011229865644929546,0.5718870346598203
Bot,0.010318284252905579,0.5231065468549422
Bot,0.009611106167126458,0.4852374839537869
Bot,0.009303866839998981,0.4685494223363286
Bot,0.00932299715201594,0.4685494223363286
Bot,0.009340174264621212,0.4685494223363286
Bot,0.008430034568281996,0.42105263157894735
Bot,0.007483581280724617,0.3722721437740693
Bot,0.0073838434780359756,0.36649550706033374
Bot,0.007398960776437355,0.36649550706033374
Bot,0.007407311314635602,0.36649550706033374
Bot,0.00742117439109979,0.36649550706033374
Bot,0.007435573554881304,0.36649550706033374
Bot,0.007447696561798925,0.36649550706033374
Bot,0.007460541444548971,0.36649550706033374
Bot,0.007472941669175098,0.36649550706033374
Bot,0.00748842638129336,0.36649550706033374
Bot,0.007504369882637437,0.36649550706033374
Bot,0.007518598986108368,0.36649550706033374
Bot,0.007534273688099542,0.36649550706033374
Bot,0.007570032746026064,0.36649550706033374
Bot,0.007605221097496004,0.36649550706033374
Bot,0.007635527265919606,0.36649550706033374
Bot,0.007710797817749689,0.36649550706033374
Bot,0.007769130292805051,0.36649550706033374
Bot,0.00791812849278216,0.36649550706033374
Bot,0.008071127696265513,0.36649550706033374
Bot,0.008294837153897557,0.36649550706033374
Bot,0.009651954901198466,0.36649550706033374
Bot,0.011436468514661112,0.36649550706033374
Bot,0.012364927781026007,0.36649550706033374
Bot,0.013670098156571702,0.36649550706033374
Bot,0.02431442684380855,0.36649550706033374
Bot,0.037739590218109714,0.36649550706033374
Bot,0.044201888837281315,0.36649550706033374
Bot,0.04649458513150395,0.36649550706033374
Bot,0.04793083186434987,0.36649550706033374
Bot,0.04891630257860019,0.36649550706033374
Bot,0.04993877907993703,0.36649550706033374
Bot,0.051100769643816005,0.36649550706033374
Bot,0.05170696368740379,0.36649550706033374
Bot,0.05235170074264234,0.36649550706033374
Bot,0.05282634841335924,0.36649550706033374
Bot,0.05345440928665044,0.36649550706033374
Bot,0.054005485671048896,0.36649550706033374
Bot,0.05447953439557294,0.36649550706033374
Bot,0.05483530202631326,0.36649550706033374
Bot,0.05527054496176556,0.36649550706033374
Bot,0.05576171875,0.36649550706033374
Bot,0.05609588368209058,0.36649550706033374
Bot,0.056428500840003955,0.36649550706033374
Bot,0.05703156212544946,0.36649550706033374
Bot,0.05741578682755153,0.36649550706033374
Bot,0.05774092425927799,0.36649550706033374
Bot,0.058016663279821176,0.36649550706033374
Bot,0.058360588716271464,0.36649550706033374
Bot,0.0590241885466198,0.36649550706033374
Bot,0.05967185703835302,0.36649550706033374
Bot,0.06008628854046091,0.36649550706033374
Bot,0.06095217762596072,0.36649550706033374
Bot,0.061984368215371254,0.36649550706033374
Bot,0.06246581336834044,0.36649550706033374
Bot,0.06289238902962882,0.36649550706033374
Bot,0.06359991089329473,0.36649550706033374
Bot,0.06538417496851025,0.36649550706033374
Bot,0.06589728793998846,0.36649550706033374
Bot,0.06644943558710578,0.36649550706033374
Bot,0.06698732989206944,0.36649550706033374
Bot,0.06778252611585944,0.36649550706033374
Bot,0.068654562943369,0.36649550706033374
Bot,0.0693550346167861,0.36649550706033374
Bot,0.06986418695705371,0.36649550706033374
Bot,0.07057224076133976,0.36649550706033374
Bot,0.07144644644644645,0.36649550706033374
Bot,0.07261859341218364,0.36649550706033374
Bot,0.07363941191643023,0.36649550706033374
Bot,0.07410772225827385,0.36649550706033374
Bot,0.07465028108249444,0.36649550706033374
Bot,0.07521074815595363,0.36649550706033374
Bot,0.07584008500464869,0.36649550706033374
Bot,0.07648004286096972,0.36649550706033374
Bot,0.07714131315860578,0.36649550706033374
Bot,0.07763552165622446,0.36585365853658536
Bot,0.07823222618720835,0.36585365853658536
Bot,0.0790788013318535,0.36585365853658536
Bot,0.07991027618112996,0.36585365853658536
Bot,0.08169700444317042,0.36585365853658536
Bot,0.08315098468271334,0.36585365853658536
Bot,0.08585630366018979,0.36585365853658536
Bot,0.08941176470588236,0.36585365853658536
Bot,0.09429280397022333,0.36585365853658536
Bot,0.10007022471910113,0.36585365853658536
Bot,0.10483722641162406,0.36585365853658536
Bot,0.1114587407117716,0.36585365853658536
Bot,0.12174284493806066,0.36585365853658536
Bot,0.13336452971455312,0.36585365853658536
Bot,0.1462663587374904,0.36585365853658536
Bot,0.15868596881959912,0.36585365853658536
Bot,0.17050553395154053,0.36585365853658536
Bot,0.18155711550733886,0.365211810012837
Bot,0.1930122116689281,0.365211810012837
Bot,0.20350500715307582,0.365211810012837
Bot,0.220030935808198,0.365211810012837
Bot,0.24038867765103505,0.365211810012837
Bot,0.2671361502347418,0.365211810012837
Bot,0.3015368309485957,0.365211810012837
Bot,0.3337243401759531,0.365211810012837
Bot,0.3529776674937965,0.365211810012837
Bot,0.37020169160702665,0.365211810012837
Bot,0.38368172623061364,0.365211810012837
Bot,0.3943173943173943,0.365211810012837
Bot,0.4041193181818182,0.365211810012837
Bot,0.41472303206997085,0.365211810012837
Bot,0.4264264264264264,0.3645699614890886
Bot,0.43953488372093025,0.36392811296534017
Bot,0.4513556618819777,0.3632862644415918
Bot,0.46343467543138867,0.362002567394095
Bot,0.4803754266211604,0.3613607188703466
Bot,0.5004444444444445,0.3613607188703466
Bot,0.5198889916743756,0.3607188703465982
Bot,0.5405405405405406,0.3594351732991014
Bot,0.563508064516129,0.35879332477535303
Bot,0.5830721003134797,0.3581514762516046
Bot,0.6078860898138007,0.35622593068035946
Bot,0.6318807339449541,0.35365853658536583
Bot,0.6480582524271845,0.3427471116816431
Bot,0.6419098143236074,0.31065468549422337
Bot,0.6483357452966715,0.28754813863928114
Bot,0.6641104294478528,0.2779204107830552
Bot,0.634020618556701,0.23684210526315788
Bot,0.6223908918406073,0.21052631578947367
Bot,0.5733041575492341,0.1681643132220796
Bot,0.559610705596107,0.14762516046213095
Bot,0.5,0.10975609756097561
Bot,0.3671875,0.06033376123234917
Bot,0.15508021390374332,0.018613607188703467
Bot,0.17647058823529413,0.017329910141206675
Bot,0.25,0.017329910141206675
Bot,0.3698630136986301,0.017329910141206675
Bot,0.6666666666666666,0.01668806161745828
Bot,1.0,0.0
Web Attack,0.000858176242879389,1.0
Web Attack,0.004434947175775725,0.9947521865889213
Web Attack,0.004792057910133428,0.9924198250728863
Web Attack,0.004993145799270255,0.9918367346938776
Web Attack,0.0052126772310258545,0.9912536443148688
Web Attack,0.005391562632885041,0.99067055393586
Web Attack,0.005542274128651304,0.9895043731778426
Web Attack,0.005674389677091449,0.9895043731778426
Web Attack,0.005803290356135885,0.9889212827988338
Web Attack,0.005920402699089249,0.9889212827988338
Web Attack,0.005992790255878701,0.9877551020408163
Web Attack,0.006070058441791259,0.9871720116618076
Web Attack,0.006145681324824487,0.9871720116618076
Web Attack,0.006217963332034094,0.9860058309037901
Web Attack,0.006278787067706068,0.9848396501457726
Web Attack,0.006350889462938104,0.9848396501457726
Web Attack,0.0064171732522796355,0.9848396501457726
Web Attack,0.006478959683915762,0.9848396501457726
Web Attack,0.006546435506563877,0.9848396501457726
Web Attack,0.006605697022349014,0.9842565597667638
Web Attack,0.0066526029691783796,0.9819241982507289
Web Attack,0.006693392369213586,0.9784256559766764
Web Attack,0.006757818006081231,0.9784256559766764
Web Attack,0.006822108836623097,0.9784256559766764
Web Attack,0.0068817310137224506,0.9784256559766764
Web Attack,0.006950456253132469,0.9784256559766764
Web Attack,0.007011942868127,0.9784256559766764
Web Attack,0.007073334204502822,0.9784256559766764
Web Attack,0.007138967359858412,0.9784256559766764
Web Attack,0.0072061084437725995,0.9784256559766764
Web Attack,0.007272017692207623,0.9778425655976677
Web Attack,0.007365730248247509,0.9778425655976677
Web Attack,0.007430447554864351,0.9778425655976677
Web Attack,0.00748423490768551,0.9778425655976677
Web Attack,0.007532821257297983,0.9772594752186589
Web Attack,0.007588758133237946,0.9772594752186589
Web Attack,0.0076437187877682255,0.9772594752186589
Web Attack,0.007695592482563239,0.9772594752186589
Web Attack,0.007743766845582354,0.9766763848396501
Web Attack,0.007786915748734743,0.9760932944606414
Web Attack,0.007840272020907393,0.9760932944606414
Web Attack,0.007905698336686407,0.9760932944606414
Web Attack,0.007957143604101208,0.9760932944606414
Web Attack,0.008010572231612313,0.9755102040816327
Web Attack,0.008067238236683994,0.9755102040816327
Web Attack,0.008132136277688393,0.9755102040816327
Web Attack,0.008180289072737585,0.9755102040816327
Web Attack,0.008227760947397411,0.9755102040816327
Web Attack,0.008275009274143687,0.9755102040816327
Web Attack,0.008321106164979731,0.9755102040816327
Web Attack,0.008363912691350124,0.9755102040816327
Web Attack,0.008411515681719911,0.9755102040816327
Web Attack,0.008455259899426377,0.9755102040816327
Web Attack,0.008497691452023344,0.9755102040816327
Web Attack,0.008541292272504492,0.9755102040816327
Web Attack,0.008587766667351088,0.9755102040816327
Web Attack,0.008630562405208259,0.9755102040816327
Web Attack,0.008670370447148574,0.9755102040816327
Web Attack,0.008719354569713142,0.9755102040816327
Web Attack,0.008766092565326514,0.9755102040816327
Web Attack,0.008805216814648345,0.9755102040816327
Web Attack,0.008843008843008843,0.9755102040816327
Web Attack,0.00888107953158012,0.9755102040816327
Web Attack,0.008918195677900146,0.9755102040816327
Web Attack,0.008965317671268113,0.9755102040816327
Web Attack,0.00900411185980926,0.9755102040816327
Web Attack,0.00903542881831929,0.9755102040816327
Web Attack,0.009066178223831097,0.9755102040816327
Web Attack,0.009098077602849607,0.9755102040816327
Web Attack,0.009127014435194378,0.9755102040816327
Web Attack,0.00915884269017053,0.9755102040816327
Web Attack,0.009186704811900434,0.9755102040816327
Web Attack,0.00922622166094049,0.9755102040816327
Web Attack,0.009266400696922113,0.9737609329446064
Web Attack,0.0093344586852387,0.9737609329446064
Web Attack,0.009401617979046215,0.9737609329446064
Web Attack,0.009470932177917417,0.9737609329446064
Web Attack,0.009529461442771874,0.9737609329446064
Web Attack,0.009598087279373307,0.9737609329446064
Web Attack,0.009664743363446436,0.9737609329446064
Web Attack,0.009727116521536535,0.9737609329446064
Web Attack,0.009785538497597562,0.9737609329446064
Web Attack,0.009842055634134842,0.9737609329446064
Web Attack,0.009893892446872167,0.9737609329446064
Web Attack,0.009941506534351508,0.9731778425655977
Web Attack,0.010005338579937736,0.972594752186589
Web Attack,0.010068997989822344,0.972594752186589
Web Attack,0.010129472635849103,0.972594752186589
Web Attack,0.010192608525615956,0.972594752186589
Web Attack,0.010249162800700483,0.972594752186589
Web Attack,0.010302910510451154,0.972594752186589
Web Attack,0.01035111888893026,0.972594752186589
Web Attack,0.010411985018726592,0.972594752186589
Web Attack,0.010473636951593965,0.972594752186589
Web Attack,0.010523725701739444,0.972594752186589
Web Attack,0.010568383658969805,0.9714285714285714
Web Attack,0.010614493086235584,0.9708454810495627
Web Attack,0.01065422713660447,0.9708454810495627
Web Attack,0.010700651679327497,0.9708454810495627
Web Attack,0.010758107348465757,0.9708454810495627
Web Attack,0.010800537107791306,0.9708454810495627
Web Attack,0.010851995724378862,0.9708454810495627
Web Attack,0.010905018273273863,0.9708454810495627
Web Attack,0.010952650344038205,0.9708454810495627
Web Attack,0.011001063766526372,0.9708454810495627
Web Attack,0.011047780822644964,0.9708454810495627
Web Attack,0.01109710634949216,0.970262390670554
Web Attack,0.011138033976358453,0.970262390670554
Web Attack,0.011201766432398955,0.970262390670554
Web Attack,0.011288703155952349,0.970262390670554
Web Attack,0.01135772735980733,0.967930029154519
Web Attack,0.011453178135972795,0.9661807580174927
Web Attack,0.011580014684801231,0.965597667638484
Web Attack,0.011694584898731675,0.965597667638484
Web Attack,0.011778428973797264,0.965597667638484
Web Attack,0.011906816220880068,0.965597667638484
Web Attack,0.012019335452684753,0.965597667638484
Web Attack,0.0121226318409417,0.965597667638484
Web Attack,0.01221420242365201,0.9650145772594753
Web Attack,0.012313163553035883,0.9650145772594753
Web Attack,0.012411320924512172,0.9650145772594753
Web Attack,0.012513799204560921,0.9650145772594753
Web Attack,0.01260165077818049,0.9650145772594753
Web Attack,0.012688117635333533,0.9650145772594753
Web Attack,0.012794034607322148,0.9644314868804664
Web Attack,0.012897892980239866,0.9644314868804664
Web Attack,0.012984566108241353,0.9644314868804664
Web Attack,0.013078510599603058,0.9644314868804664
Web Attack,0.013168593064966122,0.963265306122449
Web Attack,0.013254810083925735,0.963265306122449
Web Attack,0.013330643534395803,0.963265306122449
Web Attack,0.013412139122527847,0.963265306122449
Web Attack,0.01346718903036239,0.9620991253644315
Web Attack,0.013525269602613134,0.960932944606414
Web Attack,0.01359029547347501,0.960932944606414
Web Attack,0.013654139325246901,0.960932944606414
Web Attack,0.013732417838810747,0.960932944606414
Web Attack,0.01381125181230777,0.960932944606414
Web Attack,0.01388842069779201,0.960932944606414
Web Attack,0.013966456774324771,0.960932944606414
Web Attack,0.014056739041376484,0.9603498542274053
Web Attack,0.014192403143526816,0.9603498542274053
Web Attack,0.014280140460397972,0.9603498542274053
Web Attack,0.014356737897950283,0.9597667638483965
Web Attack,0.0144879062070908,0.9597667638483965
Web Attack,0.014633062186069254,0.9597667638483965
Web Attack,0.01476819765145258,0.9591836734693877
Web Attack,0.014993938620557647,0.9591836734693877
Web Attack,0.015144819459021524,0.9591836734693877
Web Attack,0.015296491570656772,0.9591836734693877
Web Attack,0.015428179004506158,0.956268221574344
Web Attack,0.015561653200155711,0.9556851311953353
Web Attack,0.015698030802237375,0.9556851311953353
Web Attack,0.015856124294987763,0.9556851311953353
Web Attack,0.016119356012549296,0.9556851311953353
Web Attack,0.016267344224546915,0.9556851311953353
Web Attack,0.016437339537869064,0.9556851311953353
Web Attack,0.01663011695906433,0.9551020408163265
Web Attack,0.01681431372347742,0.9551020408163265
Web Attack,0.016987648175227903,0.9551020408163265
Web Attack,0.017141421963624188,0.9551020408163265
Web Attack,0.017267006103538787,0.9551020408163265
Web Attack,0.017365752233042667,0.9545189504373178
Web Attack,0.01748050005342451,0.953935860058309
Web Attack,0.01761189206656972,0.9533527696793003
Web Attack,0.01772569086828782,0.9533527696793003
Web Attack,0.017894863572186896,0.9533527696793003
Web Attack,0.018070955890489786,0.9521865889212828
Web Attack,0.01816663883786943,0.9516034985422741
Web Attack,0.01825952695294144,0.9516034985422741
Web Attack,0.018363489062921956,0.9516034985422741
Web Attack,0.01847219549740235,0.9516034985422741
Web Attack,0.01855454307589047,0.9510204081632653
Web Attack,0.01866004622108322,0.9510204081632653
Web Attack,0.018750431639770714,0.9498542274052478
Web Attack,0.01885307563219721,0.9498542274052478
Web Attack,0.018967505912782096,0.9492711370262391
Web Attack,0.019062562205074764,0.9492711370262391
Web Attack,0.019107455908133612,0.9469387755102041
Web Attack,0.019190748711157356,0.9463556851311954
Web Attack,0.01930285972699901,0.9457725947521866
Web Attack,0.019403271453926223,0.9434402332361516
Web Attack,0.01950136364733425,0.9422740524781341
Web Attack,0.01968019680196802,0.9422740524781341
Web Attack,0.019848736395498986,0.9411078717201167
Web Attack,0.0199880594044628,0.9370262390670554
Web Attack,0.02016724053123463,0.9323615160349854
Web Attack,0.02051170078861517,0.931195335276968
Web Attack,0.020752118093456,0.931195335276968
Web Attack,0.020867784864949997,0.9271137026239067
Web Attack,0.021060179529399266,0.9247813411078717
Web Attack,0.02119928128938829,0.921865889212828
Web Attack,0.0214184108920951,0.921865889212828
Web Attack,0.021622139756528408,0.9206997084548105
Web Attack,0.021772445499855034,0.919533527696793
Web Attack,0.02201394029975835,0.9189504373177843
Web Attack,0.022213452105767605,0.9189504373177843
Web Attack,0.022448048801345457,0.9183673469387755
Web Attack,0.022621500511505268,0.9154518950437318
Web Attack,0.02278539874447803,0.9142857142857143
Web Attack,0.022813243949816705,0.9107871720116618
Web Attack,0.022858651955749876,0.9084548104956268
Web Attack,0.022934968457048524,0.9072886297376094
Web Attack,0.023118375610337024,0.9055393586005831
Web Attack,0.023386610373944513,0.9043731778425655
Web Attack,0.023614369724854506,0.9037900874635568
Web Attack,0.023838489613009533,0.9026239067055394
Web Attack,0.024140727340777244,0.9026239067055394
Web Attack,0.024458840259124665,0.9026239067055394
Web Attack,0.02469805510793433,0.9026239067055394
Web Attack,0.024841929582437333,0.9026239067055394
Web Attack,0.0249460147613369,0.9026239067055394
Web Attack,0.02499392958316471,0.9002915451895044
Web Attack,0.025073123171920703,0.8997084548104957
Web Attack,0.025174984908061544,0.8997084548104957
Web Attack,0.025255916796331178,0.8991253644314868
Web Attack,0.02541325378644297,0.8991253644314868
Web Attack,0.025548776444061276,0.8985422740524781
Web Attack,0.025677365568987077,0.8979591836734694
Web Attack,0.025858450172109814,0.8979591836734694
Web Attack,0.026031982149497954,0.8979591836734694
Web Attack,0.02616111167736894,0.8979591836734694
Web Attack,0.026285694778705175,0.8979591836734694
Web Attack,0.026397435677677026,0.8979591836734694
Web Attack,0.026513782001618375,0.8979591836734694
Web Attack,0.02665189851510851,0.8979591836734694
Web Attack,0.026787267350843625,0.8979591836734694
Web Attack,0.026907083202292344,0.8979591836734694
Web Attack,0.02704506339784342,0.8979591836734694
Web Attack,0.02721184598801972,0.8979591836734694
Web Attack,0.027376317707500045,0.8979591836734694
Web Attack,0.027473017572027473,0.8979591836734694
Web Attack,0.0275422970991165,0.8979591836734694
Web Attack,0.02757742132271145,0.8962099125364431
Web Attack,0.027668268798041438,0.8962099125364431
Web Attack,0.027737173587425334,0.8962099125364431
Web Attack,0.027795862268518517,0.8962099125364431
Web Attack,0.027870457677522303,0.8962099125364431
Web Attack,0.027927682383937495,0.8962099125364431
Web Attack,0.02798106681230657,0.8962099125364431
Web Attack,0.02804028167986281,0.8962099125364431
Web Attack,0.028097179313748787,0.8962099125364431
Web Attack,0.028366566259494023,0.8950437317784257
Web Attack,0.028342404383723943,0.8927113702623907
Web Attack,0.028448708651754338,0.892128279883382
Web Attack,0.028647930046623103,0.892128279883382
Web Attack,0.02870436381374057,0.892128279883382
Web Attack,0.028765346218203012,0.892128279883382
Web Attack,0.02883256383680392,0.892128279883382
Web Attack,0.028891910265125765,0.892128279883382
Web Attack,0.02894438138479001,0.892128279883382
Web Attack,0.029033910848814924,0.892128279883382
Web Attack,0.029195687434405114,0.892128279883382
Web Attack,0.029343510864770526,0.892128279883382
Web Attack,0.02958408260339927,0.892128279883382
Web Attack,0.02974859520522642,0.892128279883382
Web Attack,0.029862981613772103,0.892128279883382
Web Attack,0.02996005326231691,0.892128279883382
Web Attack,0.030073710073710073,0.892128279883382
Web Attack,0.030180411353677314,0.8915451895043732
Web Attack,0.03037104719529636,0.8915451895043732
Web Attack,0.030490966378175728,0.8915451895043732
Web Attack,0.030627165835386494,0.8915451895043732
Web Attack,0.030741701349096245,0.8915451895043732
Web Attack,0.030939517189744834,0.8915451895043732
Web Attack,0.031225110788898645,0.8915451895043732
Web Attack,0.031306947316693624,0.8915451895043732
Web Attack,0.03138728086381738,0.8915451895043732
Web Attack,0.03153422566873595,0.8915451895043732
Web Attack,0.03168583566469796,0.8915451895043732
Web Attack,0.03180976553560655,0.8915451895043732
Web Attack,0.031958030265028005,0.8915451895043732
Web Attack,0.032119149651289806,0.8915451895043732
Web Attack,0.03228258345121719,0.8915451895043732
Web Attack,0.032466980931753514,0.8915451895043732
Web Attack,0.032640949554896145,0.8915451895043732
Web Attack,0.032840052406623854,0.8915451895043732
Web Attack,0.033003086619611904,0.8915451895043732
Web Attack,0.03317854352920754,0.8915451895043732
Web Attack,0.03337626334286525,0.8915451895043732
Web Attack,0.03353732096247066,0.8915451895043732
Web Attack,0.03373190963642782,0.8915451895043732
Web Attack,0.03390694992681953,0.8915451895043732
Web Attack,0.034072423398328694,0.8915451895043732
Web Attack,0.03439587879333229,0.8915451895043732
Web Attack,0.03456460801157429,0.8915451895043732
Web Attack,0.034787159010761494,0.8915451895043732
Web Attack,0.035066394514138934,0.8915451895043732
Web Attack,0.03551258512097055,0.8909620991253644
Web Attack,0.036117808348697586,0.8909620991253644
Web Attack,0.03677674015596419,0.8909620991253644
Web Attack,0.03714146815751094,0.8909620991253644
Web Attack,0.037425296365239544,0.8909620991253644
Web Attack,0.037804938393784945,0.8909620991253644
Web Attack,0.0380980876156282,0.8909620991253644
Web Attack,0.03831878824355502,0.8909620991253644
Web Attack,0.03867864827237059,0.8909620991253644
Web Attack,0.03883199064779283,0.8909620991253644
Web Attack,0.03922978177150192,0.8909620991253644
Web Attack,0.039379413432297304,0.8909620991253644
Web Attack,0.039518944782102675,0.8909620991253644
Web Attack,0.039648148628661874,0.8909620991253644
Web Attack,0.03978545019007447,0.8909620991253644
Web Attack,0.03994457951010378,0.8909620991253644
Web Attack,0.04006607756247214,0.8909620991253644
Web Attack,0.04017774973048303,0.8909620991253644
Web Attack,0.040314495277294075,0.8909620991253644
Web Attack,0.04043183742591024,0.8909620991253644
Web Attack,0.0405380309341257,0.8909620991253644
Web Attack,0.04066966543344601,0.8909620991253644
Web Attack,0.04105430022300438,0.8909620991253644
Web Attack,0.041293949139258976,0.8909620991253644
Web Attack,0.04142493086808003,0.8909620991253644
Web Attack,0.041636011880432706,0.8909620991253644
Web Attack,0.04185957318576555,0.8909620991253644
Web Attack,0.04199648197009675,0.8909620991253644
Web Attack,0.04223678027476021,0.8909620991253644
Web Attack,0.042431479270222984,0.8909620991253644
Web Attack,0.04256504540642933,0.8909620991253644
Web Attack,0.042920142692621,0.8909620991253644
Web Attack,0.0431638418079096,0.8909620991253644
Web Attack,0.043354897287481556,0.8909620991253644
Web Attack,0.04349187373694247,0.8909620991253644
Web Attack,0.04364467295058555,0.8909620991253644
Web Attack,0.04395225082698116,0.8909620991253644
Web Attack,0.04415036551186108,0.8909620991253644
Web Attack,0.04446902011000844,0.8909620991253644
Web Attack,0.04490419654402257,0.8909620991253644
Web Attack,0.04516434145187988,0.8909620991253644
Web Attack,0.04558472553699284,0.8909620991253644
Web Attack,0.045935545935545934,0.8909620991253644
Web Attack,0.04628900333232354,0.8909620991253644
Web Attack,0.046710687209586696,0.8909620991253644
Web Attack,0.04701683128711653,0.8909620991253644
Web Attack,0.04733874465580271,0.8909620991253644
Web Attack,0.04800100657418766,0.889795918367347
Web Attack,0.04897461407618987,0.889795918367347
Web Attack,0.04975383913142708,0.889795918367347
Web Attack,0.05092778000266987,0.889795918367347
Web Attack,0.05381956690414051,0.889795918367347
Web Attack,0.058525734448109226,0.889795918367347
Web Attack,0.06325176275404397,0.8892128279883382
Web Attack,0.06818689917281466,0.8892128279883382
Web Attack,0.07253269916765755,0.8892128279883382
Web Attack,0.07549131231127172,0.8892128279883382
Web Attack,0.07872186661160438,0.8892128279883382
Web Attack,0.08440336506530884,0.8892128279883382
Web Attack,0.08986446670595168,0.8892128279883382
Web Attack,0.09466757713079645,0.8892128279883382
Web Attack,0.09689922480620156,0.8892128279883382
Web Attack,0.09811490703210449,0.8892128279883382
Web Attack,0.099032404701604,0.8892128279883382
Web Attack,0.09977101733725875,0.8892128279883382
Web Attack,0.10152453232141669,0.8892128279883382
Web Attack,0.10261244276865068,0.8886297376093294
Web Attack,0.10272168568920105,0.8868804664723032
Web Attack,0.10392277675087287,0.885131195335277
Web Attack,0.10470336349195386,0.8839650145772595
Web Attack,0.1051353226925746,0.8833819241982507
Web Attack,0.1063307130825379,0.8833819241982507
Web Attack,0.10711255656108597,0.8833819241982507
Web Attack,0.10867226167419841,0.8833819241982507
Web Attack,0.10903853078862082,0.882798833819242
Web Attack,0.1099651365485183,0.882798833819242
Web Attack,0.11077778590766078,0.882798833819242
Web Attack,0.11118454872585738,0.882798833819242
Web Attack,0.1123812351543943,0.882798833819242
Web Attack,0.11313704976834554,0.882798833819242
Web Attack,0.11338582677165354,0.8816326530612245
Web Attack,0.11394314154287007,0.8810495626822158
Web Attack,0.1145825434139683,0.8810495626822158
Web Attack,0.11524049858530244,0.8787172011661808
Web Attack,0.11596664607782582,0.8758017492711371
Web Attack,0.11669128508124077,0.8752186588921282
Web Attack,0.11800362119184445,0.8740524781341108
Web Attack,0.11940655659248624,0.8728862973760932
Web Attack,0.12008663564896518,0.8728862973760932
Web Attack,0.12154696132596685,0.8723032069970845
Web Attack,0.12319736299958797,0.8717201166180758
Web Attack,0.12415912299642887,0.8717201166180758
Web Attack,0.12484342379958246,0.8717201166180758
Web Attack,0.12585234447344051,0.8717201166180758
Web Attack,0.126770117866531,0.8717201166180758
Web Attack,0.1278362873533693,0.8705539358600584
Web Attack,0.1290769097672809,0.8699708454810495
Web Attack,0.13064798598949212,0.8699708454810495
Web Attack,0.1354100445009536,0.8693877551020408
Web Attack,0.14492612752721618,0.8693877551020408
Web Attack,0.15834840906672343,0.8676384839650145
Web Attack,0.19416459505429806,0.8653061224489796
Web Attack,0.22426544073555865,0.6542274052478134
Web Attack,0.19084967320261437,0.34052478134110786
Web Attack,0.2481789802289282,0.278134110787172
Web Attack,0.26043956043956046,0.13819241982507288
Web Attack,0.08088235294117647,0.01282798833819242
Web Attack,0.1746031746031746,0.01282798833819242
Web Attack,0.20833333333333334,0.011661807580174927
Web Attack,0.2,0.007580174927113703
Web Attack,0.2571428571428571,0.0052478134110787176
Web Attack,1.0,0.0
SSH-Patator,0.0012885153500958755,1.0
SSH-Patator,0.009233879380427197,0.9968932038834951
SSH-Patator,0.01005070413705007,0.996116504854369
SSH-Patator,0.010859345220448097,0.9957281553398059
SSH-Patator,0.011423138215954897,0.9937864077669903
SSH-Patator,0.011868843936538587,0.9930097087378641
SSH-Patator,0.012134471009196951,0.9930097087378641
SSH-Patator,0.01236053908772744,0.9930097087378641
SSH-Patator,0.01258093719863809,0.9930097087378641
SSH-Patator,0.012752671976539473,0.9930097087378641
SSH-Patator,0.0129466886159301,0.992621359223301
SSH-Patator,0.01318273247717778,0.992621359223301
SSH-Patator,0.013410283315844701,0.992621359223301
SSH-Patator,0.01358656652155193,0.992621359223301
SSH-Patator,0.013838432510571024,0.992621359223301
SSH-Patator,0.014194523302907238,0.9922330097087378
SSH-Patator,0.014418084962304185,0.9922330097087378
SSH-Patator,0.01459432906070784,0.9922330097087378
SSH-Patator,0.014732763243629737,0.9922330097087378
SSH-Patator,0.014856378648680078,0.9922330097087378
SSH-Patator,0.014975148872321471,0.9922330097087378
SSH-Patator,0.01513222186028606,0.9922330097087378
SSH-Patator,0.015296928041574117,0.9922330097087378
SSH-Patator,0.015386375680493327,0.9922330097087378
SSH-Patator,0.015495836441597981,0.9922330097087378
SSH-Patator,0.015567402894135567,0.9922330097087378
SSH-Patator,0.015663699453149906,0.9922330097087378
SSH-Patator,0.015735084002561954,0.9922330097087378
SSH-Patator,0.01581005655730604,0.9922330097087378
SSH-Patator,0.0158856482028389,0.9922330097087378
SSH-Patator,0.015957081384237775,0.9922330097087378
SSH-Patator,0.01605413794620136,0.9922330097087378
SSH-Patator,0.016121094341527434,0.9922330097087378
SSH-Patator,0.01618225462191793,0.9922330097087378
SSH-Patator,0.016249356067592233,0.9922330097087378
SSH-Patator,0.016312849162011173,0.9922330097087378
SSH-Patator,0.016384717002911414,0.9922330097087378
SSH-Patator,0.016449803954391228,0.9922330097087378
SSH-Patator,0.016512314761557005,0.9922330097087378
SSH-Patator,0.016567671318151164,0.9922330097087378
SSH-Patator,0.016621561841317755,0.9922330097087378
SSH-Patator,0.016686041195909145,0.9922330097087378
SSH-Patator,0.016743009547774915,0.9922330097087378
SSH-Patator,0.016813856460337725,0.9922330097087378
SSH-Patator,0.016868472132359737,0.9922330097087378
SSH-Patator,0.016933650576937097,0.9922330097087378
SSH-Patator,0.016988144867984493,0.9922330097087378
SSH-Patator,0.017041967930418078,0.9922330097087378
SSH-Patator,0.017080475445563088,0.9922330097087378
SSH-Patator,0.017122713899890764,0.9922330097087378
SSH-Patator,0.017159942217892295,0.9918446601941747
SSH-Patator,0.017203171203211617,0.9918446601941747
SSH-Patator,0.01724988011535942,0.9918446601941747
SSH-Patator,0.017292744359884083,0.9918446601941747
SSH-Patator,0.017328882375291756,0.9918446601941747
SSH-Patator,0.017367533456642367,0.9918446601941747
SSH-Patator,0.017412053449686393,0.9918446601941747
SSH-Patator,0.017452627119223175,0.9918446601941747
SSH-Patator,0.017487401402278703,0.9918446601941747
SSH-Patator,0.017530252383469124,0.9918446601941747
SSH-Patator,0.01756569942983693,0.9918446601941747
SSH-Patator,0.017601896649161255,0.9918446601941747
SSH-Patator,0.017637756123837212,0.9918446601941747
SSH-Patator,0.017683306792217683,0.9918446601941747
SSH-Patator,0.017749423178494983,0.9918446601941747
SSH-Patator,0.017815787270850193,0.9918446601941747
SSH-Patator,0.017884778330987443,0.9918446601941747
SSH-Patator,0.017953927157950973,0.9918446601941747
SSH-Patator,0.01802526642670619,0.9918446601941747
SSH-Patator,0.018106027307915894,0.9918446601941747
SSH-Patator,0.018170952089588344,0.9918446601941747
SSH-Patator,0.018246376086816743,0.9918446601941747
SSH-Patator,0.01831507085078309,0.9918446601941747
SSH-Patator,0.018377934964848783,0.9918446601941747
SSH-Patator,0.018443999739920097,0.9914563106796116
SSH-Patator,0.01851086507297762,0.9914563106796116
SSH-Patator,0.01859025704507391,0.9914563106796116
SSH-Patator,0.018659552696974127,0.9914563106796116
SSH-Patator,0.018731840460188418,0.9914563106796116
SSH-Patator,0.018799982326691115,0.9914563106796116
SSH-Patator,0.018864020925541427,0.9914563106796116
SSH-Patator,0.01893018151619409,0.9914563106796116
SSH-Patator,0.01899200297563697,0.9914563106796116
SSH-Patator,0.019053376320974386,0.9914563106796116
SSH-Patator,0.019119871785270283,0.9914563106796116
SSH-Patator,0.01918005814870743,0.9914563106796116
SSH-Patator,0.019231493548071202,0.9914563106796116
SSH-Patator,0.019284516489659027,0.9914563106796116
SSH-Patator,0.01934134866701516,0.9914563106796116
SSH-Patator,0.019399990881320384,0.9914563106796116
SSH-Patator,0.01945231782024321,0.9914563106796116
SSH-Patator,0.019503735733166282,0.9914563106796116
SSH-Patator,0.01954898732723305,0.9914563106796116
SSH-Patator,0.01959189311559447,0.9914563106796116
SSH-Patator,0.01963876367328728,0.9914563106796116
SSH-Patator,0.019734401088368065,0.9914563106796116
SSH-Patator,0.019826662317692558,0.9914563106796116
SSH-Patator,0.019921344632239338,0.9914563106796116
SSH-Patator,0.020018505159489382,0.9914563106796116
SSH-Patator,0.02010869565217391,0.9914563106796116
SSH-Patator,0.02020002215435254,0.9914563106796116
SSH-Patator,0.02030347855131937,0.9914563106796116
SSH-Patator,0.02039202530432282,0.9914563106796116
SSH-Patator,0.02048512762082053,0.9914563106796116
SSH-Patator,0.02057626435623615,0.9914563106796116
SSH-Patator,0.02065600828505777,0.9914563106796116
SSH-Patator,0.020745303256841967,0.9914563106796116
SSH-Patator,0.02082347759416649,0.9914563106796116
SSH-Patator,0.020902927883670663,0.9914563106796116
SSH-Patator,0.020990577672537123,0.9914563106796116
SSH-Patator,0.02106166644658656,0.9910679611650486
SSH-Patator,0.021140353057150195,0.9910679611650486
SSH-Patator,0.02121839481845468,0.9910679611650486
SSH-Patator,0.021299681172484018,0.9910679611650486
SSH-Patator,0.021385355389076037,0.9910679611650486
SSH-Patator,0.02145763965963744,0.9910679611650486
SSH-Patator,0.021540227556635944,0.9910679611650486
SSH-Patator,0.021624919499711893,0.9910679611650486
SSH-Patator,0.02170418690094488,0.9910679611650486
SSH-Patator,0.02178069097364468,0.9910679611650486
SSH-Patator,0.02185025043880303,0.9910679611650486
SSH-Patator,0.021923456896181436,0.9910679611650486
SSH-Patator,0.021983512365725707,0.9910679611650486
SSH-Patator,0.022044849866970733,0.9910679611650486
SSH-Patator,0.02210729662066755,0.9910679611650486
SSH-Patator,0.022171061204986752,0.9910679611650486
SSH-Patator,0.02228023153281358,0.9910679611650486
SSH-Patator,0.02240325865580448,0.9910679611650486
SSH-Patator,0.02252268154057966,0.9910679611650486
SSH-Patator,0.022639366949363048,0.9910679611650486
SSH-Patator,0.022740639090374437,0.9910679611650486
SSH-Patator,0.022839959188787656,0.9910679611650486
SSH-Patator,0.022929020664869723,0.9910679611650486
SSH-Patator,0.023046426991050546,0.9910679611650486
SSH-Patator,0.023126835103490773,0.9910679611650486
SSH-Patator,0.023227027814183777,0.9910679611650486
SSH-Patator,0.023320418159222166,0.9910679611650486
SSH-Patator,0.02341735563732462,0.9910679611650486
SSH-Patator,0.02351748606183477,0.9910679611650486
SSH-Patator,0.023609517818154905,0.9910679611650486
SSH-Patator,0.023704914682742412,0.9910679611650486
SSH-Patator,0.02380241754961946,0.9910679611650486
SSH-Patator,0.023935920763848505,0.9910679611650486
SSH-Patator,0.024041903757018503,0.9910679611650486
SSH-Patator,0.024132615911261573,0.9910679611650486
SSH-Patator,0.024221716021260442,0.9910679611650486
SSH-Patator,0.024347195588501864,0.9910679611650486
SSH-Patator,0.024423623539319927,0.9910679611650486
SSH-Patator,0.024507356048092805,0.9910679611650486
SSH-Patator,0.02463986405592245,0.9910679611650486
SSH-Patator,0.02471598888167898,0.9910679611650486
SSH-Patator,0.0248039110869206,0.9910679611650486
SSH-Patator,0.024922118380062305,0.9910679611650486
SSH-Patator,0.024986048151012855,0.9910679611650486
SSH-Patator,0.025052765915672705,0.9910679611650486
SSH-Patator,0.025134685274738264,0.9910679611650486
SSH-Patator,0.02521639460890874,0.9910679611650486
SSH-Patator,0.02533555714399174,0.9910679611650486
SSH-Patator,0.02551158117821119,0.9910679611650486
SSH-Patator,0.025691361380407316,0.9910679611650486
SSH-Patator,0.02581872262072175,0.9910679611650486
SSH-Patator,0.025951046888823357,0.9910679611650486
SSH-Patator,0.026085001124353496,0.9910679611650486
SSH-Patator,0.026209843069591652,0.9910679611650486
SSH-Patator,0.02636227467589484,0.9910679611650486
SSH-Patator,0.02649584185553952,0.9910679611650486
SSH-Patator,0.026643837046626716,0.9910679611650486
SSH-Patator,0.02679124455409165,0.9910679611650486
SSH-Patator,0.026936879881781717,0.9910679611650486
SSH-Patator,0.02709330841994628,0.9910679611650486
SSH-Patator,0.027261462205700124,0.9910679611650486
SSH-Patator,0.027414035728480734,0.9910679611650486
SSH-Patator,0.027571900862162105,0.9910679611650486
SSH-Patator,0.027724665391969407,0.9910679611650486
SSH-Patator,0.02787395554584676,0.9910679611650486
SSH-Patator,0.028033481995737856,0.9910679611650486
SSH-Patator,0.028208869434496176,0.9910679611650486
SSH-Patator,0.02836974042576844,0.9910679611650486
SSH-Patator,0.028524802718351106,0.9910679611650486
SSH-Patator,0.028695437065689163,0.9910679611650486
SSH-Patator,0.028907037595006967,0.9910679611650486
SSH-Patator,0.029030349911270875,0.9910679611650486
SSH-Patator,0.029186394931265583,0.9910679611650486
SSH-Patator,0.02932928791431067,0.9910679611650486
SSH-Patator,0.02947460817943476,0.9910679611650486
SSH-Patator,0.0296220633299285,0.9910679611650486
SSH-Patator,0.029767181449167172,0.9910679611650486
SSH-Patator,0.02994250850639446,0.9910679611650486
SSH-Patator,0.03007625131112185,0.9910679611650486
SSH-Patator,0.03038927325339081,0.9910679611650486
SSH-Patator,0.030667547918043624,0.9910679611650486
SSH-Patator,0.030956597685533372,0.9910679611650486
SSH-Patator,0.031204511259801105,0.9906796116504855
SSH-Patator,0.03147206869324911,0.9906796116504855
SSH-Patator,0.03175887654997261,0.9906796116504855
SSH-Patator,0.032145467375689914,0.9906796116504855
SSH-Patator,0.03240640760172258,0.9906796116504855
SSH-Patator,0.0326892026961224,0.9906796116504855
SSH-Patator,0.03298721115177221,0.9906796116504855
SSH-Patator,0.033215280852061144,0.9906796116504855
SSH-Patator,0.03343775805796228,0.9906796116504855
SSH-Patator,0.03363349901775944,0.9906796116504855
SSH-Patator,0.03396080728473295,0.9906796116504855
SSH-Patator,0.034138051013034285,0.9906796116504855
SSH-Patator,0.034322632747829596,0.9902912621359223
SSH-Patator,0.034521972219965884,0.9902912621359223
SSH-Patator,0.03468987496935524,0.989126213592233
SSH-Patator,0.03499436240134202,0.9883495145631068
SSH-Patator,0.035343786020803535,0.9883495145631068
SSH-Patator,0.03558594460058448,0.9883495145631068
SSH-Patator,0.035812284528248785,0.9883495145631068
SSH-Patator,0.03604662691387051,0.9883495145631068
SSH-Patator,0.03631719394380467,0.9883495145631068
SSH-Patator,0.03656241469967101,0.9883495145631068
SSH-Patator,0.036811501967137235,0.9883495145631068
SSH-Patator,0.03714085494043448,0.9879611650485437
SSH-Patator,0.03741616660783621,0.9879611650485437
SSH-Patator,0.03771123628817077,0.9879611650485437
SSH-Patator,0.038136927159068766,0.9879611650485437
SSH-Patator,0.038592284578262054,0.9875728155339806
SSH-Patator,0.03912454595825894,0.9871844660194175
SSH-Patator,0.03978260529077325,0.9864077669902913
SSH-Patator,0.040378990207300014,0.9864077669902913
SSH-Patator,0.04115092994621217,0.9864077669902913
SSH-Patator,0.0419134997772314,0.9864077669902913
SSH-Patator,0.04253680103160116,0.9864077669902913
SSH-Patator,0.04333054479026172,0.9856310679611651
SSH-Patator,0.044336524351897146,0.9856310679611651
SSH-Patator,0.045289014245421116,0.9852427184466019
SSH-Patator,0.04627652780058758,0.9848543689320388
SSH-Patator,0.04719368765818074,0.9848543689320388
SSH-Patator,0.04813555458465513,0.9840776699029126
SSH-Patator,0.04910091458688575,0.9840776699029126
SSH-Patator,0.050119804352561435,0.9829126213592233
SSH-Patator,0.05100086681315137,0.9825242718446602
SSH-Patator,0.05195285227319397,0.9825242718446602
SSH-Patator,0.05260422081297432,0.9825242718446602
SSH-Patator,0.053166897827092004,0.9825242718446602
SSH-Patator,0.05368173038143958,0.982135922330097
SSH-Patator,0.0542181599725369,0.9813592233009709
SSH-Patator,0.05474460470664787,0.9801941747572815
SSH-Patator,0.05529025191675794,0.9801941747572815
SSH-Patator,0.05576446646611219,0.9790291262135923
SSH-Patator,0.05633960322963029,0.978252427184466
SSH-Patator,0.05686389730145098,0.9770873786407767
SSH-Patator,0.05751382983587071,0.9770873786407767
SSH-Patator,0.0582189402532466,0.9766990291262136
SSH-Patator,0.05873825001169153,0.9755339805825243
SSH-Patator,0.059320030262909024,0.9743689320388349
SSH-Patator,0.05987051150345223,0.9732038834951456
SSH-Patator,0.06079455716194873,0.9716504854368933
SSH-Patator,0.06130324705651009,0.9685436893203884
SSH-Patator,0.0628298694411475,0.9662135922330097
SSH-Patator,0.06396984794898934,0.9623300970873786
SSH-Patator,0.06592349025583447,0.9576699029126213
SSH-Patator,0.06749273534733263,0.9561165048543689
SSH-Patator,0.06924511244208385,0.9518446601941748
SSH-Patator,0.07022649991354965,0.9464077669902913
SSH-Patator,0.07144329593309186,0.9421359223300971
SSH-Patator,0.07262939460467355,0.9378640776699029
SSH-Patator,0.07357665126808823,0.9339805825242719
SSH-Patator,0.07474829338237586,0.9312621359223301
SSH-Patator,0.0758248730964467,0.9281553398058252
SSH-Patator,0.07693794703266964,0.9273786407766991
SSH-Patator,0.07796754351524669,0.9254368932038834
SSH-Patator,0.07880272829613932,0.9242718446601942
SSH-Patator,0.0795793281307566,0.9227184466019418
SSH-Patator,0.08075104595394401,0.9219417475728156
SSH-Patator,0.08261701757438664,0.9219417475728156
SSH-Patator,0.08377776992900787,0.9211650485436893
SSH-Patator,0.08502096849349439,0.9211650485436893
SSH-Patator,0.08591401354630736,0.9211650485436893
SSH-Patator,0.08714180749448934,0.9211650485436893
SSH-Patator,0.0880311746149564,0.9211650485436893
SSH-Patator,0.0888722367928063,0.9211650485436893
SSH-Patator,0.08979406420351302,0.9211650485436893
SSH-Patator,0.09058940447977984,0.920388349514563
SSH-Patator,0.09145988499980705,0.920388349514563
SSH-Patator,0.092578125,0.920388349514563
SSH-Patator,0.09328505077540739,0.920388349514563
SSH-Patator,0.09444488722403761,0.920388349514563
SSH-Patator,0.09526489267626015,0.920388349514563
SSH-Patator,0.09586823681761159,0.92
SSH-Patator,0.0973804334416252,0.9196116504854369
SSH-Patator,0.09908778977320278,0.9196116504854369
SSH-Patator,0.10115767439873553,0.9196116504854369
SSH-Patator,0.10281469898358092,0.9192233009708738
SSH-Patator,0.10471134704711348,0.9192233009708738
SSH-Patator,0.10652565256525652,0.9192233009708738
SSH-Patator,0.10862282593731357,0.9192233009708738
SSH-Patator,0.11106940077894045,0.9192233009708738
SSH-Patator,0.11347619732489572,0.9192233009708738
SSH-Patator,0.11572874394954286,0.9192233009708738
SSH-Patator,0.11780808281903245,0.9192233009708738
SSH-Patator,0.11996958945767866,0.9192233009708738
SSH-Patator,0.12209212358797132,0.9192233009708738
SSH-Patator,0.12413467589679043,0.9192233009708738
SSH-Patator,0.12613908872901677,0.9192233009708738
SSH-Patator,0.1285225606776348,0.9192233009708738
SSH-Patator,0.13106312292358804,0.9192233009708738
SSH-Patator,0.13368379401955796,0.9184466019417475
SSH-Patator,0.13570117053018133,0.9184466019417475
SSH-Patator,0.1384741495403712,0.9184466019417475
SSH-Patator,0.14210178453403832,0.9184466019417475
SSH-Patator,0.1447811447811448,0.9184466019417475
SSH-Patator,0.14715947980835045,0.9184466019417475
SSH-Patator,0.1491266788574311,0.9184466019417475
SSH-Patator,0.15227609297533964,0.9184466019417475
SSH-Patator,0.15600263852242743,0.9184466019417475
SSH-Patator,0.15889545821015855,0.9184466019417475
SSH-Patator,0.1609829147096862,0.9184466019417475
SSH-Patator,0.1627554882664648,0.9184466019417475
SSH-Patator,0.16461335003828217,0.9184466019417475
SSH-Patator,0.16617481731309725,0.9184466019417475
SSH-Patator,0.16929133858267717,0.9184466019417475
SSH-Patator,0.17448723624022427,0.9184466019417475
SSH-Patator,0.18130941429009506,0.9184466019417475
SSH-Patator,0.18630849220103987,0.9184466019417475
SSH-Patator,0.19183971447112264,0.9184466019417475
SSH-Patator,0.19930894994100792,0.9184466019417475
SSH-Patator,0.20771122431055683,0.9184466019417475
SSH-Patator,0.21643635032488331,0.9184466019417475
SSH-Patator,0.22605620340279106,0.9184466019417475
SSH-Patator,0.23459974208907847,0.9184466019417475
SSH-Patator,0.242887953168327,0.9184466019417475
SSH-Patator,0.252697937813869,0.9184466019417475
SSH-Patator,0.2609511199382103,0.9184466019417475
SSH-Patator,0.26774595267745954,0.9184466019417475
SSH-Patator,0.27560890339121313,0.9184466019417475
SSH-Patator,0.28171530673019657,0.9184466019417475
SSH-Patator,0.2866666666666667,0.9184466019417475
SSH-Patator,0.2919753086419753,0.9184466019417475
SSH-Patator,0.29797152576540253,0.9184466019417475
SSH-Patator,0.30173513651441697,0.9184466019417475
SSH-Patator,0.30650596163815447,0.9184466019417475
SSH-Patator,0.31085699263932703,0.9184466019417475
SSH-Patator,0.31420220539391525,0.9184466019417475
SSH-Patator,0.31762019876443726,0.9184466019417475
SSH-Patator,0.3212878684961282,0.9184466019417475
SSH-Patator,0.3241057969028368,0.9184466019417475
SSH-Patator,0.32769848967715115,0.9184466019417475
SSH-Patator,0.33220957999719064,0.9184466019417475
SSH-Patator,0.3374714611872146,0.9184466019417475
SSH-Patator,0.3404837316441117,0.9184466019417475
SSH-Patator,0.3476918553366657,0.9184466019417475
SSH-Patator,0.35585314474872104,0.9184466019417475
SSH-Patator,0.36423841059602646,0.9184466019417475
SSH-Patator,0.3875143372112076,0.9184466019417475
SSH-Patator,0.4144159943879341,0.9176699029126214
SSH-Patator,0.42173835445297164,0.9176699029126214
SSH-Patator,0.43151935719503287,0.9176699029126214
SSH-Patator,0.4761233125125932,0.9176699029126214
SSH-Patator,0.49968280820469446,0.9176699029126214
SSH-Patator,0.5102613955497948,0.9172815533980583
SSH-Patator,0.5185510428100988,0.9172815533980583
SSH-Patator,0.5311445918596807,0.9172815533980583
SSH-Patator,0.5558955048246647,0.9172815533980583
SSH-Patator,0.5745560690829482,0.9172815533980583
SSH-Patator,0.6037832310838446,0.9172815533980583
SSH-Patator,0.6168712457560721,0.9172815533980583
SSH-Patator,0.6480109739368999,0.9172815533980583
SSH-Patator,0.6597765363128492,0.9172815533980583
SSH-Patator,0.672168468981218,0.9172815533980583
SSH-Patator,0.702558001189768,0.9172815533980583
SSH-Patator,0.713595166163142,0.9172815533980583
SSH-Patator,0.760631443298969,0.9168932038834952
SSH-Patator,0.7769002961500494,0.9168932038834952
SSH-Patator,0.7912198391420912,0.9168932038834952
SSH-Patator,0.8011537156430268,0.9168932038834952
SSH-Patator,0.8123924268502581,0.916504854368932
SSH-Patator,0.8256302521008403,0.9157281553398058
SSH-Patator,0.8393874643874644,0.9153398058252428
SSH-Patator,0.8541893362350381,0.9145631067961165
SSH-Patator,0.8699186991869918,0.9141747572815534
SSH-Patator,0.8799102132435466,0.9133980582524271
SSH-Patator,0.8885941644562334,0.9106796116504854
SSH-Patator,0.9015005771450558,0.9099029126213592
SSH-Patator,0.9115354637568199,0.9083495145631068
SSH-Patator,0.924812030075188,0.9075728155339806
SSH-Patator,0.9330645161290323,0.8986407766990291
SSH-Patator,0.9438248657579512,0.887378640776699
SSH-Patator,0.9453389830508474,0.8664077669902913
SSH-Patator,0.9485165794066318,0.8442718446601942
SSH-Patator,0.9521444695259593,0.8190291262135923
SSH-Patator,0.9509990485252141,0.7763106796116505
SSH-Patator,0.9483375959079284,0.72
SSH-Patator,0.9438264738598443,0.6590291262135922
SSH-Patator,0.9384993849938499,0.592621359223301
SSH-Patator,0.9301340860973889,0.5118446601941747
SSH-Patator,0.9178541492036881,0.42524271844660194
SSH-Patator,0.9020979020979021,0.35067961165048545
SSH-Patator,0.8817073170731707,0.2807766990291262
SSH-Patator,0.8547655068078669,0.21941747572815534
SSH-Patator,0.7942477876106194,0.13941747572815533
SSH-Patator,0.6642066420664207,0.06990291262135923
SSH-Patator,0.48520710059171596,0.031844660194174756
SSH-Patator,0.2743362831858407,0.012038834951456311
SSH-Patator,0.2,0.005825242718446602
SSH-Patator,0.0,0.0
SSH-Patator,1.0,0.0
DoS Slowhttptest,0.0020926490074178452,1.0
DoS Slowhttptest,0.010270960768418208,0.9997608799617408
DoS Slowhttptest,0.011005209114766353,0.9997608799617408
DoS Slowhttptest,0.011372693024331198,0.9997608799617408
DoS Slowhttptest,0.011685037785628046,0.9997608799617408
DoS Slowhttptest,0.011922758778059843,0.9995217599234816
DoS Slowhttptest,0.012141232252272668,0.9992826398852224
DoS Slowhttptest,0.012329317031990696,0.998804399808704
DoS Slowhttptest,0.01252023259996403,0.998804399808704
DoS Slowhttptest,0.012695276882864263,0.998804399808704
DoS Slowhttptest,0.012863698421161307,0.9980870396939263
DoS Slowhttptest,0.013011668105826572,0.9980870396939263
DoS Slowhttptest,0.013162252438943613,0.9978479196556671
DoS Slowhttptest,0.013309889717144899,0.9973696795791487
DoS Slowhttptest,0.013464133304926627,0.9973696795791487
DoS Slowhttptest,0.013606307637604429,0.9973696795791487
DoS Slowhttptest,0.013757186159037161,0.9973696795791487
DoS Slowhttptest,0.013905975468672381,0.9973696795791487
DoS Slowhttptest,0.014048453861724952,0.9973696795791487
DoS Slowhttptest,0.014191226004885782,0.9973696795791487
DoS Slowhttptest,0.014330280146497997,0.9973696795791487
DoS Slowhttptest,0.014464909329883858,0.9973696795791487
DoS Slowhttptest,0.014589629505260802,0.9973696795791487
DoS Slowhttptest,0.01472238890261551,0.9973696795791487
DoS Slowhttptest,0.014864999714888522,0.9973696795791487
DoS Slowhttptest,0.015018237202452751,0.9973696795791487
DoS Slowhttptest,0.015164956624806393,0.9973696795791487
DoS Slowhttptest,0.015288300473200574,0.9973696795791487
DoS Slowhttptest,0.01541400897271968,0.9973696795791487
DoS Slowhttptest,0.015541222804723101,0.9973696795791487
DoS Slowhttptest,0.015652382757236086,0.9973696795791487
DoS Slowhttptest,0.015776772475565103,0.9973696795791487
DoS Slowhttptest,0.015893701582511213,0.9973696795791487
DoS Slowhttptest,0.016006784942646513,0.9973696795791487
DoS Slowhttptest,0.016126350789692434,0.9973696795791487
DoS Slowhttptest,0.016245909303412808,0.9971305595408895
DoS Slowhttptest,0.016390671860321605,0.9971305595408895
DoS Slowhttptest,0.016536988126680467,0.9971305595408895
DoS Slowhttptest,0.01666699974020264,0.9971305595408895
DoS Slowhttptest,0.016806384007738193,0.9971305595408895
DoS Slowhttptest,0.016948394779731833,0.9971305595408895
DoS Slowhttptest,0.017066382909061144,0.9971305595408895
DoS Slowhttptest,0.017181988990341828,0.9971305595408895
DoS Slowhttptest,0.017302186631260114,0.9971305595408895
DoS Slowhttptest,0.017414472805024724,0.9971305595408895
DoS Slowhttptest,0.017532500294310558,0.9971305595408895
DoS Slowhttptest,0.01763854932449009,0.9971305595408895
DoS Slowhttptest,0.017751025898619082,0.9971305595408895
DoS Slowhttptest,0.01786157918633439,0.9971305595408895
DoS Slowhttptest,0.01799764347401995,0.9971305595408895
DoS Slowhttptest,0.018136191051942575,0.9971305595408895
DoS Slowhttptest,0.018282818096920856,0.9971305595408895
DoS Slowhttptest,0.018455818893978623,0.9971305595408895
DoS Slowhttptest,0.018619063778107195,0.9971305595408895
DoS Slowhttptest,0.018761894906392993,0.9971305595408895
DoS Slowhttptest,0.01888261983897699,0.9971305595408895
DoS Slowhttptest,0.018985237247140598,0.9966523194643712
DoS Slowhttptest,0.019112602945762027,0.9966523194643712
DoS Slowhttptest,0.019225713007338798,0.9966523194643712
DoS Slowhttptest,0.019329317213202184,0.9966523194643712
DoS Slowhttptest,0.019434587784373063,0.9966523194643712
DoS Slowhttptest,0.019539728750310584,0.9966523194643712
DoS Slowhttptest,0.019626493883201642,0.9966523194643712
DoS Slowhttptest,0.01972662905607512,0.9966523194643712
DoS Slowhttptest,0.01982506733670255,0.9961740793878527
DoS Slowhttptest,0.019922242997805015,0.9961740793878527
DoS Slowhttptest,0.020034914421194882,0.9961740793878527
DoS Slowhttptest,0.02018821659446205,0.9961740793878527
DoS Slowhttptest,0.020406463842939784,0.9961740793878527
DoS Slowhttptest,0.020647022664630883,0.9959349593495935
DoS Slowhttptest,0.02093154154647154,0.9959349593495935
DoS Slowhttptest,0.021153084338083678,0.9959349593495935
DoS Slowhttptest,0.0214711114548689,0.9956958393113343
DoS Slowhttptest,0.02163881267148915,0.9956958393113343
DoS Slowhttptest,0.021787130733248918,0.9956958393113343
DoS Slowhttptest,0.021943970151141468,0.9956958393113343
DoS Slowhttptest,0.02216473443837629,0.9956958393113343
DoS Slowhttptest,0.02233007105510122,0.9956958393113343
DoS Slowhttptest,0.022478946231915355,0.9956958393113343
DoS Slowhttptest,0.022721692013030596,0.9956958393113343
DoS Slowhttptest,0.022978864301087136,0.9956958393113343
DoS Slowhttptest,0.023119846756058965,0.9956958393113343
DoS Slowhttptest,0.023354683836808866,0.9956958393113343
DoS Slowhttptest,0.023564298164203093,0.9956958393113343
DoS Slowhttptest,0.023782598265994995,0.9956958393113343
DoS Slowhttptest,0.02397899246769401,0.9956958393113343
DoS Slowhttptest,0.024187364948070354,0.9956958393113343
DoS Slowhttptest,0.024369403640194298,0.9956958393113343
DoS Slowhttptest,0.02455232109058533,0.9956958393113343
DoS Slowhttptest,0.02471832741692291,0.9956958393113343
DoS Slowhttptest,0.024889122664403296,0.9956958393113343
DoS Slowhttptest,0.025073462112818537,0.9956958393113343
DoS Slowhttptest,0.025249064681021362,0.9956958393113343
DoS Slowhttptest,0.025427765361081597,0.9956958393113343
DoS Slowhttptest,0.02559248697020356,0.9956958393113343
DoS Slowhttptest,0.025740566737550073,0.9956958393113343
DoS Slowhttptest,0.025888116583564404,0.9956958393113343
DoS Slowhttptest,0.026028836174017432,0.9954567192730751
DoS Slowhttptest,0.026234198353982077,0.9954567192730751
DoS Slowhttptest,0.026486063482570606,0.9954567192730751
DoS Slowhttptest,0.02666880204996797,0.9954567192730751
DoS Slowhttptest,0.02686031731693626,0.9954567192730751
DoS Slowhttptest,0.027215731909023752,0.9954567192730751
DoS Slowhttptest,0.02765671919428131,0.9954567192730751
DoS Slowhttptest,0.028105779812178044,0.9954567192730751
DoS Slowhttptest,0.028504327344434706,0.9954567192730751
DoS Slowhttptest,0.02890691182801672,0.9954567192730751
DoS Slowhttptest,0.029229213767149258,0.9954567192730751
DoS Slowhttptest,0.029499507514827703,0.9954567192730751
DoS Slowhttptest,0.029737413566489512,0.9954567192730751
DoS Slowhttptest,0.030005766181346403,0.9954567192730751
DoS Slowhttptest,0.030278785939238776,0.9954567192730751
DoS Slowhttptest,0.03054247186394917,0.9954567192730751
DoS Slowhttptest,0.030780492132970544,0.9954567192730751
DoS Slowhttptest,0.030970554538826644,0.9954567192730751
DoS Slowhttptest,0.031255865636567036,0.9954567192730751
DoS Slowhttptest,0.031502080968596295,0.9954567192730751
DoS Slowhttptest,0.031742037803752926,0.9954567192730751
DoS Slowhttptest,0.03197806165167495,0.9954567192730751
DoS Slowhttptest,0.032213134416132105,0.9954567192730751
DoS Slowhttptest,0.03245649597704734,0.9954567192730751
DoS Slowhttptest,0.0326850754119984,0.9954567192730751
DoS Slowhttptest,0.03284418145956607,0.9954567192730751
DoS Slowhttptest,0.03301374317004893,0.9954567192730751
DoS Slowhttptest,0.033202003445415684,0.9954567192730751
DoS Slowhttptest,0.0333910839469336,0.9954567192730751
DoS Slowhttptest,0.03353877139979859,0.9954567192730751
DoS Slowhttptest,0.033754692656347556,0.9954567192730751
DoS Slowhttptest,0.033932428577250685,0.9954567192730751
DoS Slowhttptest,0.03407016998256799,0.9954567192730751
DoS Slowhttptest,0.03419498451656358,0.9954567192730751
DoS Slowhttptest,0.0343062926459439,0.9954567192730751
DoS Slowhttptest,0.03449561657910873,0.9954567192730751
DoS Slowhttptest,0.03464749111549441,0.9954567192730751
DoS Slowhttptest,0.03477077016880069,0.9954567192730751
DoS Slowhttptest,0.034936806592927035,0.9954567192730751
DoS Slowhttptest,0.03523815166879692,0.9954567192730751
DoS Slowhttptest,0.03543129494872122,0.9954567192730751
DoS Slowhttptest,0.03566930280779018,0.9954567192730751
DoS Slowhttptest,0.03586010853648032,0.9954567192730751
DoS Slowhttptest,0.03604922021804453,0.9954567192730751
DoS Slowhttptest,0.03621921192980625,0.9954567192730751
DoS Slowhttptest,0.036393677658495646,0.9954567192730751
DoS Slowhttptest,0.03665774365115706,0.9954567192730751
DoS Slowhttptest,0.036834514550650774,0.9954567192730751
DoS Slowhttptest,0.037092146764794984,0.9954567192730751
DoS Slowhttptest,0.03740274208909094,0.9954567192730751
DoS Slowhttptest,0.03775689745868781,0.9954567192730751
DoS Slowhttptest,0.03803459018939636,0.9954567192730751
DoS Slowhttptest,0.03823650975889782,0.9954567192730751
DoS Slowhttptest,0.038725941636666386,0.9954567192730751
DoS Slowhttptest,0.03889127632144392,0.9954567192730751
DoS Slowhttptest,0.039095075316479475,0.9954567192730751
DoS Slowhttptest,0.03949415604128719,0.9954567192730751
DoS Slowhttptest,0.039725556806687407,0.9954567192730751
DoS Slowhttptest,0.0401791747919603,0.9952175992348159
DoS Slowhttptest,0.040572420112690334,0.9952175992348159
DoS Slowhttptest,0.0408243337354952,0.9952175992348159
DoS Slowhttptest,0.04130393782074825,0.9949784791965567
DoS Slowhttptest,0.04153727870914919,0.9947393591582975
DoS Slowhttptest,0.04170802378159433,0.9947393591582975
DoS Slowhttptest,0.042146214945696224,0.9947393591582975
DoS Slowhttptest,0.042739433291552796,0.9947393591582975
DoS Slowhttptest,0.04297298693249316,0.9947393591582975
DoS Slowhttptest,0.043496904283801874,0.9945002391200383
DoS Slowhttptest,0.04424185690275089,0.9945002391200383
DoS Slowhttptest,0.045018026699002844,0.994261119081779
DoS Slowhttptest,0.045592605182074364,0.994261119081779
DoS Slowhttptest,0.04585001157828575,0.994261119081779
DoS Slowhttptest,0.046560064498790646,0.994261119081779
DoS Slowhttptest,0.0471626419246169,0.994261119081779
DoS Slowhttptest,0.047768980614320354,0.9940219990435198
DoS Slowhttptest,0.04850593771529327,0.9933046389287422
DoS Slowhttptest,0.049253023476405026,0.9933046389287422
DoS Slowhttptest,0.04980934794599391,0.9933046389287422
DoS Slowhttptest,0.05033626173886701,0.9933046389287422
DoS Slowhttptest,0.0509243367822292,0.9933046389287422
DoS Slowhttptest,0.051433170308920945,0.9933046389287422
DoS Slowhttptest,0.052042746714441424,0.9933046389287422
DoS Slowhttptest,0.052634246471199415,0.9933046389287422
DoS Slowhttptest,0.05307269707423023,0.9933046389287422
DoS Slowhttptest,0.053422842959476316,0.9933046389287422
DoS Slowhttptest,0.053859219209874624,0.9933046389287422
DoS Slowhttptest,0.05437401781037192,0.9928263988522238
DoS Slowhttptest,0.05478295289616044,0.9928263988522238
DoS Slowhttptest,0.05529438399765611,0.9928263988522238
DoS Slowhttptest,0.05587336626600083,0.9925872788139646
DoS Slowhttptest,0.05633592551877638,0.9925872788139646
DoS Slowhttptest,0.05661638342562536,0.9925872788139646
DoS Slowhttptest,0.056944139596136964,0.9925872788139646
DoS Slowhttptest,0.05761037014419941,0.9925872788139646
DoS Slowhttptest,0.057999161659913374,0.9925872788139646
DoS Slowhttptest,0.05828009828009828,0.9925872788139646
DoS Slowhttptest,0.0587918702641456,0.9925872788139646
DoS Slowhttptest,0.0591487482010288,0.9925872788139646
DoS Slowhttptest,0.05947332225342426,0.9925872788139646
DoS Slowhttptest,0.05987307082071253,0.9925872788139646
DoS Slowhttptest,0.0600932306445075,0.9925872788139646
DoS Slowhttptest,0.0605468180093957,0.9923481587757054
DoS Slowhttptest,0.06096861909311384,0.991869918699187
DoS Slowhttptest,0.06146368930312505,0.991869918699187
DoS Slowhttptest,0.06188458554633884,0.991869918699187
DoS Slowhttptest,0.06258864713160515,0.991869918699187
DoS Slowhttptest,0.06323749123395432,0.991869918699187
DoS Slowhttptest,0.0641559044157451,0.991869918699187
DoS Slowhttptest,0.06507993786968323,0.991869918699187
DoS Slowhttptest,0.0655261204050361,0.991869918699187
DoS Slowhttptest,0.06594070423654717,0.991869918699187
DoS Slowhttptest,0.0663202494204173,0.991869918699187
DoS Slowhttptest,0.06717408906882591,0.991869918699187
DoS Slowhttptest,0.0679587791012009,0.991869918699187
DoS Slowhttptest,0.06875290061658822,0.991869918699187
DoS Slowhttptest,0.0699836344924162,0.991869918699187
DoS Slowhttptest,0.07125429553264605,0.9916307986609277
DoS Slowhttptest,0.07256596906278436,0.9916307986609277
DoS Slowhttptest,0.07346714617251582,0.9916307986609277
DoS Slowhttptest,0.0741462542463794,0.9916307986609277
DoS Slowhttptest,0.07520583221500853,0.9916307986609277
DoS Slowhttptest,0.07660478433545766,0.9916307986609277
DoS Slowhttptest,0.08020345801260975,0.9916307986609277
DoS Slowhttptest,0.0815066742681896,0.9913916786226685
DoS Slowhttptest,0.08436603381966913,0.9913916786226685
DoS Slowhttptest,0.0856310799925646,0.9913916786226685
DoS Slowhttptest,0.08660233111918787,0.9913916786226685
DoS Slowhttptest,0.08834057785732549,0.9913916786226685
DoS Slowhttptest,0.08934189544455458,0.9913916786226685
DoS Slowhttptest,0.09128137384412154,0.9913916786226685
DoS Slowhttptest,0.09516813956157466,0.9913916786226685
DoS Slowhttptest,0.09643488783393837,0.9909134385461502
DoS Slowhttptest,0.09744397676770052,0.9909134385461502
DoS Slowhttptest,0.10310253029134427,0.9909134385461502
DoS Slowhttptest,0.10789699794308329,0.9909134385461502
DoS Slowhttptest,0.11044776119402985,0.9909134385461502
DoS Slowhttptest,0.11407493049247117,0.9909134385461502
DoS Slowhttptest,0.11871544389377489,0.9909134385461502
DoS Slowhttptest,0.12077055343455834,0.9909134385461502
DoS Slowhttptest,0.12198999116867824,0.9909134385461502
DoS Slowhttptest,0.12379017803799737,0.9909134385461502
DoS Slowhttptest,0.1253288976258884,0.9909134385461502
DoS Slowhttptest,0.1274527895675709,0.9909134385461502
DoS Slowhttptest,0.1299018839534811,0.9909134385461502
DoS Slowhttptest,0.13130128956623682,0.9909134385461502
DoS Slowhttptest,0.13374213329030177,0.9909134385461502
DoS Slowhttptest,0.13575757575757577,0.9909134385461502
DoS Slowhttptest,0.13753733820112846,0.9909134385461502
DoS Slowhttptest,0.1400615135025518,0.9909134385461502
DoS Slowhttptest,0.141777002292244,0.9909134385461502
DoS Slowhttptest,0.1434704334579698,0.9909134385461502
DoS Slowhttptest,0.1453015427769986,0.9909134385461502
DoS Slowhttptest,0.14752580989676042,0.9909134385461502
DoS Slowhttptest,0.14891476211010493,0.9909134385461502
DoS Slowhttptest,0.15044472681067345,0.9909134385461502
DoS Slowhttptest,0.1522298141209316,0.9909134385461502
DoS Slowhttptest,0.1538804307463795,0.9909134385461502
DoS Slowhttptest,0.155427199759958,0.9909134385461502
DoS Slowhttptest,0.15657825134134362,0.9909134385461502
DoS Slowhttptest,0.15801715919923737,0.9909134385461502
DoS Slowhttptest,0.15990121932396975,0.9909134385461502
DoS Slowhttptest,0.1621473568885237,0.9909134385461502
DoS Slowhttptest,0.1654819902563693,0.9909134385461502
DoS Slowhttptest,0.1751849503276263,0.9909134385461502
DoS Slowhttptest,0.19584120982986766,0.9909134385461502
DoS Slowhttptest,0.19823008849557522,0.9909134385461502
DoS Slowhttptest,0.20686900958466453,0.9909134385461502
DoS Slowhttptest,0.2193521067118357,0.9909134385461502
DoS Slowhttptest,0.22029201747841842,0.9885222381635581
DoS Slowhttptest,0.2216146670955291,0.9885222381635581
DoS Slowhttptest,0.22312307442840928,0.9870875179340028
DoS Slowhttptest,0.22451865549874905,0.9870875179340028
DoS Slowhttptest,0.22611744084136723,0.9870875179340028
DoS Slowhttptest,0.229167823238772,0.9870875179340028
DoS Slowhttptest,0.23294716021474993,0.9856527977044476
DoS Slowhttptest,0.24907849416883196,0.9856527977044476
DoS Slowhttptest,0.2822979659153381,0.9823051171688187
DoS Slowhttptest,0.309104589917231,0.9823051171688187
DoS Slowhttptest,0.31170802033538203,0.9823051171688187
DoS Slowhttptest,0.3138033763654419,0.9823051171688187
DoS Slowhttptest,0.31578138212007073,0.9823051171688187
DoS Slowhttptest,0.3180058832636631,0.9823051171688187
DoS Slowhttptest,0.32033686837180286,0.9823051171688187
DoS Slowhttptest,0.32346456692913383,0.9823051171688187
DoS Slowhttptest,0.3254634764696562,0.9823051171688187
DoS Slowhttptest,0.3292194261900946,0.9823051171688187
DoS Slowhttptest,0.3317987238510621,0.9823051171688187
DoS Slowhttptest,0.33529219719229514,0.9823051171688187
DoS Slowhttptest,0.33735731296706906,0.9823051171688187
DoS Slowhttptest,0.34147963424771405,0.9823051171688187
DoS Slowhttptest,0.34469442578912024,0.9818268770923003
DoS Slowhttptest,0.3474949221394719,0.9818268770923003
DoS Slowhttptest,0.3508502093480304,0.9818268770923003
DoS Slowhttptest,0.35330062828126346,0.9815877570540411
DoS Slowhttptest,0.35698756413601185,0.9815877570540411
DoS Slowhttptest,0.36084739803094235,0.9815877570540411
DoS Slowhttptest,0.3668453976764969,0.9815877570540411
DoS Slowhttptest,0.37092256257341644,0.9815877570540411
DoS Slowhttptest,0.37222626409603493,0.9787183165949307
DoS Slowhttptest,0.37396071265418,0.9787183165949307
DoS Slowhttptest,0.3761602793860858,0.9787183165949307
DoS Slowhttptest,0.380248978075065,0.9787183165949307
DoS Slowhttptest,0.3831320790040251,0.9787183165949307
DoS Slowhttptest,0.3875213027835637,0.9787183165949307
DoS Slowhttptest,0.3928194297782471,0.9784791965566715
DoS Slowhttptest,0.39658848614072495,0.9784791965566715
DoS Slowhttptest,0.3999803883114336,0.9753706360593017
DoS Slowhttptest,0.4055881475589142,0.9753706360593017
DoS Slowhttptest,0.4121450944730726,0.9753706360593017
DoS Slowhttptest,0.4166496424923391,0.9753706360593017
DoS Slowhttptest,0.421510724277277,0.9727403156384505
DoS Slowhttptest,0.4250026131493676,0.9722620755619321
DoS Slowhttptest,0.4284510010537408,0.9722620755619321
DoS Slowhttptest,0.43999567146412727,0.9722620755619321
DoS Slowhttptest,0.4476494550258725,0.9722620755619321
DoS Slowhttptest,0.45288482958342613,0.9722620755619321
DoS Slowhttptest,0.458803611738149,0.9720229555236729
DoS Slowhttptest,0.46140749148694665,0.9720229555236729
DoS Slowhttptest,0.4653159340659341,0.9720229555236729
DoS Slowhttptest,0.467797783933518,0.9691535150645624
DoS Slowhttptest,0.4699675324675325,0.9691535150645624
DoS Slowhttptest,0.47148022862475214,0.9665231946437112
DoS Slowhttptest,0.47412882787750793,0.966284074605452
DoS Slowhttptest,0.4799809908518475,0.9660449545671927
DoS Slowhttptest,0.5044325134223998,0.9660449545671927
DoS Slowhttptest,0.5090725806451613,0.9660449545671927
DoS Slowhttptest,0.5128856163514028,0.9660449545671927
DoS Slowhttptest,0.5188800410994092,0.9660449545671927
DoS Slowhttptest,0.5233838580126959,0.9660449545671927
DoS Slowhttptest,0.5261101705951295,0.9660449545671927
DoS Slowhttptest,0.5308106687688872,0.9660449545671927
DoS Slowhttptest,0.5406128730095009,0.9660449545671927
DoS Slowhttptest,0.5440344734715863,0.9660449545671927
DoS Slowhttptest,0.5463076295389637,0.960545193687231
DoS Slowhttptest,0.5580716865796055,0.960545193687231
DoS Slowhttptest,0.5610713784882906,0.9567192730750836
DoS Slowhttptest,0.565690849950502,0.9564801530368244
DoS Slowhttptest,0.5729853742472039,0.9555236728837877
DoS Slowhttptest,0.5791157649796393,0.9521759923481588
DoS Slowhttptest,0.5905346712595477,0.9428503108560498
DoS Slowhttptest,0.6007314843035659,0.9426111908177905
DoS Slowhttptest,0.6079913606911447,0.9423720707795313
DoS Slowhttptest,0.6152044957852014,0.9423720707795313
DoS Slowhttptest,0.6187185929648241,0.9421329507412721
DoS Slowhttptest,0.6234177215189873,0.9421329507412721
DoS Slowhttptest,0.6319845857418112,0.9411764705882353
DoS Slowhttptest,0.6474749136371114,0.9411764705882353
DoS Slowhttptest,0.6598422554119818,0.9402199904351984
DoS Slowhttptest,0.667572156196944,0.9402199904351984
DoS Slowhttptest,0.6747939560439561,0.93974175035868
DoS Slowhttptest,0.6814159292035398,0.9390243902439024
DoS Slowhttptest,0.6922263352723427,0.9390243902439024
DoS Slowhttptest,0.699501246882793,0.9390243902439024
DoS Slowhttptest,0.70416218155723,0.9385461501673841
DoS Slowhttptest,0.709479015918958,0.9378287900526064
DoS Slowhttptest,0.7134268537074149,0.9363940698230512
DoS Slowhttptest,0.7210245070941589,0.9356767097082735
DoS Slowhttptest,0.7250788936328197,0.9340028694404591
DoS Slowhttptest,0.7279370432827431,0.9289813486370158
DoS Slowhttptest,0.7316009104704098,0.922285987565758
DoS Slowhttptest,0.735220968050507,0.9189383070301291
DoS Slowhttptest,0.7396996534462842,0.9186991869918699
DoS Slowhttptest,0.7421875,0.9086561453849833
DoS Slowhttptest,0.7427946730272311,0.8935915829746532
DoS Slowhttptest,0.7419745608721987,0.8787661406025825
DoS Slowhttptest,0.744806517311609,0.8744619799139168
DoS Slowhttptest,0.7463514902363824,0.8682448589191775
DoS Slowhttptest,0.7483937823834197,0.8634624581539933
DoS Slowhttptest,0.7505227938101213,0.8582018173122907
DoS Slowhttptest,0.7518432694333264,0.8534194165471066
DoS Slowhttptest,0.7566873528782366,0.8455284552845529
DoS Slowhttptest,0.7612359550561798,0.8424198947871832
DoS Slowhttptest,0.765399737876802,0.8378766140602583
DoS Slowhttptest,0.7718446601941747,0.836441893830703
DoS Slowhttptest,0.7801339285714286,0.8357245337159254
DoS Slowhttptest,0.7885572139303483,0.8338115734098518
DoS Slowhttptest,0.7961142857142857,0.832855093256815
DoS Slowhttptest,0.8036002769443803,0.8326159732185557
DoS Slowhttptest,0.8063388487532044,0.8273553323768532
DoS Slowhttptest,0.8088235294117647,0.8153993304638929
DoS Slowhttptest,0.8124098124098124,0.8077474892395983
DoS Slowhttptest,0.8155647718955843,0.7993782879005261
DoS Slowhttptest,0.8203298055623923,0.796987087517934
DoS Slowhttptest,0.8238225766259656,0.7905308464849354
DoS Slowhttptest,0.8234243429446287,0.7716403634624581
DoS Slowhttptest,0.8269932256383533,0.7589670014347202
DoS Slowhttptest,0.8582655826558265,0.7572931611669058
DoS Slowhttptest,0.9048299514146899,0.7570540411286466
DoS Slowhttptest,0.9199883619435554,0.7560975609756098
DoS Slowhttptest,0.9346153846153846,0.7553802008608321
DoS Slowhttptest,0.9404548174745662,0.7515542802486849
DoS Slowhttptest,0.9440559440559441,0.742467718794835
DoS Slowhttptest,0.9469931804091755,0.7305117168818747
DoS Slowhttptest,0.8956328645447816,0.2893352462936394
DoS Slowhttptest,0.8707799767171129,0.17886178861788618
DoS Slowhttptest,0.8796526054590571,0.16953610712577713
DoS Slowhttptest,0.8849206349206349,0.1599713055954089
DoS Slowhttptest,0.886039886039886,0.14873266379722622
DoS Slowhttptest,0.8953125,0.13701578192252512
DoS Slowhttptest,0.8596059113300493,0.08345289335246293
DoS Slowhttptest,0.751412429378531,0.03180296508847441
DoS Slowhttptest,0.7383177570093458,0.018890483022477284
DoS Slowhttptest,1.0,0.0
DoS slowloris,0.002155698690568168,1.0
DoS slowloris,0.011926689360429206,0.999535747446611
DoS slowloris,0.012829684742690896,0.9990714948932219
DoS slowloris,0.013262174454291103,0.9990714948932219
DoS slowloris,0.013672210112923622,0.9988393686165274
DoS slowloris,0.014001764053025742,0.9986072423398329
DoS slowloris,0.014347140078924282,0.9983751160631383
DoS slowloris,0.01462033041946748,0.9981429897864438
DoS slowloris,0.014984133626251003,0.9974466109563602
DoS slowloris,0.015347963367765349,0.9974466109563602
DoS slowloris,0.01570841438621638,0.9972144846796658
DoS slowloris,0.016059632976078774,0.9972144846796658
DoS slowloris,0.016304162191498002,0.9972144846796658
DoS slowloris,0.016559777557529222,0.9967502321262767
DoS slowloris,0.01678576454583835,0.9967502321262767
DoS slowloris,0.017034342408530658,0.9967502321262767
DoS slowloris,0.017267113229939856,0.9962859795728877
DoS slowloris,0.01749045401013077,0.9962859795728877
DoS slowloris,0.017708681462410312,0.9962859795728877
DoS slowloris,0.01796221740476928,0.9962859795728877
DoS slowloris,0.018254508336168766,0.9962859795728877
DoS slowloris,0.018554945031191504,0.9962859795728877
DoS slowloris,0.018813751747899232,0.9962859795728877
DoS slowloris,0.019049986240690275,0.9962859795728877
DoS slowloris,0.019247068319917487,0.9962859795728877
DoS slowloris,0.019401851583972226,0.9962859795728877
DoS slowloris,0.01954578367571851,0.9962859795728877
DoS slowloris,0.019686809104002494,0.9962859795728877
DoS slowloris,0.019824022539895153,0.9962859795728877
DoS slowloris,0.019961676557587484,0.9962859795728877
DoS slowloris,0.020103986135181974,0.9962859795728877
DoS slowloris,0.020254454847478103,0.9962859795728877
DoS slowloris,0.020392358092088697,0.9962859795728877
DoS slowloris,0.020543257149694866,0.9962859795728877
DoS slowloris,0.02071378586424073,0.9962859795728877
DoS slowloris,0.020883713914528583,0.9962859795728877
DoS slowloris,0.02105304464697399,0.9962859795728877
DoS slowloris,0.021211177514471154,0.9960538532961931
DoS slowloris,0.021354633223847914,0.9960538532961931
DoS slowloris,0.021470458730285805,0.9960538532961931
DoS slowloris,0.021588199188996106,0.9960538532961931
DoS slowloris,0.02171305971470932,0.9960538532961931
DoS slowloris,0.021833483435351825,0.9960538532961931
DoS slowloris,0.021941040486078436,0.9958217270194986
DoS slowloris,0.02205451423518646,0.9958217270194986
DoS slowloris,0.02219279277415083,0.9958217270194986
DoS slowloris,0.022300213175271668,0.9955896007428041
DoS slowloris,0.022411729972357648,0.9955896007428041
DoS slowloris,0.02252519576280533,0.9955896007428041
DoS slowloris,0.02263011790038104,0.9953574744661096
DoS slowloris,0.022739083860977654,0.9953574744661096
DoS slowloris,0.022833920115900654,0.995125348189415
DoS slowloris,0.022944519968743644,0.995125348189415
DoS slowloris,0.023039716235825226,0.995125348189415
DoS slowloris,0.02316545985085918,0.995125348189415
DoS slowloris,0.02326666847575371,0.995125348189415
DoS slowloris,0.023353998017061985,0.995125348189415
DoS slowloris,0.023455067706196143,0.995125348189415
DoS slowloris,0.023551839317892145,0.995125348189415
DoS slowloris,0.023647325540987044,0.995125348189415
DoS slowloris,0.023738198731969324,0.995125348189415
DoS slowloris,0.023845413637551938,0.995125348189415
DoS slowloris,0.023944802927456075,0.9948932219127206
DoS slowloris,0.024046769451738146,0.9948932219127206
DoS slowloris,0.024156822075931103,0.9948932219127206
DoS slowloris,0.02427253210375162,0.994661095636026
DoS slowloris,0.02447832148652664,0.9944289693593314
DoS slowloris,0.024669745586050423,0.9944289693593314
DoS slowloris,0.024853224421599797,0.9944289693593314
DoS slowloris,0.02504003834328934,0.9944289693593314
DoS slowloris,0.025207413945278024,0.9944289693593314
DoS slowloris,0.025382696148444028,0.994196843082637
DoS slowloris,0.02556236608555007,0.994196843082637
DoS slowloris,0.025831638779438473,0.9937325905292479
DoS slowloris,0.026052348119252933,0.9937325905292479
DoS slowloris,0.026218604736619692,0.9937325905292479
DoS slowloris,0.02637464190000924,0.9937325905292479
DoS slowloris,0.026528272656855152,0.9937325905292479
DoS slowloris,0.026675556441763663,0.9937325905292479
DoS slowloris,0.026817091275832042,0.9937325905292479
DoS slowloris,0.026982215693814895,0.9935004642525533
DoS slowloris,0.027120534299872,0.9935004642525533
DoS slowloris,0.027196679356752695,0.9916434540389972
DoS slowloris,0.027288839408539198,0.9900185701021356
DoS slowloris,0.027422185930779074,0.9900185701021356
DoS slowloris,0.027558393547302974,0.989786443825441
DoS slowloris,0.027694066299490804,0.989786443825441
DoS slowloris,0.027827448932976572,0.989786443825441
DoS slowloris,0.027962672717376336,0.989786443825441
DoS slowloris,0.028115336177395638,0.989786443825441
DoS slowloris,0.02825300486343939,0.989786443825441
DoS slowloris,0.028371956819785164,0.9895543175487466
DoS slowloris,0.02848684913931359,0.9895543175487466
DoS slowloris,0.02860287505201133,0.989322191272052
DoS slowloris,0.028732648837413118,0.989322191272052
DoS slowloris,0.028880230391326443,0.989322191272052
DoS slowloris,0.028996550621500444,0.989322191272052
DoS slowloris,0.02910387118361661,0.989322191272052
DoS slowloris,0.029278815107923555,0.989322191272052
DoS slowloris,0.029486647294866473,0.989322191272052
DoS slowloris,0.029723754594210075,0.989322191272052
DoS slowloris,0.03010907652311518,0.989322191272052
DoS slowloris,0.03034144812751955,0.9888579387186629
DoS slowloris,0.030563110419013856,0.9886258124419685
DoS slowloris,0.030790474400312316,0.9886258124419685
DoS slowloris,0.03104154668260784,0.9883936861652739
DoS slowloris,0.031259178758150735,0.9881615598885793
DoS slowloris,0.03145824222253519,0.9851439182915506
DoS slowloris,0.03175790954533209,0.9851439182915506
DoS slowloris,0.03196329832913986,0.9849117920148561
DoS slowloris,0.03217511050921734,0.9816620241411328
DoS slowloris,0.032410352306430724,0.9816620241411328
DoS slowloris,0.03280812406420431,0.9816620241411328
DoS slowloris,0.03310272421709119,0.9807335190343547
DoS slowloris,0.03337105415179596,0.9788765088207985
DoS slowloris,0.03368999768261401,0.978644382544104
DoS slowloris,0.033968223275000806,0.978644382544104
DoS slowloris,0.034230225874023676,0.978644382544104
DoS slowloris,0.03446639669489099,0.9779480037140205
DoS slowloris,0.034788855675381085,0.9779480037140205
DoS slowloris,0.03502615319368332,0.9777158774373259
DoS slowloris,0.03543187859618426,0.9777158774373259
DoS slowloris,0.035689132888138415,0.9763231197771588
DoS slowloris,0.036167889174570686,0.9763231197771588
DoS slowloris,0.036418448317682525,0.9758588672237697
DoS slowloris,0.03664204679229488,0.9753946146703807
DoS slowloris,0.037185288830244155,0.9746982358402971
DoS slowloris,0.03743444289842663,0.974233983286908
DoS slowloris,0.03769514924367029,0.9735376044568245
DoS slowloris,0.038002230624846985,0.9728412256267409
DoS slowloris,0.0382253185443212,0.967966573816156
DoS slowloris,0.03876221195586499,0.967966573816156
DoS slowloris,0.039485271141664065,0.967966573816156
DoS slowloris,0.03999923244456811,0.9677344475394615
DoS slowloris,0.04038906811598415,0.9677344475394615
DoS slowloris,0.04083491684134229,0.9677344475394615
DoS slowloris,0.04120287075663813,0.9675023212627669
DoS slowloris,0.0416354425826564,0.9672701949860725
DoS slowloris,0.042098452143846485,0.9665738161559888
DoS slowloris,0.042604411026541965,0.9654131847725163
DoS slowloris,0.042977362357544326,0.9637883008356546
DoS slowloris,0.04340864614837218,0.9628597957288765
DoS slowloris,0.04392866231232505,0.9616991643454039
DoS slowloris,0.04473161033797217,0.9610027855153204
DoS slowloris,0.04551857721429829,0.9600742804085423
DoS slowloris,0.046286631424178146,0.957288765088208
DoS slowloris,0.04711060302943698,0.9565923862581244
DoS slowloris,0.04814252336448598,0.9565923862581244
DoS slowloris,0.048885514656164364,0.9565923862581244
DoS slowloris,0.049545541983264406,0.9565923862581244
DoS slowloris,0.050204718268668354,0.9563602599814299
DoS slowloris,0.05075704377179042,0.9563602599814299
DoS slowloris,0.05121447927802501,0.9563602599814299
DoS slowloris,0.05175879396984925,0.9563602599814299
DoS slowloris,0.05242387208473368,0.9558960074280408
DoS slowloris,0.05321100917431193,0.9558960074280408
DoS slowloris,0.0537956080419078,0.9558960074280408
DoS slowloris,0.05470026433590585,0.9558960074280408
DoS slowloris,0.0553688116815016,0.9558960074280408
DoS slowloris,0.0559632528810611,0.9558960074280408
DoS slowloris,0.05649608999862807,0.9558960074280408
DoS slowloris,0.057431018608933404,0.9556638811513464
DoS slowloris,0.05801350265683801,0.9554317548746518
DoS slowloris,0.058986227948236575,0.9554317548746518
DoS slowloris,0.06019744058500914,0.9554317548746518
DoS slowloris,0.06107096755048444,0.9554317548746518
DoS slowloris,0.06154582292866008,0.9554317548746518
DoS slowloris,0.061961823327512495,0.9554317548746518
DoS slowloris,0.062346595557710376,0.9551996285979573
DoS slowloris,0.06279087510490577,0.9551996285979573
DoS slowloris,0.06332230514734169,0.9551996285979573
DoS slowloris,0.06384596288710978,0.9551996285979573
DoS slowloris,0.06422204530198723,0.9549675023212628
DoS slowloris,0.06473439073514602,0.9549675023212628
DoS slowloris,0.06518570160983649,0.9549675023212628
DoS slowloris,0.06584381903755643,0.9547353760445683
DoS slowloris,0.0664061869318824,0.9547353760445683
DoS slowloris,0.06715211676925338,0.9547353760445683
DoS slowloris,0.06784553717236033,0.9547353760445683
DoS slowloris,0.068463279845529,0.9547353760445683
DoS slowloris,0.06919815606177866,0.9547353760445683
DoS slowloris,0.06987411446919117,0.9547353760445683
DoS slowloris,0.07053920559785964,0.9547353760445683
DoS slowloris,0.07157524711123486,0.9547353760445683
DoS slowloris,0.07252049722295689,0.9547353760445683
DoS slowloris,0.07358966559911256,0.9547353760445683
DoS slowloris,0.07454463072043498,0.9547353760445683
DoS slowloris,0.07538627907402995,0.9547353760445683
DoS slowloris,0.0761948869951834,0.9547353760445683
DoS slowloris,0.07709754817425209,0.9547353760445683
DoS slowloris,0.07814637482900137,0.9547353760445683
DoS slowloris,0.07924397433674354,0.9547353760445683
DoS slowloris,0.08027558747755484,0.9547353760445683
DoS slowloris,0.08117709751909527,0.9547353760445683
DoS slowloris,0.08243289296954874,0.9545032497678737
DoS slowloris,0.08371676371187751,0.9545032497678737
DoS slowloris,0.08607372365143491,0.9545032497678737
DoS slowloris,0.08795345653661875,0.9545032497678737
DoS slowloris,0.08961338970492089,0.9545032497678737
DoS slowloris,0.09180232687970345,0.9542711234911792
DoS slowloris,0.09375783976098707,0.9542711234911792
DoS slowloris,0.09559251075706478,0.9540389972144847
DoS slowloris,0.09791259591097555,0.9538068709377902
DoS slowloris,0.10027338410466706,0.9535747446610956
DoS slowloris,0.1035021415973797,0.9535747446610956
DoS slowloris,0.10577542034657672,0.9535747446610956
DoS slowloris,0.10793976188598912,0.9533426183844012
DoS slowloris,0.1098686498488537,0.9533426183844012
DoS slowloris,0.1119472163149572,0.9531104921077066
DoS slowloris,0.11390052428638797,0.9531104921077066
DoS slowloris,0.11589375934968528,0.9531104921077066
DoS slowloris,0.11854226226573103,0.952878365831012
DoS slowloris,0.1204165444411851,0.952878365831012
DoS slowloris,0.12324366518554102,0.952878365831012
DoS slowloris,0.1246280891371668,0.952878365831012
DoS slowloris,0.1260555811454015,0.952878365831012
DoS slowloris,0.1269654574718336,0.9521819870009285
DoS slowloris,0.1278399351762396,0.9521819870009285
DoS slowloris,0.12879216129640098,0.9519498607242339
DoS slowloris,0.1292875157629256,0.9519498607242339
DoS slowloris,0.1300253646163602,0.9519498607242339
DoS slowloris,0.13048873615883924,0.9519498607242339
DoS slowloris,0.131295021610373,0.9519498607242339
DoS slowloris,0.13182256509161042,0.9519498607242339
DoS slowloris,0.1323928202479339,0.9519498607242339
DoS slowloris,0.13298959042708436,0.9519498607242339
DoS slowloris,0.1335221722992772,0.9519498607242339
DoS slowloris,0.13423895253682488,0.9519498607242339
DoS slowloris,0.1373777301353343,0.9519498607242339
DoS slowloris,0.13793103448275862,0.9517177344475395
DoS slowloris,0.13891241741487378,0.9517177344475395
DoS slowloris,0.1396077363116317,0.9517177344475395
DoS slowloris,0.14211438474870017,0.9517177344475395
DoS slowloris,0.14341207349081364,0.9512534818941504
DoS slowloris,0.14435714034036856,0.9510213556174559
DoS slowloris,0.1450630400906644,0.9507892293407614
DoS slowloris,0.14583778394929858,0.9507892293407614
DoS slowloris,0.14673114812824647,0.9507892293407614
DoS slowloris,0.14763261332083227,0.9503249767873724
DoS slowloris,0.14873900719529035,0.9500928505106778
DoS slowloris,0.14985896919301073,0.9496285979572887
DoS slowloris,0.1506390188206696,0.9493964716805943
DoS slowloris,0.15163873646744772,0.9493964716805943
DoS slowloris,0.1523951537744641,0.9489322191272052
DoS slowloris,0.15344769340490222,0.9489322191272052
DoS slowloris,0.1546317660854106,0.9489322191272052
DoS slowloris,0.15581643543223053,0.9489322191272052
DoS slowloris,0.15688682503741797,0.9489322191272052
DoS slowloris,0.1580697548526796,0.9489322191272052
DoS slowloris,0.15856558175794191,0.9442896935933147
DoS slowloris,0.1599984263739722,0.9440575673166203
DoS slowloris,0.16163021868787275,0.9435933147632312
DoS slowloris,0.16266366776447908,0.9401114206128134
DoS slowloris,0.16432686845735617,0.9401114206128134
DoS slowloris,0.16599040944300997,0.9401114206128134
DoS slowloris,0.16772296093782363,0.9398792943361188
DoS slowloris,0.1692796521593712,0.9398792943361188
DoS slowloris,0.17095929741597704,0.9398792943361188
DoS slowloris,0.17251810822326374,0.9398792943361188
DoS slowloris,0.17410560715514276,0.9398792943361188
DoS slowloris,0.17646546088472434,0.9398792943361188
DoS slowloris,0.1783848401664748,0.9352367688022284
DoS slowloris,0.18107051368477822,0.9352367688022284
DoS slowloris,0.18281385478939444,0.9298978644382544
DoS slowloris,0.18528459046737622,0.9294336118848654
DoS slowloris,0.18790182551973345,0.9294336118848654
DoS slowloris,0.1902497027348395,0.9285051067780873
DoS slowloris,0.19253551649410064,0.9280408542246983
DoS slowloris,0.1947178637559692,0.9275766016713092
DoS slowloris,0.19610344996810128,0.9275766016713092
DoS slowloris,0.19800802735246023,0.9275766016713092
DoS slowloris,0.1988789910919828,0.9224698235840297
DoS slowloris,0.2004843103622238,0.9224698235840297
DoS slowloris,0.2022288942038573,0.9224698235840297
DoS slowloris,0.20371129792905474,0.9224698235840297
DoS slowloris,0.2053760661669682,0.9222376973073352
DoS slowloris,0.2068624388212017,0.9222376973073352
DoS slowloris,0.2084470094438615,0.9222376973073352
DoS slowloris,0.2099254796258126,0.9220055710306406
DoS slowloris,0.21176094258143627,0.9220055710306406
DoS slowloris,0.21336484744305972,0.9220055710306406
DoS slowloris,0.2153779416549181,0.9220055710306406
DoS slowloris,0.2185160722148833,0.9215413184772516
DoS slowloris,0.22147201607053177,0.9213091922005571
DoS slowloris,0.2227772788504715,0.9213091922005571
DoS slowloris,0.2243386841510287,0.9213091922005571
DoS slowloris,0.2263935642152108,0.9210770659238626
DoS slowloris,0.22769266081367992,0.9210770659238626
DoS slowloris,0.22903318903318903,0.9210770659238626
DoS slowloris,0.2307379194045473,0.9210770659238626
DoS slowloris,0.23272727272727273,0.9210770659238626
DoS slowloris,0.2348345860211872,0.9210770659238626
DoS slowloris,0.2438080019666892,0.9208449396471681
DoS slowloris,0.2495439391080078,0.9208449396471681
DoS slowloris,0.25593548387096776,0.9208449396471681
DoS slowloris,0.2623156781061959,0.9208449396471681
DoS slowloris,0.2705080122741221,0.9208449396471681
DoS slowloris,0.27677387846228985,0.9208449396471681
DoS slowloris,0.28661223900007227,0.9208449396471681
DoS slowloris,0.2914126202894292,0.9208449396471681
DoS slowloris,0.298248252011127,0.9208449396471681
DoS slowloris,0.30706711045746576,0.9208449396471681
DoS slowloris,0.31177302734989,0.9208449396471681
DoS slowloris,0.31799599198396794,0.9208449396471681
DoS slowloris,0.3241807632589687,0.9208449396471681
DoS slowloris,0.3297863496550004,0.9208449396471681
DoS slowloris,0.33581647337678827,0.9208449396471681
DoS slowloris,0.3409540180489901,0.9208449396471681
DoS slowloris,0.34646288209606985,0.9208449396471681
DoS slowloris,0.3512484505046928,0.9208449396471681
DoS slowloris,0.35511592516336943,0.9208449396471681
DoS slowloris,0.3587772451840463,0.9208449396471681
DoS slowloris,0.3623823878688225,0.9208449396471681
DoS slowloris,0.3665342326526841,0.9208449396471681
DoS slowloris,0.3720341367345025,0.9208449396471681
DoS slowloris,0.3782418001525553,0.9208449396471681
DoS slowloris,0.3820300462249615,0.9208449396471681
DoS slowloris,0.38608272506082725,0.9208449396471681
DoS slowloris,0.39087594836929745,0.9208449396471681
DoS slowloris,0.3944908512330947,0.9208449396471681
DoS slowloris,0.3992552334943639,0.9208449396471681
DoS slowloris,0.4016003241162767,0.9203806870937791
DoS slowloris,0.40362858016512076,0.9192200557103064
DoS slowloris,0.40845796802475504,0.9192200557103064
DoS slowloris,0.4194915254237288,0.9192200557103064
DoS slowloris,0.425408426483233,0.9187558031569174
DoS slowloris,0.4297969377782604,0.9187558031569174
DoS slowloris,0.4345722454365516,0.9173630454967502
DoS slowloris,0.4442446043165468,0.9173630454967502
DoS slowloris,0.4546500920810313,0.9168987929433612
DoS slowloris,0.46165536591068507,0.9166666666666666
DoS slowloris,0.4666194021032731,0.9166666666666666
DoS slowloris,0.47439288290454434,0.9159702878365831
DoS slowloris,0.4843500675095127,0.9159702878365831
DoS slowloris,0.4891533407710425,0.9159702878365831
DoS slowloris,0.493188351456068,0.9159702878365831
DoS slowloris,0.5002535496957403,0.9159702878365831
DoS slowloris,0.5092927207021167,0.9159702878365831
DoS slowloris,0.5208608397148138,0.9157381615598886
DoS slowloris,0.5316080334276857,0.9155060352831941
DoS slowloris,0.5355784899511136,0.9155060352831941
DoS slowloris,0.5405701754385965,0.9155060352831941
DoS slowloris,0.5468663338879645,0.9155060352831941
DoS slowloris,0.5518399328389534,0.9155060352831941
DoS slowloris,0.5565904600620942,0.9155060352831941
DoS slowloris,0.5750109345385624,0.9155060352831941
DoS slowloris,0.5823121216595305,0.9155060352831941
DoS slowloris,0.5874459519904577,0.914577530176416
DoS slowloris,0.5930722891566265,0.914113277623027
DoS slowloris,0.6000304738686576,0.914113277623027
DoS slowloris,0.6047297297297297,0.914113277623027
DoS slowloris,0.6107320099255583,0.914113277623027
DoS slowloris,0.6181133260084759,0.914113277623027
DoS slowloris,0.6245836637589215,0.914113277623027
DoS slowloris,0.6301633045148896,0.9136490250696379
DoS slowloris,0.6362607148633349,0.9131847725162489
DoS slowloris,0.6664405629981347,0.9122562674094707
DoS slowloris,0.687368789363191,0.9120241411327762
DoS slowloris,0.6944984963736069,0.9113277623026926
DoS slowloris,0.7033518551711776,0.9108635097493036
DoS slowloris,0.7083408720825041,0.908774373259053
DoS slowloris,0.7220889463000554,0.9083101207056639
DoS slowloris,0.7293415407573214,0.9076137418755803
DoS slowloris,0.7380366937771893,0.9057567316620242
DoS slowloris,0.7543011791996908,0.9057567316620242
DoS slowloris,0.7619140625,0.9055246053853296
DoS slowloris,0.7704464638482813,0.9052924791086351
DoS slowloris,0.7793558711742349,0.904363974001857
DoS slowloris,0.7947776417788658,0.904363974001857
DoS slowloris,0.8006993006993007,0.9036675951717734
DoS slowloris,0.8127090301003345,0.9025069637883009
DoS slowloris,0.820042194092827,0.9022748375116063
DoS slowloris,0.8308744921958521,0.9020427112349118
DoS slowloris,0.8435462842242504,0.9011142061281338
DoS slowloris,0.8562596599690881,0.9001857010213556
DoS slowloris,0.8650156180276662,0.8999535747446611
DoS slowloris,0.871962196219622,0.8994893221912721
DoS slowloris,0.8788566243194192,0.8992571959145775
DoS slowloris,0.887921155168462,0.8992571959145775
DoS slowloris,0.8959056210964608,0.899025069637883
DoS slowloris,0.903850641773629,0.899025069637883
DoS slowloris,0.9120490450365479,0.8978644382544104
DoS slowloris,0.9206387035271687,0.8967038068709378
DoS slowloris,0.9274038461538462,0.8955431754874652
DoS slowloris,0.9356952196068915,0.8950789229340761
DoS slowloris,0.9421284943599804,0.8918291550603529
DoS slowloris,0.9477981197427017,0.8892757660167131
DoS slowloris,0.9550673989016475,0.8881151346332404
DoS slowloris,0.9599597078821456,0.8848653667595172
DoS slowloris,0.9650599336903851,0.8783658310120706
DoS slowloris,0.9664082687338501,0.8681522748375116
DoS slowloris,0.9724698479286839,0.8609563602599815
DoS slowloris,0.977176220806794,0.8546889507892294
DoS slowloris,0.9825268817204301,0.8484215413184772
DoS slowloris,0.9852889667250437,0.6529712163416899
DoS slowloris,0.9874784110535406,0.5308727948003714
DoS slowloris,0.9923732615522656,0.5134633240482822
DoS slowloris,0.9933614966807484,0.38207985143918294
DoS slowloris,0.9976377952755906,0.2941039925719591
DoS slowloris,1.0,0.0
