clase,precision,recall
Bot,0.0007796143360968443,1.0
Bot,0.003483954120105794,0.9993581514762516
Bot,0.003592864114971652,0.9993581514762516
Bot,0.0036470789404029354,0.9993581514762516
Bot,0.0036830452184279995,0.9993581514762516
Bot,0.0037084408114268566,0.9993581514762516
Bot,0.0037316741723568505,0.9993581514762516
Bot,0.0037678409811390157,0.9993581514762516
Bot,0.0037962832022392463,0.9993581514762516
Bot,0.00382016517245948,0.9993581514762516
Bot,0.0038401586377672325,0.9993581514762516
Bot,0.003855334574699893,0.9993581514762516
Bot,0.0038688900981758817,0.9993581514762516
Bot,0.0038845076255604096,0.9993581514762516
Bot,0.003909398374473663,0.9993581514762516
Bot,0.003934799090219864,0.9993581514762516
Bot,0.00394669803070668,0.9993581514762516
Bot,0.003956627032631373,0.9993581514762516
Bot,0.003965858466993207,0.9993581514762516
Bot,0.003973814172504881,0.9993581514762516
Bot,0.0039819138760875455,0.9993581514762516
Bot,0.003989126619541853,0.9993581514762516
Bot,0.003997463395096753,0.9993581514762516
Bot,0.0040098482078013056,0.9993581514762516
Bot,0.00402423327629967,0.9993581514762516
Bot,0.004033030963938435,0.9993581514762516
Bot,0.004039549708254743,0.9993581514762516
Bot,0.004044922803544568,0.9993581514762516
Bot,0.004050289139137967,0.9993581514762516
Bot,0.0040558176366852225,0.9993581514762516
Bot,0.004060884579071187,0.9993581514762516
Bot,0.0040656456856370685,0.9993581514762516
Bot,0.004070811730840124,0.9993581514762516
Bot,0.004075905560456648,0.9993581514762516
Bot,0.004080669890317254,0.9993581514762516
Bot,0.004086142282780991,0.9993581514762516
Bot,0.0040902212975222245,0.9993581514762516
Bot,0.004094362297155509,0.9993581514762516
Bot,0.004098231206569805,0.9993581514762516
Bot,0.004102183088572377,0.9993581514762516
Bot,0.004107474971310989,0.9993581514762516
Bot,0.004114149821640904,0.9993581514762516
Bot,0.0041233018193374115,0.9993581514762516
Bot,0.0041321656050955415,0.9993581514762516
Bot,0.004137623138800382,0.9993581514762516
Bot,0.004142323532228714,0.9993581514762516
Bot,0.004145808925338162,0.9993581514762516
Bot,0.00414924490138548,0.9993581514762516
Bot,0.00415225467161986,0.9993581514762516
Bot,0.004155623703869775,0.9993581514762516
Bot,0.004159487076738129,0.9993581514762516
Bot,0.004164315268353611,0.9993581514762516
Bot,0.004170908116796142,0.9993581514762516
Bot,0.004179158961034778,0.9993581514762516
Bot,0.0041853151082617635,0.9993581514762516
Bot,0.004189628449649116,0.9993581514762516
Bot,0.004192539057661549,0.9993581514762516
Bot,0.00419633568529369,0.9993581514762516
Bot,0.004202837522674268,0.9993581514762516
Bot,0.0042085972153520545,0.9993581514762516
Bot,0.004214053340117679,0.9993581514762516
Bot,0.0042195693708586834,0.9993581514762516
Bot,0.004224950817447935,0.9993581514762516
Bot,0.004229828850855746,0.9993581514762516
Bot,0.004235063716356811,0.9993581514762516
Bot,0.004240658023749864,0.9993581514762516
Bot,0.004247390732668082,0.9993581514762516
Bot,0.004253970509083061,0.9993581514762516
Bot,0.004259673178832407,0.9993581514762516
Bot,0.004265134103815063,0.9993581514762516
Bot,0.004269496544916091,0.9993581514762516
Bot,0.004274654074236767,0.9993581514762516
Bot,0.004280165268809223,0.9993581514762516
Bot,0.004286599215362378,0.9993581514762516
Bot,0.0042959308677945895,0.9993581514762516
Bot,0.004305374667142276,0.9993581514762516
Bot,0.004311216084131014,0.9993581514762516
Bot,0.004315876716163887,0.9993581514762516
Bot,0.004319468680384285,0.9993581514762516
Bot,0.004323078631719236,0.9993581514762516
Bot,0.0043266465293736785,0.9993581514762516
Bot,0.004333896526480748,0.9993581514762516
Bot,0.0043399850037769295,0.9993581514762516
Bot,0.004344598968680938,0.9993581514762516
Bot,0.004348919054801408,0.9993581514762516
Bot,0.004353819868742258,0.9993581514762516
Bot,0.00436684896928902,0.9993581514762516
Bot,0.004377678059313742,0.9993581514762516
Bot,0.00438637266419317,0.9993581514762516
Bot,0.0043969884723783275,0.9993581514762516
Bot,0.004405037076436022,0.9993581514762516
Bot,0.004411989730860126,0.9993581514762516
Bot,0.004418726090065954,0.9993581514762516
Bot,0.004425747217919018,0.9993581514762516
Bot,0.004434242490694356,0.9993581514762516
Bot,0.004446233979850593,0.9993581514762516
Bot,0.004458341565659603,0.9993581514762516
Bot,0.00446657811921776,0.9993581514762516
Bot,0.004473096779197945,0.9993581514762516
Bot,0.004479840716774514,0.9993581514762516
Bot,0.004486747237927279,0.9993581514762516
Bot,0.0044936102420835115,0.9993581514762516
Bot,0.00449971389102427,0.9993581514762516
Bot,0.00450516922596158,0.9993581514762516
Bot,0.004510912235668366,0.9993581514762516
Bot,0.004516630599374576,0.9993581514762516
Bot,0.0045227838504373185,0.9993581514762516
Bot,0.004528071425455497,0.9993581514762516
Bot,0.004532949037075855,0.9993581514762516
Bot,0.004538181055061515,0.9993581514762516
Bot,0.004543650562046948,0.9993581514762516
Bot,0.004548083495451916,0.9993581514762516
Bot,0.004552418600299401,0.9993581514762516
Bot,0.0045563085999227445,0.9993581514762516
Bot,0.004562022408700951,0.9993581514762516
Bot,0.004568608349667257,0.9993581514762516
Bot,0.004568947026658557,0.9980744544287549
Bot,0.004577635820368272,0.9980744544287549
Bot,0.004585235247632191,0.9980744544287549
Bot,0.004588523965736659,0.9974326059050064
Bot,0.00459449311269517,0.9974326059050064
Bot,0.004597381298456784,0.996790757381258
Bot,0.004602217836335295,0.996790757381258
Bot,0.0046067912349344875,0.996790757381258
Bot,0.004611346346851636,0.996790757381258
Bot,0.004616582836894612,0.996790757381258
Bot,0.0046217074426452955,0.996790757381258
Bot,0.004627257016864311,0.996790757381258
Bot,0.004632654096155165,0.996790757381258
Bot,0.004637260522669724,0.996790757381258
Bot,0.004642611581118651,0.996790757381258
Bot,0.004647015347419007,0.996790757381258
Bot,0.004650744927753238,0.996790757381258
Bot,0.004654620002577574,0.996790757381258
Bot,0.004658012501349714,0.996790757381258
Bot,0.004661214076686426,0.996790757381258
Bot,0.004664714274986859,0.996790757381258
Bot,0.0046658309057183486,0.9961489088575096
Bot,0.004669621285289189,0.9961489088575096
Bot,0.004673685224890987,0.9961489088575096
Bot,0.004675136772618348,0.9955070603337612
Bot,0.004679509420869224,0.9955070603337612
Bot,0.00468367809149932,0.9955070603337612
Bot,0.004691001805627387,0.9955070603337612
Bot,0.004698875117774836,0.9955070603337612
Bot,0.004706260752941034,0.9955070603337612
Bot,0.004714901947670973,0.9955070603337612
Bot,0.0047219211612698955,0.9955070603337612
Bot,0.004725566534452429,0.9948652118100129
Bot,0.004732506518646076,0.9948652118100129
Bot,0.004736191967124896,0.9942233632862645
Bot,0.004743167725637296,0.9942233632862645
Bot,0.004749581460381316,0.9942233632862645
Bot,0.00475465021991793,0.993581514762516
Bot,0.004764308313533344,0.993581514762516
Bot,0.004770460127520439,0.993581514762516
Bot,0.004778544704705693,0.993581514762516
Bot,0.004785887197751746,0.993581514762516
Bot,0.0047916350680826955,0.993581514762516
Bot,0.004801146320206685,0.993581514762516
Bot,0.004809112132827242,0.9929396662387676
Bot,0.004818819249111462,0.9929396662387676
Bot,0.004823702558090225,0.9929396662387676
Bot,0.004827495818458696,0.9929396662387676
Bot,0.004831053650615202,0.9929396662387676
Bot,0.004834526078939967,0.9929396662387676
Bot,0.004837307617743257,0.9929396662387676
Bot,0.004840395241581717,0.9929396662387676
Bot,0.004843122890721366,0.9929396662387676
Bot,0.004846384947698516,0.9929396662387676
Bot,0.004851354741595585,0.9929396662387676
Bot,0.00485595364400555,0.9929396662387676
Bot,0.004857329694789924,0.9916559691912709
Bot,0.004866570910190505,0.9916559691912709
Bot,0.0048737247875434535,0.9916559691912709
Bot,0.004879296623337249,0.9916559691912709
Bot,0.004885730819948961,0.9916559691912709
Bot,0.004892321430267795,0.9916559691912709
Bot,0.0048970354710187415,0.9916559691912709
Bot,0.004901805260319173,0.9916559691912709
Bot,0.004908221031965385,0.9916559691912709
Bot,0.004913153258581323,0.9916559691912709
Bot,0.004918580774557089,0.9916559691912709
Bot,0.004927616660128405,0.9916559691912709
Bot,0.004943857616900633,0.9916559691912709
Bot,0.004966137052525337,0.9916559691912709
Bot,0.004985205716369221,0.9916559691912709
Bot,0.005015142809843313,0.9916559691912709
Bot,0.00505007583285393,0.9916559691912709
Bot,0.005097714442204456,0.9916559691912709
Bot,0.00513347022587269,0.9916559691912709
Bot,0.005152370090241511,0.9916559691912709
Bot,0.005166895749099555,0.9916559691912709
Bot,0.005172656234306261,0.9916559691912709
Bot,0.005177180196029153,0.9916559691912709
Bot,0.005182163964338662,0.9916559691912709
Bot,0.005189596622227596,0.9916559691912709
Bot,0.005201372219622471,0.9916559691912709
Bot,0.005219576960888646,0.9916559691912709
Bot,0.005233793026351894,0.9916559691912709
Bot,0.005251333226833803,0.9916559691912709
Bot,0.005264144193257126,0.9916559691912709
Bot,0.005277180038938416,0.9916559691912709
Bot,0.005287926756224865,0.9916559691912709
Bot,0.005300753427477459,0.9916559691912709
Bot,0.005321878950504804,0.9916559691912709
Bot,0.005344134596094112,0.9916559691912709
Bot,0.005366651730354407,0.9916559691912709
Bot,0.005401191408434948,0.9916559691912709
Bot,0.005433215408528566,0.9916559691912709
Bot,0.005469123347315882,0.9916559691912709
Bot,0.005515414602104782,0.9916559691912709
Bot,0.005603023093884182,0.9916559691912709
Bot,0.005700854574705179,0.9916559691912709
Bot,0.005806218854991094,0.9916559691912709
Bot,0.00585304869963821,0.9916559691912709
Bot,0.005929490869735418,0.9916559691912709
Bot,0.006029927172530072,0.9916559691912709
Bot,0.006126406198574867,0.9916559691912709
Bot,0.006212029222672098,0.9916559691912709
Bot,0.006277706219601884,0.9916559691912709
Bot,0.006322716353531922,0.9916559691912709
Bot,0.0063325381796719375,0.9916559691912709
Bot,0.006343380097798909,0.9916559691912709
Bot,0.006354598961053917,0.9916559691912709
Bot,0.006359221901423824,0.9910141206675225
Bot,0.0063688224690736745,0.9910141206675225
Bot,0.0063787682862844084,0.9910141206675225
Bot,0.006396685655100984,0.9910141206675225
Bot,0.00641737012514703,0.9910141206675225
Bot,0.006437195650723768,0.9910141206675225
Bot,0.006458656649613694,0.9910141206675225
Bot,0.006473821693172717,0.9910141206675225
Bot,0.0064903128717532675,0.9910141206675225
Bot,0.006508918145295578,0.9910141206675225
Bot,0.006529286641603904,0.9910141206675225
Bot,0.006556931491956718,0.9910141206675225
Bot,0.006582144653712688,0.9910141206675225
Bot,0.006600688284205802,0.9910141206675225
Bot,0.006617691180126353,0.9910141206675225
Bot,0.006637092059561883,0.9910141206675225
Bot,0.006660023896717868,0.9910141206675225
Bot,0.0066794140804125315,0.9910141206675225
Bot,0.0067013598031258545,0.9910141206675225
Bot,0.00672520733152136,0.9910141206675225
Bot,0.0067478093656447346,0.9910141206675225
Bot,0.006762438682550806,0.9910141206675225
Bot,0.006773088379152574,0.9910141206675225
Bot,0.006782788235552529,0.9910141206675225
Bot,0.006793561956053046,0.9910141206675225
Bot,0.006803800257345813,0.9910141206675225
Bot,0.006814851432707756,0.9910141206675225
Bot,0.006824339555091956,0.9910141206675225
Bot,0.006834217119182727,0.9910141206675225
Bot,0.006843577276132138,0.9910141206675225
Bot,0.0068524764778981,0.9910141206675225
Bot,0.006861093953438768,0.9910141206675225
Bot,0.0068789457035548646,0.9910141206675225
Bot,0.0069084628670120895,0.9910141206675225
Bot,0.006948757414558187,0.9910141206675225
Bot,0.006975315334851278,0.9910141206675225
Bot,0.007003410987734959,0.9910141206675225
Bot,0.007047235648788414,0.9910141206675225
Bot,0.007089560805381454,0.9910141206675225
Bot,0.007138233934350439,0.9910141206675225
Bot,0.007187379259941998,0.9910141206675225
Bot,0.007229852171999307,0.9910141206675225
Bot,0.007267079283646718,0.9910141206675225
Bot,0.007301306574486095,0.9910141206675225
Bot,0.007343009873114311,0.9910141206675225
Bot,0.007374060321055977,0.9903722721437741
Bot,0.007378001363274162,0.9865211810012837
Bot,0.007356946915240837,0.9794608472400513
Bot,0.007351944051608904,0.9743260590500642
Bot,0.007356232363530213,0.9704749679075738
Bot,0.007346444662478461,0.9659820282413351
Bot,0.007373005491786815,0.9659820282413351
Bot,0.0073135320028545414,0.9537869062901155
Bot,0.007320550006434561,0.9492939666238768
Bot,0.007355429481437245,0.9486521181001284
Bot,0.007382473128498047,0.9473684210526315
Bot,0.007430131576296117,0.9467265725288831
Bot,0.007457743665973981,0.9467265725288831
Bot,0.007493357583023862,0.9467265725288831
Bot,0.007522785113555803,0.9467265725288831
Bot,0.007566818858051608,0.9467265725288831
Bot,0.007636196087161354,0.9467265725288831
Bot,0.007705949746535461,0.9454428754813864
Bot,0.007768301950519294,0.944801026957638
Bot,0.007849410760944916,0.944801026957638
Bot,0.007917869608307837,0.9435173299101413
Bot,0.007963761629641686,0.9422336328626444
Bot,0.008023611718408395,0.9422336328626444
Bot,0.008087963499340715,0.9409499358151476
Bot,0.008258224425416854,0.9409499358151476
Bot,0.008533178114086147,0.9409499358151476
Bot,0.008986847916768907,0.9403080872913993
Bot,0.00968217356535302,0.9403080872913993
Bot,0.01043268956873469,0.9403080872913993
Bot,0.011059608648387486,0.9403080872913993
Bot,0.01147714364056563,0.9403080872913993
Bot,0.011618961510702927,0.9403080872913993
Bot,0.011705017577500799,0.9403080872913993
Bot,0.011787329224530518,0.9403080872913993
Bot,0.011889014226240231,0.9403080872913993
Bot,0.011984032197372511,0.9403080872913993
Bot,0.012067048309377703,0.9403080872913993
Bot,0.012129792924149466,0.9403080872913993
Bot,0.012169088024454468,0.9403080872913993
Bot,0.01220721433868562,0.9403080872913993
Bot,0.012244659155494634,0.9403080872913993
Bot,0.012282231425744899,0.9403080872913993
Bot,0.012321174758832978,0.9403080872913993
Bot,0.012376028519776303,0.9403080872913993
Bot,0.012497867258147074,0.9403080872913993
Bot,0.01275734877353308,0.9390243902439024
Bot,0.013376435180024524,0.9242618741976893
Bot,0.013297321909019413,0.824775353016688
Bot,0.013045676723411427,0.745186136071887
Bot,0.013106341666377726,0.7278562259306803
Bot,0.013263130617100723,0.7227214377406932
Bot,0.01342474604257152,0.7201540436456996
Bot,0.01345977363107984,0.7060333761232349
Bot,0.013379099541502768,0.6854942233632862
Bot,0.013265475324940369,0.6675224646983312
Bot,0.013331089913671487,0.6611039794608472
Bot,0.013257526135142925,0.6495507060333762
Bot,0.013306605826420669,0.6476251604621309
Bot,0.013410114905755952,0.6456996148908858
Bot,0.013563069621959769,0.6456996148908858
Bot,0.013796508358818932,0.6456996148908858
Bot,0.014002594106079413,0.6444159178433889
Bot,0.014146998369834856,0.6405648267008985
Bot,0.014372119815668202,0.6405648267008985
Bot,0.013994366861811157,0.6091142490372272
Bot,0.013276419923744133,0.5609756097560976
Bot,0.013016008740677402,0.527599486521181
Bot,0.012195995558580178,0.43709884467265725
Bot,0.016023108155980053,0.3774069319640565
Bot,0.025154227126596578,0.37163029525032093
Bot,0.04973754410119611,0.37098844672657255
Bot,0.05321896329090574,0.3703465982028241
Bot,0.055352681145492987,0.36970474967907574
Bot,0.05660563102973026,0.36906290115532736
Bot,0.05758637956935403,0.36906290115532736
Bot,0.05841644616324038,0.3684210526315789
Bot,0.0592003306126666,0.36777920410783055
Bot,0.05997693194925029,0.36713735558408217
Bot,0.060657476139978794,0.36713735558408217
Bot,0.06143271399420041,0.36713735558408217
Bot,0.061971830985915494,0.36713735558408217
Bot,0.062486344767314836,0.36713735558408217
Bot,0.06317649657609896,0.36713735558408217
Bot,0.06364749082007344,0.36713735558408217
Bot,0.06438541197658712,0.36713735558408217
Bot,0.06494833655047122,0.36713735558408217
Bot,0.06591380502419912,0.36713735558408217
Bot,0.06707317073170732,0.36713735558408217
Bot,0.0683311432325887,0.36713735558408217
Bot,0.06919075843715979,0.36713735558408217
Bot,0.07085346215780998,0.36713735558408217
Bot,0.07211296016137166,0.36713735558408217
Bot,0.07322068612391193,0.36713735558408217
Bot,0.07474193126878348,0.36713735558408217
Bot,0.07744381261846738,0.36713735558408217
Bot,0.07924632862288723,0.36713735558408217
Bot,0.08056338028169015,0.36713735558408217
Bot,0.08180778032036613,0.36713735558408217
Bot,0.08420432798469012,0.36713735558408217
Bot,0.08773006134969324,0.36713735558408217
Bot,0.09309895833333333,0.36713735558408217
Bot,0.10125685962117188,0.36713735558408217
Bot,0.11381303567869244,0.36649550706033374
Bot,0.12787032868077441,0.3645699614890886
Bot,0.14658064516129032,0.3645699614890886
Bot,0.15998871331828443,0.36392811296534017
Bot,0.17179409077063662,0.362002567394095
Bot,0.18170103092783504,0.362002567394095
Bot,0.1920326864147089,0.362002567394095
Bot,0.20028459622909997,0.3613607188703466
Bot,0.20968342644320298,0.3613607188703466
Bot,0.21949317738791424,0.3613607188703466
Bot,0.23020106688551498,0.3600770218228498
Bot,0.24822695035460993,0.3594351732991014
Bot,0.2799597180261833,0.35686777920410784
Bot,0.31509971509971507,0.35494223363286265
Bot,0.352827763496144,0.3523748395378691
Bot,0.38837703756201275,0.35173299101412064
Bot,0.4310480693459417,0.35109114249037227
Bot,0.49144914491449143,0.3504492939666239
Bot,0.5588536335721597,0.3504492939666239
Bot,0.615819209039548,0.3498074454428755
Bot,0.6736711990111248,0.3498074454428755
Bot,0.7199471598414795,0.3498074454428755
Bot,0.7567185289957568,0.3433889602053915
Bot,0.7860615883306321,0.31129653401797175
Bot,0.5252100840336135,0.08023106546854943
Bot,0.2830188679245283,0.019255455712451863
Bot,0.5471698113207547,0.018613607188703467
Bot,1.0,0.0
Web Attack,0.000858176242879389,1.0
Web Attack,0.004303875750727159,0.9982507288629737
Web Attack,0.004578825606119365,0.9982507288629737
Web Attack,0.0048021228075588555,0.9982507288629737
Web Attack,0.004978147907985682,0.9982507288629737
Web Attack,0.005085391706166782,0.9959183673469387
Web Attack,0.005171119238501223,0.9959183673469387
Web Attack,0.005246586493418729,0.9959183673469387
Web Attack,0.0053192648950317195,0.9959183673469387
Web Attack,0.005370511865120915,0.9959183673469387
Web Attack,0.005411622314387374,0.9959183673469387
Web Attack,0.005454690618762475,0.9959183673469387
Web Attack,0.005494576197032672,0.9959183673469387
Web Attack,0.005523664763999159,0.9959183673469387
Web Attack,0.005553261565772661,0.9959183673469387
Web Attack,0.00557796247611894,0.9959183673469387
Web Attack,0.005602369526783459,0.9959183673469387
Web Attack,0.005627695643148742,0.9959183673469387
Web Attack,0.0056495306391114225,0.9959183673469387
Web Attack,0.005669860112467717,0.9959183673469387
Web Attack,0.005692081075496724,0.9959183673469387
Web Attack,0.005715280008566227,0.9959183673469387
Web Attack,0.005742180145773379,0.9959183673469387
Web Attack,0.005760986518347123,0.9959183673469387
Web Attack,0.005781227258418828,0.9959183673469387
Web Attack,0.005801551609353134,0.9959183673469387
Web Attack,0.005823210334493657,0.9959183673469387
Web Attack,0.005847132406053905,0.9959183673469387
Web Attack,0.005872982559959814,0.99533527696793
Web Attack,0.005897237355161638,0.9947521865889213
Web Attack,0.005919315496740213,0.9947521865889213
Web Attack,0.00594193206832177,0.9947521865889213
Web Attack,0.005964013158584718,0.9947521865889213
Web Attack,0.005984033224362662,0.9947521865889213
Web Attack,0.006005435165237472,0.9947521865889213
Web Attack,0.006025287843469662,0.9947521865889213
Web Attack,0.006049473773793651,0.9947521865889213
Web Attack,0.006073205983496258,0.9947521865889213
Web Attack,0.006098563655992393,0.9947521865889213
Web Attack,0.0061220242153689364,0.9947521865889213
Web Attack,0.006143519235409142,0.9947521865889213
Web Attack,0.006168442594795512,0.9947521865889213
Web Attack,0.0061934340885740945,0.9947521865889213
Web Attack,0.00621729179725652,0.9947521865889213
Web Attack,0.006241996267974096,0.9947521865889213
Web Attack,0.006265309794963514,0.9947521865889213
Web Attack,0.006285924834193073,0.9947521865889213
Web Attack,0.006308751636355568,0.9947521865889213
Web Attack,0.006334213291451782,0.9947521865889213
Web Attack,0.00636279888557778,0.9947521865889213
Web Attack,0.006390159304498957,0.9947521865889213
Web Attack,0.006414353714384546,0.9947521865889213
Web Attack,0.006437177150662395,0.9947521865889213
Web Attack,0.006453395507982528,0.9941690962099126
Web Attack,0.006471865415565881,0.9941690962099126
Web Attack,0.0064905154725514004,0.9941690962099126
Web Attack,0.006506615376982991,0.9941690962099126
Web Attack,0.006526160174337331,0.9935860058309038
Web Attack,0.006558664249506368,0.9935860058309038
Web Attack,0.006584489354302716,0.9935860058309038
Web Attack,0.0066085445688933014,0.9935860058309038
Web Attack,0.0066266420600992046,0.9924198250728863
Web Attack,0.006653505599968726,0.9924198250728863
Web Attack,0.00668132213237026,0.9924198250728863
Web Attack,0.0067056714536177925,0.9924198250728863
Web Attack,0.0067345662891827515,0.9924198250728863
Web Attack,0.006757105686535444,0.9918367346938776
Web Attack,0.006782729360724767,0.9918367346938776
Web Attack,0.006807379199051772,0.9912536443148688
Web Attack,0.006834500558820928,0.9912536443148688
Web Attack,0.006858079334132568,0.99067055393586
Web Attack,0.006886432633341035,0.99067055393586
Web Attack,0.006915612432634852,0.99067055393586
Web Attack,0.006944472829085856,0.99067055393586
Web Attack,0.00697692563558191,0.99067055393586
Web Attack,0.007014776860732526,0.99067055393586
Web Attack,0.007059429677858986,0.99067055393586
Web Attack,0.007088529432625593,0.99067055393586
Web Attack,0.0071149787262554855,0.99067055393586
Web Attack,0.007137216023659094,0.99067055393586
Web Attack,0.007161856265465015,0.99067055393586
Web Attack,0.007182717510780418,0.99067055393586
Web Attack,0.007205503155323336,0.99067055393586
Web Attack,0.007222827196624243,0.9900874635568513
Web Attack,0.007244398177381094,0.9900874635568513
Web Attack,0.007269329515792361,0.9889212827988338
Web Attack,0.007307289624596613,0.9889212827988338
Web Attack,0.0073473666881831295,0.9889212827988338
Web Attack,0.007408119228786833,0.9889212827988338
Web Attack,0.007450916647263238,0.9889212827988338
Web Attack,0.007491463883281579,0.9889212827988338
Web Attack,0.007529812909011801,0.9889212827988338
Web Attack,0.007560888571683469,0.9883381924198251
Web Attack,0.007592045149153453,0.9883381924198251
Web Attack,0.007623185277133143,0.9883381924198251
Web Attack,0.007652415886668353,0.9877551020408163
Web Attack,0.007684944495102776,0.9877551020408163
Web Attack,0.007717785988619227,0.9877551020408163
Web Attack,0.007750341994134629,0.9877551020408163
Web Attack,0.007784676044428718,0.9877551020408163
Web Attack,0.00782072353234474,0.9877551020408163
Web Attack,0.007858673767617069,0.9877551020408163
Web Attack,0.007899866625628398,0.9877551020408163
Web Attack,0.0079350580608292,0.9877551020408163
Web Attack,0.007968727214567624,0.9877551020408163
Web Attack,0.007999168917515063,0.9877551020408163
Web Attack,0.008030909995970323,0.9877551020408163
Web Attack,0.008067050811943427,0.9877551020408163
Web Attack,0.008101309408805272,0.9877551020408163
Web Attack,0.008137775322460548,0.9877551020408163
Web Attack,0.008170194705289405,0.9877551020408163
Web Attack,0.008201046674315813,0.9877551020408163
Web Attack,0.00823765688748839,0.9877551020408163
Web Attack,0.008287427961997202,0.9877551020408163
Web Attack,0.008344293222601508,0.9877551020408163
Web Attack,0.008401360881597349,0.9877551020408163
Web Attack,0.008452152727853662,0.9871720116618076
Web Attack,0.008505528844946169,0.9871720116618076
Web Attack,0.008553053687715027,0.9871720116618076
Web Attack,0.008595915797597409,0.9871720116618076
Web Attack,0.00863957353594461,0.9865889212827988
Web Attack,0.008681954158050563,0.9865889212827988
Web Attack,0.00872173939937525,0.9865889212827988
Web Attack,0.008769565668083342,0.9865889212827988
Web Attack,0.008810664444907312,0.9865889212827988
Web Attack,0.0088484005417815,0.9865889212827988
Web Attack,0.008882721792102262,0.9854227405247813
Web Attack,0.008927203672302955,0.9854227405247813
Web Attack,0.008969323850971234,0.9854227405247813
Web Attack,0.00901155505313618,0.9854227405247813
Web Attack,0.009051276283513824,0.9854227405247813
Web Attack,0.00908802477965573,0.9854227405247813
Web Attack,0.009125713452597588,0.9854227405247813
Web Attack,0.009159097314054065,0.9854227405247813
Web Attack,0.009191426411482212,0.9854227405247813
Web Attack,0.009227358845979547,0.9854227405247813
Web Attack,0.009263116353511215,0.9854227405247813
Web Attack,0.009303298542299731,0.9854227405247813
Web Attack,0.009341300154214364,0.9854227405247813
Web Attack,0.009372331103938597,0.9854227405247813
Web Attack,0.009408594667720727,0.9854227405247813
Web Attack,0.009451013088170286,0.9848396501457726
Web Attack,0.009518066857516399,0.9848396501457726
Web Attack,0.009606852774554638,0.9848396501457726
Web Attack,0.009674184027280283,0.9842565597667638
Web Attack,0.009737188213848958,0.9842565597667638
Web Attack,0.009802099786304934,0.9842565597667638
Web Attack,0.009868690293839084,0.9842565597667638
Web Attack,0.009926258717819046,0.9842565597667638
Web Attack,0.009991417325164995,0.9842565597667638
Web Attack,0.010048934979580659,0.9842565597667638
Web Attack,0.010097322144678405,0.9836734693877551
Web Attack,0.010153414664973428,0.9836734693877551
Web Attack,0.01020142674758427,0.9830903790087464
Web Attack,0.010252917459757604,0.9830903790087464
Web Attack,0.010310917586046625,0.9830903790087464
Web Attack,0.010355275044708977,0.9825072886297376
Web Attack,0.010419243136284936,0.9825072886297376
Web Attack,0.010473840263058113,0.9825072886297376
Web Attack,0.010516915121500346,0.9819241982507289
Web Attack,0.010567202766046899,0.9819241982507289
Web Attack,0.0106179736316118,0.9819241982507289
Web Attack,0.010665466828053409,0.9813411078717201
Web Attack,0.010723980170513197,0.9813411078717201
Web Attack,0.010777683854606932,0.9813411078717201
Web Attack,0.010832695043221359,0.9813411078717201
Web Attack,0.010899482549818342,0.9813411078717201
Web Attack,0.010955248169243287,0.9813411078717201
Web Attack,0.011011155091759626,0.9813411078717201
Web Attack,0.011071203031259868,0.9813411078717201
Web Attack,0.011190606008218413,0.9813411078717201
Web Attack,0.01130797605369777,0.9813411078717201
Web Attack,0.011432414256893073,0.9813411078717201
Web Attack,0.011565897439421637,0.9813411078717201
Web Attack,0.011726670336331775,0.9813411078717201
Web Attack,0.011880559085133418,0.9813411078717201
Web Attack,0.011993158982398631,0.9813411078717201
Web Attack,0.01208871767597637,0.9807580174927114
Web Attack,0.012176934771591978,0.9807580174927114
Web Attack,0.012289931316673974,0.9807580174927114
Web Attack,0.012413925442642793,0.9807580174927114
Web Attack,0.012524106298538357,0.9807580174927114
Web Attack,0.012628006847052464,0.9807580174927114
Web Attack,0.01274551406401552,0.9807580174927114
Web Attack,0.012868969105292956,0.9807580174927114
Web Attack,0.013009916000185634,0.9807580174927114
Web Attack,0.013104587384692097,0.9807580174927114
Web Attack,0.01318770924315721,0.9807580174927114
Web Attack,0.013284995537442047,0.9807580174927114
Web Attack,0.013377128450654939,0.9807580174927114
Web Attack,0.013468606615792382,0.9807580174927114
Web Attack,0.013550222881417414,0.9801749271137026
Web Attack,0.013621041713933815,0.9801749271137026
Web Attack,0.013700751462989226,0.9801749271137026
Web Attack,0.013767854802778142,0.9801749271137026
Web Attack,0.013816016710801165,0.9795918367346939
Web Attack,0.013869396516139684,0.9795918367346939
Web Attack,0.013919268244183734,0.9795918367346939
Web Attack,0.01402360640411359,0.9795918367346939
Web Attack,0.014138557867097556,0.9795918367346939
Web Attack,0.014277458612366999,0.9795918367346939
Web Attack,0.014406627048442283,0.9795918367346939
Web Attack,0.014527719407476587,0.9795918367346939
Web Attack,0.01465405952339416,0.9795918367346939
Web Attack,0.014778455123637612,0.9795918367346939
Web Attack,0.014953137933796762,0.9795918367346939
Web Attack,0.015051546391752577,0.9790087463556851
Web Attack,0.01514290097553492,0.9784256559766764
Web Attack,0.015253297457480752,0.9784256559766764
Web Attack,0.01536741594655768,0.9778425655976677
Web Attack,0.015478618830935086,0.9778425655976677
Web Attack,0.015578407602485857,0.9778425655976677
Web Attack,0.01567055393586006,0.9778425655976677
Web Attack,0.01575890843482183,0.9778425655976677
Web Attack,0.015869110591708698,0.9778425655976677
Web Attack,0.016007865522474966,0.9778425655976677
Web Attack,0.01617289665547969,0.9778425655976677
Web Attack,0.016294842395740215,0.9778425655976677
Web Attack,0.01642684324461989,0.9778425655976677
Web Attack,0.01658688083557525,0.9778425655976677
Web Attack,0.01673886570977981,0.9778425655976677
Web Attack,0.016938025210084032,0.9778425655976677
Web Attack,0.017074784910655196,0.9778425655976677
Web Attack,0.01723535457348407,0.9778425655976677
Web Attack,0.017419395047365796,0.9778425655976677
Web Attack,0.017597800537273337,0.9778425655976677
Web Attack,0.017782537696435008,0.9778425655976677
Web Attack,0.018030707035953896,0.9778425655976677
Web Attack,0.018246904445846843,0.9778425655976677
Web Attack,0.018470383505517985,0.9778425655976677
Web Attack,0.0187265499374665,0.9778425655976677
Web Attack,0.01889854288515501,0.9778425655976677
Web Attack,0.019081320331789685,0.9778425655976677
Web Attack,0.019261913786568347,0.9778425655976677
Web Attack,0.019381233603383913,0.9778425655976677
Web Attack,0.019529293940911366,0.9778425655976677
Web Attack,0.019700671960904092,0.9778425655976677
Web Attack,0.019867078935209868,0.9778425655976677
Web Attack,0.020008117852111835,0.9772594752186589
Web Attack,0.020171591073408202,0.9760932944606414
Web Attack,0.020311779132166186,0.9755102040816327
Web Attack,0.020443575487260952,0.9755102040816327
Web Attack,0.020581649976625743,0.9755102040816327
Web Attack,0.020706138775712393,0.9749271137026239
Web Attack,0.020824251784135207,0.9749271137026239
Web Attack,0.020939261114589856,0.9749271137026239
Web Attack,0.021035007993554802,0.9743440233236151
Web Attack,0.02115002468135735,0.9743440233236151
Web Attack,0.021290421221619144,0.9743440233236151
Web Attack,0.021414291572688128,0.9743440233236151
Web Attack,0.021525611610940684,0.9737609329446064
Web Attack,0.021713126690243396,0.9737609329446064
Web Attack,0.02182065252897443,0.9737609329446064
Web Attack,0.021915435290412327,0.9737609329446064
Web Attack,0.022084980890540486,0.9737609329446064
Web Attack,0.022312779744805934,0.9737609329446064
Web Attack,0.022493122606397326,0.972594752186589
Web Attack,0.022709934063538773,0.9720116618075801
Web Attack,0.022899084586414493,0.9714285714285714
Web Attack,0.023060593026321265,0.9690962099125364
Web Attack,0.023253206251314038,0.9673469387755103
Web Attack,0.02350790681856827,0.9673469387755103
Web Attack,0.02378459022507854,0.9667638483965014
Web Attack,0.024140240528813955,0.9667638483965014
Web Attack,0.0243812718872311,0.9661807580174927
Web Attack,0.024721749768746457,0.9661807580174927
Web Attack,0.025073389220107132,0.9661807580174927
Web Attack,0.02540670663456968,0.9661807580174927
Web Attack,0.025654126025700573,0.9661807580174927
Web Attack,0.025916136196568497,0.9661807580174927
Web Attack,0.02615379758823158,0.9661807580174927
Web Attack,0.026570241970399113,0.9661807580174927
Web Attack,0.026760335917312663,0.9661807580174927
Web Attack,0.026968523160053385,0.9661807580174927
Web Attack,0.027205858207729944,0.9661807580174927
Web Attack,0.027352261472433147,0.9661807580174927
Web Attack,0.027537267545244545,0.9661807580174927
Web Attack,0.027780572041712772,0.9661807580174927
Web Attack,0.027950205789083058,0.9661807580174927
Web Attack,0.028130517452125494,0.9661807580174927
Web Attack,0.028634132854081704,0.9661807580174927
Web Attack,0.0289437370085067,0.9661807580174927
Web Attack,0.0296146697169002,0.9661807580174927
Web Attack,0.03011796353854263,0.9661807580174927
Web Attack,0.0304937521853549,0.9661807580174927
Web Attack,0.031182370763469393,0.9661807580174927
Web Attack,0.03179995010267334,0.9661807580174927
Web Attack,0.03256170413457004,0.9661807580174927
Web Attack,0.03303885513271506,0.9638483965014577
Web Attack,0.03361190004290881,0.9591836734693877
Web Attack,0.03409350293623291,0.9580174927113703
Web Attack,0.03462966087396659,0.9574344023323615
Web Attack,0.034879509087422496,0.9545189504373178
Web Attack,0.03497779017617648,0.9504373177842566
Web Attack,0.034986809670025515,0.9434402332361516
Web Attack,0.03517895380850413,0.9387755102040817
Web Attack,0.03524044607043681,0.9323615160349854
Web Attack,0.035295941188193354,0.9294460641399417
Web Attack,0.03547568145376804,0.928862973760933
Web Attack,0.035719096583000313,0.9276967930029154
Web Attack,0.03584342795154583,0.9247813411078717
Web Attack,0.03588636363636363,0.9206997084548105
Web Attack,0.03601196592907219,0.919533527696793
Web Attack,0.03594351732991014,0.9142857142857143
Web Attack,0.03605387360423622,0.9131195335276968
Web Attack,0.03620014368815036,0.9107871720116618
Web Attack,0.03637805190868176,0.9096209912536443
Web Attack,0.03662573662338882,0.9096209912536443
Web Attack,0.036771638695078254,0.9096209912536443
Web Attack,0.0369440628996353,0.9096209912536443
Web Attack,0.03712440727238068,0.9084548104956268
Web Attack,0.037468415353146434,0.9078717201166181
Web Attack,0.03772624845533183,0.9078717201166181
Web Attack,0.03812905595689972,0.9078717201166181
Web Attack,0.03848720800889878,0.9078717201166181
Web Attack,0.0390118012577986,0.9078717201166181
Web Attack,0.03931917472663451,0.9078717201166181
Web Attack,0.03950773915249937,0.9078717201166181
Web Attack,0.03975691341317059,0.9078717201166181
Web Attack,0.04025960593680509,0.9078717201166181
Web Attack,0.040503628937852816,0.9078717201166181
Web Attack,0.0408983451536643,0.9078717201166181
Web Attack,0.04121090128982705,0.9072886297376094
Web Attack,0.04178190703794205,0.9072886297376094
Web Attack,0.042326315216799956,0.9072886297376094
Web Attack,0.042707361255969696,0.9072886297376094
Web Attack,0.0429111166266788,0.9072886297376094
Web Attack,0.04349527589869738,0.9072886297376094
Web Attack,0.043766876687668765,0.9072886297376094
Web Attack,0.04403939771312125,0.9072886297376094
Web Attack,0.044253576405676745,0.9072886297376094
Web Attack,0.04441019493678112,0.9072886297376094
Web Attack,0.04457941783176713,0.9072886297376094
Web Attack,0.044677488866542166,0.9067055393586005
Web Attack,0.04483037156704362,0.9061224489795918
Web Attack,0.044948370115407976,0.9061224489795918
Web Attack,0.04509052924791086,0.9061224489795918
Web Attack,0.04521106259097526,0.9055393586005831
Web Attack,0.04540271890074551,0.9055393586005831
Web Attack,0.04557467551535796,0.9049562682215744
Web Attack,0.04583308723643022,0.9049562682215744
Web Attack,0.046132810177753995,0.9049562682215744
Web Attack,0.04638651443600932,0.9049562682215744
Web Attack,0.0466598520834586,0.9049562682215744
Web Attack,0.04690805778879284,0.9049562682215744
Web Attack,0.04733872197651365,0.9049562682215744
Web Attack,0.047820058542597445,0.9049562682215744
Web Attack,0.04824520501103547,0.9049562682215744
Web Attack,0.04866576777147157,0.9049562682215744
Web Attack,0.04901215805471125,0.9026239067055394
Web Attack,0.04967886962106615,0.9020408163265307
Web Attack,0.05030587010282442,0.9014577259475218
Web Attack,0.0510466882387902,0.9014577259475218
Web Attack,0.051823545186377044,0.9014577259475218
Web Attack,0.05250994120246066,0.9008746355685131
Web Attack,0.05332919126022574,0.9008746355685131
Web Attack,0.05400020970955227,0.9008746355685131
Web Attack,0.05471931999291659,0.9008746355685131
Web Attack,0.05577214641542127,0.9008746355685131
Web Attack,0.057141800429025814,0.9008746355685131
Web Attack,0.05958119625159076,0.9008746355685131
Web Attack,0.06339501866973042,0.9008746355685131
Web Attack,0.06789716545814106,0.9008746355685131
Web Attack,0.07372238392899746,0.9008746355685131
Web Attack,0.08189929891650732,0.8991253644314868
Web Attack,0.09029120524989746,0.8985422740524781
Web Attack,0.10289109968618548,0.8985422740524781
Web Attack,0.11296948356807512,0.8979591836734694
Web Attack,0.11532978164628198,0.8962099125364431
Web Attack,0.11616657848991006,0.8962099125364431
Web Attack,0.11706016755521706,0.8962099125364431
Web Attack,0.11748026668710246,0.8938775510204081
Web Attack,0.11784667592164122,0.8909620991253644
Web Attack,0.11900311526479751,0.8909620991253644
Web Attack,0.1198713422766141,0.8909620991253644
Web Attack,0.12052374191512857,0.8909620991253644
Web Attack,0.12135652450162815,0.8909620991253644
Web Attack,0.1226521110932734,0.8909620991253644
Web Attack,0.12474487713282717,0.8909620991253644
Web Attack,0.12738641100458525,0.8909620991253644
Web Attack,0.13148610274503056,0.8909620991253644
Web Attack,0.13500618483831064,0.8909620991253644
Web Attack,0.1386695707414466,0.8909620991253644
Web Attack,0.14256391117745848,0.8909620991253644
Web Attack,0.14589897832521723,0.8909620991253644
Web Attack,0.1478042174501838,0.8909620991253644
Web Attack,0.1515722646562841,0.8909620991253644
Web Attack,0.15798180314309346,0.8909620991253644
Web Attack,0.17529560326024565,0.8903790087463557
Web Attack,0.20836179805984423,0.8892128279883382
Web Attack,0.2750768118561359,0.887463556851312
Web Attack,0.37043351193375545,0.8868804664723032
Web Attack,0.6004922067268252,0.8536443148688047
Web Attack,0.6354733405875952,0.34052478134110786
Web Attack,0.4095940959409594,0.06472303206997085
Web Attack,0.33689839572192515,0.036734693877551024
Web Attack,0.39855072463768115,0.03206997084548105
Web Attack,0.41,0.0239067055393586
Web Attack,0.30357142857142855,0.009912536443148687
Web Attack,1.0,0.0
SSH-Patator,0.0012885153500958755,1.0
SSH-Patator,0.010145819039282024,0.9992233009708738
SSH-Patator,0.010600473787207746,0.9992233009708738
SSH-Patator,0.010897739978992309,0.9992233009708738
SSH-Patator,0.011172044271342165,0.9992233009708738
SSH-Patator,0.011426414424016342,0.9992233009708738
SSH-Patator,0.011671898532053492,0.9992233009708738
SSH-Patator,0.011812668432675135,0.9992233009708738
SSH-Patator,0.011941559225121365,0.9992233009708738
SSH-Patator,0.01210487441133991,0.9992233009708738
SSH-Patator,0.012219968939527063,0.9992233009708738
SSH-Patator,0.012342599477130454,0.9992233009708738
SSH-Patator,0.01249836059203272,0.9992233009708738
SSH-Patator,0.012633491272432672,0.9992233009708738
SSH-Patator,0.0127684703640478,0.9992233009708738
SSH-Patator,0.012891233660499116,0.9992233009708738
SSH-Patator,0.012989045383411581,0.9992233009708738
SSH-Patator,0.013091815707125956,0.9992233009708738
SSH-Patator,0.013247795037611794,0.9992233009708738
SSH-Patator,0.01334481274214378,0.9992233009708738
SSH-Patator,0.013437224192225941,0.9992233009708738
SSH-Patator,0.01352509212096363,0.9992233009708738
SSH-Patator,0.013591679124385258,0.9992233009708738
SSH-Patator,0.013710309108057272,0.9992233009708738
SSH-Patator,0.01377534358051857,0.9992233009708738
SSH-Patator,0.013817139052078747,0.9992233009708738
SSH-Patator,0.013876679304709873,0.9992233009708738
SSH-Patator,0.013924667171771836,0.9992233009708738
SSH-Patator,0.01397056028842447,0.9992233009708738
SSH-Patator,0.014013703255884883,0.9992233009708738
SSH-Patator,0.014059033735124089,0.9992233009708738
SSH-Patator,0.014098630136986302,0.9992233009708738
SSH-Patator,0.014138372521114146,0.9992233009708738
SSH-Patator,0.014186626086189405,0.9992233009708738
SSH-Patator,0.014230565019246936,0.9992233009708738
SSH-Patator,0.014290792353065327,0.9992233009708738
SSH-Patator,0.014342331897056282,0.9992233009708738
SSH-Patator,0.014391507164990547,0.9992233009708738
SSH-Patator,0.014441345015126087,0.9992233009708738
SSH-Patator,0.01450607191583885,0.9992233009708738
SSH-Patator,0.014561073886273089,0.9992233009708738
SSH-Patator,0.014608030158513875,0.9992233009708738
SSH-Patator,0.014649699661229254,0.9992233009708738
SSH-Patator,0.014689762269063007,0.9992233009708738
SSH-Patator,0.01472844255163255,0.9992233009708738
SSH-Patator,0.014766394830327064,0.9992233009708738
SSH-Patator,0.014801817868031985,0.9992233009708738
SSH-Patator,0.014841861779754386,0.9992233009708738
SSH-Patator,0.014887547807370291,0.9992233009708738
SSH-Patator,0.014938024325814973,0.9992233009708738
SSH-Patator,0.01498212393296766,0.9992233009708738
SSH-Patator,0.015015610866330133,0.9992233009708738
SSH-Patator,0.015047927620228439,0.9992233009708738
SSH-Patator,0.015078086085147529,0.9992233009708738
SSH-Patator,0.01510614813771077,0.9992233009708738
SSH-Patator,0.015132267664114235,0.9992233009708738
SSH-Patator,0.015159370765333175,0.9992233009708738
SSH-Patator,0.015184957862184557,0.9992233009708738
SSH-Patator,0.015208653505142451,0.9992233009708738
SSH-Patator,0.015244606916655312,0.9992233009708738
SSH-Patator,0.01529390086604017,0.9992233009708738
SSH-Patator,0.015352578254591452,0.9992233009708738
SSH-Patator,0.015431117721496213,0.9992233009708738
SSH-Patator,0.015500747023952962,0.9992233009708738
SSH-Patator,0.015554534573021073,0.9992233009708738
SSH-Patator,0.015611632577527259,0.9992233009708738
SSH-Patator,0.015672969153550022,0.9992233009708738
SSH-Patator,0.015734404716040776,0.9992233009708738
SSH-Patator,0.015822453986975533,0.9992233009708738
SSH-Patator,0.01587791347061691,0.9992233009708738
SSH-Patator,0.015936625126972723,0.9992233009708738
SSH-Patator,0.016021070852609884,0.9992233009708738
SSH-Patator,0.01607371544588474,0.9992233009708738
SSH-Patator,0.016128931152720228,0.9992233009708738
SSH-Patator,0.01618300061637546,0.9992233009708738
SSH-Patator,0.01624502010897359,0.9992233009708738
SSH-Patator,0.016301834193936705,0.9992233009708738
SSH-Patator,0.016353016696220312,0.9992233009708738
SSH-Patator,0.01640692751109524,0.9992233009708738
SSH-Patator,0.016453721111665324,0.9992233009708738
SSH-Patator,0.016494541351744652,0.9992233009708738
SSH-Patator,0.01654875225109339,0.9992233009708738
SSH-Patator,0.016599464533402147,0.9992233009708738
SSH-Patator,0.016644564479089175,0.9992233009708738
SSH-Patator,0.016694566642010876,0.9992233009708738
SSH-Patator,0.016735285891757237,0.9992233009708738
SSH-Patator,0.01677642302927561,0.9992233009708738
SSH-Patator,0.01681622409432248,0.9992233009708738
SSH-Patator,0.016868480918883128,0.9992233009708738
SSH-Patator,0.01696099564274461,0.9992233009708738
SSH-Patator,0.01707614913922404,0.9992233009708738
SSH-Patator,0.017217727634687062,0.9992233009708738
SSH-Patator,0.017326015959058617,0.9992233009708738
SSH-Patator,0.0173919508996769,0.9992233009708738
SSH-Patator,0.017453415727745707,0.9992233009708738
SSH-Patator,0.017527844953847203,0.9992233009708738
SSH-Patator,0.017604838764856006,0.9992233009708738
SSH-Patator,0.017700028204475568,0.9992233009708738
SSH-Patator,0.017814241700418874,0.9992233009708738
SSH-Patator,0.017939314499260953,0.9992233009708738
SSH-Patator,0.01800244883680252,0.9992233009708738
SSH-Patator,0.018065014393035175,0.9992233009708738
SSH-Patator,0.01812405787301185,0.9992233009708738
SSH-Patator,0.018181047335731094,0.9992233009708738
SSH-Patator,0.018244474540697303,0.9992233009708738
SSH-Patator,0.0183041780193357,0.9992233009708738
SSH-Patator,0.018370042480277016,0.9992233009708738
SSH-Patator,0.018440214431098244,0.9992233009708738
SSH-Patator,0.018502671489490224,0.9992233009708738
SSH-Patator,0.01857453274907416,0.9992233009708738
SSH-Patator,0.018639119694587918,0.9992233009708738
SSH-Patator,0.018712455091562306,0.9992233009708738
SSH-Patator,0.01878664417818471,0.9992233009708738
SSH-Patator,0.018857967912870765,0.9992233009708738
SSH-Patator,0.01892886044287501,0.9992233009708738
SSH-Patator,0.019009552798977487,0.9992233009708738
SSH-Patator,0.01908555491269453,0.9992233009708738
SSH-Patator,0.01915089986155976,0.9992233009708738
SSH-Patator,0.01929291793199115,0.9992233009708738
SSH-Patator,0.01945042899799675,0.9992233009708738
SSH-Patator,0.019600822731774204,0.9992233009708738
SSH-Patator,0.019764637200227374,0.9992233009708738
SSH-Patator,0.019889613802912712,0.9992233009708738
SSH-Patator,0.020006375914593845,0.9992233009708738
SSH-Patator,0.020131602625793176,0.9992233009708738
SSH-Patator,0.02024336109055992,0.9988349514563106
SSH-Patator,0.020359859729115706,0.9988349514563106
SSH-Patator,0.020489452552418585,0.9988349514563106
SSH-Patator,0.020613929630520157,0.9988349514563106
SSH-Patator,0.020727894007285388,0.9988349514563106
SSH-Patator,0.020865445459412976,0.9988349514563106
SSH-Patator,0.02096357456658706,0.9988349514563106
SSH-Patator,0.021068152031454783,0.9988349514563106
SSH-Patator,0.021192445865330742,0.9988349514563106
SSH-Patator,0.021316448142684283,0.9988349514563106
SSH-Patator,0.02144412100789871,0.9984466019417476
SSH-Patator,0.02156065243825737,0.9984466019417476
SSH-Patator,0.021636132593895428,0.9984466019417476
SSH-Patator,0.02172388444346805,0.9984466019417476
SSH-Patator,0.021837362189342076,0.9984466019417476
SSH-Patator,0.021968162825869626,0.9984466019417476
SSH-Patator,0.022073595823960714,0.9984466019417476
SSH-Patator,0.022181385236566934,0.9984466019417476
SSH-Patator,0.022313059779212663,0.9984466019417476
SSH-Patator,0.022447874829741907,0.9984466019417476
SSH-Patator,0.022595046842318035,0.9984466019417476
SSH-Patator,0.022698980267514237,0.9984466019417476
SSH-Patator,0.02283547092052439,0.9984466019417476
SSH-Patator,0.02298470368416818,0.9984466019417476
SSH-Patator,0.023130071792288178,0.9984466019417476
SSH-Patator,0.02330260760801588,0.9984466019417476
SSH-Patator,0.023470235432661146,0.9984466019417476
SSH-Patator,0.023628342983181692,0.9984466019417476
SSH-Patator,0.02378727459452458,0.9984466019417476
SSH-Patator,0.023990146404277355,0.9984466019417476
SSH-Patator,0.02425883640618218,0.9984466019417476
SSH-Patator,0.024487113549345678,0.9984466019417476
SSH-Patator,0.024695508510393052,0.9984466019417476
SSH-Patator,0.024979839297338786,0.9984466019417476
SSH-Patator,0.025198224069155454,0.9984466019417476
SSH-Patator,0.025297150503778336,0.9984466019417476
SSH-Patator,0.02540689573389464,0.9984466019417476
SSH-Patator,0.025517597316235582,0.9984466019417476
SSH-Patator,0.02560374446048897,0.9984466019417476
SSH-Patator,0.025699206333339997,0.9984466019417476
SSH-Patator,0.025805998313727065,0.9984466019417476
SSH-Patator,0.02591864509299864,0.9984466019417476
SSH-Patator,0.026017527171163148,0.9984466019417476
SSH-Patator,0.026122208449330435,0.9984466019417476
SSH-Patator,0.02621944379289597,0.9984466019417476
SSH-Patator,0.02633438834772455,0.9984466019417476
SSH-Patator,0.026427778463056616,0.9984466019417476
SSH-Patator,0.026536341679912475,0.9984466019417476
SSH-Patator,0.026689504827156648,0.9984466019417476
SSH-Patator,0.026806939984151477,0.9984466019417476
SSH-Patator,0.026963251950667,0.9984466019417476
SSH-Patator,0.027164380956405977,0.9984466019417476
SSH-Patator,0.027466188064867638,0.9984466019417476
SSH-Patator,0.027735808331534644,0.9980582524271845
SSH-Patator,0.027979793580978095,0.9980582524271845
SSH-Patator,0.028240827225476082,0.9980582524271845
SSH-Patator,0.028491892731184704,0.9976699029126214
SSH-Patator,0.0287888296203326,0.9976699029126214
SSH-Patator,0.02908543350768743,0.9976699029126214
SSH-Patator,0.029344237952185683,0.9976699029126214
SSH-Patator,0.029661016949152543,0.9976699029126214
SSH-Patator,0.029964075767472242,0.9976699029126214
SSH-Patator,0.0303062476406191,0.9976699029126214
SSH-Patator,0.030732605991003924,0.9976699029126214
SSH-Patator,0.03106671665074432,0.9976699029126214
SSH-Patator,0.031279297707321234,0.9976699029126214
SSH-Patator,0.031466261651335696,0.9976699029126214
SSH-Patator,0.03166366751300318,0.9976699029126214
SSH-Patator,0.031833395314243215,0.9972815533980582
SSH-Patator,0.03205352239253083,0.9972815533980582
SSH-Patator,0.03225198749105158,0.9972815533980582
SSH-Patator,0.03245128516187732,0.9972815533980582
SSH-Patator,0.03264600442399125,0.9972815533980582
SSH-Patator,0.03284223449969306,0.9972815533980582
SSH-Patator,0.033025965507928544,0.9972815533980582
SSH-Patator,0.03316751728147813,0.9968932038834951
SSH-Patator,0.03333333333333333,0.996504854368932
SSH-Patator,0.03347247586746674,0.996504854368932
SSH-Patator,0.0336061816514963,0.996504854368932
SSH-Patator,0.033751167348442,0.996504854368932
SSH-Patator,0.033928335316673275,0.996504854368932
SSH-Patator,0.03425343535916029,0.996116504854369
SSH-Patator,0.03459157664765141,0.996116504854369
SSH-Patator,0.03487186459112229,0.996116504854369
SSH-Patator,0.035128324522720425,0.996116504854369
SSH-Patator,0.03536711478800414,0.996116504854369
SSH-Patator,0.035667107001321,0.996116504854369
SSH-Patator,0.03594349934138617,0.996116504854369
SSH-Patator,0.03639227036690219,0.996116504854369
SSH-Patator,0.03690966126572078,0.996116504854369
SSH-Patator,0.03712119019363802,0.996116504854369
SSH-Patator,0.03753347283396011,0.996116504854369
SSH-Patator,0.03788158497142267,0.996116504854369
SSH-Patator,0.03809255079006772,0.996116504854369
SSH-Patator,0.03835112586346102,0.996116504854369
SSH-Patator,0.03857722965859528,0.996116504854369
SSH-Patator,0.038881899073807395,0.996116504854369
SSH-Patator,0.0391824389349709,0.996116504854369
SSH-Patator,0.0395308695250131,0.996116504854369
SSH-Patator,0.03981126511353583,0.996116504854369
SSH-Patator,0.0401628434980036,0.996116504854369
SSH-Patator,0.04046507225342336,0.996116504854369
SSH-Patator,0.040707178111758266,0.996116504854369
SSH-Patator,0.04095388694554922,0.9957281553398059
SSH-Patator,0.041264987527158604,0.9957281553398059
SSH-Patator,0.04145236939996765,0.9953398058252427
SSH-Patator,0.041732475779532686,0.9953398058252427
SSH-Patator,0.04208331280889283,0.9953398058252427
SSH-Patator,0.042807732794198736,0.9949514563106796
SSH-Patator,0.043184384850068265,0.9949514563106796
SSH-Patator,0.043945865280708075,0.9949514563106796
SSH-Patator,0.044293280714508255,0.9937864077669903
SSH-Patator,0.044873256731865624,0.9933980582524272
SSH-Patator,0.045369894113265107,0.9933980582524272
SSH-Patator,0.04608012681942643,0.9933980582524272
SSH-Patator,0.046612485877765224,0.9933980582524272
SSH-Patator,0.04700305023703649,0.9933980582524272
SSH-Patator,0.04746265887373597,0.9933980582524272
SSH-Patator,0.047786288062768544,0.9933980582524272
SSH-Patator,0.048106409798129926,0.9930097087378641
SSH-Patator,0.04846015351084999,0.9930097087378641
SSH-Patator,0.0487688581182888,0.9930097087378641
SSH-Patator,0.04913433638861667,0.9930097087378641
SSH-Patator,0.049408489909533754,0.992621359223301
SSH-Patator,0.04967736919847625,0.992621359223301
SSH-Patator,0.05001467566774288,0.992621359223301
SSH-Patator,0.05050385299347955,0.992621359223301
SSH-Patator,0.05080601880379256,0.992621359223301
SSH-Patator,0.05116912235746317,0.992621359223301
SSH-Patator,0.051684393577870344,0.992621359223301
SSH-Patator,0.052177108212382875,0.992621359223301
SSH-Patator,0.05262507720815318,0.992621359223301
SSH-Patator,0.053160292007237785,0.992621359223301
SSH-Patator,0.05395645471247862,0.9922330097087378
SSH-Patator,0.05440756678454263,0.9918446601941747
SSH-Patator,0.054654050351087516,0.9914563106796116
SSH-Patator,0.05509279240397065,0.9914563106796116
SSH-Patator,0.055663359860460046,0.9914563106796116
SSH-Patator,0.05597211260194686,0.9914563106796116
SSH-Patator,0.05655863000952613,0.9914563106796116
SSH-Patator,0.057146054840514826,0.9914563106796116
SSH-Patator,0.05783214407067618,0.9914563106796116
SSH-Patator,0.058549674341803505,0.9914563106796116
SSH-Patator,0.05903195924038907,0.9899029126213592
SSH-Patator,0.05960435444223341,0.98873786407767
SSH-Patator,0.06041192103264996,0.98873786407767
SSH-Patator,0.06105622460998534,0.9864077669902913
SSH-Patator,0.061902905049717294,0.9864077669902913
SSH-Patator,0.062838623487791,0.9864077669902913
SSH-Patator,0.06389776357827476,0.9864077669902913
SSH-Patator,0.06497160689619891,0.9864077669902913
SSH-Patator,0.06603234024853118,0.9864077669902913
SSH-Patator,0.06695310646598308,0.9864077669902913
SSH-Patator,0.06784416417272339,0.9860194174757282
SSH-Patator,0.06895147054829862,0.9860194174757282
SSH-Patator,0.07020600027651044,0.9860194174757282
SSH-Patator,0.07116031390134529,0.9860194174757282
SSH-Patator,0.07196304064395442,0.9860194174757282
SSH-Patator,0.07266584590717783,0.9856310679611651
SSH-Patator,0.07353963838664812,0.9856310679611651
SSH-Patator,0.07433006296675941,0.9856310679611651
SSH-Patator,0.07526243995018089,0.9856310679611651
SSH-Patator,0.07614761476147615,0.9856310679611651
SSH-Patator,0.07697440252335315,0.9856310679611651
SSH-Patator,0.07768357258730985,0.9856310679611651
SSH-Patator,0.07855396329196199,0.9856310679611651
SSH-Patator,0.07922584673013891,0.9856310679611651
SSH-Patator,0.0798514976088598,0.9856310679611651
SSH-Patator,0.080915641140088,0.9856310679611651
SSH-Patator,0.08251748251748252,0.9852427184466019
SSH-Patator,0.08467392029904545,0.9852427184466019
SSH-Patator,0.08659294149771316,0.9852427184466019
SSH-Patator,0.08864740207554422,0.9852427184466019
SSH-Patator,0.09113769443546359,0.9852427184466019
SSH-Patator,0.09264872366066537,0.9852427184466019
SSH-Patator,0.0951149102088254,0.9852427184466019
SSH-Patator,0.09715839460784313,0.9852427184466019
SSH-Patator,0.09860085503303537,0.9852427184466019
SSH-Patator,0.10021330383946911,0.9852427184466019
SSH-Patator,0.1018793671191069,0.9852427184466019
SSH-Patator,0.10361593462717059,0.9848543689320388
SSH-Patator,0.10544047916146743,0.9844660194174757
SSH-Patator,0.10783104343017567,0.9844660194174757
SSH-Patator,0.1095973357553739,0.9840776699029126
SSH-Patator,0.11170869335214248,0.9840776699029126
SSH-Patator,0.11482689867681711,0.9840776699029126
SSH-Patator,0.11804714432125221,0.9840776699029126
SSH-Patator,0.12109188258915767,0.9836893203883496
SSH-Patator,0.12348266952664164,0.9836893203883496
SSH-Patator,0.12618940865839684,0.9836893203883496
SSH-Patator,0.12899281675072596,0.9833009708737864
SSH-Patator,0.1323160535117057,0.9833009708737864
SSH-Patator,0.1346665248377832,0.9833009708737864
SSH-Patator,0.1364003663200991,0.9833009708737864
SSH-Patator,0.13912087912087912,0.9833009708737864
SSH-Patator,0.14184873949579832,0.9833009708737864
SSH-Patator,0.1440846753542366,0.9833009708737864
SSH-Patator,0.1474015381030063,0.9825242718446602
SSH-Patator,0.15133193654594432,0.9817475728155339
SSH-Patator,0.1547786689524276,0.9817475728155339
SSH-Patator,0.15822745196219565,0.9817475728155339
SSH-Patator,0.16192672303356392,0.9817475728155339
SSH-Patator,0.16533682145192938,0.9817475728155339
SSH-Patator,0.16833133573045678,0.9817475728155339
SSH-Patator,0.1718229414564493,0.9813592233009709
SSH-Patator,0.17506061655697958,0.9813592233009709
SSH-Patator,0.1782464555265571,0.9813592233009709
SSH-Patator,0.1815634430234229,0.9813592233009709
SSH-Patator,0.1845198977729098,0.9813592233009709
SSH-Patator,0.18765780484182384,0.9813592233009709
SSH-Patator,0.1902824858757062,0.9809708737864078
SSH-Patator,0.19403673249827097,0.9805825242718447
SSH-Patator,0.20201616129290342,0.9805825242718447
SSH-Patator,0.20881939273599734,0.9801941747572815
SSH-Patator,0.21822272215973004,0.9794174757281553
SSH-Patator,0.22564194327637113,0.9794174757281553
SSH-Patator,0.23272995936461027,0.9786407766990292
SSH-Patator,0.24659813999021046,0.978252427184466
SSH-Patator,0.252355181399078,0.9778640776699029
SSH-Patator,0.2572800653928681,0.9778640776699029
SSH-Patator,0.26575197889182056,0.9778640776699029
SSH-Patator,0.27030511388053285,0.9770873786407767
SSH-Patator,0.27536390500164165,0.9770873786407767
SSH-Patator,0.28108591218858225,0.9770873786407767
SSH-Patator,0.28705077010838564,0.9770873786407767
SSH-Patator,0.2946825954556102,0.9770873786407767
SSH-Patator,0.30045378552663005,0.9770873786407767
SSH-Patator,0.31212008435677957,0.9770873786407767
SSH-Patator,0.3288888888888889,0.9770873786407767
SSH-Patator,0.345889469342865,0.9770873786407767
SSH-Patator,0.3678362573099415,0.9770873786407767
SSH-Patator,0.38341731562070547,0.9751456310679611
SSH-Patator,0.3976908274534958,0.9631067961165048
SSH-Patator,0.4155977424320164,0.9436893203883495
SSH-Patator,0.42384804783679214,0.9359223300970874
SSH-Patator,0.44681655016058947,0.9184466019417475
SSH-Patator,0.4674708325093929,0.9180582524271844
SSH-Patator,0.4761329305135952,0.9180582524271844
SSH-Patator,0.5019108280254777,0.9180582524271844
SSH-Patator,0.5111351351351351,0.9180582524271844
SSH-Patator,0.538006372325899,0.9180582524271844
SSH-Patator,0.5522074281709881,0.9180582524271844
SSH-Patator,0.5639312977099237,0.9180582524271844
SSH-Patator,0.5740650801359883,0.9180582524271844
SSH-Patator,0.586454973951873,0.9180582524271844
SSH-Patator,0.597724399494311,0.9180582524271844
SSH-Patator,0.6102219927723284,0.9180582524271844
SSH-Patator,0.6194968553459119,0.9180582524271844
SSH-Patator,0.6280552603613178,0.9180582524271844
SSH-Patator,0.6385737439222042,0.9180582524271844
SSH-Patator,0.6515986769570011,0.9180582524271844
SSH-Patator,0.6674195369847544,0.9180582524271844
SSH-Patator,0.7039904705181655,0.9180582524271844
SSH-Patator,0.7281134401972873,0.9172815533980583
SSH-Patator,0.7592414014786243,0.9172815533980583
SSH-Patator,0.7834162520729685,0.9172815533980583
SSH-Patator,0.7968960863697706,0.9172815533980583
SSH-Patator,0.8097360301679808,0.9172815533980583
SSH-Patator,0.8227098571926158,0.9172815533980583
SSH-Patator,0.8355146798726565,0.9172815533980583
SSH-Patator,0.8468985299390462,0.9172815533980583
SSH-Patator,0.857921511627907,0.9168932038834952
SSH-Patator,0.870479704797048,0.9161165048543689
SSH-Patator,0.8842975206611571,0.9141747572815534
SSH-Patator,0.8937547600913938,0.9114563106796116
SSH-Patator,0.9077519379844962,0.9095145631067961
SSH-Patator,0.9249605055292259,0.9095145631067961
SSH-Patator,0.941602899718083,0.9079611650485437
SSH-Patator,0.9554087530966143,0.8986407766990291
SSH-Patator,0.9572498898193037,0.843495145631068
SSH-Patator,0.951113525258012,0.68
SSH-Patator,0.9009324009324009,0.30019417475728155
SSH-Patator,0.6553398058252428,0.05242718446601942
SSH-Patator,0.19736842105263158,0.005825242718446602
SSH-Patator,1.0,0.0
DoS Slowhttptest,0.0020926490074178452,1.0
DoS Slowhttptest,0.011245509465441384,0.9992826398852224
DoS Slowhttptest,0.011725391828420396,0.9992826398852224
DoS Slowhttptest,0.012019327561908598,0.9992826398852224
DoS Slowhttptest,0.012229131611676056,0.9992826398852224
DoS Slowhttptest,0.012439758408520595,0.9992826398852224
DoS Slowhttptest,0.012628048227721875,0.9992826398852224
DoS Slowhttptest,0.012794606609475173,0.9992826398852224
DoS Slowhttptest,0.012970889215135497,0.9992826398852224
DoS Slowhttptest,0.013126690308739504,0.9992826398852224
DoS Slowhttptest,0.013269826149083116,0.9992826398852224
DoS Slowhttptest,0.013413448113162127,0.9992826398852224
DoS Slowhttptest,0.013559894404270587,0.9985652797704447
DoS Slowhttptest,0.013695215039478303,0.9983261597321855
DoS Slowhttptest,0.013810098738071217,0.9983261597321855
DoS Slowhttptest,0.013910638723219938,0.9983261597321855
DoS Slowhttptest,0.014007275460756809,0.9980870396939263
DoS Slowhttptest,0.01411821252800964,0.9973696795791487
DoS Slowhttptest,0.014243564613398717,0.9973696795791487
DoS Slowhttptest,0.01436007959842731,0.9973696795791487
DoS Slowhttptest,0.014453931774392526,0.9973696795791487
DoS Slowhttptest,0.014549069536250589,0.9973696795791487
DoS Slowhttptest,0.014633444665862078,0.9973696795791487
DoS Slowhttptest,0.014720154718672468,0.9973696795791487
DoS Slowhttptest,0.014797286750202216,0.9973696795791487
DoS Slowhttptest,0.014870246316307359,0.9973696795791487
DoS Slowhttptest,0.01493275068502964,0.9968914395026304
DoS Slowhttptest,0.015015036646197619,0.9968914395026304
DoS Slowhttptest,0.01509621164389018,0.9968914395026304
DoS Slowhttptest,0.015187835159710889,0.9968914395026304
DoS Slowhttptest,0.01527671409569108,0.9968914395026304
DoS Slowhttptest,0.0153596757852077,0.9968914395026304
DoS Slowhttptest,0.015452530449157505,0.9968914395026304
DoS Slowhttptest,0.015544138044175329,0.9968914395026304
DoS Slowhttptest,0.01563326146057936,0.9968914395026304
DoS Slowhttptest,0.015724361633915437,0.9968914395026304
DoS Slowhttptest,0.015817129849189034,0.9968914395026304
DoS Slowhttptest,0.01589468105791703,0.9968914395026304
DoS Slowhttptest,0.015974098128244917,0.9968914395026304
DoS Slowhttptest,0.01604360411406048,0.9966523194643712
DoS Slowhttptest,0.016115247026974765,0.996413199426112
DoS Slowhttptest,0.016188622510227152,0.996413199426112
DoS Slowhttptest,0.016246120736709137,0.996413199426112
DoS Slowhttptest,0.016302625556038074,0.996413199426112
DoS Slowhttptest,0.0163635078460016,0.996413199426112
DoS Slowhttptest,0.01642873194791063,0.996413199426112
DoS Slowhttptest,0.016481234648958006,0.996413199426112
DoS Slowhttptest,0.01653781432562865,0.996413199426112
DoS Slowhttptest,0.016589300359096445,0.996413199426112
DoS Slowhttptest,0.01664097505650823,0.996413199426112
DoS Slowhttptest,0.01669283894434919,0.996413199426112
DoS Slowhttptest,0.016740587186038665,0.996413199426112
DoS Slowhttptest,0.016788406451067054,0.996413199426112
DoS Slowhttptest,0.016835887469849337,0.996413199426112
DoS Slowhttptest,0.016881927788941466,0.996413199426112
DoS Slowhttptest,0.016933173496962432,0.996413199426112
DoS Slowhttptest,0.016984454353514686,0.996413199426112
DoS Slowhttptest,0.017035489581246652,0.996413199426112
DoS Slowhttptest,0.01709124765697739,0.996413199426112
DoS Slowhttptest,0.01714208140328937,0.996413199426112
DoS Slowhttptest,0.017196198431006806,0.996413199426112
DoS Slowhttptest,0.017246517172018177,0.996413199426112
DoS Slowhttptest,0.01730898638376353,0.996413199426112
DoS Slowhttptest,0.01740572421513425,0.996413199426112
DoS Slowhttptest,0.017502520161290322,0.996413199426112
DoS Slowhttptest,0.01760798465269972,0.996413199426112
DoS Slowhttptest,0.017703965229361306,0.996413199426112
DoS Slowhttptest,0.017801073959681658,0.996413199426112
DoS Slowhttptest,0.01789049317997398,0.996413199426112
DoS Slowhttptest,0.017987956228011484,0.996413199426112
DoS Slowhttptest,0.018089156490521317,0.996413199426112
DoS Slowhttptest,0.01818864333759641,0.996413199426112
DoS Slowhttptest,0.01829453008038705,0.996413199426112
DoS Slowhttptest,0.01839004369124851,0.996413199426112
DoS Slowhttptest,0.018490907638648527,0.996413199426112
DoS Slowhttptest,0.018580696943348272,0.996413199426112
DoS Slowhttptest,0.018669271195021528,0.996413199426112
DoS Slowhttptest,0.018751687516875167,0.996413199426112
DoS Slowhttptest,0.018845226735167354,0.996413199426112
DoS Slowhttptest,0.018940564717005146,0.996413199426112
DoS Slowhttptest,0.019027831685654924,0.996413199426112
DoS Slowhttptest,0.019124767652660808,0.996413199426112
DoS Slowhttptest,0.01921356707457649,0.996413199426112
DoS Slowhttptest,0.019299440052243266,0.996413199426112
DoS Slowhttptest,0.01937481692262627,0.996413199426112
DoS Slowhttptest,0.01944996779342986,0.996413199426112
DoS Slowhttptest,0.019528998242530755,0.996413199426112
DoS Slowhttptest,0.01961495010355865,0.996413199426112
DoS Slowhttptest,0.019694305807622506,0.996413199426112
DoS Slowhttptest,0.01978153438625974,0.996413199426112
DoS Slowhttptest,0.01985779777165677,0.996413199426112
DoS Slowhttptest,0.019931886234705494,0.996413199426112
DoS Slowhttptest,0.020011141312177648,0.996413199426112
DoS Slowhttptest,0.020116343624031474,0.996413199426112
DoS Slowhttptest,0.02026238499990275,0.996413199426112
DoS Slowhttptest,0.02039697496267652,0.996413199426112
DoS Slowhttptest,0.020535287479240483,0.996413199426112
DoS Slowhttptest,0.02067189871910625,0.996413199426112
DoS Slowhttptest,0.02080306729170723,0.996413199426112
DoS Slowhttptest,0.020931073627952303,0.996413199426112
DoS Slowhttptest,0.021050557710960233,0.996413199426112
DoS Slowhttptest,0.02117367289800357,0.996413199426112
DoS Slowhttptest,0.021307929495144737,0.996413199426112
DoS Slowhttptest,0.021426037237187827,0.996413199426112
DoS Slowhttptest,0.021550810159445998,0.996413199426112
DoS Slowhttptest,0.021667637998501375,0.9956958393113343
DoS Slowhttptest,0.021806527294817545,0.9956958393113343
DoS Slowhttptest,0.021942466893960552,0.9956958393113343
DoS Slowhttptest,0.02212727968371381,0.9956958393113343
DoS Slowhttptest,0.022286806146534145,0.9956958393113343
DoS Slowhttptest,0.022479795716745937,0.9956958393113343
DoS Slowhttptest,0.022636709087845,0.9956958393113343
DoS Slowhttptest,0.022780613500960133,0.9956958393113343
DoS Slowhttptest,0.022932419854937575,0.9956958393113343
DoS Slowhttptest,0.023079097454315693,0.9956958393113343
DoS Slowhttptest,0.02322960714963125,0.9956958393113343
DoS Slowhttptest,0.02339969991739299,0.9956958393113343
DoS Slowhttptest,0.023582314396878346,0.9956958393113343
DoS Slowhttptest,0.02376142705515801,0.9956958393113343
DoS Slowhttptest,0.023919925993599135,0.9954567192730751
DoS Slowhttptest,0.024082794367761565,0.9954567192730751
DoS Slowhttptest,0.024230113322197065,0.9954567192730751
DoS Slowhttptest,0.024378817425320474,0.9954567192730751
DoS Slowhttptest,0.024510150251990014,0.9954567192730751
DoS Slowhttptest,0.024778434488628584,0.9954567192730751
DoS Slowhttptest,0.02508133510061453,0.9954567192730751
DoS Slowhttptest,0.025358787553909506,0.9954567192730751
DoS Slowhttptest,0.025635499285679098,0.9954567192730751
DoS Slowhttptest,0.025979131823968448,0.9954567192730751
DoS Slowhttptest,0.026313959735785847,0.9954567192730751
DoS Slowhttptest,0.02667444110542267,0.9954567192730751
DoS Slowhttptest,0.026895687126000024,0.9952175992348159
DoS Slowhttptest,0.027116522827418978,0.9947393591582975
DoS Slowhttptest,0.027365000427578133,0.9947393591582975
DoS Slowhttptest,0.027616973816984438,0.9947393591582975
DoS Slowhttptest,0.02790653992446451,0.9947393591582975
DoS Slowhttptest,0.028180463351849344,0.9947393591582975
DoS Slowhttptest,0.028508967303778124,0.9947393591582975
DoS Slowhttptest,0.02886884108258154,0.9947393591582975
DoS Slowhttptest,0.029188885770418185,0.9947393591582975
DoS Slowhttptest,0.02953856206365102,0.9945002391200383
DoS Slowhttptest,0.029915482826829706,0.9945002391200383
DoS Slowhttptest,0.030175072009519043,0.9945002391200383
DoS Slowhttptest,0.030507753473291963,0.9945002391200383
DoS Slowhttptest,0.030795545419542103,0.9945002391200383
DoS Slowhttptest,0.03105701377739611,0.9945002391200383
DoS Slowhttptest,0.03139866793529972,0.994261119081779
DoS Slowhttptest,0.03170488078263323,0.994261119081779
DoS Slowhttptest,0.03195536393608927,0.994261119081779
DoS Slowhttptest,0.03223030951328977,0.994261119081779
DoS Slowhttptest,0.03246585931460964,0.994261119081779
DoS Slowhttptest,0.032743767029436315,0.994261119081779
DoS Slowhttptest,0.03302253919341773,0.994261119081779
DoS Slowhttptest,0.03332344427784504,0.9937828790052606
DoS Slowhttptest,0.033620382660494025,0.9933046389287422
DoS Slowhttptest,0.034047505860367526,0.9933046389287422
DoS Slowhttptest,0.034654291723700464,0.9928263988522238
DoS Slowhttptest,0.035205236694167225,0.9928263988522238
DoS Slowhttptest,0.036014155853167716,0.9928263988522238
DoS Slowhttptest,0.036768678860888436,0.9925872788139646
DoS Slowhttptest,0.03730967660752485,0.9925872788139646
DoS Slowhttptest,0.037870632241583796,0.9925872788139646
DoS Slowhttptest,0.03844906957141931,0.9925872788139646
DoS Slowhttptest,0.03896847599556899,0.9925872788139646
DoS Slowhttptest,0.03954452332173996,0.9923481587757054
DoS Slowhttptest,0.04003395651251182,0.9923481587757054
DoS Slowhttptest,0.04049215037711364,0.9923481587757054
DoS Slowhttptest,0.04093953772849688,0.9923481587757054
DoS Slowhttptest,0.041377935091480134,0.9923481587757054
DoS Slowhttptest,0.041776560832712556,0.9923481587757054
DoS Slowhttptest,0.042225432937872655,0.9923481587757054
DoS Slowhttptest,0.042685372802731866,0.9923481587757054
DoS Slowhttptest,0.04309852426498842,0.9923481587757054
DoS Slowhttptest,0.04348919581665374,0.9923481587757054
DoS Slowhttptest,0.04386382133155764,0.9923481587757054
DoS Slowhttptest,0.044207723035952065,0.9923481587757054
DoS Slowhttptest,0.04453745438935394,0.9923481587757054
DoS Slowhttptest,0.044829970185369224,0.9923481587757054
DoS Slowhttptest,0.04509791136902045,0.9923481587757054
DoS Slowhttptest,0.04534577519422196,0.9923481587757054
DoS Slowhttptest,0.04564402063329704,0.9923481587757054
DoS Slowhttptest,0.04590758747331276,0.9923481587757054
DoS Slowhttptest,0.04622719272840689,0.9923481587757054
DoS Slowhttptest,0.04645279724193512,0.9923481587757054
DoS Slowhttptest,0.04666486753924347,0.9923481587757054
DoS Slowhttptest,0.04696801647841735,0.9923481587757054
DoS Slowhttptest,0.047402567734271484,0.9923481587757054
DoS Slowhttptest,0.047729677508395824,0.9923481587757054
DoS Slowhttptest,0.04805242925292946,0.9923481587757054
DoS Slowhttptest,0.04836040739273312,0.9923481587757054
DoS Slowhttptest,0.048688347646534326,0.9923481587757054
DoS Slowhttptest,0.04900397935928773,0.9923481587757054
DoS Slowhttptest,0.04929853529893919,0.9923481587757054
DoS Slowhttptest,0.04965659176298849,0.9923481587757054
DoS Slowhttptest,0.050051860964372724,0.9923481587757054
DoS Slowhttptest,0.05033414595689457,0.9923481587757054
DoS Slowhttptest,0.05064805096536405,0.9923481587757054
DoS Slowhttptest,0.050964644045733094,0.9923481587757054
DoS Slowhttptest,0.05125544975113318,0.9923481587757054
DoS Slowhttptest,0.05167411687066529,0.9923481587757054
DoS Slowhttptest,0.052027831755782614,0.9923481587757054
DoS Slowhttptest,0.052297300703178166,0.9923481587757054
DoS Slowhttptest,0.052598225602027884,0.9923481587757054
DoS Slowhttptest,0.05295055821371611,0.9923481587757054
DoS Slowhttptest,0.05337689230729656,0.9923481587757054
DoS Slowhttptest,0.05394514493695567,0.9923481587757054
DoS Slowhttptest,0.054520612732862135,0.9923481587757054
DoS Slowhttptest,0.055183145798419916,0.9921090387374462
DoS Slowhttptest,0.05572272971520688,0.991869918699187
DoS Slowhttptest,0.05607982045804829,0.991869918699187
DoS Slowhttptest,0.05655695236017561,0.991869918699187
DoS Slowhttptest,0.05687645687645688,0.991869918699187
DoS Slowhttptest,0.0573149836953518,0.991869918699187
DoS Slowhttptest,0.05765916041145399,0.991869918699187
DoS Slowhttptest,0.05792406194579045,0.991869918699187
DoS Slowhttptest,0.05811232995699015,0.991869918699187
DoS Slowhttptest,0.05830838218136325,0.991869918699187
DoS Slowhttptest,0.05876852455300218,0.991869918699187
DoS Slowhttptest,0.059103473825197345,0.991869918699187
DoS Slowhttptest,0.05973266499582289,0.9916307986609277
DoS Slowhttptest,0.06020965212846274,0.9916307986609277
DoS Slowhttptest,0.060568440731436586,0.9916307986609277
DoS Slowhttptest,0.06108320690518625,0.9916307986609277
DoS Slowhttptest,0.06154188617644876,0.9916307986609277
DoS Slowhttptest,0.062199091086346796,0.9916307986609277
DoS Slowhttptest,0.06284952184653624,0.9916307986609277
DoS Slowhttptest,0.06333811894797935,0.9916307986609277
DoS Slowhttptest,0.06379705552051444,0.9916307986609277
DoS Slowhttptest,0.06427464352138872,0.9916307986609277
DoS Slowhttptest,0.06485260770975057,0.9916307986609277
DoS Slowhttptest,0.06541112635845991,0.9916307986609277
DoS Slowhttptest,0.06604134152944549,0.9916307986609277
DoS Slowhttptest,0.06672566371681415,0.9916307986609277
DoS Slowhttptest,0.06760788405419065,0.9916307986609277
DoS Slowhttptest,0.06880018581193179,0.9916307986609277
DoS Slowhttptest,0.07005067567567567,0.9916307986609277
DoS Slowhttptest,0.07125307125307126,0.9916307986609277
DoS Slowhttptest,0.07253296953160528,0.9916307986609277
DoS Slowhttptest,0.0740906167369399,0.9916307986609277
DoS Slowhttptest,0.07581214237399682,0.9916307986609277
DoS Slowhttptest,0.0779203697788467,0.9916307986609277
DoS Slowhttptest,0.08031529612270984,0.9916307986609277
DoS Slowhttptest,0.08291015234515574,0.9916307986609277
DoS Slowhttptest,0.08633108501956865,0.9916307986609277
DoS Slowhttptest,0.08975801913337085,0.9916307986609277
DoS Slowhttptest,0.09306761821405328,0.9916307986609277
DoS Slowhttptest,0.09569631937233183,0.9916307986609277
DoS Slowhttptest,0.09847315555766628,0.9916307986609277
DoS Slowhttptest,0.10218312635521387,0.9916307986609277
DoS Slowhttptest,0.10548673466792155,0.9916307986609277
DoS Slowhttptest,0.10956696346006499,0.9916307986609277
DoS Slowhttptest,0.11167663058113858,0.9916307986609277
DoS Slowhttptest,0.11382225393862876,0.9916307986609277
DoS Slowhttptest,0.1159254186118022,0.9916307986609277
DoS Slowhttptest,0.11732586431279353,0.9916307986609277
DoS Slowhttptest,0.11919406760174753,0.9916307986609277
DoS Slowhttptest,0.12163430515633249,0.9916307986609277
DoS Slowhttptest,0.12322824116720649,0.9916307986609277
DoS Slowhttptest,0.12504522976721746,0.9916307986609277
DoS Slowhttptest,0.12651392659934715,0.9916307986609277
DoS Slowhttptest,0.12799777770918855,0.9916307986609277
DoS Slowhttptest,0.1292826635907348,0.9916307986609277
DoS Slowhttptest,0.1305155158305533,0.9916307986609277
DoS Slowhttptest,0.13235669602961828,0.9916307986609277
DoS Slowhttptest,0.13386487620646245,0.9916307986609277
DoS Slowhttptest,0.13520033906041143,0.9916307986609277
DoS Slowhttptest,0.1367563645956998,0.9916307986609277
DoS Slowhttptest,0.13842251076471176,0.9916307986609277
DoS Slowhttptest,0.14056197674812732,0.9916307986609277
DoS Slowhttptest,0.14301976611818276,0.9913916786226685
DoS Slowhttptest,0.1465017667844523,0.9913916786226685
DoS Slowhttptest,0.1483044784661611,0.9913916786226685
DoS Slowhttptest,0.15041358293426207,0.9913916786226685
DoS Slowhttptest,0.15173473869126042,0.9913916786226685
DoS Slowhttptest,0.15288738107530053,0.9913916786226685
DoS Slowhttptest,0.15412639405204462,0.9913916786226685
DoS Slowhttptest,0.1557885244053658,0.9913916786226685
DoS Slowhttptest,0.1571109174277161,0.9913916786226685
DoS Slowhttptest,0.1585104756078911,0.9913916786226685
DoS Slowhttptest,0.16062296606229662,0.9913916786226685
DoS Slowhttptest,0.1624099028517706,0.9913916786226685
DoS Slowhttptest,0.16340848179095066,0.9913916786226685
DoS Slowhttptest,0.1647002741032058,0.9913916786226685
DoS Slowhttptest,0.16588644820549753,0.9913916786226685
DoS Slowhttptest,0.16782027929568913,0.9913916786226685
DoS Slowhttptest,0.16958442408376964,0.9913916786226685
DoS Slowhttptest,0.1711596416628824,0.9913916786226685
DoS Slowhttptest,0.17303839732888146,0.9913916786226685
DoS Slowhttptest,0.17456107111279526,0.9913916786226685
DoS Slowhttptest,0.17629050089293308,0.9913916786226685
DoS Slowhttptest,0.17800103039670273,0.9913916786226685
DoS Slowhttptest,0.18075598378166283,0.9913916786226685
DoS Slowhttptest,0.18388255643766355,0.9913916786226685
DoS Slowhttptest,0.1865047233468286,0.9913916786226685
DoS Slowhttptest,0.18947945706320551,0.9913916786226685
DoS Slowhttptest,0.19588944011339476,0.9913916786226685
DoS Slowhttptest,0.20125236638998106,0.9913916786226685
DoS Slowhttptest,0.2068346221002744,0.9913916786226685
DoS Slowhttptest,0.22069626317470456,0.9913916786226685
DoS Slowhttptest,0.23272135197349952,0.9911525585844094
DoS Slowhttptest,0.24272413187327985,0.9911525585844094
DoS Slowhttptest,0.26580736180582276,0.9911525585844094
DoS Slowhttptest,0.2810931778109318,0.9911525585844094
DoS Slowhttptest,0.29069359702643943,0.9911525585844094
DoS Slowhttptest,0.3146587717300539,0.9911525585844094
DoS Slowhttptest,0.3499366821443647,0.9911525585844094
DoS Slowhttptest,0.3654643266601993,0.9909134385461502
DoS Slowhttptest,0.3767957810511002,0.9909134385461502
DoS Slowhttptest,0.38491547464239273,0.9909134385461502
DoS Slowhttptest,0.3909433962264151,0.9909134385461502
DoS Slowhttptest,0.3982700624699664,0.9909134385461502
DoS Slowhttptest,0.410988793017951,0.9909134385461502
DoS Slowhttptest,0.4194331983805668,0.9909134385461502
DoS Slowhttptest,0.425025641025641,0.9909134385461502
DoS Slowhttptest,0.43323224929415455,0.990674318507891
DoS Slowhttptest,0.4384460675346671,0.9904351984696318
DoS Slowhttptest,0.44323167469234886,0.9904351984696318
DoS Slowhttptest,0.4470588235294118,0.9904351984696318
DoS Slowhttptest,0.45243036592026215,0.9904351984696318
DoS Slowhttptest,0.456157743996475,0.9901960784313726
DoS Slowhttptest,0.4600088869140191,0.9901960784313726
DoS Slowhttptest,0.46350201522615314,0.9899569583931134
DoS Slowhttptest,0.46662908680947013,0.9897178383548542
DoS Slowhttptest,0.47070867933113414,0.989478718316595
DoS Slowhttptest,0.47383487919386236,0.989478718316595
DoS Slowhttptest,0.47683798110163633,0.989478718316595
DoS Slowhttptest,0.479990720334068,0.989478718316595
DoS Slowhttptest,0.4828471411901984,0.989478718316595
DoS Slowhttptest,0.48820198206701276,0.989478718316595
DoS Slowhttptest,0.49197479491142554,0.989478718316595
DoS Slowhttptest,0.49634160969173563,0.989478718316595
DoS Slowhttptest,0.499275887038378,0.9892395982783357
DoS Slowhttptest,0.50169779286927,0.9892395982783357
DoS Slowhttptest,0.5050048828125,0.9892395982783357
DoS Slowhttptest,0.5089186861852626,0.9892395982783357
DoS Slowhttptest,0.5127664848785325,0.9892395982783357
DoS Slowhttptest,0.517125,0.9892395982783357
DoS Slowhttptest,0.521887220890627,0.9892395982783357
DoS Slowhttptest,0.5273422562141491,0.9892395982783357
DoS Slowhttptest,0.5314748201438849,0.9892395982783357
DoS Slowhttptest,0.5362525987525988,0.9868483978957436
DoS Slowhttptest,0.5401832460732985,0.9868483978957436
DoS Slowhttptest,0.5436675461741425,0.9854136776661885
DoS Slowhttptest,0.5465286074605071,0.9844571975131516
DoS Slowhttptest,0.5501873661670236,0.9830224772835964
DoS Slowhttptest,0.5536099137931034,0.9827833572453372
DoS Slowhttptest,0.5572881355932203,0.9827833572453372
DoS Slowhttptest,0.5601858177346632,0.9803921568627451
DoS Slowhttptest,0.5646183521631304,0.9799139167862266
DoS Slowhttptest,0.568140856786358,0.9799139167862266
DoS Slowhttptest,0.5717276025676807,0.9796747967479674
DoS Slowhttptest,0.5751615622365833,0.9789574366331899
DoS Slowhttptest,0.5835233751425314,0.9789574366331899
DoS Slowhttptest,0.5916449840994507,0.9787183165949307
DoS Slowhttptest,0.6046683409661693,0.9787183165949307
DoS Slowhttptest,0.6095309009679821,0.9787183165949307
DoS Slowhttptest,0.6244848114791635,0.9782400765184123
DoS Slowhttptest,0.6385636221701796,0.9780009564801531
DoS Slowhttptest,0.6460274838098247,0.9780009564801531
DoS Slowhttptest,0.6502227880331,0.9770444763271162
DoS Slowhttptest,0.6599870717517776,0.9765662362505978
DoS Slowhttptest,0.67077580539119,0.9758488761358202
DoS Slowhttptest,0.6754966887417219,0.975609756097561
DoS Slowhttptest,0.6895386175426736,0.975609756097561
DoS Slowhttptest,0.7081813444502345,0.9748923959827833
DoS Slowhttptest,0.7153886646780137,0.9748923959827833
DoS Slowhttptest,0.7204891882311237,0.9720229555236729
DoS Slowhttptest,0.7278424350940018,0.9720229555236729
DoS Slowhttptest,0.735118509136964,0.9715447154471545
DoS Slowhttptest,0.7422360248447205,0.9715447154471545
DoS Slowhttptest,0.7478260869565218,0.9665231946437112
DoS Slowhttptest,0.7550599700149925,0.9634146341463414
DoS Slowhttptest,0.75840574234983,0.9600669536107126
DoS Slowhttptest,0.7636986301369864,0.9598278335724534
DoS Slowhttptest,0.7698504027617952,0.9598278335724534
DoS Slowhttptest,0.7761656026310698,0.959349593495935
DoS Slowhttptest,0.781718963165075,0.9591104734576757
DoS Slowhttptest,0.7846001974333663,0.9502630320420852
DoS Slowhttptest,0.7826961770623743,0.9301769488283118
DoS Slowhttptest,0.7828313870108584,0.9136776661884266
DoS Slowhttptest,0.7839800788545341,0.9033955045432808
DoS Slowhttptest,0.7871130764371447,0.8938307030129125
DoS Slowhttptest,0.7923602219376867,0.8878527020564323
DoS Slowhttptest,0.7941688424717145,0.8727881396461024
DoS Slowhttptest,0.8055248618784531,0.8715925394548063
DoS Slowhttptest,0.8113926889437093,0.8651362984218077
DoS Slowhttptest,0.8143575674439872,0.8517455762792921
DoS Slowhttptest,0.8144544822793607,0.8407460545193687
DoS Slowhttptest,0.8178831260267543,0.8333333333333334
DoS Slowhttptest,0.8161993769470405,0.8144428503108561
DoS Slowhttptest,0.8147785661854661,0.7962697274031564
DoS Slowhttptest,0.8595084087968952,0.7943567670970827
DoS Slowhttptest,0.9031093836757357,0.7778574844571975
DoS Slowhttptest,0.9057636887608069,0.7515542802486849
DoS Slowhttptest,0.9091710758377425,0.7395982783357246
DoS Slowhttptest,0.9100303951367781,0.7159253945480631
DoS Slowhttptest,0.9109811565951916,0.670492587278814
DoS Slowhttptest,0.5296912114014252,0.05332376853180296
DoS Slowhttptest,0.43911439114391143,0.028455284552845527
DoS Slowhttptest,1.0,0.0
DoS slowloris,0.002155698690568168,1.0
DoS slowloris,0.01279056636295015,0.9990714948932219
DoS slowloris,0.013368826158667838,0.9990714948932219
DoS slowloris,0.013823789253875191,0.9988393686165274
DoS slowloris,0.014170333869140161,0.9986072423398329
DoS slowloris,0.014494755674754126,0.9986072423398329
DoS slowloris,0.01480945987813694,0.9986072423398329
DoS slowloris,0.015133073962811052,0.9986072423398329
DoS slowloris,0.015388797870894352,0.9986072423398329
DoS slowloris,0.01558356878939361,0.9986072423398329
DoS slowloris,0.015750049424841293,0.9986072423398329
DoS slowloris,0.015920361187180817,0.9986072423398329
DoS slowloris,0.01608098055853559,0.9986072423398329
DoS slowloris,0.0162490462844754,0.9986072423398329
DoS slowloris,0.016547490374222533,0.9986072423398329
DoS slowloris,0.016774414923068526,0.9986072423398329
DoS slowloris,0.016914699117305917,0.9986072423398329
DoS slowloris,0.01706939650041662,0.9986072423398329
DoS slowloris,0.017174338296938003,0.9986072423398329
DoS slowloris,0.0172695486714651,0.9986072423398329
DoS slowloris,0.017363717821422518,0.9986072423398329
DoS slowloris,0.017455448437043528,0.9986072423398329
DoS slowloris,0.01755216280834605,0.9986072423398329
DoS slowloris,0.01769263670461275,0.9986072423398329
DoS slowloris,0.017880745155739546,0.9986072423398329
DoS slowloris,0.018053177560680835,0.9986072423398329
DoS slowloris,0.018206749447703206,0.9986072423398329
DoS slowloris,0.01834643285128813,0.9986072423398329
DoS slowloris,0.01845330267791652,0.9986072423398329
DoS slowloris,0.018544142559712398,0.9986072423398329
DoS slowloris,0.018631119426255068,0.9986072423398329
DoS slowloris,0.018714355938175633,0.9986072423398329
DoS slowloris,0.018815852202399435,0.9986072423398329
DoS slowloris,0.018931442829418988,0.9986072423398329
DoS slowloris,0.019025296302848046,0.9986072423398329
DoS slowloris,0.01911685633917978,0.9986072423398329
DoS slowloris,0.019199443028709906,0.9986072423398329
DoS slowloris,0.019276698137302786,0.9986072423398329
DoS slowloris,0.01935483870967742,0.9986072423398329
DoS slowloris,0.0194436283925787,0.9986072423398329
DoS slowloris,0.019522953765724556,0.9986072423398329
DoS slowloris,0.01961705251733934,0.9986072423398329
DoS slowloris,0.019706915744002493,0.9986072423398329
DoS slowloris,0.019805079712913815,0.9986072423398329
DoS slowloris,0.01989870256018872,0.9986072423398329
DoS slowloris,0.02000623160166114,0.9986072423398329
DoS slowloris,0.02010357947481093,0.9983751160631383
DoS slowloris,0.020221633998298016,0.9983751160631383
DoS slowloris,0.02035764322768753,0.9983751160631383
DoS slowloris,0.02048875762195122,0.9983751160631383
DoS slowloris,0.020604875992277363,0.9983751160631383
DoS slowloris,0.020718724408690208,0.9983751160631383
DoS slowloris,0.02082838975868899,0.9983751160631383
DoS slowloris,0.020940037780677326,0.9983751160631383
DoS slowloris,0.021052477006740122,0.9983751160631383
DoS slowloris,0.02114708557661578,0.9983751160631383
DoS slowloris,0.02123594063219015,0.9983751160631383
DoS slowloris,0.021339512083790205,0.9983751160631383
DoS slowloris,0.02142807321715043,0.9983751160631383
DoS slowloris,0.021536658888566193,0.9983751160631383
DoS slowloris,0.02169121911611182,0.9983751160631383
DoS slowloris,0.02184046961325967,0.9983751160631383
DoS slowloris,0.02197729200519157,0.9983751160631383
DoS slowloris,0.022114133815960637,0.9983751160631383
DoS slowloris,0.022229917613372063,0.9983751160631383
DoS slowloris,0.022350636325370387,0.9983751160631383
DoS slowloris,0.022481130694766774,0.9983751160631383
DoS slowloris,0.022596406430597876,0.9983751160631383
DoS slowloris,0.022708553326293558,0.9983751160631383
DoS slowloris,0.02282387777736504,0.9983751160631383
DoS slowloris,0.022933284989122553,0.9983751160631383
DoS slowloris,0.023036340751452826,0.9983751160631383
DoS slowloris,0.023157146626034426,0.9983751160631383
DoS slowloris,0.023268269459652463,0.9983751160631383
DoS slowloris,0.023378430530566985,0.9983751160631383
DoS slowloris,0.023468875502008033,0.9983751160631383
DoS slowloris,0.02354880038545351,0.9983751160631383
DoS slowloris,0.02362680524502991,0.9983751160631383
DoS slowloris,0.023711601649502725,0.9983751160631383
DoS slowloris,0.023791743418687113,0.9983751160631383
DoS slowloris,0.023882370579318232,0.9983751160631383
DoS slowloris,0.02396500807934474,0.9983751160631383
DoS slowloris,0.02403827344723708,0.9983751160631383
DoS slowloris,0.024102259481753787,0.9983751160631383
DoS slowloris,0.024166858645509662,0.9983751160631383
DoS slowloris,0.02423357993249982,0.9983751160631383
DoS slowloris,0.024302730313714854,0.9983751160631383
DoS slowloris,0.02436495887244794,0.9983751160631383
DoS slowloris,0.02443652809263268,0.9983751160631383
DoS slowloris,0.024549367001906415,0.9983751160631383
DoS slowloris,0.024690861912580228,0.9983751160631383
DoS slowloris,0.024826973141151818,0.9983751160631383
DoS slowloris,0.024955757347181525,0.9983751160631383
DoS slowloris,0.02507652391919074,0.9983751160631383
DoS slowloris,0.02520880344635583,0.9983751160631383
DoS slowloris,0.025331291595500325,0.9983751160631383
DoS slowloris,0.02547291614844296,0.9983751160631383
DoS slowloris,0.025636899014102977,0.9983751160631383
DoS slowloris,0.02576359312571507,0.9983751160631383
DoS slowloris,0.025890922224897663,0.9983751160631383
DoS slowloris,0.026007244054493672,0.9983751160631383
DoS slowloris,0.02613890509529366,0.9983751160631383
DoS slowloris,0.026271905980661044,0.9983751160631383
DoS slowloris,0.026387798174143516,0.9983751160631383
DoS slowloris,0.026496063477200203,0.9983751160631383
DoS slowloris,0.02659979096188456,0.9983751160631383
DoS slowloris,0.02670715274802382,0.9983751160631383
DoS slowloris,0.026840988517224162,0.9983751160631383
DoS slowloris,0.026990223025465315,0.9983751160631383
DoS slowloris,0.027090694935217905,0.9983751160631383
DoS slowloris,0.027180576094237793,0.9983751160631383
DoS slowloris,0.02725792038735273,0.9983751160631383
DoS slowloris,0.027343352659953208,0.9983751160631383
DoS slowloris,0.02742774787643803,0.9983751160631383
DoS slowloris,0.027519002892022623,0.9983751160631383
DoS slowloris,0.02760094463126011,0.9983751160631383
DoS slowloris,0.027680525164113786,0.9983751160631383
DoS slowloris,0.027764149969014666,0.9983751160631383
DoS slowloris,0.027878607171562653,0.9983751160631383
DoS slowloris,0.028120933091798497,0.9981429897864438
DoS slowloris,0.028273105044447952,0.9981429897864438
DoS slowloris,0.02840777712447231,0.9981429897864438
DoS slowloris,0.028531049080039544,0.9981429897864438
DoS slowloris,0.028651767747438,0.9981429897864438
DoS slowloris,0.028782371801307924,0.9981429897864438
DoS slowloris,0.0289131998843472,0.9981429897864438
DoS slowloris,0.029048362145255323,0.9981429897864438
DoS slowloris,0.029181229004784363,0.9981429897864438
DoS slowloris,0.029304927998473417,0.9981429897864438
DoS slowloris,0.029435119520276005,0.9981429897864438
DoS slowloris,0.029550015118612386,0.9981429897864438
DoS slowloris,0.029691211401425176,0.9981429897864438
DoS slowloris,0.029813793820867573,0.9979108635097493
DoS slowloris,0.029922564831063203,0.9974466109563602
DoS slowloris,0.03007145206553155,0.9974466109563602
DoS slowloris,0.030189978360453024,0.9974466109563602
DoS slowloris,0.030305167464789725,0.9974466109563602
DoS slowloris,0.03044861574654734,0.9974466109563602
DoS slowloris,0.030914113872142046,0.9974466109563602
DoS slowloris,0.031150321869744244,0.9974466109563602
DoS slowloris,0.031376414749908724,0.9974466109563602
DoS slowloris,0.03152211389628586,0.9974466109563602
DoS slowloris,0.03165890604738889,0.9974466109563602
DoS slowloris,0.03182797928996274,0.9974466109563602
DoS slowloris,0.03199743841777619,0.9974466109563602
DoS slowloris,0.032134550811776935,0.9974466109563602
DoS slowloris,0.03228060158961492,0.9974466109563602
DoS slowloris,0.03249714506114485,0.9974466109563602
DoS slowloris,0.03281730908757647,0.9974466109563602
DoS slowloris,0.033136687873529976,0.9974466109563602
DoS slowloris,0.033393431666640765,0.9974466109563602
DoS slowloris,0.03377932205521665,0.9974466109563602
DoS slowloris,0.03399283278880459,0.9974466109563602
DoS slowloris,0.034225135602265214,0.9974466109563602
DoS slowloris,0.034419506255907464,0.9974466109563602
DoS slowloris,0.03461860719925236,0.9974466109563602
DoS slowloris,0.03477444369794154,0.9972144846796658
DoS slowloris,0.03493847542676827,0.9972144846796658
DoS slowloris,0.03508943886302377,0.9972144846796658
DoS slowloris,0.03526804039077251,0.9972144846796658
DoS slowloris,0.035442912655000866,0.9972144846796658
DoS slowloris,0.035588220671826064,0.9969823584029712
DoS slowloris,0.03576157837315633,0.9967502321262767
DoS slowloris,0.03589730728395991,0.9967502321262767
DoS slowloris,0.03605858049779987,0.9967502321262767
DoS slowloris,0.03621917068727015,0.9967502321262767
DoS slowloris,0.036520748105496825,0.9967502321262767
DoS slowloris,0.03673790660666313,0.9967502321262767
DoS slowloris,0.036900812952236905,0.9967502321262767
DoS slowloris,0.037170118445660455,0.9965181058495822
DoS slowloris,0.03738114311587893,0.9965181058495822
DoS slowloris,0.037545587322132916,0.9965181058495822
DoS slowloris,0.03776256993068506,0.9965181058495822
DoS slowloris,0.037935757522202095,0.9965181058495822
DoS slowloris,0.03811697017589033,0.9965181058495822
DoS slowloris,0.038328646042587386,0.9965181058495822
DoS slowloris,0.03848291441069956,0.9965181058495822
DoS slowloris,0.03880335234926634,0.9962859795728877
DoS slowloris,0.03914986773693332,0.9962859795728877
DoS slowloris,0.03949306041306189,0.9960538532961931
DoS slowloris,0.03991219503120611,0.9960538532961931
DoS slowloris,0.040235221293717115,0.9958217270194986
DoS slowloris,0.04055638557406812,0.9955896007428041
DoS slowloris,0.0409337748976417,0.9955896007428041
DoS slowloris,0.04139042490566766,0.9955896007428041
DoS slowloris,0.041923249858268334,0.9955896007428041
DoS slowloris,0.04245315701432262,0.9955896007428041
DoS slowloris,0.04289514741769012,0.9955896007428041
DoS slowloris,0.043457110426463434,0.9953574744661096
DoS slowloris,0.04386790522568237,0.9953574744661096
DoS slowloris,0.044353879412890346,0.9953574744661096
DoS slowloris,0.0449066365054929,0.9953574744661096
DoS slowloris,0.04548829906859313,0.9953574744661096
DoS slowloris,0.04609067652686115,0.9953574744661096
DoS slowloris,0.046623899097531805,0.9953574744661096
DoS slowloris,0.04710949001340335,0.9953574744661096
DoS slowloris,0.04752086728076885,0.995125348189415
DoS slowloris,0.04799059666405463,0.995125348189415
DoS slowloris,0.0485176422644585,0.9948932219127206
DoS slowloris,0.049031608570807544,0.9948932219127206
DoS slowloris,0.04975967678268744,0.9948932219127206
DoS slowloris,0.05039279330134538,0.994661095636026
DoS slowloris,0.051093671731507764,0.9944289693593314
DoS slowloris,0.05190210806881512,0.9944289693593314
DoS slowloris,0.052638045855552554,0.9944289693593314
DoS slowloris,0.053429116623639014,0.9944289693593314
DoS slowloris,0.05443802020458733,0.9944289693593314
DoS slowloris,0.05642187335370351,0.9944289693593314
DoS slowloris,0.05834752401062598,0.994196843082637
DoS slowloris,0.060230454296045136,0.9937325905292479
DoS slowloris,0.0616625471575387,0.9902506963788301
DoS slowloris,0.06319922945839816,0.9900185701021356
DoS slowloris,0.06470552538155779,0.9900185701021356
DoS slowloris,0.06608509715206545,0.9900185701021356
DoS slowloris,0.06724717240073826,0.9895543175487466
DoS slowloris,0.06830161995371561,0.9865366759517178
DoS slowloris,0.06936576605991347,0.9863045496750232
DoS slowloris,0.0705483774537483,0.9860724233983287
DoS slowloris,0.07144419947153172,0.9853760445682451
DoS slowloris,0.07239085948158254,0.9853760445682451
DoS slowloris,0.07338497717526629,0.9851439182915506
DoS slowloris,0.07436220913933277,0.9851439182915506
DoS slowloris,0.07528388928317956,0.9849117920148561
DoS slowloris,0.07625260585148444,0.9849117920148561
DoS slowloris,0.07726916701579263,0.9846796657381616
DoS slowloris,0.07811866966225922,0.9846796657381616
DoS slowloris,0.07899147145357714,0.9846796657381616
DoS slowloris,0.07963870580061218,0.984447539461467
DoS slowloris,0.08025205313552587,0.984447539461467
DoS slowloris,0.0809783853967769,0.984447539461467
DoS slowloris,0.08170381644094246,0.984447539461467
DoS slowloris,0.08229518376217643,0.984447539461467
DoS slowloris,0.08276413879239686,0.984447539461467
DoS slowloris,0.08303852201257862,0.9807335190343547
DoS slowloris,0.08372573563012854,0.9781801299907149
DoS slowloris,0.08555302907260029,0.9781801299907149
DoS slowloris,0.08791851047841696,0.9777158774373259
DoS slowloris,0.08908775492933908,0.9774837511606314
DoS slowloris,0.090558974138302,0.9770194986072424
DoS slowloris,0.09180957367892831,0.9767873723305478
DoS slowloris,0.09291898577612863,0.9765552460538532
DoS slowloris,0.09859320046893318,0.9760909935004642
DoS slowloris,0.10480392890085509,0.9758588672237697
DoS slowloris,0.10663014254552833,0.9758588672237697
DoS slowloris,0.1075533031303591,0.9753946146703807
DoS slowloris,0.10837654464308748,0.9751624883936861
DoS slowloris,0.11004270705059345,0.9749303621169917
DoS slowloris,0.11204205245884143,0.9746982358402971
DoS slowloris,0.11711661408749546,0.973769730733519
DoS slowloris,0.11963785914205746,0.9723769730733519
DoS slowloris,0.1208239570711442,0.9721448467966574
DoS slowloris,0.12223746825095612,0.9719127205199629
DoS slowloris,0.12421346313664965,0.9714484679665738
DoS slowloris,0.1278774724098927,0.9709842154131848
DoS slowloris,0.13686346380416284,0.9707520891364902
DoS slowloris,0.14038681082533075,0.9705199628597957
DoS slowloris,0.14177687351644624,0.9705199628597957
DoS slowloris,0.14373624862486248,0.9705199628597957
DoS slowloris,0.14563512807109252,0.9700557103064067
DoS slowloris,0.14684060620978234,0.9693593314763231
DoS slowloris,0.14953271028037382,0.9693593314763231
DoS slowloris,0.15143820958322754,0.9691272051996286
DoS slowloris,0.15222388440909257,0.968430826369545
DoS slowloris,0.15305785123966942,0.9672701949860725
DoS slowloris,0.15354534051501512,0.9661095636025998
DoS slowloris,0.15434944237918216,0.9637883008356546
DoS slowloris,0.15598435266681712,0.962627669452182
DoS slowloris,0.1614439024390244,0.9603064066852368
DoS slowloris,0.164627097700004,0.9586815227483751
DoS slowloris,0.16954860968497146,0.958217270194986
DoS slowloris,0.17190303333750573,0.9563602599814299
DoS slowloris,0.173922222691382,0.9561281337047354
DoS slowloris,0.17567740558992959,0.9556638811513464
DoS slowloris,0.17721573527510878,0.9547353760445683
DoS slowloris,0.1789569911196239,0.9542711234911792
DoS slowloris,0.18048116603740452,0.9542711234911792
DoS slowloris,0.18200734936025148,0.9542711234911792
DoS slowloris,0.1838103756708408,0.9540389972144847
DoS slowloris,0.18531878438091803,0.9540389972144847
DoS slowloris,0.18647066829998638,0.9540389972144847
DoS slowloris,0.187745590788632,0.9538068709377902
DoS slowloris,0.18862467866323906,0.9538068709377902
DoS slowloris,0.1895382628350016,0.9538068709377902
DoS slowloris,0.19061978103544258,0.9538068709377902
DoS slowloris,0.19164218086842966,0.9538068709377902
DoS slowloris,0.19245901639344262,0.9538068709377902
DoS slowloris,0.1933192190072924,0.9538068709377902
DoS slowloris,0.1942789598108747,0.9538068709377902
DoS slowloris,0.1952575555977951,0.9538068709377902
DoS slowloris,0.19609621074735134,0.9538068709377902
DoS slowloris,0.19682737467650724,0.9533426183844012
DoS slowloris,0.19768001540238736,0.9533426183844012
DoS slowloris,0.19848213854111277,0.9531104921077066
DoS slowloris,0.1995916780089442,0.9531104921077066
DoS slowloris,0.2006076048608389,0.9503249767873724
DoS slowloris,0.201709739585907,0.947539461467038
DoS slowloris,0.2030517602473322,0.9452181987000928
DoS slowloris,0.20338726750340239,0.9366295264623955
DoS slowloris,0.20581484315225707,0.9366295264623955
DoS slowloris,0.20771926208389158,0.9357010213556175
DoS slowloris,0.20980586061520845,0.9357010213556175
DoS slowloris,0.2121483510694342,0.9347725162488394
DoS slowloris,0.21349151460339416,0.9315227483751161
DoS slowloris,0.21559041581605243,0.9315227483751161
DoS slowloris,0.21765312211794066,0.9312906220984215
DoS slowloris,0.21961900591197722,0.9312906220984215
DoS slowloris,0.2218167744789075,0.9312906220984215
DoS slowloris,0.22433566433566435,0.9308263695450325
DoS slowloris,0.22693549300560684,0.930129990714949
DoS slowloris,0.22931212086528557,0.930129990714949
DoS slowloris,0.2317750520712798,0.9298978644382544
DoS slowloris,0.23387144115057235,0.924791086350975
DoS slowloris,0.2362008655955416,0.924791086350975
DoS slowloris,0.2385914480776141,0.924791086350975
DoS slowloris,0.2409288824383164,0.924791086350975
DoS slowloris,0.24347454000855798,0.9245589600742804
DoS slowloris,0.24645664417899363,0.9243268337975858
DoS slowloris,0.24923327282969268,0.9243268337975858
DoS slowloris,0.25186590765338396,0.9243268337975858
DoS slowloris,0.25512689054088694,0.9240947075208914
DoS slowloris,0.25777000777000775,0.9240947075208914
DoS slowloris,0.2605366492146597,0.9240947075208914
DoS slowloris,0.26547904990659194,0.9236304549675023
DoS slowloris,0.2727023319615912,0.9229340761374187
DoS slowloris,0.2818059394712595,0.9229340761374187
DoS slowloris,0.2933451379666519,0.9229340761374187
DoS slowloris,0.2994877975293763,0.9229340761374187
DoS slowloris,0.31004366812227074,0.9229340761374187
DoS slowloris,0.31762262342227193,0.9229340761374187
DoS slowloris,0.3290824776416032,0.9224698235840297
DoS slowloris,0.34475876431794517,0.9222376973073352
DoS slowloris,0.3579601765924858,0.9222376973073352
DoS slowloris,0.373330825653564,0.9215413184772516
DoS slowloris,0.3840348330914369,0.9213091922005571
DoS slowloris,0.38986048339555907,0.9210770659238626
DoS slowloris,0.39511709018435476,0.9203806870937791
DoS slowloris,0.3993552286923232,0.9201485608170845
DoS slowloris,0.40286818551668024,0.919452181987001
DoS slowloris,0.40608980930900146,0.919452181987001
DoS slowloris,0.408373723832113,0.9192200557103064
DoS slowloris,0.4110015568240789,0.9192200557103064
DoS slowloris,0.41379310344827586,0.9192200557103064
DoS slowloris,0.4163600042056566,0.9192200557103064
DoS slowloris,0.4201145767027371,0.9192200557103064
DoS slowloris,0.4225803009283961,0.9192200557103064
DoS slowloris,0.4248309904496191,0.9189879294336118
DoS slowloris,0.4271687526974536,0.9189879294336118
DoS slowloris,0.4313126907980811,0.9182915506035283
DoS slowloris,0.43736871199557764,0.9182915506035283
DoS slowloris,0.4470947320822971,0.9180594243268339
DoS slowloris,0.45710982658959537,0.9178272980501393
DoS slowloris,0.46726542188607895,0.9178272980501393
DoS slowloris,0.4803206997084548,0.9178272980501393
DoS slowloris,0.4946828474915551,0.9178272980501393
DoS slowloris,0.5065334358186011,0.9178272980501393
DoS slowloris,0.5141073982577038,0.9178272980501393
DoS slowloris,0.5230850641619261,0.9178272980501393
DoS slowloris,0.5305958132045089,0.9178272980501393
DoS slowloris,0.5356272013004606,0.9178272980501393
DoS slowloris,0.5425356750823271,0.9178272980501393
DoS slowloris,0.5529296601873864,0.9178272980501393
DoS slowloris,0.5663133772558007,0.9178272980501393
DoS slowloris,0.5789165446559297,0.9178272980501393
DoS slowloris,0.5947653429602888,0.9178272980501393
DoS slowloris,0.6099969145325517,0.9178272980501393
DoS slowloris,0.6290168628698696,0.9178272980501393
DoS slowloris,0.6391852570320078,0.9178272980501393
DoS slowloris,0.6614252258280361,0.9178272980501393
DoS slowloris,0.6679054054054054,0.9178272980501393
DoS slowloris,0.7080945558739254,0.9178272980501393
DoS slowloris,0.7189090909090909,0.9178272980501393
DoS slowloris,0.7457563183704262,0.9178272980501393
DoS slowloris,0.7532863402552867,0.9178272980501393
DoS slowloris,0.7655493121488084,0.9171309192200557
DoS slowloris,0.7784360189573459,0.915041782729805
DoS slowloris,0.7877697841726619,0.915041782729805
DoS slowloris,0.8058570550890846,0.9134168987929434
DoS slowloris,0.8183520599250936,0.9129526462395543
DoS slowloris,0.840359512090734,0.9115598885793872
DoS slowloris,0.8505098719895856,0.9099350046425255
DoS slowloris,0.8616974494283202,0.909702878365831
DoS slowloris,0.8702510553210397,0.909238625812442
DoS slowloris,0.8783389450056117,0.9083101207056639
DoS slowloris,0.8896724294813467,0.9078458681522749
DoS slowloris,0.8990572545412738,0.9076137418755803
DoS slowloris,0.9111888111888112,0.9073816155988857
DoS slowloris,0.926707779886148,0.9069173630454967
DoS slowloris,0.9396199182102478,0.9066852367688022
DoS slowloris,0.9457816678823243,0.9029712163416899
DoS slowloris,0.950480413895048,0.8955431754874652
DoS slowloris,0.9576271186440678,0.8918291550603529
DoS slowloris,0.9633468149646107,0.8846332404828227
DoS slowloris,0.9680905815748841,0.8732590529247911
DoS slowloris,0.9723670490093848,0.8658310120705663
DoS slowloris,0.9757063638764193,0.8577065923862581
DoS slowloris,0.9752270850536746,0.5482822655524605
DoS slowloris,0.9796005099872503,0.5350510677808727
DoS slowloris,0.9850615114235501,0.5204271123491179
DoS slowloris,0.9801470588235294,0.30942432683379756
DoS slowloris,1.0,0.0
