clase,precision,recall
Bot,0.0007796143360968443,1.0
Bot,0.000651060181931201,0.8228498074454429
Bot,0.0006510727464604903,0.8228498074454429
Bot,0.0006511405371553894,0.8228498074454429
Bot,0.0006511534355200644,0.8228498074454429
Bot,0.0006511617039713245,0.8228498074454429
Bot,0.0006511732801558753,0.8228498074454429
Bot,0.0006511894875057462,0.8228498074454429
Bot,0.0006512007338961158,0.8228498074454429
Bot,0.0006512083419687013,0.8228498074454429
Bot,0.0006512258742910553,0.8228498074454429
Bot,0.0006512374527573454,0.8228498074454429
Bot,0.0006512563099980035,0.8228498074454429
Bot,0.0006512612726112631,0.8228498074454429
Bot,0.0006512678895465915,0.8228498074454429
Bot,0.0006512768226225729,0.8228498074454429
Bot,0.0006512870794194299,0.8228498074454429
Bot,0.0006512966747799333,0.8228498074454429
Bot,0.0006513128882729133,0.8228498074454429
Bot,0.0006513337353786499,0.8228498074454429
Bot,0.0006513393610167804,0.8228498074454429
Bot,0.0006513525981957228,0.8228498074454429
Bot,0.0006515022157173639,0.8228498074454429
Bot,0.0006515379752110637,0.8228498074454429
Bot,0.0006515472468317118,0.8228498074454429
Bot,0.0006515532072986157,0.8228498074454429
Bot,0.0006515810242528418,0.8228498074454429
Bot,0.0006516399775534934,0.8228498074454429
Bot,0.0006516644893685158,0.8228498074454429
Bot,0.0006517155063554971,0.8228498074454429
Bot,0.0006517290901465374,0.8228498074454429
Bot,0.0006517579161642064,0.8228498074454429
Bot,0.0006517764721912095,0.8228498074454429
Bot,0.000651861644654048,0.8228498074454429
Bot,0.0006518679423346025,0.8228498074454429
Bot,0.0006518908138821217,0.8228498074454429
Bot,0.000651913687034647,0.8228498074454429
Bot,0.0006519448501442212,0.8228498074454429
Bot,0.0006520350410344673,0.8228498074454429
Bot,0.0006521133151162104,0.8228498074454429
Bot,0.000652140848179881,0.8228498074454429
Bot,0.0006522360707915256,0.8228498074454429
Bot,0.0006522709152805909,0.8228498074454429
Bot,0.0006523233549570215,0.8228498074454429
Bot,0.000652340947370028,0.8228498074454429
Bot,0.0006523568809402895,0.8228498074454429
Bot,0.0006523784588907429,0.8228498074454429
Bot,0.0006524080063999088,0.8228498074454429
Bot,0.0006524358963919582,0.8228498074454429
Bot,0.0006525308730578045,0.8228498074454429
Bot,0.0006526627571386898,0.8228498074454429
Bot,0.0006527202447140861,0.8228498074454429
Bot,0.000652742179059094,0.8228498074454429
Bot,0.000652765111996061,0.8228498074454429
Bot,0.000652807990940125,0.8228498074454429
Bot,0.0006528149717665163,0.8228498074454429
Bot,0.0006528295987440414,0.8228498074454429
Bot,0.0006528472184736412,0.8228498074454429
Bot,0.0006529050710658141,0.8228498074454429
Bot,0.0006529240250066846,0.8228498074454429
Bot,0.0006529443102677276,0.8228498074454429
Bot,0.0006529596081834888,0.8228498074454429
Bot,0.000652976237165859,0.8228498074454429
Bot,0.0006530247986421974,0.8228498074454429
Bot,0.0006531285980660872,0.8228498074454429
Bot,0.0006531795117661475,0.8228498074454429
Bot,0.0006532147899649496,0.8228498074454429
Bot,0.0006532350932974615,0.8228498074454429
Bot,0.0006532563965113458,0.8228498074454429
Bot,0.000653294679215496,0.8228498074454429
Bot,0.0006533303028048357,0.8228498074454429
Bot,0.0006533645983413101,0.8228498074454429
Bot,0.0006534155488435768,0.8228498074454429
Bot,0.0006535244696995572,0.8228498074454429
Bot,0.0006535751119413067,0.8228498074454429
Bot,0.0006535984366659546,0.8228498074454429
Bot,0.0006536357596884166,0.8228498074454429
Bot,0.0006536694207122447,0.8228498074454429
Bot,0.0006537200854221441,0.8228498074454429
Bot,0.0006537544218939398,0.8228498074454429
Bot,0.0006537914293145389,0.8228498074454429
Bot,0.0006538777962584113,0.8228498074454429
Bot,0.0006539248241493111,0.8228498074454429
Bot,0.0006539815334387594,0.8228498074454429
Bot,0.0006540195675308364,0.8228498074454429
Bot,0.0006541697453126339,0.8228498074454429
Bot,0.0006542468633660032,0.8228498074454429
Bot,0.0006542929425676761,0.8228498074454429
Bot,0.0006543143148354287,0.8228498074454429
Bot,0.0006543724277472284,0.8228498074454429
Bot,0.000654483338498068,0.8228498074454429
Bot,0.0006546180186418055,0.8228498074454429
Bot,0.0006550471587968183,0.8228498074454429
Bot,0.000655117788338699,0.8228498074454429
Bot,0.0006575289630737479,0.8228498074454429
Bot,0.0006583068880878291,0.8228498074454429
Bot,0.0006583782223685285,0.8228498074454429
Bot,0.0006587916568815722,0.8228498074454429
Bot,0.0006588976365002564,0.8228498074454429
Bot,0.0006591723941480711,0.8228498074454429
Bot,0.0006595084450004939,0.8228498074454429
Bot,0.0006596856373922797,0.8222079589216945
Bot,0.0006602960043586753,0.8222079589216945
Bot,0.0006677345554456854,0.8222079589216945
Bot,0.0006693940598984883,0.8222079589216945
Bot,0.0006696806653102279,0.8222079589216945
Bot,0.0006717385285307961,0.8222079589216945
Bot,0.0006728368767132785,0.8222079589216945
Bot,0.0006753216080772893,0.8222079589216945
Bot,0.0006762006917200519,0.8222079589216945
Bot,0.0007160192682406048,0.8222079589216945
Bot,0.0007305976699580633,0.8222079589216945
Bot,0.000777874126485612,0.8222079589216945
Bot,0.000801825656792309,0.8215661103979461
Bot,0.0008928546516332264,0.8215661103979461
Bot,0.0009102565287793957,0.8215661103979461
Bot,0.0010077621303461585,0.8215661103979461
Bot,0.0011226533912903148,0.8215661103979461
Bot,0.001150133792907628,0.8215661103979461
Bot,0.0011742268220927107,0.8215661103979461
Bot,0.0012701710410933601,0.8209242618741976
Bot,0.0014663025558834387,0.8209242618741976
Bot,0.0015169305580264485,0.8209242618741976
Bot,0.0016511257734407577,0.8209242618741976
Bot,0.0024815147523044715,0.8209242618741976
Bot,0.002696719237581176,0.8209242618741976
Bot,0.0028184222124283827,0.8209242618741976
Bot,0.0028822989883784083,0.8209242618741976
Bot,0.002945185922057347,0.8209242618741976
Bot,0.002971882137803317,0.8209242618741976
Bot,0.002987368499729058,0.8209242618741976
Bot,0.0030047808671341816,0.8209242618741976
Bot,0.0030312869578819385,0.8209242618741976
Bot,0.0030585500703059986,0.8209242618741976
Bot,0.003079167589534201,0.8209242618741976
Bot,0.0031421278519293745,0.8209242618741976
Bot,0.003154286277991516,0.8209242618741976
Bot,0.0031795909539518662,0.8209242618741976
Bot,0.0032609582474962774,0.8209242618741976
Bot,0.003325827036191447,0.8209242618741976
Bot,0.003379745329049149,0.8202824133504493
Bot,0.003435705529388993,0.8202824133504493
Bot,0.003449076198135664,0.8202824133504493
Bot,0.0034600577217767043,0.8202824133504493
Bot,0.0034698371239991637,0.8202824133504493
Bot,0.003493585973129208,0.8196405648267009
Bot,0.003559244559400642,0.8196405648267009
Bot,0.00363961796836924,0.8196405648267009
Bot,0.0037114864256089656,0.8196405648267009
Bot,0.003725508501277817,0.8196405648267009
Bot,0.00376916311001706,0.8196405648267009
Bot,0.0037880136214240795,0.8196405648267009
Bot,0.0038002559295301015,0.8196405648267009
Bot,0.003843722722210517,0.8196405648267009
Bot,0.003873192409028545,0.8189987163029525
Bot,0.003895909600241815,0.8189987163029525
Bot,0.003909505367910192,0.8189987163029525
Bot,0.003929987095105072,0.8189987163029525
Bot,0.0039396821084091834,0.8189987163029525
Bot,0.003954188522300506,0.8177150192554558
Bot,0.004026136679907902,0.8170731707317073
Bot,0.004065819647522501,0.8170731707317073
Bot,0.004075973847168591,0.8170731707317073
Bot,0.004117782155414738,0.8170731707317073
Bot,0.004177345203600458,0.8170731707317073
Bot,0.004190394680535897,0.8170731707317073
Bot,0.004196943122024555,0.8170731707317073
Bot,0.0042110207673121585,0.8170731707317073
Bot,0.004221942159724065,0.8170731707317073
Bot,0.0042544516336024815,0.8170731707317073
Bot,0.004276665276974596,0.8164313222079589
Bot,0.004295033698456219,0.8164313222079589
Bot,0.004372235103096684,0.8157894736842105
Bot,0.0043823959396463745,0.8157894736842105
Bot,0.004425610741246274,0.8157894736842105
Bot,0.0044606821228775784,0.8157894736842105
Bot,0.0044695291345781905,0.8157894736842105
Bot,0.004506021618977052,0.8157894736842105
Bot,0.004523485824512951,0.8157894736842105
Bot,0.0045816991579190215,0.8157894736842105
Bot,0.004610769102405508,0.8157894736842105
Bot,0.004633984497480658,0.8157894736842105
Bot,0.004656155210058174,0.8157894736842105
Bot,0.004667028964220669,0.8157894736842105
Bot,0.0047341642021201304,0.8157894736842105
Bot,0.004947026724064113,0.8157894736842105
Bot,0.005195452854637688,0.8157894736842105
Bot,0.005225678598153128,0.8157894736842105
Bot,0.0053131453318730195,0.8157894736842105
Bot,0.005861951278006844,0.8157894736842105
Bot,0.005974513131237162,0.8157894736842105
Bot,0.0061045310894018425,0.8157894736842105
Bot,0.006208904477641105,0.8157894736842105
Bot,0.0065837183763959965,0.8157894736842105
Bot,0.007731754944125752,0.8157894736842105
Bot,0.007833107358560335,0.8157894736842105
Bot,0.007888138622709895,0.8157894736842105
Bot,0.007917473883548971,0.8157894736842105
Bot,0.007954090317412637,0.8157894736842105
Bot,0.008054397282670689,0.8157894736842105
Bot,0.008503719959321308,0.8157894736842105
Bot,0.00940047039332574,0.8157894736842105
Bot,0.009618586347812926,0.8157894736842105
Bot,0.009648303765950824,0.8157894736842105
Bot,0.010464608873922459,0.8157894736842105
Bot,0.013042318269507039,0.8157894736842105
Bot,0.015468308830688346,0.8157894736842105
Bot,0.01591017199509301,0.8157894736842105
Bot,0.016236049142813312,0.8151476251604621
Bot,0.018132495716733296,0.8151476251604621
Bot,0.02274925661877978,0.8151476251604621
Bot,0.022838851223766794,0.8151476251604621
Bot,0.043750861237425935,0.8151476251604621
Bot,0.04568345323741007,0.8151476251604621
Bot,0.04639099941554647,0.8151476251604621
Bot,0.04810970528070308,0.8151476251604621
Bot,0.049127693319407376,0.8151476251604621
Bot,0.04950495049504951,0.8151476251604621
Bot,0.05047895385349179,0.8151476251604621
Bot,0.05130483962187929,0.8151476251604621
Bot,0.05193424388648074,0.8151476251604621
Bot,0.05229350242938318,0.8151476251604621
Bot,0.052453328927804396,0.8151476251604621
Bot,0.052727725649755045,0.8151476251604621
Bot,0.055494865632510375,0.8151476251604621
Bot,0.05618226056182261,0.8151476251604621
Bot,0.05966082585615634,0.8151476251604621
Bot,0.060672654309191665,0.8151476251604621
Bot,0.06119892058596762,0.8151476251604621
Bot,0.062111801242236024,0.8151476251604621
Bot,0.06258932531664285,0.8151476251604621
Bot,0.06347778277602839,0.8151476251604621
Bot,0.06426149876030966,0.8151476251604621
Bot,0.06478930721354964,0.8151476251604621
Bot,0.06711409395973154,0.8151476251604621
Bot,0.06756037876369826,0.8151476251604621
Bot,0.06777309354821495,0.8151476251604621
Bot,0.06801992394622677,0.8151476251604621
Bot,0.06852271501025144,0.8151476251604621
Bot,0.06980072663216999,0.8138639281129654
Bot,0.07002429865252927,0.8138639281129654
Bot,0.07012498617409578,0.8138639281129654
Bot,0.07082611852762107,0.8138639281129654
Bot,0.071020499607931,0.8138639281129654
Bot,0.07334567329939842,0.8138639281129654
Bot,0.07395310859675726,0.8138639281129654
Bot,0.07501626930130746,0.8138639281129654
Bot,0.07555714455964724,0.8138639281129654
Bot,0.07594178594957178,0.8138639281129654
Bot,0.07631198844487241,0.8138639281129654
Bot,0.07669045602999879,0.8138639281129654
Bot,0.07685314261470393,0.8138639281129654
Bot,0.0774729638907558,0.8138639281129654
Bot,0.07795880725484168,0.8138639281129654
Bot,0.08186756337299535,0.8125802310654685
Bot,0.08267485143342258,0.8125802310654685
Bot,0.08354229906295367,0.8125802310654685
Bot,0.08513786146603901,0.8125802310654685
Bot,0.08605220228384992,0.8125802310654685
Bot,0.08633387888707038,0.8125802310654685
Bot,0.08677176148046607,0.8125802310654685
Bot,0.08748531545850322,0.8125802310654685
Bot,0.087910561766544,0.8125802310654685
Bot,0.08873456790123457,0.8119383825417201
Bot,0.08941825121933979,0.8119383825417201
Bot,0.09107271418286537,0.8119383825417201
Bot,0.09227514771318113,0.8119383825417201
Bot,0.09342688330871492,0.8119383825417201
Bot,0.09479916067146282,0.8119383825417201
Bot,0.09555102349120025,0.8119383825417201
Bot,0.09594963592233009,0.8119383825417201
Bot,0.09700176366843033,0.8119383825417201
Bot,0.10803655307882826,0.8119383825417201
Bot,0.10864897363222537,0.8119383825417201
Bot,0.10928725701943845,0.8119383825417201
Bot,0.10982809515540892,0.8119383825417201
Bot,0.1107414864746564,0.8119383825417201
Bot,0.11131643787398804,0.8119383825417201
Bot,0.11183803377243391,0.8119383825417201
Bot,0.1137385362344902,0.8119383825417201
Bot,0.12061885206761531,0.8106546854942234
Bot,0.12375073486184597,0.8106546854942234
Bot,0.1242621015348288,0.8106546854942234
Bot,0.1254843517138599,0.8106546854942234
Bot,0.1262368815592204,0.8106546854942234
Bot,0.12690916398713825,0.8106546854942234
Bot,0.12767893247068338,0.8106546854942234
Bot,0.1281973203410475,0.8106546854942234
Bot,0.15222369531155838,0.8106546854942234
Bot,0.15535055350553506,0.8106546854942234
Bot,0.15898791540785498,0.8106546854942234
Bot,0.16038095238095237,0.8106546854942234
Bot,0.1622976098689283,0.8106546854942234
Bot,0.164388910581804,0.8106546854942234
Bot,0.16978591625151473,0.8093709884467266
Bot,0.1708209157409916,0.8093709884467266
Bot,0.1723619464188081,0.8093709884467266
Bot,0.1751145674211915,0.8093709884467266
Bot,0.1756267409470752,0.8093709884467266
Bot,0.18209386281588447,0.8093709884467266
Bot,0.1839801575722206,0.8093709884467266
Bot,0.186787142645534,0.8093709884467266
Bot,0.18973818838399037,0.8093709884467266
Bot,0.19106060606060607,0.8093709884467266
Bot,0.198426435877262,0.8093709884467266
Bot,0.19898846214635688,0.8080872913992297
Bot,0.20076542816137777,0.8080872913992297
Bot,0.20166586576966203,0.8080872913992297
Bot,0.20352408664726804,0.8080872913992297
Bot,0.20646113479829453,0.8080872913992297
Bot,0.20755028025057698,0.8080872913992297
Bot,0.20840920377420957,0.8080872913992297
Bot,0.2119885502609867,0.8080872913992297
Bot,0.21310088016249154,0.8080872913992297
Bot,0.21495646235274032,0.8080872913992297
Bot,0.21684464347227006,0.8080872913992297
Bot,0.2182890855457227,0.8074454428754814
Bot,0.21920195155950514,0.8074454428754814
Bot,0.23309245877339263,0.8074454428754814
Bot,0.25024865725084544,0.8074454428754814
Bot,0.25205369665397714,0.8074454428754814
Bot,0.25419276621539705,0.8074454428754814
Bot,0.2558470612161887,0.8074454428754814
Bot,0.26340033500837523,0.8074454428754814
Bot,0.2684592402902262,0.8074454428754814
Bot,0.2703632065334193,0.8074454428754814
Bot,0.2728258512253307,0.8074454428754814
Bot,0.2746125300152805,0.8074454428754814
Bot,0.2753940455341506,0.8074454428754814
Bot,0.2774591971768858,0.8074454428754814
Bot,0.2786267995570321,0.8074454428754814
Bot,0.2819937135159407,0.8061617458279846
Bot,0.2853896841626903,0.8061617458279846
Bot,0.28807339449541286,0.8061617458279846
Bot,0.28946761926711223,0.8061617458279846
Bot,0.2902703951929744,0.8061617458279846
Bot,0.2931155192532089,0.8061617458279846
Bot,0.2949741662752466,0.8061617458279846
Bot,0.299261377174172,0.8061617458279846
Bot,0.3064161990729446,0.8061617458279846
Bot,0.3100469019995063,0.8061617458279846
Bot,0.32122762148337597,0.8061617458279846
Bot,0.3257261410788382,0.8061617458279846
Bot,0.33139841688654353,0.8061617458279846
Bot,0.33404255319148934,0.8061617458279846
Bot,0.3483083749306711,0.8061617458279846
Bot,0.35949584646233174,0.8055198973042362
Bot,0.36198442457456015,0.8055198973042362
Bot,0.3654630168899243,0.8055198973042362
Bot,0.3700973164258331,0.8055198973042362
Bot,0.38437978560490044,0.8055198973042362
Bot,0.38627269929208985,0.8055198973042362
Bot,0.3901526955437831,0.803594351732991
Bot,0.39161714106975287,0.803594351732991
Bot,0.39296924042686754,0.803594351732991
Bot,0.3954516740366393,0.803594351732991
Bot,0.40348050273928454,0.803594351732991
Bot,0.4050469103849887,0.803594351732991
Bot,0.40834964122635353,0.803594351732991
Bot,0.41035725991478206,0.803594351732991
Bot,0.4159468438538206,0.803594351732991
Bot,0.4187290969899666,0.803594351732991
Bot,0.42225969645868466,0.803594351732991
Bot,0.42368866328257193,0.803594351732991
Bot,0.4262853251617297,0.803594351732991
Bot,0.43142660234321156,0.803594351732991
Bot,0.4342698577870274,0.803594351732991
Bot,0.43822191109555475,0.803594351732991
Bot,0.44007029876977155,0.803594351732991
Bot,0.44919210053859965,0.8029525032092426
Bot,0.4547437295528899,0.8029525032092426
Bot,0.45891415994130597,0.8029525032092426
Bot,0.46350500185253796,0.8029525032092426
Bot,0.4673141576391483,0.8029525032092426
Bot,0.47350492051476156,0.8029525032092426
Bot,0.4850717332299341,0.8029525032092426
Bot,0.4882903981264637,0.8029525032092426
Bot,0.49444885011895323,0.800385109114249
Bot,0.4986005597760896,0.800385109114249
Bot,0.5018108651911469,0.800385109114249
Bot,0.5106470106470107,0.800385109114249
Bot,0.5152892561983471,0.800385109114249
Bot,0.5200166805671392,0.800385109114249
Bot,0.5268272074355724,0.800385109114249
Bot,0.5342759211653814,0.800385109114249
Bot,0.5426829268292683,0.7997432605905006
Bot,0.5472112428634168,0.7997432605905006
Bot,0.5545171339563862,0.7997432605905006
Bot,0.5632911392405063,0.7997432605905006
Bot,0.5672594619243047,0.7984595635430038
Bot,0.5719540229885057,0.7984595635430038
Bot,0.5778707577870758,0.7978177150192555
Bot,0.5820056232427366,0.7971758664955071
Bot,0.583804143126177,0.7958921694480102
Bot,0.5885144755576649,0.7958921694480102
Bot,0.5933014354066986,0.7958921694480102
Bot,0.6142005958291956,0.7939666238767651
Bot,0.6214177978883861,0.7933247753530167
Bot,0.6414405010438413,0.788831835686778
Bot,1.0,0.0
Web Attack,0.000858176242879389,1.0
Web Attack,0.0008374669190409709,0.9615160349854227
Web Attack,0.0008359947016423284,0.9597667638483965
Web Attack,0.0008360006460466718,0.9597667638483965
Web Attack,0.0008355173604762195,0.9591836734693877
Web Attack,0.0008355279698702012,0.9591836734693877
Web Attack,0.0008355351844120118,0.9591836734693877
Web Attack,0.0008355496138694124,0.9591836734693877
Web Attack,0.0008355729566939553,0.9591836734693877
Web Attack,0.0008355882363399102,0.9591836734693877
Web Attack,0.0008356026676297686,0.9591836734693877
Web Attack,0.0008356137036583625,0.9591836734693877
Web Attack,0.0008356480870008717,0.9591836734693877
Web Attack,0.0008356650674729691,0.9591836734693877
Web Attack,0.0008356752560874751,0.9591836734693877
Web Attack,0.0008356973322712272,0.9591836734693877
Web Attack,0.0008357075216725124,0.9591836734693877
Web Attack,0.0008357189850459646,0.9591836734693877
Web Attack,0.0008357283258050045,0.9591836734693877
Web Attack,0.0008357465833460346,0.9591836734693877
Web Attack,0.0008357622939617318,0.9591836734693877
Web Attack,0.0008357792790755925,0.9591836734693877
Web Attack,0.000835799237466568,0.9591836734693877
Web Attack,0.000835811128024925,0.9591836734693877
Web Attack,0.0008358548712046727,0.9591836734693877
Web Attack,0.00083587313427527,0.9591836734693877
Web Attack,0.0008358871506614179,0.9591836734693877
Web Attack,0.0008358956456696794,0.9591836734693877
Web Attack,0.0008359338753437111,0.9591836734693877
Web Attack,0.0008359389728977913,0.9591836734693877
Web Attack,0.0008359470441522328,0.9591836734693877
Web Attack,0.0008359589389165565,0.9591836734693877
Web Attack,0.0008359729581805163,0.9591836734693877
Web Attack,0.0008360060964918745,0.9591836734693877
Web Attack,0.0008360201173375834,0.9591836734693877
Web Attack,0.0008360324390750889,0.9591836734693877
Web Attack,0.0008360434864588908,0.9591836734693877
Web Attack,0.0008361131766862166,0.9591836734693877
Web Attack,0.0008361310260522162,0.9591836734693877
Web Attack,0.0008361450510887168,0.9591836734693877
Web Attack,0.0008362249602729601,0.9591836734693877
Web Attack,0.0008365051881119646,0.9591836734693877
Web Attack,0.0008365307113562222,0.9591836734693877
Web Attack,0.0008366617551993824,0.9591836734693877
Web Attack,0.0008367894347830732,0.9591836734693877
Web Attack,0.0008369231144936259,0.9591836734693877
Web Attack,0.0008369469599491625,0.9591836734693877
Web Attack,0.0008369865634400199,0.9591836734693877
Web Attack,0.0008373273934838113,0.9591836734693877
Web Attack,0.00083750089732239,0.9591836734693877
Web Attack,0.0008375473761600922,0.9591836734693877
Web Attack,0.0008376254210404377,0.9591836734693877
Web Attack,0.0008377853945230735,0.9591836734693877
Web Attack,0.0008381345621218205,0.9591836734693877
Web Attack,0.0008384502584924307,0.9591836734693877
Web Attack,0.0008384861578423432,0.9591836734693877
Web Attack,0.000838552836220181,0.9591836734693877
Web Attack,0.0008386229454375088,0.9591836734693877
Web Attack,0.0008388098181031986,0.9591836734693877
Web Attack,0.0008388269273132246,0.9591836734693877
Web Attack,0.0008388752646026766,0.9591836734693877
Web Attack,0.0008389287415456892,0.9591836734693877
Web Attack,0.00083896339824547,0.9591836734693877
Web Attack,0.000839019881965969,0.9591836734693877
Web Attack,0.0008395898514257715,0.9591836734693877
Web Attack,0.0008396018500843685,0.9591836734693877
Web Attack,0.000839699137585597,0.9591836734693877
Web Attack,0.0008398388938836754,0.9591836734693877
Web Attack,0.0008399945668436528,0.9591836734693877
Web Attack,0.0008400095796837172,0.9591836734693877
Web Attack,0.0008401537302570258,0.9591836734693877
Web Attack,0.0008402601588474798,0.9591836734693877
Web Attack,0.0008403584575820768,0.9591836734693877
Web Attack,0.0008403915151620423,0.9591836734693877
Web Attack,0.0008405864789748626,0.9591836734693877
Web Attack,0.0008407896983072782,0.9591836734693877
Web Attack,0.0008410996572710636,0.9591836734693877
Web Attack,0.0008411934207935855,0.9591836734693877
Web Attack,0.0008413203359144052,0.9591836734693877
Web Attack,0.0008414632150135452,0.9591836734693877
Web Attack,0.0008415381168167453,0.9591836734693877
Web Attack,0.0008417172464537864,0.9591836734693877
Web Attack,0.0008418236407618683,0.9591836734693877
Web Attack,0.0008419227365713324,0.9591836734693877
Web Attack,0.0008419895316900292,0.9591836734693877
Web Attack,0.0008421343626655472,0.9591836734693877
Web Attack,0.0008422706182215136,0.9591836734693877
Web Attack,0.000842377152478458,0.9591836734693877
Web Attack,0.0008425613866153105,0.9591836734693877
Web Attack,0.0008427642667950878,0.9591836734693877
Web Attack,0.0008429002943746012,0.9591836734693877
Web Attack,0.00084298754786965,0.9591836734693877
Web Attack,0.0008432705981018466,0.9591836734693877
Web Attack,0.0008438368363248931,0.9591836734693877
Web Attack,0.0008441048639939245,0.9591836734693877
Web Attack,0.0008450931426214122,0.9591836734693877
Web Attack,0.0008451960495176987,0.9591836734693877
Web Attack,0.000847299612353989,0.9591836734693877
Web Attack,0.0008487352554822106,0.9591836734693877
Web Attack,0.0008488657708423639,0.9591836734693877
Web Attack,0.0008496071406252179,0.9591836734693877
Web Attack,0.000850217955569522,0.9591836734693877
Web Attack,0.0008504799395306178,0.9591836734693877
Web Attack,0.0008521956081620135,0.9591836734693877
Web Attack,0.0008522830305008523,0.9591836734693877
Web Attack,0.0008534725176661029,0.9591836734693877
Web Attack,0.0008554053035128818,0.9591836734693877
Web Attack,0.0008562298922607748,0.9591836734693877
Web Attack,0.0008601995349170417,0.9591836734693877
Web Attack,0.0008622384128523318,0.9591836734693877
Web Attack,0.0008629598736773632,0.9591836734693877
Web Attack,0.000863880298225133,0.9591836734693877
Web Attack,0.0008645186312962051,0.9591836734693877
Web Attack,0.0008656209054026321,0.9591836734693877
Web Attack,0.0008664475177727084,0.9591836734693877
Web Attack,0.0008666150385367113,0.9591836734693877
Web Attack,0.0008691443709561011,0.9591836734693877
Web Attack,0.0008724133871171325,0.9591836734693877
Web Attack,0.0008775945054581576,0.9591836734693877
Web Attack,0.0008842584250625947,0.958600583090379
Web Attack,0.0008865267349285063,0.958600583090379
Web Attack,0.0008872894171847019,0.958600583090379
Web Attack,0.000891967248959236,0.958600583090379
Web Attack,0.0008975028783965489,0.958600583090379
Web Attack,0.0008987275133620117,0.958600583090379
Web Attack,0.0009102904346969049,0.958600583090379
Web Attack,0.0009120139531477796,0.958600583090379
Web Attack,0.0009204911749868281,0.958600583090379
Web Attack,0.0010398484087091576,0.9580174927113703
Web Attack,0.0010500455680152157,0.9580174927113703
Web Attack,0.001076832630846962,0.9580174927113703
Web Attack,0.0010881861268521682,0.9580174927113703
Web Attack,0.001096636869024981,0.9580174927113703
Web Attack,0.0011272247767161877,0.9580174927113703
Web Attack,0.0014974537813899874,0.9574344023323615
Web Attack,0.0015605282402357625,0.9568513119533528
Web Attack,0.001620246265584133,0.9568513119533528
Web Attack,0.0016633706721700145,0.9568513119533528
Web Attack,0.0018891861648484736,0.9568513119533528
Web Attack,0.0019027256167625374,0.9568513119533528
Web Attack,0.0019324320027697013,0.9568513119533528
Web Attack,0.001960652960837183,0.9556851311953353
Web Attack,0.002020655590480467,0.9551020408163265
Web Attack,0.0027876485724788627,0.9551020408163265
Web Attack,0.002859976393845638,0.9551020408163265
Web Attack,0.0037144486372403577,0.9533527696793003
Web Attack,0.0039816769800623915,0.9533527696793003
Web Attack,0.004009505102003281,0.9533527696793003
Web Attack,0.004028244523065704,0.9533527696793003
Web Attack,0.004094399062420178,0.9533527696793003
Web Attack,0.004139303381823521,0.9533527696793003
Web Attack,0.004190448852175829,0.9533527696793003
Web Attack,0.004240794104907131,0.9533527696793003
Web Attack,0.004328076110608154,0.9533527696793003
Web Attack,0.004369764968115415,0.9533527696793003
Web Attack,0.004391489910316912,0.9533527696793003
Web Attack,0.004481305964933438,0.9533527696793003
Web Attack,0.004508926847832682,0.9533527696793003
Web Attack,0.004546996757309958,0.9533527696793003
Web Attack,0.004567090135085309,0.9533527696793003
Web Attack,0.004632515441718139,0.9533527696793003
Web Attack,0.004644582882368482,0.9533527696793003
Web Attack,0.004655069327790906,0.9533527696793003
Web Attack,0.0047335873354101285,0.9533527696793003
Web Attack,0.0047638217928073,0.9521865889212828
Web Attack,0.004770919884773374,0.9521865889212828
Web Attack,0.004776292275158893,0.9521865889212828
Web Attack,0.004784324525449501,0.9521865889212828
Web Attack,0.004844044317221127,0.9521865889212828
Web Attack,0.004873884871258405,0.9521865889212828
Web Attack,0.005070751421394038,0.9521865889212828
Web Attack,0.0052007860097900895,0.9521865889212828
Web Attack,0.005283583636764153,0.9510204081632653
Web Attack,0.005417272829935498,0.9510204081632653
Web Attack,0.005488422490754481,0.9510204081632653
Web Attack,0.0055202057808163545,0.9510204081632653
Web Attack,0.00552765181555063,0.9510204081632653
Web Attack,0.0055612384069830875,0.9510204081632653
Web Attack,0.005606679889860194,0.9510204081632653
Web Attack,0.005697518033989485,0.9510204081632653
Web Attack,0.00577731650555593,0.9510204081632653
Web Attack,0.005821153880471831,0.9510204081632653
Web Attack,0.005881037889605239,0.9510204081632653
Web Attack,0.0059087994377402375,0.9510204081632653
Web Attack,0.005947085162551231,0.9510204081632653
Web Attack,0.005969788696565633,0.9510204081632653
Web Attack,0.0060346008463250025,0.9504373177842566
Web Attack,0.006042923291947342,0.9504373177842566
Web Attack,0.006049135307652342,0.9504373177842566
Web Attack,0.006062815229196733,0.9504373177842566
Web Attack,0.006078914000149176,0.9504373177842566
Web Attack,0.006127888660398426,0.9504373177842566
Web Attack,0.006209500154285127,0.9504373177842566
Web Attack,0.0062247002214924005,0.9504373177842566
Web Attack,0.0062428905732352345,0.9504373177842566
Web Attack,0.006307439295733772,0.9504373177842566
Web Attack,0.006326436353333411,0.9504373177842566
Web Attack,0.006347179009917954,0.9504373177842566
Web Attack,0.006365098951906406,0.9504373177842566
Web Attack,0.006912755093385808,0.9504373177842566
Web Attack,0.006984467059453669,0.9504373177842566
Web Attack,0.007001567835742359,0.9504373177842566
Web Attack,0.00715901354942135,0.9504373177842566
Web Attack,0.008088848306800588,0.9504373177842566
Web Attack,0.009362489158467309,0.9504373177842566
Web Attack,0.009570221796356497,0.9492711370262391
Web Attack,0.009668491881555035,0.9492711370262391
Web Attack,0.00969601677148847,0.9492711370262391
Web Attack,0.009724047306176084,0.9492711370262391
Web Attack,0.00974266906044285,0.9492711370262391
Web Attack,0.010216440436520638,0.9492711370262391
Web Attack,0.01110550227158001,0.9492711370262391
Web Attack,0.011195697771175891,0.9492711370262391
Web Attack,0.011235334713595583,0.9492711370262391
Web Attack,0.011257476748608374,0.9492711370262391
Web Attack,0.01127650289878161,0.9492711370262391
Web Attack,0.011318918167280818,0.9492711370262391
Web Attack,0.013694712225979575,0.9492711370262391
Web Attack,0.014607447285778376,0.9492711370262391
Web Attack,0.016815749788253766,0.9492711370262391
Web Attack,0.017259841184016623,0.9492711370262391
Web Attack,0.01741604886763589,0.9492711370262391
Web Attack,0.02334317914599524,0.9492711370262391
Web Attack,0.0237494347109367,0.9492711370262391
Web Attack,0.023877970079202112,0.9492711370262391
Web Attack,0.028823852268904587,0.9492711370262391
Web Attack,0.029040313949339994,0.9492711370262391
Web Attack,0.02926794189558464,0.9492711370262391
Web Attack,0.02941761081295965,0.9492711370262391
Web Attack,0.04865656475088915,0.9492711370262391
Web Attack,0.049895795022679906,0.9492711370262391
Web Attack,0.08265218053510687,0.9492711370262391
Web Attack,0.09065597505290121,0.9492711370262391
Web Attack,0.09762532981530343,0.9492711370262391
Web Attack,0.10226773038507445,0.9492711370262391
Web Attack,0.10457348406988695,0.9492711370262391
Web Attack,0.10544724399248656,0.9492711370262391
Web Attack,0.10607245243679958,0.9492711370262391
Web Attack,0.10651661868620779,0.9492711370262391
Web Attack,0.11195158850226929,0.9492711370262391
Web Attack,0.1140215716486903,0.9492711370262391
Web Attack,0.11490683229813664,0.9492711370262391
Web Attack,0.11880610085382763,0.9492711370262391
Web Attack,0.11947746954351975,0.9492711370262391
Web Attack,0.11993517017828201,0.9492711370262391
Web Attack,0.12064621313176227,0.9492711370262391
Web Attack,0.12156511350059737,0.9492711370262391
Web Attack,0.12326796395850685,0.9492711370262391
Web Attack,0.13143872113676733,0.9492711370262391
Web Attack,0.13187525313892265,0.9492711370262391
Web Attack,0.13234696366149093,0.9492711370262391
Web Attack,0.13268133659331705,0.9492711370262391
Web Attack,0.13348638897999343,0.9492711370262391
Web Attack,0.13402486210586975,0.9492711370262391
Web Attack,0.13483518303793274,0.9492711370262391
Web Attack,0.135395874916833,0.9492711370262391
Web Attack,0.13663449433487201,0.9492711370262391
Web Attack,0.137002440461163,0.9492711370262391
Web Attack,0.13733760755863,0.9492711370262391
Web Attack,0.13762786372474428,0.9492711370262391
Web Attack,0.13843537414965987,0.9492711370262391
Web Attack,0.13955083147608435,0.9492711370262391
Web Attack,0.1412703922249219,0.9492711370262391
Web Attack,0.14200976971388696,0.9492711370262391
Web Attack,0.14730365544697793,0.9492711370262391
Web Attack,0.14814814814814814,0.9492711370262391
Web Attack,0.14882530395831428,0.9492711370262391
Web Attack,0.15121679360951143,0.9492711370262391
Web Attack,0.15459120691292375,0.9492711370262391
Web Attack,0.155714968914395,0.9492711370262391
Web Attack,0.15638808837656099,0.9492711370262391
Web Attack,0.15782840523509453,0.9492711370262391
Web Attack,0.158984375,0.9492711370262391
Web Attack,0.18548478979150052,0.9492711370262391
Web Attack,0.19121447028423771,0.9492711370262391
Web Attack,0.19362511893434825,0.9492711370262391
Web Attack,0.1942257217847769,0.9492711370262391
Web Attack,0.1957436575688349,0.9492711370262391
Web Attack,0.2055036606917445,0.9492711370262391
Web Attack,0.2066776691633871,0.9492711370262391
Web Attack,0.2076530612244898,0.9492711370262391
Web Attack,0.21039699987068408,0.9486880466472303
Web Attack,0.21351706036745408,0.9486880466472303
Web Attack,0.21558235060288858,0.9486880466472303
Web Attack,0.2197164078325456,0.9486880466472303
Web Attack,0.22429004687069204,0.9486880466472303
Web Attack,0.22534626038781164,0.9486880466472303
Web Attack,0.22815874351423363,0.9486880466472303
Web Attack,0.2340670407135664,0.9486880466472303
Web Attack,0.23617361010306284,0.9486880466472303
Web Attack,0.23682678311499272,0.9486880466472303
Web Attack,0.23831844148234949,0.9486880466472303
Web Attack,0.24064487501848839,0.9486880466472303
Web Attack,0.24892900856793146,0.9486880466472303
Web Attack,0.2501922189758573,0.9486880466472303
Web Attack,0.25115776474220436,0.9486880466472303
Web Attack,0.25386175690435325,0.9486880466472303
Web Attack,0.2562608284769255,0.9486880466472303
Web Attack,0.25895272958777654,0.9486880466472303
Web Attack,0.2598626417505191,0.9486880466472303
Web Attack,0.2622501611863314,0.9486880466472303
Web Attack,0.26301325573876494,0.9486880466472303
Web Attack,0.2636525684654027,0.9486880466472303
Web Attack,0.2658931197908155,0.9486880466472303
Web Attack,0.2665465268676278,0.9486880466472303
Web Attack,0.27130231782557945,0.9486880466472303
Web Attack,0.27441389779052117,0.9486880466472303
Web Attack,0.2766065963957837,0.9486880466472303
Web Attack,0.2781196581196581,0.9486880466472303
Web Attack,0.27988990194391883,0.9486880466472303
Web Attack,0.2812445980985307,0.9486880466472303
Web Attack,0.2928892889288929,0.9486880466472303
Web Attack,0.29512062397968436,0.9486880466472303
Web Attack,0.2968436416712279,0.9486880466472303
Web Attack,0.2979307819080754,0.9486880466472303
Web Attack,0.2992459076696708,0.9486880466472303
Web Attack,0.30051717768747693,0.9486880466472303
Web Attack,0.3029795158286778,0.9486880466472303
Web Attack,0.30371476572708606,0.9486880466472303
Web Attack,0.30531056483392754,0.9486880466472303
Web Attack,0.30628765060240964,0.9486880466472303
Web Attack,0.30756143667296787,0.9486880466472303
Web Attack,0.3082763857251329,0.9469387755102041
Web Attack,0.3094512195121951,0.9469387755102041
Web Attack,0.31063504208110176,0.9469387755102041
Web Attack,0.31874386653581943,0.9469387755102041
Web Attack,0.32088520055325037,0.9469387755102041
Web Attack,0.32357043235704325,0.9469387755102041
Web Attack,0.32558139534883723,0.9469387755102041
Web Attack,0.326423827731938,0.9457725947521866
Web Attack,0.33422625180300847,0.9457725947521866
Web Attack,0.33574829227903125,0.9457725947521866
Web Attack,0.33735440931780364,0.9457725947521866
Web Attack,0.3389051399916423,0.9457725947521866
Web Attack,0.3414018101452326,0.9457725947521866
Web Attack,0.34621131270010674,0.9457725947521866
Web Attack,0.3549375957959273,0.9451895043731778
Web Attack,0.35720581754076686,0.9451895043731778
Web Attack,0.35950321579064093,0.9451895043731778
Web Attack,0.36369755440879514,0.9451895043731778
Web Attack,0.3714482126489459,0.9451895043731778
Web Attack,0.3729008511617207,0.9451895043731778
Web Attack,0.3833964049195837,0.9451895043731778
Web Attack,0.38724319159101767,0.9451895043731778
Web Attack,0.39032025042138213,0.9451895043731778
Web Attack,0.39584859584859583,0.9451895043731778
Web Attack,0.40575719649561953,0.9451895043731778
Web Attack,0.41106318193351943,0.9446064139941691
Web Attack,0.4153846153846154,0.9446064139941691
Web Attack,0.42121684867394693,0.9446064139941691
Web Attack,0.4251968503937008,0.9446064139941691
Web Attack,0.43985881075210426,0.9446064139941691
Web Attack,0.4550561797752809,0.9446064139941691
Web Attack,0.45775642836959596,0.9446064139941691
Web Attack,0.46310068649885583,0.9440233236151604
Web Attack,0.47475044039929537,0.9428571428571428
Web Attack,0.47685048658212914,0.9428571428571428
Web Attack,0.47939519715386897,0.9428571428571428
Web Attack,0.48587740384615385,0.9428571428571428
Web Attack,0.4941931540342298,0.9428571428571428
Web Attack,0.4969268592501537,0.9428571428571428
Web Attack,0.5113851992409867,0.9428571428571428
Web Attack,0.5152963671128107,0.9428571428571428
Web Attack,0.5196015424164524,0.9428571428571428
Web Attack,0.5343688037012558,0.9428571428571428
Web Attack,0.5372093023255814,0.9428571428571428
Web Attack,0.5408026755852843,0.9428571428571428
Web Attack,0.5472081218274112,0.9428571428571428
Web Attack,0.5503744043567053,0.9428571428571428
Web Attack,0.5531987683886418,0.9428571428571428
Web Attack,0.5558611206600206,0.9428571428571428
Web Attack,0.5606796116504854,0.9428571428571428
Web Attack,0.568765388673936,0.9428571428571428
Web Attack,0.5758547008547008,0.9428571428571428
Web Attack,0.5789473684210527,0.9428571428571428
Web Attack,0.6120363361090083,0.9428571428571428
Web Attack,0.6176470588235294,0.9428571428571428
Web Attack,0.6267441860465116,0.9428571428571428
Web Attack,0.631393986723936,0.9428571428571428
Web Attack,0.6414121380404602,0.9428571428571428
Web Attack,0.6452513966480447,0.9428571428571428
Web Attack,0.6646115906288532,0.9428571428571428
Web Attack,0.7051897078063672,0.9428571428571428
Web Attack,0.7348794906775807,0.9422740524781341
Web Attack,0.7382366377341252,0.9422740524781341
Web Attack,0.7420689655172413,0.9411078717201167
Web Attack,0.7479147358665431,0.9411078717201167
Web Attack,0.7674750356633381,0.9411078717201167
Web Attack,0.7842565597667639,0.9411078717201167
Web Attack,0.7902988731014209,0.9405247813411078
Web Attack,0.7989103516592373,0.9405247813411078
Web Attack,0.806903451725863,0.9405247813411078
Web Attack,0.8142352347299344,0.9405247813411078
Web Attack,0.8225395206527282,0.9405247813411078
Web Attack,0.8602666666666666,0.9405247813411078
Web Attack,0.8741865509761388,0.9399416909620991
Web Attack,0.8796498905908097,0.9376093294460641
Web Attack,0.8871681415929203,0.9352769679300291
Web Attack,0.8888888888888888,0.9282798833819242
Web Attack,1.0,0.0
SSH-Patator,0.0012885153500958755,1.0
SSH-Patator,0.001302656425255207,0.9976699029126214
SSH-Patator,0.0013027059672452359,0.9976699029126214
SSH-Patator,0.0013027297487389789,0.9976699029126214
SSH-Patator,0.0013027389973321488,0.9976699029126214
SSH-Patator,0.0013027495673137142,0.9976699029126214
SSH-Patator,0.0013027713684424047,0.9976699029126214
SSH-Patator,0.0013027819389492751,0.9976699029126214
SSH-Patator,0.0013027905276124145,0.9976699029126214
SSH-Patator,0.0013027971343534267,0.9976699029126214
SSH-Patator,0.0013028116694195262,0.9976699029126214
SSH-Patator,0.0013028169549785206,0.9976699029126214
SSH-Patator,0.0013028268655172308,0.9976699029126214
SSH-Patator,0.0013028341333414476,0.9976699029126214
SSH-Patator,0.0013028400798033924,0.9976699029126214
SSH-Patator,0.0013028532943576158,0.9976699029126214
SSH-Patator,0.0013028618839616129,0.9976699029126214
SSH-Patator,0.0013028724559374012,0.9976699029126214
SSH-Patator,0.0013028830280847619,0.9976699029126214
SSH-Patator,0.001302892939628739,0.9976699029126214
SSH-Patator,0.001302910119995537,0.9976699029126214
SSH-Patator,0.001302949768725148,0.9976699029126214
SSH-Patator,0.001302960342127259,0.9976699029126214
SSH-Patator,0.0013029669505907223,0.9976699029126214
SSH-Patator,0.001302978185132456,0.9976699029126214
SSH-Patator,0.0013029880981242855,0.9976699029126214
SSH-Patator,0.0013030019765662526,0.9976699029126214
SSH-Patator,0.0013030118899200948,0.9976699029126214
SSH-Patator,0.001303027090688961,0.9976699029126214
SSH-Patator,0.0013030984729552539,0.9976699029126214
SSH-Patator,0.0013031196247583598,0.9976699029126214
SSH-Patator,0.0013031381331493688,0.9976699029126214
SSH-Patator,0.0013031559810243445,0.9976699029126214
SSH-Patator,0.0013031870507137092,0.9976699029126214
SSH-Patator,0.0013031943225570812,0.9976699029126214
SSH-Patator,0.0013032095275827417,0.9976699029126214
SSH-Patator,0.0013032234107421322,0.9976699029126214
SSH-Patator,0.0013032432443400993,0.9976699029126214
SSH-Patator,0.001303261095094432,0.9976699029126214
SSH-Patator,0.0013032670454545454,0.9976699029126214
SSH-Patator,0.0013032743181906961,0.9976699029126214
SSH-Patator,0.0013032842356889853,0.9976699029126214
SSH-Patator,0.0013033001040002028,0.9976699029126214
SSH-Patator,0.0013033113442877777,0.9976699029126214
SSH-Patator,0.001303317956312214,0.9976699029126214
SSH-Patator,0.0013033391152412546,0.9976699029126214
SSH-Patator,0.0013033615973561394,0.9976699029126214
SSH-Patator,0.0013033953219827843,0.9976699029126214
SSH-Patator,0.0013034502108910393,0.9976699029126214
SSH-Patator,0.0013034581470193225,0.9976699029126214
SSH-Patator,0.0013034786491313525,0.9976699029126214
SSH-Patator,0.0013034958449484335,0.9976699029126214
SSH-Patator,0.0013035031202383955,0.9976699029126214
SSH-Patator,0.0013035388364761524,0.9976699029126214
SSH-Patator,0.0013035553724342437,0.9976699029126214
SSH-Patator,0.001303577200541322,0.9976699029126214
SSH-Patator,0.0013036129208388793,0.9976699029126214
SSH-Patator,0.0013036373969877806,0.9976699029126214
SSH-Patator,0.0013036724590185563,0.9976699029126214
SSH-Patator,0.0013036995837701834,0.9976699029126214
SSH-Patator,0.0013037300177619893,0.9976699029126214
SSH-Patator,0.0013037882432709504,0.9976699029126214
SSH-Patator,0.0013038080940650087,0.9976699029126214
SSH-Patator,0.0013038286071872472,0.9976699029126214
SSH-Patator,0.001303847797466607,0.9976699029126214
SSH-Patator,0.001303884194375686,0.9976699029126214
SSH-Patator,0.0013039146369874242,0.9976699029126214
SSH-Patator,0.001303949713933025,0.9976699029126214
SSH-Patator,0.0013039808214825384,0.9976699029126214
SSH-Patator,0.0013040066352568065,0.9976699029126214
SSH-Patator,0.0013041085765571128,0.9976699029126214
SSH-Patator,0.001304202588504538,0.9976699029126214
SSH-Patator,0.001304399925259763,0.9976699029126214
SSH-Patator,0.0013044674837741307,0.9976699029126214
SSH-Patator,0.0013045092145879573,0.9976699029126214
SSH-Patator,0.0013045827468043056,0.9976699029126214
SSH-Patator,0.0013046185222313294,0.9976699029126214
SSH-Patator,0.0013046317728874258,0.9976699029126214
SSH-Patator,0.0013046708638911897,0.9976699029126214
SSH-Patator,0.0013047550168820774,0.9976699029126214
SSH-Patator,0.0013047722463921955,0.9976699029126214
SSH-Patator,0.0013047861628671775,0.9976699029126214
SSH-Patator,0.0013048246003879427,0.9976699029126214
SSH-Patator,0.0013049339608936334,0.9976699029126214
SSH-Patator,0.0013050327324967373,0.9976699029126214
SSH-Patator,0.0013050466545289031,0.9976699029126214
SSH-Patator,0.001305121573420836,0.9976699029126214
SSH-Patator,0.0013052117526976832,0.9976699029126214
SSH-Patator,0.0013053755660523084,0.9976699029126214
SSH-Patator,0.0013054027617220747,0.9976699029126214
SSH-Patator,0.001305491653034976,0.9976699029126214
SSH-Patator,0.001305535439773348,0.9976699029126214
SSH-Patator,0.0013056323117823533,0.9976699029126214
SSH-Patator,0.0013059834273804077,0.9976699029126214
SSH-Patator,0.0013084258755604993,0.9976699029126214
SSH-Patator,0.0013087844963293918,0.9976699029126214
SSH-Patator,0.0013163497401374967,0.9976699029126214
SSH-Patator,0.001319532939784817,0.9976699029126214
SSH-Patator,0.0013205388250751252,0.9976699029126214
SSH-Patator,0.0013380508000960438,0.9976699029126214
SSH-Patator,0.002261857576958647,0.9972815533980582
SSH-Patator,0.004068847175811274,0.9972815533980582
SSH-Patator,0.004196489851946269,0.9972815533980582
SSH-Patator,0.005064619256203074,0.9972815533980582
SSH-Patator,0.005542904628800224,0.9972815533980582
SSH-Patator,0.006041500023526091,0.9972815533980582
SSH-Patator,0.006150765612238299,0.9972815533980582
SSH-Patator,0.006292436579443237,0.9972815533980582
SSH-Patator,0.0064101284022605185,0.9972815533980582
SSH-Patator,0.006541925129602976,0.9972815533980582
SSH-Patator,0.006717554056952721,0.9972815533980582
SSH-Patator,0.006803315821683185,0.9972815533980582
SSH-Patator,0.007061346825418649,0.9972815533980582
SSH-Patator,0.00712484289554947,0.9972815533980582
SSH-Patator,0.007252495869635822,0.9972815533980582
SSH-Patator,0.007292202057604989,0.9972815533980582
SSH-Patator,0.007326070025589894,0.9972815533980582
SSH-Patator,0.007394588244102039,0.9972815533980582
SSH-Patator,0.007397762234539022,0.9972815533980582
SSH-Patator,0.007413501926990863,0.9972815533980582
SSH-Patator,0.007422179831787046,0.9972815533980582
SSH-Patator,0.007429609656178033,0.9972815533980582
SSH-Patator,0.007435374779949967,0.9972815533980582
SSH-Patator,0.0074861602236519515,0.9972815533980582
SSH-Patator,0.007547746550903202,0.9972815533980582
SSH-Patator,0.00844967540479802,0.9972815533980582
SSH-Patator,0.008459640465280225,0.9972815533980582
SSH-Patator,0.008472143868087928,0.9972815533980582
SSH-Patator,0.008499539939232262,0.9972815533980582
SSH-Patator,0.008512725994974574,0.9972815533980582
SSH-Patator,0.008516932710261776,0.9972815533980582
SSH-Patator,0.008539249623415101,0.9972815533980582
SSH-Patator,0.008545643319223703,0.9972815533980582
SSH-Patator,0.008553584811391457,0.9972815533980582
SSH-Patator,0.008560799007907405,0.9972815533980582
SSH-Patator,0.008567110701882562,0.9972815533980582
SSH-Patator,0.008572973766967343,0.9972815533980582
SSH-Patator,0.008583346703032247,0.9972815533980582
SSH-Patator,0.00864396168112937,0.9972815533980582
SSH-Patator,0.00880368602929077,0.9972815533980582
SSH-Patator,0.008891782026689197,0.9972815533980582
SSH-Patator,0.009073179004494192,0.9972815533980582
SSH-Patator,0.009104704097116844,0.9972815533980582
SSH-Patator,0.009111649641459425,0.9972815533980582
SSH-Patator,0.009114333780531954,0.9972815533980582
SSH-Patator,0.009197938343726383,0.9972815533980582
SSH-Patator,0.009267914177959831,0.9972815533980582
SSH-Patator,0.009276652313383232,0.9972815533980582
SSH-Patator,0.009297711416126895,0.9972815533980582
SSH-Patator,0.009374828876517294,0.9972815533980582
SSH-Patator,0.009405284246148888,0.9972815533980582
SSH-Patator,0.009558478683252563,0.9972815533980582
SSH-Patator,0.009642281856514735,0.9972815533980582
SSH-Patator,0.009646664613119164,0.9972815533980582
SSH-Patator,0.009682162651283792,0.9972815533980582
SSH-Patator,0.009689578797631939,0.9972815533980582
SSH-Patator,0.009693309427196376,0.9972815533980582
SSH-Patator,0.009750985350739297,0.9972815533980582
SSH-Patator,0.009753170350058299,0.9972815533980582
SSH-Patator,0.0097558381169105,0.9972815533980582
SSH-Patator,0.009789271446433472,0.9972815533980582
SSH-Patator,0.009798534798534798,0.9972815533980582
SSH-Patator,0.009808564924449606,0.9972815533980582
SSH-Patator,0.009818352826026281,0.9972815533980582
SSH-Patator,0.00983286428120154,0.9972815533980582
SSH-Patator,0.009846550256516437,0.9972815533980582
SSH-Patator,0.009863493551088134,0.9972815533980582
SSH-Patator,0.009865198667737189,0.9972815533980582
SSH-Patator,0.009866866463028067,0.9972815533980582
SSH-Patator,0.009935081515641563,0.9972815533980582
SSH-Patator,0.00994477705575736,0.9972815533980582
SSH-Patator,0.009957347809228382,0.9972815533980582
SSH-Patator,0.009964341007065836,0.9972815533980582
SSH-Patator,0.009971537628187456,0.9972815533980582
SSH-Patator,0.009998131190431695,0.9972815533980582
SSH-Patator,0.01000845730231543,0.9972815533980582
SSH-Patator,0.010018413907181424,0.9972815533980582
SSH-Patator,0.010041369818019723,0.9972815533980582
SSH-Patator,0.0100949348428563,0.9972815533980582
SSH-Patator,0.010109877996448944,0.9972815533980582
SSH-Patator,0.010118562123952386,0.9972815533980582
SSH-Patator,0.010128060011121934,0.9972815533980582
SSH-Patator,0.010137655785530154,0.9972815533980582
SSH-Patator,0.010141739497889112,0.9972815533980582
SSH-Patator,0.010159956005174931,0.9972815533980582
SSH-Patator,0.010175011787640213,0.9972815533980582
SSH-Patator,0.010182193057235186,0.9972815533980582
SSH-Patator,0.010215691110598382,0.9972815533980582
SSH-Patator,0.010219675262655206,0.9972815533980582
SSH-Patator,0.010239683558688779,0.9972815533980582
SSH-Patator,0.010253420801507668,0.9972815533980582
SSH-Patator,0.011568244987319077,0.9972815533980582
SSH-Patator,0.01579394073582051,0.9972815533980582
SSH-Patator,0.017182889375112913,0.9972815533980582
SSH-Patator,0.017202802824260774,0.9972815533980582
SSH-Patator,0.017211565528612218,0.9972815533980582
SSH-Patator,0.017234320995939734,0.9972815533980582
SSH-Patator,0.017248906830379034,0.9972815533980582
SSH-Patator,0.017254933580600294,0.9972815533980582
SSH-Patator,0.017267580252558534,0.9972815533980582
SSH-Patator,0.017288505298307503,0.9972815533980582
SSH-Patator,0.017303066442966586,0.9972815533980582
SSH-Patator,0.017338464654648573,0.9972815533980582
SSH-Patator,0.017357567236915922,0.9972815533980582
SSH-Patator,0.017370599853892152,0.9972815533980582
SSH-Patator,0.017460004487384332,0.9972815533980582
SSH-Patator,0.017692408385981108,0.9972815533980582
SSH-Patator,0.01794373716058527,0.9972815533980582
SSH-Patator,0.018099675079820413,0.9972815533980582
SSH-Patator,0.018127655969843712,0.9972815533980582
SSH-Patator,0.018142383801846736,0.9972815533980582
SSH-Patator,0.01815405497115711,0.9972815533980582
SSH-Patator,0.02159925310993919,0.9972815533980582
SSH-Patator,0.13872832369942195,0.9972815533980582
SSH-Patator,0.14102141680395386,0.9972815533980582
SSH-Patator,0.14980749037451874,0.9972815533980582
SSH-Patator,0.19168470553108904,0.9972815533980582
SSH-Patator,0.19439818319454957,0.9972815533980582
SSH-Patator,0.1954635408738012,0.9972815533980582
SSH-Patator,0.1967816091954023,0.9972815533980582
SSH-Patator,0.2050954396613689,0.9972815533980582
SSH-Patator,0.21231914014055395,0.9972815533980582
SSH-Patator,0.21297064189749543,0.9972815533980582
SSH-Patator,0.21375062427168304,0.9972815533980582
SSH-Patator,0.21421421421421422,0.9972815533980582
SSH-Patator,0.21952470507779107,0.9972815533980582
SSH-Patator,0.2211505339304168,0.9972815533980582
SSH-Patator,0.22506573181419806,0.9972815533980582
SSH-Patator,0.23351823224515778,0.9972815533980582
SSH-Patator,0.23613793103448275,0.9972815533980582
SSH-Patator,0.24461802248047246,0.9972815533980582
SSH-Patator,0.24673328209069947,0.9972815533980582
SSH-Patator,0.25682568256825683,0.9972815533980582
SSH-Patator,0.2591844973758579,0.9972815533980582
SSH-Patator,0.2607371306731648,0.9972815533980582
SSH-Patator,0.2627378759975445,0.9972815533980582
SSH-Patator,0.2647422680412371,0.9972815533980582
SSH-Patator,0.267027139440574,0.9972815533980582
SSH-Patator,0.2691823899371069,0.9972815533980582
SSH-Patator,0.26988964792433,0.9972815533980582
SSH-Patator,0.27206271850831654,0.9972815533980582
SSH-Patator,0.2727272727272727,0.9972815533980582
SSH-Patator,0.27362812999467234,0.9972815533980582
SSH-Patator,0.2744469381211927,0.9972815533980582
SSH-Patator,0.276843467011643,0.9972815533980582
SSH-Patator,0.27735176584944377,0.9972815533980582
SSH-Patator,0.27822318526543877,0.9972815533980582
SSH-Patator,0.28031874249536076,0.9972815533980582
SSH-Patator,0.28059440559440557,0.9972815533980582
SSH-Patator,0.28182616330114135,0.9972815533980582
SSH-Patator,0.2828505341998017,0.9972815533980582
SSH-Patator,0.2842909332447692,0.9972815533980582
SSH-Patator,0.29023508137432186,0.9972815533980582
SSH-Patator,0.2921169377772722,0.9972815533980582
SSH-Patator,0.2952402851230168,0.9972815533980582
SSH-Patator,0.29729103959249825,0.9972815533980582
SSH-Patator,0.2994053864987758,0.9972815533980582
SSH-Patator,0.30077301475755447,0.9972815533980582
SSH-Patator,0.3022954679223072,0.9972815533980582
SSH-Patator,0.30376153300212916,0.9972815533980582
SSH-Patator,0.3060057197330791,0.9972815533980582
SSH-Patator,0.30876517975231454,0.9972815533980582
SSH-Patator,0.3154016212232867,0.9972815533980582
SSH-Patator,0.3179791976225854,0.9972815533980582
SSH-Patator,0.32116058029014505,0.9972815533980582
SSH-Patator,0.32461130072051575,0.9972815533980582
SSH-Patator,0.32547528517110264,0.9972815533980582
SSH-Patator,0.3293996921498204,0.9972815533980582
SSH-Patator,0.3319974143503555,0.9972815533980582
SSH-Patator,0.3353793914065561,0.9972815533980582
SSH-Patator,0.34108115287554785,0.9972815533980582
SSH-Patator,0.3418985487951005,0.9972815533980582
SSH-Patator,0.3481089873932493,0.9972815533980582
SSH-Patator,0.35043668122270744,0.9972815533980582
SSH-Patator,0.3591608391608392,0.9972815533980582
SSH-Patator,0.3633276740237691,0.9972815533980582
SSH-Patator,0.3660727013542409,0.9972815533980582
SSH-Patator,0.36785560807907175,0.9972815533980582
SSH-Patator,0.3696559666042896,0.9972815533980582
SSH-Patator,0.37478108581436076,0.9972815533980582
SSH-Patator,0.37631887456037516,0.9972815533980582
SSH-Patator,0.38856105310939626,0.9972815533980582
SSH-Patator,0.3903328773369813,0.9972815533980582
SSH-Patator,0.39212093449381585,0.9972815533980582
SSH-Patator,0.3942883463841548,0.9972815533980582
SSH-Patator,0.39532019704433496,0.9972815533980582
SSH-Patator,0.39666357738646896,0.9972815533980582
SSH-Patator,0.3985102420856611,0.9972815533980582
SSH-Patator,0.40415486307837584,0.9972815533980582
SSH-Patator,0.4047919293820933,0.9972815533980582
SSH-Patator,0.4062005694400506,0.9972815533980582
SSH-Patator,0.4075543564513569,0.9972815533980582
SSH-Patator,0.40859188544152747,0.9972815533980582
SSH-Patator,0.4094387755102041,0.9972815533980582
SSH-Patator,0.4100271435414338,0.9972815533980582
SSH-Patator,0.4118024374599102,0.9972815533980582
SSH-Patator,0.41419354838709677,0.9972815533980582
SSH-Patator,0.41627492300210733,0.9972815533980582
SSH-Patator,0.4175609756097561,0.9972815533980582
SSH-Patator,0.4200196270853778,0.9972815533980582
SSH-Patator,0.42084562438544737,0.9972815533980582
SSH-Patator,0.42728785357737104,0.9972815533980582
SSH-Patator,0.4318869828456105,0.9972815533980582
SSH-Patator,0.4344442564709863,0.9972815533980582
SSH-Patator,0.4371807967313585,0.9972815533980582
SSH-Patator,0.439349871685201,0.9972815533980582
SSH-Patator,0.4423010678608336,0.9972815533980582
SSH-Patator,0.44942247112355616,0.9972815533980582
SSH-Patator,0.4619535887749595,0.9972815533980582
SSH-Patator,0.46597713663581924,0.9972815533980582
SSH-Patator,0.4675892206846322,0.9972815533980582
SSH-Patator,0.47511563367252546,0.9972815533980582
SSH-Patator,0.47767857142857145,0.9972815533980582
SSH-Patator,0.48089887640449436,0.9972815533980582
SSH-Patator,0.4826160496147341,0.9972815533980582
SSH-Patator,0.4841628959276018,0.9972815533980582
SSH-Patator,0.4887704606014465,0.9972815533980582
SSH-Patator,0.4900763358778626,0.9972815533980582
SSH-Patator,0.49148325358851674,0.9972815533980582
SSH-Patator,0.4957528957528958,0.9972815533980582
SSH-Patator,0.49961089494163424,0.9972815533980582
SSH-Patator,0.5028392402584688,0.9972815533980582
SSH-Patator,0.5072091645269603,0.9972815533980582
SSH-Patator,0.5104353011329755,0.9972815533980582
SSH-Patator,0.5141141141141141,0.9972815533980582
SSH-Patator,0.5198380566801619,0.9972815533980582
SSH-Patator,0.5247241520228851,0.9972815533980582
SSH-Patator,0.5286125977768629,0.9972815533980582
SSH-Patator,0.5312370707488622,0.9972815533980582
SSH-Patator,0.5327800829875519,0.9972815533980582
SSH-Patator,0.5339987523393637,0.9972815533980582
SSH-Patator,0.5348885648823162,0.9972815533980582
SSH-Patator,0.5363408521303258,0.9972815533980582
SSH-Patator,0.5406315789473685,0.9972815533980582
SSH-Patator,0.552614590058102,0.9972815533980582
SSH-Patator,0.5560848852317021,0.9972815533980582
SSH-Patator,0.558382257012394,0.9972815533980582
SSH-Patator,0.5615569647933523,0.9972815533980582
SSH-Patator,0.5672630881378397,0.9972815533980582
SSH-Patator,0.5705398800266608,0.9972815533980582
SSH-Patator,0.5730863646507476,0.9972815533980582
SSH-Patator,0.5743681503019459,0.9972815533980582
SSH-Patator,0.5777277840269966,0.9972815533980582
SSH-Patator,0.5872398810884976,0.9972815533980582
SSH-Patator,0.5899379738111648,0.9972815533980582
SSH-Patator,0.6073793755912961,0.9972815533980582
SSH-Patator,0.6093972472710014,0.9972815533980582
SSH-Patator,0.6118656182987848,0.9972815533980582
SSH-Patator,0.6295660701152244,0.9972815533980582
SSH-Patator,0.633761105626851,0.9972815533980582
SSH-Patator,0.6389649166459318,0.9972815533980582
SSH-Patator,0.6410384423364952,0.9972815533980582
SSH-Patator,0.6457128488810662,0.9972815533980582
SSH-Patator,0.6502912129653077,0.9972815533980582
SSH-Patator,0.6529366895499619,0.9972815533980582
SSH-Patator,0.6572818018940364,0.9972815533980582
SSH-Patator,0.6703210649960846,0.9972815533980582
SSH-Patator,0.6749014454664914,0.9972815533980582
SSH-Patator,0.7054945054945055,0.9972815533980582
SSH-Patator,0.7297527706734868,0.9972815533980582
SSH-Patator,0.7351846550243344,0.9972815533980582
SSH-Patator,0.7411255411255411,0.9972815533980582
SSH-Patator,0.7441321356128658,0.9972815533980582
SSH-Patator,0.7458611675864072,0.9972815533980582
SSH-Patator,0.7530791788856305,0.9972815533980582
SSH-Patator,0.7575221238938054,0.9972815533980582
SSH-Patator,0.7670250896057348,0.9972815533980582
SSH-Patator,0.7739602169981917,0.9972815533980582
SSH-Patator,0.7765346235258542,0.9972815533980582
SSH-Patator,0.779836015791072,0.9972815533980582
SSH-Patator,0.7834045149481391,0.9972815533980582
SSH-Patator,0.7867647058823529,0.9972815533980582
SSH-Patator,0.7896678966789668,0.9972815533980582
SSH-Patator,0.7995018679950187,0.9972815533980582
SSH-Patator,0.8019368947203999,0.9968932038834951
SSH-Patator,0.8044500156690693,0.9968932038834951
SSH-Patator,0.8149206349206349,0.9968932038834951
SSH-Patator,0.8188197767145136,0.9968932038834951
SSH-Patator,0.8269974226804123,0.9968932038834951
SSH-Patator,0.8307443365695792,0.9968932038834951
SSH-Patator,0.8358840768479323,0.9968932038834951
SSH-Patator,0.8457990115321252,0.9968932038834951
SSH-Patator,0.8531073446327684,0.9968932038834951
SSH-Patator,0.8553333333333333,0.996504854368932
SSH-Patator,0.8584810973569755,0.996504854368932
SSH-Patator,0.8607849714860785,0.996504854368932
SSH-Patator,0.8808788190868521,0.996504854368932
SSH-Patator,0.9250180245133381,0.996504854368932
SSH-Patator,0.9574626865671642,0.996504854368932
SSH-Patator,0.9603293413173652,0.996504854368932
SSH-Patator,0.9639368895567243,0.996504854368932
SSH-Patator,0.9661016949152542,0.996116504854369
SSH-Patator,0.9690098261526833,0.9957281553398059
SSH-Patator,0.9719484457922669,0.9957281553398059
SSH-Patator,0.976009139375476,0.9953398058252427
SSH-Patator,0.9801147227533461,0.9953398058252427
SSH-Patator,0.9831223628691983,0.9953398058252427
SSH-Patator,0.9842307692307692,0.9937864077669903
SSH-Patator,0.9853451600462785,0.9922330097087378
SSH-Patator,1.0,0.0
DoS Slowhttptest,0.0020926490074178452,1.0
DoS Slowhttptest,0.002035844241693644,0.9603060736489718
DoS Slowhttptest,0.0020358793315664713,0.9603060736489718
DoS Slowhttptest,0.00203592164743373,0.9603060736489718
DoS Slowhttptest,0.002034966545231111,0.9598278335724534
DoS Slowhttptest,0.00203499749554369,0.9598278335724534
DoS Slowhttptest,0.002035017097895273,0.9598278335724534
DoS Slowhttptest,0.002034532810327092,0.9595887135341942
DoS Slowhttptest,0.0020345420936771523,0.9595887135341942
DoS Slowhttptest,0.002034558597619774,0.9595887135341942
DoS Slowhttptest,0.0020345740703091608,0.9595887135341942
DoS Slowhttptest,0.002034085637438938,0.959349593495935
DoS Slowhttptest,0.0020341042006888172,0.959349593495935
DoS Slowhttptest,0.002033608537201195,0.9591104734576757
DoS Slowhttptest,0.002033627096369892,0.9591104734576757
DoS Slowhttptest,0.002033638438250858,0.9591104734576757
DoS Slowhttptest,0.0020336539046560587,0.9591104734576757
DoS Slowhttptest,0.0020336642157235555,0.9591104734576757
DoS Slowhttptest,0.002033684838172229,0.9591104734576757
DoS Slowhttptest,0.002033710616821236,0.9591104734576757
DoS Slowhttptest,0.002033860145874068,0.9591104734576757
DoS Slowhttptest,0.002033884897631343,0.9591104734576757
DoS Slowhttptest,0.0020339148068085184,0.9591104734576757
DoS Slowhttptest,0.002033934402953287,0.9591104734576757
DoS Slowhttptest,0.002033956062289461,0.9591104734576757
DoS Slowhttptest,0.002034083964916996,0.9591104734576757
DoS Slowhttptest,0.0020341603015689557,0.9591104734576757
DoS Slowhttptest,0.002034175775913046,0.9591104734576757
DoS Slowhttptest,0.0020341995036979223,0.9591104734576757
DoS Slowhttptest,0.002034210851964629,0.9591104734576757
DoS Slowhttptest,0.0020345864478585863,0.9591104734576757
DoS Slowhttptest,0.002034599864562911,0.9591104734576757
DoS Slowhttptest,0.002034677272081651,0.9591104734576757
DoS Slowhttptest,0.002034736105735257,0.9591104734576757
DoS Slowhttptest,0.00203477842678298,0.9591104734576757
DoS Slowhttptest,0.0020348599771807525,0.9591104734576757
DoS Slowhttptest,0.002034940501708467,0.9591104734576757
DoS Slowhttptest,0.0020349663122006655,0.9591104734576757
DoS Slowhttptest,0.002035006577875912,0.9591104734576757
DoS Slowhttptest,0.002035034455046084,0.9591104734576757
DoS Slowhttptest,0.0020350447801177497,0.9591104734576757
DoS Slowhttptest,0.0020350695607172214,0.9591104734576757
DoS Slowhttptest,0.002035145971364872,0.9591104734576757
DoS Slowhttptest,0.0020352544017260337,0.9591104734576757
DoS Slowhttptest,0.0020358111928503488,0.9591104734576757
DoS Slowhttptest,0.0020358855924675788,0.9591104734576757
DoS Slowhttptest,0.0020359341618179354,0.9591104734576757
DoS Slowhttptest,0.0020359620644076677,0.9591104734576757
DoS Slowhttptest,0.0020360168383820897,0.9591104734576757
DoS Slowhttptest,0.0020360509444210377,0.9591104734576757
DoS Slowhttptest,0.0020361046895892155,0.9591104734576757
DoS Slowhttptest,0.002036204952582467,0.9591104734576757
DoS Slowhttptest,0.0020362194243453867,0.9591104734576757
DoS Slowhttptest,0.0020363083268307865,0.9591104734576757
DoS Slowhttptest,0.002036340374979058,0.9591104734576757
DoS Slowhttptest,0.002036362085588131,0.9591104734576757
DoS Slowhttptest,0.0020364106776764508,0.9591104734576757
DoS Slowhttptest,0.0020364809852282777,0.9591104734576757
DoS Slowhttptest,0.0020365151068193047,0.9591104734576757
DoS Slowhttptest,0.002036543025335184,0.9591104734576757
DoS Slowhttptest,0.0020366909028314115,0.9591104734576757
DoS Slowhttptest,0.0020367136551215654,0.9591104734576757
DoS Slowhttptest,0.002036787086434724,0.9591104734576757
DoS Slowhttptest,0.002036815012408271,0.9591104734576757
DoS Slowhttptest,0.0020368615573992765,0.9591104734576757
DoS Slowhttptest,0.0020369112077344735,0.9591104734576757
DoS Slowhttptest,0.0020369898257157396,0.9591104734576757
DoS Slowhttptest,0.002037113971727235,0.9591104734576757
DoS Slowhttptest,0.002037291940735172,0.9591104734576757
DoS Slowhttptest,0.002037852953489601,0.9591104734576757
DoS Slowhttptest,0.002037980311209908,0.9591104734576757
DoS Slowhttptest,0.0020380403715930403,0.9591104734576757
DoS Slowhttptest,0.0020383355473319706,0.9591104734576757
DoS Slowhttptest,0.0020385935077073675,0.9591104734576757
DoS Slowhttptest,0.002038747900765687,0.9591104734576757
DoS Slowhttptest,0.002038987308053822,0.9591104734576757
DoS Slowhttptest,0.0020393999252575944,0.9591104734576757
DoS Slowhttptest,0.0020395782939240294,0.9591104734576757
DoS Slowhttptest,0.002039655043531456,0.9591104734576757
DoS Slowhttptest,0.0020397639549146565,0.9591104734576757
DoS Slowhttptest,0.002039806485374267,0.9591104734576757
DoS Slowhttptest,0.0020398656160333134,0.9591104734576757
DoS Slowhttptest,0.0020394379492103664,0.9588713534194165
DoS Slowhttptest,0.0020428624119429506,0.9588713534194165
DoS Slowhttptest,0.002044367360069172,0.9588713534194165
DoS Slowhttptest,0.0020452912142756227,0.9588713534194165
DoS Slowhttptest,0.0020455603942779402,0.9588713534194165
DoS Slowhttptest,0.0020457837213775218,0.9588713534194165
DoS Slowhttptest,0.002045999789787553,0.9588713534194165
DoS Slowhttptest,0.002046412220908413,0.9588713534194165
DoS Slowhttptest,0.0020465406827790493,0.9588713534194165
DoS Slowhttptest,0.0020467287048341587,0.9588713534194165
DoS Slowhttptest,0.0020468875059211707,0.9588713534194165
DoS Slowhttptest,0.002048630712601633,0.9588713534194165
DoS Slowhttptest,0.0020490661930138597,0.9588713534194165
DoS Slowhttptest,0.0020492965700090304,0.9588713534194165
DoS Slowhttptest,0.002049595089967513,0.9588713534194165
DoS Slowhttptest,0.0020497711003743774,0.9588713534194165
DoS Slowhttptest,0.0020501515118205808,0.9588713534194165
DoS Slowhttptest,0.0020498751816272263,0.9583931133428981
DoS Slowhttptest,0.0020503963690386056,0.9583931133428981
DoS Slowhttptest,0.002050530641312667,0.9583931133428981
DoS Slowhttptest,0.0020507887452222455,0.9583931133428981
DoS Slowhttptest,0.0020542468786518236,0.9583931133428981
DoS Slowhttptest,0.0020544753783325637,0.9583931133428981
DoS Slowhttptest,0.0020548998697743097,0.9583931133428981
DoS Slowhttptest,0.0020549356909721262,0.9583931133428981
DoS Slowhttptest,0.0020552750007179106,0.9583931133428981
DoS Slowhttptest,0.0020556776812284006,0.9583931133428981
DoS Slowhttptest,0.0020569542296891164,0.9583931133428981
DoS Slowhttptest,0.002057687114504538,0.9583931133428981
DoS Slowhttptest,0.002059667667894005,0.9583931133428981
DoS Slowhttptest,0.0020633990689992825,0.9583931133428981
DoS Slowhttptest,0.0020660496697310323,0.9583931133428981
DoS Slowhttptest,0.002067117361516546,0.9583931133428981
DoS Slowhttptest,0.00207018270602011,0.9583931133428981
DoS Slowhttptest,0.002071249323019807,0.9583931133428981
DoS Slowhttptest,0.002072967633155069,0.9583931133428981
DoS Slowhttptest,0.002075297896896839,0.9583931133428981
DoS Slowhttptest,0.00209577284499595,0.9583931133428981
DoS Slowhttptest,0.0020970985950276577,0.9583931133428981
DoS Slowhttptest,0.0021050164654745247,0.9579148732663797
DoS Slowhttptest,0.00210719444365543,0.9579148732663797
DoS Slowhttptest,0.002107889642558534,0.9579148732663797
DoS Slowhttptest,0.0021084155041697257,0.9579148732663797
DoS Slowhttptest,0.002108973825771176,0.9579148732663797
DoS Slowhttptest,0.0021108318447911564,0.9579148732663797
DoS Slowhttptest,0.0021181690897477657,0.9579148732663797
DoS Slowhttptest,0.0021344842284739983,0.9579148732663797
DoS Slowhttptest,0.002449975836692747,0.9576757532281205
DoS Slowhttptest,0.003628745685028863,0.9571975131516021
DoS Slowhttptest,0.00495754129735957,0.9569583931133429
DoS Slowhttptest,0.005092170707991182,0.9567192730750836
DoS Slowhttptest,0.005535448452952147,0.9567192730750836
DoS Slowhttptest,0.00841957735868115,0.9567192730750836
DoS Slowhttptest,0.008673596583457082,0.9567192730750836
DoS Slowhttptest,0.008954709447542994,0.9567192730750836
DoS Slowhttptest,0.009835275724494287,0.9567192730750836
DoS Slowhttptest,0.010105245079344233,0.9567192730750836
DoS Slowhttptest,0.010552690922997798,0.9567192730750836
DoS Slowhttptest,0.01067699229580686,0.9567192730750836
DoS Slowhttptest,0.010782012552515489,0.9567192730750836
DoS Slowhttptest,0.010917554860644958,0.9567192730750836
DoS Slowhttptest,0.011130801523425871,0.9567192730750836
DoS Slowhttptest,0.011287210273307906,0.9567192730750836
DoS Slowhttptest,0.011318662355334142,0.9567192730750836
DoS Slowhttptest,0.011639001855956807,0.9567192730750836
DoS Slowhttptest,0.011936406786537904,0.9567192730750836
DoS Slowhttptest,0.012207292025891667,0.9564801530368244
DoS Slowhttptest,0.012498789179798207,0.9564801530368244
DoS Slowhttptest,0.012562971896631867,0.9564801530368244
DoS Slowhttptest,0.012715447361226786,0.9564801530368244
DoS Slowhttptest,0.013062845348973914,0.9564801530368244
DoS Slowhttptest,0.013083396842322173,0.9564801530368244
DoS Slowhttptest,0.013093589705819773,0.9564801530368244
DoS Slowhttptest,0.013099464231912914,0.9564801530368244
DoS Slowhttptest,0.013123359580052493,0.9564801530368244
DoS Slowhttptest,0.013210781318634138,0.9564801530368244
DoS Slowhttptest,0.013628620102214651,0.9564801530368244
DoS Slowhttptest,0.01364796440610883,0.9564801530368244
DoS Slowhttptest,0.013806508634678194,0.9562410329985653
DoS Slowhttptest,0.013915809180467061,0.9562410329985653
DoS Slowhttptest,0.013924531061210135,0.9562410329985653
DoS Slowhttptest,0.01405959948247736,0.9562410329985653
DoS Slowhttptest,0.014118918079205754,0.9562410329985653
DoS Slowhttptest,0.014225920574019632,0.9557627929220469
DoS Slowhttptest,0.014298183483219219,0.9557627929220469
DoS Slowhttptest,0.014640596612553479,0.9557627929220469
DoS Slowhttptest,0.014707451603763518,0.9557627929220469
DoS Slowhttptest,0.014768205313893642,0.9557627929220469
DoS Slowhttptest,0.014789352554188158,0.9557627929220469
DoS Slowhttptest,0.014888124885927239,0.9557627929220469
DoS Slowhttptest,0.014911619647373957,0.9557627929220469
DoS Slowhttptest,0.014916906449313493,0.9557627929220469
DoS Slowhttptest,0.01493161789702152,0.9557627929220469
DoS Slowhttptest,0.014952005446614944,0.9557627929220469
DoS Slowhttptest,0.0149686358955154,0.9557627929220469
DoS Slowhttptest,0.015010289765813943,0.9557627929220469
DoS Slowhttptest,0.015029366863949824,0.9557627929220469
DoS Slowhttptest,0.015094467879410422,0.9557627929220469
DoS Slowhttptest,0.015133559245025841,0.9557627929220469
DoS Slowhttptest,0.015176713597910117,0.9557627929220469
DoS Slowhttptest,0.015199221215785591,0.9557627929220469
DoS Slowhttptest,0.015260792705974885,0.9557627929220469
DoS Slowhttptest,0.015284661037689672,0.9557627929220469
DoS Slowhttptest,0.015294311220292418,0.9557627929220469
DoS Slowhttptest,0.015385622122653856,0.9557627929220469
DoS Slowhttptest,0.015416480244380332,0.9557627929220469
DoS Slowhttptest,0.0154377969178479,0.9557627929220469
DoS Slowhttptest,0.01548846599473772,0.9557627929220469
DoS Slowhttptest,0.015520642415581995,0.9557627929220469
DoS Slowhttptest,0.015540616725700533,0.9557627929220469
DoS Slowhttptest,0.015558219737958632,0.9557627929220469
DoS Slowhttptest,0.015660936991861954,0.9557627929220469
DoS Slowhttptest,0.015673587828166972,0.9557627929220469
DoS Slowhttptest,0.015723220959049603,0.9557627929220469
DoS Slowhttptest,0.016421663284003976,0.9557627929220469
DoS Slowhttptest,0.01845814245603665,0.9557627929220469
DoS Slowhttptest,0.02195302843016069,0.9555236728837877
DoS Slowhttptest,0.023418682200981054,0.9555236728837877
DoS Slowhttptest,0.0235112761162855,0.9555236728837877
DoS Slowhttptest,0.02354660412713752,0.9555236728837877
DoS Slowhttptest,0.024731854951012856,0.9555236728837877
DoS Slowhttptest,0.026286187910721685,0.9555236728837877
DoS Slowhttptest,0.026294836446906934,0.9555236728837877
DoS Slowhttptest,0.02631596277832292,0.9555236728837877
DoS Slowhttptest,0.02633122253045948,0.9555236728837877
DoS Slowhttptest,0.026377804622056755,0.9555236728837877
DoS Slowhttptest,0.026401157528227963,0.9555236728837877
DoS Slowhttptest,0.026678773150311787,0.9555236728837877
DoS Slowhttptest,0.02686296258949279,0.9555236728837877
DoS Slowhttptest,0.026946471199104483,0.9555236728837877
DoS Slowhttptest,0.027046417500304575,0.9555236728837877
DoS Slowhttptest,0.0271552251382905,0.9555236728837877
DoS Slowhttptest,0.027354312274528864,0.9555236728837877
DoS Slowhttptest,0.027606789778026487,0.9555236728837877
DoS Slowhttptest,0.027620910605296083,0.9555236728837877
DoS Slowhttptest,0.027636766028079397,0.9555236728837877
DoS Slowhttptest,0.027800194796159732,0.9555236728837877
DoS Slowhttptest,0.03295615742420743,0.9555236728837877
DoS Slowhttptest,0.03327448955800553,0.9555236728837877
DoS Slowhttptest,0.0418552036199095,0.9555236728837877
DoS Slowhttptest,0.07998078539690165,0.9555236728837877
DoS Slowhttptest,0.08778558875219683,0.9555236728837877
DoS Slowhttptest,0.0899108991089911,0.9555236728837877
DoS Slowhttptest,0.09458659786493716,0.9555236728837877
DoS Slowhttptest,0.09538131041890441,0.9555236728837877
DoS Slowhttptest,0.09669691470054446,0.9555236728837877
DoS Slowhttptest,0.21951219512195122,0.9555236728837877
DoS Slowhttptest,0.22156917105627946,0.9555236728837877
DoS Slowhttptest,0.22218515429524605,0.9555236728837877
DoS Slowhttptest,0.2246584584246922,0.9555236728837877
DoS Slowhttptest,0.23919549862324913,0.9555236728837877
DoS Slowhttptest,0.2465753424657534,0.9555236728837877
DoS Slowhttptest,0.2483993286504631,0.9555236728837877
DoS Slowhttptest,0.24987493746873438,0.9555236728837877
DoS Slowhttptest,0.25281538656206504,0.9555236728837877
DoS Slowhttptest,0.25324798783192853,0.9555236728837877
DoS Slowhttptest,0.25419847328244277,0.9555236728837877
DoS Slowhttptest,0.25734157650695516,0.9555236728837877
DoS Slowhttptest,0.2600715912788806,0.9555236728837877
DoS Slowhttptest,0.26054639108039385,0.9555236728837877
DoS Slowhttptest,0.2625320281190461,0.9555236728837877
DoS Slowhttptest,0.2698176907494936,0.9555236728837877
DoS Slowhttptest,0.27486586875773833,0.9555236728837877
DoS Slowhttptest,0.2786222284200251,0.9555236728837877
DoS Slowhttptest,0.28758546239654553,0.9555236728837877
DoS Slowhttptest,0.29000653167864143,0.9555236728837877
DoS Slowhttptest,0.29743208038704877,0.9555236728837877
DoS Slowhttptest,0.29916897506925205,0.9555236728837877
DoS Slowhttptest,0.300790365073391,0.9555236728837877
DoS Slowhttptest,0.3025668206254259,0.9555236728837877
DoS Slowhttptest,0.3035090384323257,0.9555236728837877
DoS Slowhttptest,0.30450354339708907,0.9555236728837877
DoS Slowhttptest,0.30562141491395795,0.9555236728837877
DoS Slowhttptest,0.3063007818488426,0.9555236728837877
DoS Slowhttptest,0.3078819631712767,0.9555236728837877
DoS Slowhttptest,0.3086906141367323,0.9555236728837877
DoS Slowhttptest,0.3107551131503227,0.9555236728837877
DoS Slowhttptest,0.3119925046845721,0.9555236728837877
DoS Slowhttptest,0.3135347194978423,0.9555236728837877
DoS Slowhttptest,0.31581443136015175,0.9555236728837877
DoS Slowhttptest,0.3174451858913251,0.9555236728837877
DoS Slowhttptest,0.3186857006140841,0.9555236728837877
DoS Slowhttptest,0.32098963772190536,0.9555236728837877
DoS Slowhttptest,0.3222320780582211,0.9555236728837877
DoS Slowhttptest,0.3248780487804878,0.9555236728837877
DoS Slowhttptest,0.3266574021090493,0.9555236728837877
DoS Slowhttptest,0.32973017575707564,0.9555236728837877
DoS Slowhttptest,0.33057577763070817,0.9555236728837877
DoS Slowhttptest,0.3324459234608985,0.9555236728837877
DoS Slowhttptest,0.3377852916314455,0.9555236728837877
DoS Slowhttptest,0.3392478139061041,0.9555236728837877
DoS Slowhttptest,0.34133834714981626,0.9550454328072693
DoS Slowhttptest,0.3438064904880778,0.9550454328072693
DoS Slowhttptest,0.3476671309192201,0.9550454328072693
DoS Slowhttptest,0.3518942731277533,0.9550454328072693
DoS Slowhttptest,0.3554962171784602,0.9550454328072693
DoS Slowhttptest,0.35654347437957506,0.9550454328072693
DoS Slowhttptest,0.36488214873012975,0.9550454328072693
DoS Slowhttptest,0.3675009201324991,0.9550454328072693
DoS Slowhttptest,0.3691994823442411,0.9550454328072693
DoS Slowhttptest,0.37456625715089564,0.9550454328072693
DoS Slowhttptest,0.37544651250235006,0.9550454328072693
DoS Slowhttptest,0.3775047258979206,0.9550454328072693
DoS Slowhttptest,0.37886549041927525,0.9550454328072693
DoS Slowhttptest,0.38690303206432236,0.9550454328072693
DoS Slowhttptest,0.38855919836559977,0.9550454328072693
DoS Slowhttptest,0.3903440187646599,0.9550454328072693
DoS Slowhttptest,0.39237646134197857,0.9550454328072693
DoS Slowhttptest,0.3935363089959602,0.9550454328072693
DoS Slowhttptest,0.3947030338966301,0.9550454328072693
DoS Slowhttptest,0.39666302512662627,0.9550454328072693
DoS Slowhttptest,0.4034343434343434,0.9550454328072693
DoS Slowhttptest,0.40437379771185583,0.9550454328072693
DoS Slowhttptest,0.408676967154405,0.9550454328072693
DoS Slowhttptest,0.4095150210191736,0.9550454328072693
DoS Slowhttptest,0.410609643261026,0.9550454328072693
DoS Slowhttptest,0.41171013297598186,0.9550454328072693
DoS Slowhttptest,0.4126885720190122,0.9550454328072693
DoS Slowhttptest,0.42064244339125856,0.9550454328072693
DoS Slowhttptest,0.4297858603249758,0.9550454328072693
DoS Slowhttptest,0.4324382849718493,0.9550454328072693
DoS Slowhttptest,0.4365504426713302,0.9550454328072693
DoS Slowhttptest,0.4644186046511628,0.9550454328072693
DoS Slowhttptest,0.46680691912108463,0.9550454328072693
DoS Slowhttptest,0.47227149107248434,0.9550454328072693
DoS Slowhttptest,0.4846499211260769,0.9550454328072693
DoS Slowhttptest,0.5023899371069183,0.9550454328072693
DoS Slowhttptest,0.5069814673775069,0.9550454328072693
DoS Slowhttptest,0.510154553582833,0.9550454328072693
DoS Slowhttptest,0.5127086007702182,0.9550454328072693
DoS Slowhttptest,0.5149561629706034,0.9550454328072693
DoS Slowhttptest,0.516287487073423,0.9550454328072693
DoS Slowhttptest,0.5238719832109129,0.9550454328072693
DoS Slowhttptest,0.5275392946770572,0.9550454328072693
DoS Slowhttptest,0.5313289876280431,0.9550454328072693
DoS Slowhttptest,0.5369822485207101,0.9548063127690101
DoS Slowhttptest,0.5391574399135836,0.9548063127690101
DoS Slowhttptest,0.5410569105691057,0.9548063127690101
DoS Slowhttptest,0.547524345082979,0.9545671927307509
DoS Slowhttptest,0.550013777900248,0.9545671927307509
DoS Slowhttptest,0.5513812154696133,0.9545671927307509
DoS Slowhttptest,0.5534451684458617,0.9545671927307509
DoS Slowhttptest,0.5546755592608031,0.9545671927307509
DoS Slowhttptest,0.5602020769014875,0.9545671927307509
DoS Slowhttptest,0.564559468250601,0.9545671927307509
DoS Slowhttptest,0.569228575502638,0.9545671927307509
DoS Slowhttptest,0.5728224996412685,0.9545671927307509
DoS Slowhttptest,0.5748847926267281,0.9545671927307509
DoS Slowhttptest,0.5794976041817917,0.9543280726924916
DoS Slowhttptest,0.5830533235938641,0.9543280726924916
DoS Slowhttptest,0.5887299011653636,0.9543280726924916
DoS Slowhttptest,0.5915221579961464,0.9543280726924916
DoS Slowhttptest,0.5966512184182987,0.9543280726924916
DoS Slowhttptest,0.5992492492492493,0.9543280726924916
DoS Slowhttptest,0.6007827788649707,0.9543280726924916
DoS Slowhttptest,0.6030522816560895,0.9543280726924916
DoS Slowhttptest,0.6051554207733131,0.9543280726924916
DoS Slowhttptest,0.6071808915259395,0.9543280726924916
DoS Slowhttptest,0.6186637730584406,0.9543280726924916
DoS Slowhttptest,0.6229124395192758,0.9543280726924916
DoS Slowhttptest,0.6252938410907382,0.9540889526542324
DoS Slowhttptest,0.6280497402801826,0.9540889526542324
DoS Slowhttptest,0.6310295745690336,0.9540889526542324
DoS Slowhttptest,0.6345419847328244,0.9540889526542324
DoS Slowhttptest,0.6427190721649485,0.9540889526542324
DoS Slowhttptest,0.646887159533074,0.9540889526542324
DoS Slowhttptest,0.6597222222222222,0.9540889526542324
DoS Slowhttptest,0.6714910804442948,0.9540889526542324
DoS Slowhttptest,0.6769596199524941,0.9540889526542324
DoS Slowhttptest,0.681236127710432,0.9540889526542324
DoS Slowhttptest,0.6836874571624401,0.9540889526542324
DoS Slowhttptest,0.6868652091582028,0.9540889526542324
DoS Slowhttptest,0.6904308703928015,0.9540889526542324
DoS Slowhttptest,0.6941544885177453,0.9540889526542324
DoS Slowhttptest,0.703827835597107,0.9540889526542324
DoS Slowhttptest,0.724400871459695,0.9540889526542324
DoS Slowhttptest,0.7306354147592016,0.9540889526542324
DoS Slowhttptest,0.7466317365269461,0.9540889526542324
DoS Slowhttptest,0.75,0.9540889526542324
DoS Slowhttptest,0.753968253968254,0.9540889526542324
DoS Slowhttptest,0.7555387237265669,0.9540889526542324
DoS Slowhttptest,0.757213363705391,0.9538498326159732
DoS Slowhttptest,0.7632988901645618,0.9538498326159732
DoS Slowhttptest,0.769483024691358,0.9538498326159732
DoS Slowhttptest,0.7712683681361175,0.9538498326159732
DoS Slowhttptest,0.7732118627641016,0.9538498326159732
DoS Slowhttptest,0.7754665629860031,0.9538498326159732
DoS Slowhttptest,0.7780378388921396,0.9538498326159732
DoS Slowhttptest,0.7801681987091726,0.9538498326159732
DoS Slowhttptest,0.7853908249655444,0.9538498326159732
DoS Slowhttptest,0.7891196834817013,0.9538498326159732
DoS Slowhttptest,0.7917824533545058,0.9538498326159732
DoS Slowhttptest,0.7938308457711443,0.9538498326159732
DoS Slowhttptest,0.8002006018054163,0.9538498326159732
DoS Slowhttptest,0.802938808373591,0.9538498326159732
DoS Slowhttptest,0.8047205971353641,0.9538498326159732
DoS Slowhttptest,0.8095431472081218,0.9533715925394548
DoS Slowhttptest,0.8119396903015484,0.9528933524629364
DoS Slowhttptest,0.8155955792058944,0.9528933524629364
DoS Slowhttptest,0.8214801071943929,0.9528933524629364
DoS Slowhttptest,0.8243690525444767,0.9528933524629364
DoS Slowhttptest,0.825699481865285,0.9526542324246772
DoS Slowhttptest,0.8274143302180685,0.9526542324246772
DoS Slowhttptest,0.8287557220141489,0.952415112386418
DoS Slowhttptest,0.8308977035490606,0.9516977522716403
DoS Slowhttptest,0.8667102966841187,0.950023912003826
DoS Slowhttptest,0.8846582052994879,0.950023912003826
DoS Slowhttptest,0.8870283545434249,0.950023912003826
DoS Slowhttptest,0.8908071748878924,0.950023912003826
DoS Slowhttptest,0.8919343967647719,0.9493065518890483
DoS Slowhttptest,0.8933153274814315,0.9490674318507891
DoS Slowhttptest,0.8965439349446578,0.9490674318507891
DoS Slowhttptest,0.8993425527091362,0.9485891917742707
DoS Slowhttptest,0.9019786217875825,0.9483500717360115
DoS Slowhttptest,0.9037408759124088,0.9473935915829746
DoS Slowhttptest,0.9052414740215152,0.9457197513151602
DoS Slowhttptest,0.90633608815427,0.9440459110473458
DoS Slowhttptest,1.0,0.0
DoS slowloris,0.002155698690568168,1.0
DoS slowloris,0.0021234242230543346,0.9723769730733519
DoS slowloris,0.0021234511327438295,0.9723769730733519
DoS slowloris,0.002123492036778132,0.9723769730733519
DoS slowloris,0.0021219949388443693,0.9716805942432684
DoS slowloris,0.002121511672116189,0.9714484679665738
DoS slowloris,0.002121035921243868,0.9712163416898792
DoS slowloris,0.002121067103587564,0.9712163416898792
DoS slowloris,0.0021210843080317313,0.9712163416898792
DoS slowloris,0.0021210939856542263,0.9712163416898792
DoS slowloris,0.002121305840182116,0.9712163416898792
DoS slowloris,0.0021213305772260155,0.9712163416898792
DoS slowloris,0.002121349937054112,0.9712163416898792
DoS slowloris,0.002121360692666856,0.9712163416898792
DoS slowloris,0.002121372523966845,0.9712163416898792
DoS slowloris,0.002121428455535184,0.9712163416898792
DoS slowloris,0.002121439211944149,0.9712163416898792
DoS slowloris,0.0021214542710999516,0.9712163416898792
DoS slowloris,0.002121468254793205,0.9712163416898792
DoS slowloris,0.0021215769036132728,0.9712163416898792
DoS slowloris,0.0021216005711689493,0.9712163416898792
DoS slowloris,0.002121770562766172,0.9712163416898792
DoS slowloris,0.0021217867026247983,0.9712163416898792
DoS slowloris,0.0021218114508849335,0.9712163416898792
DoS slowloris,0.0021218491123885254,0.9712163416898792
DoS slowloris,0.0021208821693247002,0.9707520891364902
DoS slowloris,0.0021209026058397343,0.9707520891364902
DoS slowloris,0.0021209155133153127,0.9707520891364902
DoS slowloris,0.002120940253082641,0.9707520891364902
DoS slowloris,0.002121031687665658,0.9707520891364902
DoS slowloris,0.0021210445967124315,0.9707520891364902
DoS slowloris,0.0021210575059163405,0.9707520891364902
DoS slowloris,0.0021211112959574115,0.9707520891364902
DoS slowloris,0.002121142495431327,0.9707520891364902
DoS slowloris,0.0021211790752937417,0.9707520891364902
DoS slowloris,0.0021212156564178438,0.9707520891364902
DoS slowloris,0.002121230719600385,0.9707520891364902
DoS slowloris,0.0021212597706280084,0.9707520891364902
DoS slowloris,0.0021212877464437236,0.9707520891364902
DoS slowloris,0.002121309266804097,0.9707520891364902
DoS slowloris,0.0021213415481633807,0.9707520891364902
DoS slowloris,0.0021213555370575244,0.9707520891364902
DoS slowloris,0.0021213706022267798,0.9707520891364902
DoS slowloris,0.0021215589348982746,0.9707520891364902
DoS slowloris,0.002121769907194129,0.9707520891364902
DoS slowloris,0.002121783901738371,0.9707520891364902
DoS slowloris,0.002121822656824359,0.9707520891364902
DoS slowloris,0.0021219378539100078,0.9707520891364902
DoS slowloris,0.002121951850669795,0.9707520891364902
DoS slowloris,0.0021219906118913677,0.9707520891364902
DoS slowloris,0.0021220164534924727,0.9707520891364902
DoS slowloris,0.0021220552170742733,0.9707520891364902
DoS slowloris,0.0021220853675059104,0.9707520891364902
DoS slowloris,0.0021221101345728377,0.9707520891364902
DoS slowloris,0.0021221693625118935,0.9707520891364902
DoS slowloris,0.0021223912274495934,0.9707520891364902
DoS slowloris,0.0021225183360308905,0.9707520891364902
DoS slowloris,0.0021225571179511386,0.9707520891364902
DoS slowloris,0.0021226605433340997,0.9707520891364902
DoS slowloris,0.002122691788400824,0.9707520891364902
DoS slowloris,0.0021228404844259043,0.9707520891364902
DoS slowloris,0.002122900830784194,0.9707520891364902
DoS slowloris,0.002122945015114942,0.9707520891364902
DoS slowloris,0.002123030155963014,0.9707520891364902
DoS slowloris,0.002123134705332561,0.9707520891364902
DoS slowloris,0.002123173509780458,0.9707520891364902
DoS slowloris,0.0021232338750744426,0.9707520891364902
DoS slowloris,0.002123268371069326,0.9707520891364902
DoS slowloris,0.0021233546159607013,0.9707520891364902
DoS slowloris,0.0021233945065925763,0.9707520891364902
DoS slowloris,0.00212341930422729,0.9707520891364902
DoS slowloris,0.002123438711475861,0.9707520891364902
DoS slowloris,0.002123530361609496,0.9707520891364902
DoS slowloris,0.00212359721728533,0.9707520891364902
DoS slowloris,0.0021239002772446584,0.9707520891364902
DoS slowloris,0.002125342344269885,0.9707520891364902
DoS slowloris,0.0021253974320401374,0.9707520891364902
DoS slowloris,0.0021255097767350706,0.9707520891364902
DoS slowloris,0.00212556055179186,0.9707520891364902
DoS slowloris,0.0021257636762800456,0.9707520891364902
DoS slowloris,0.0021264684301812073,0.9707520891364902
DoS slowloris,0.0021267971868504736,0.9707520891364902
DoS slowloris,0.0021268577583773633,0.9707520891364902
DoS slowloris,0.002127591380355036,0.9707520891364902
DoS slowloris,0.0021277450938990902,0.9707520891364902
DoS slowloris,0.0021278479428259163,0.9707520891364902
DoS slowloris,0.002128757776685063,0.9707520891364902
DoS slowloris,0.0021289365854850507,0.9707520891364902
DoS slowloris,0.0021291230120930316,0.9707520891364902
DoS slowloris,0.0021322940057146703,0.9707520891364902
DoS slowloris,0.0021338302405891044,0.9707520891364902
DoS slowloris,0.002134662384410737,0.9707520891364902
DoS slowloris,0.002135298911212004,0.9707520891364902
DoS slowloris,0.002135392678391072,0.9707520891364902
DoS slowloris,0.002136408289999801,0.9707520891364902
DoS slowloris,0.002137882698639822,0.9707520891364902
DoS slowloris,0.0021380007392513317,0.9707520891364902
DoS slowloris,0.002138279497979832,0.9707520891364902
DoS slowloris,0.0021398024750484295,0.9707520891364902
DoS slowloris,0.002141686216851107,0.9707520891364902
DoS slowloris,0.002142138194037152,0.9707520891364902
DoS slowloris,0.0021425124262646816,0.9707520891364902
DoS slowloris,0.002143274464181384,0.9707520891364902
DoS slowloris,0.002148717782720548,0.9707520891364902
DoS slowloris,0.002150043417304302,0.9707520891364902
DoS slowloris,0.0021507300756612646,0.9707520891364902
DoS slowloris,0.0021515798831911294,0.9707520891364902
DoS slowloris,0.0021536585416095893,0.9707520891364902
DoS slowloris,0.002154371927431357,0.9707520891364902
DoS slowloris,0.002154720471132568,0.9707520891364902
DoS slowloris,0.0021557134396000743,0.9707520891364902
DoS slowloris,0.0021572724895141185,0.9707520891364902
DoS slowloris,0.002160867572050023,0.9705199628597957
DoS slowloris,0.00216227789589312,0.9705199628597957
DoS slowloris,0.0021634336760882884,0.9705199628597957
DoS slowloris,0.002171569014447348,0.9705199628597957
DoS slowloris,0.0021754823143176403,0.9702878365831012
DoS slowloris,0.0021845266527930063,0.9702878365831012
DoS slowloris,0.0021963955992219085,0.9702878365831012
DoS slowloris,0.0022301540300163794,0.9702878365831012
DoS slowloris,0.00233661969390282,0.9702878365831012
DoS slowloris,0.0024153779447897094,0.9698235840297121
DoS slowloris,0.003735772641575309,0.9686629526462396
DoS slowloris,0.004271199139414273,0.9686629526462396
DoS slowloris,0.007563484101081094,0.9677344475394615
DoS slowloris,0.008574067559867275,0.9675023212627669
DoS slowloris,0.0092903824035521,0.9675023212627669
DoS slowloris,0.009797330650507027,0.9675023212627669
DoS slowloris,0.010109928493116128,0.9675023212627669
DoS slowloris,0.010448584539003535,0.9672701949860725
DoS slowloris,0.010766523784793544,0.9672701949860725
DoS slowloris,0.010966563301235646,0.9670380687093779
DoS slowloris,0.01119887688496946,0.9665738161559888
DoS slowloris,0.011470726782384005,0.9665738161559888
DoS slowloris,0.011652637234709412,0.9665738161559888
DoS slowloris,0.011719442622858543,0.9665738161559888
DoS slowloris,0.011727826549839037,0.9665738161559888
DoS slowloris,0.011749833515807533,0.9665738161559888
DoS slowloris,0.012043941295909572,0.9665738161559888
DoS slowloris,0.012091750951746248,0.9665738161559888
DoS slowloris,0.012723711510314335,0.9665738161559888
DoS slowloris,0.013097964216512745,0.9665738161559888
DoS slowloris,0.013467708548954668,0.9665738161559888
DoS slowloris,0.013486071841509507,0.9665738161559888
DoS slowloris,0.013497831400286554,0.9665738161559888
DoS slowloris,0.013582586628132656,0.9665738161559888
DoS slowloris,0.013617767196355515,0.9665738161559888
DoS slowloris,0.013660476148296869,0.9665738161559888
DoS slowloris,0.013708416322365065,0.9665738161559888
DoS slowloris,0.01372816647874508,0.9665738161559888
DoS slowloris,0.013949001058569725,0.9665738161559888
DoS slowloris,0.014118700157326533,0.9665738161559888
DoS slowloris,0.014274205988721868,0.9665738161559888
DoS slowloris,0.01458805559156247,0.9665738161559888
DoS slowloris,0.014702663003947545,0.9665738161559888
DoS slowloris,0.014711337693033313,0.9665738161559888
DoS slowloris,0.014837249906465464,0.9665738161559888
DoS slowloris,0.01485779124161038,0.9665738161559888
DoS slowloris,0.014906458749489872,0.9665738161559888
DoS slowloris,0.014961464527603614,0.9665738161559888
DoS slowloris,0.015238011593184613,0.9665738161559888
DoS slowloris,0.015425307283678958,0.9665738161559888
DoS slowloris,0.015444072725114793,0.9665738161559888
DoS slowloris,0.015513233190271817,0.9665738161559888
DoS slowloris,0.01555309866730413,0.9665738161559888
DoS slowloris,0.015559898509403574,0.9665738161559888
DoS slowloris,0.01557421502440484,0.9665738161559888
DoS slowloris,0.015643196862344375,0.9665738161559888
DoS slowloris,0.01573214548834257,0.9665738161559888
DoS slowloris,0.01574547090831402,0.9665738161559888
DoS slowloris,0.0157796009625405,0.9665738161559888
DoS slowloris,0.015787896830664092,0.9663416898792944
DoS slowloris,0.015819453786142874,0.9663416898792944
DoS slowloris,0.01582763353496489,0.9663416898792944
DoS slowloris,0.01586908292482103,0.9663416898792944
DoS slowloris,0.01594353316048087,0.9663416898792944
DoS slowloris,0.01598639063934042,0.9663416898792944
DoS slowloris,0.01600089171435929,0.9663416898792944
DoS slowloris,0.01603725975892104,0.9663416898792944
DoS slowloris,0.016050863076074846,0.9663416898792944
DoS slowloris,0.016085345450470814,0.9663416898792944
DoS slowloris,0.01610096072030817,0.9663416898792944
DoS slowloris,0.016258543253270846,0.9663416898792944
DoS slowloris,0.01626241752575306,0.9663416898792944
DoS slowloris,0.016291884191823924,0.9663416898792944
DoS slowloris,0.016313399088518706,0.9663416898792944
DoS slowloris,0.016328948090968284,0.9663416898792944
DoS slowloris,0.01635126748835419,0.9663416898792944
DoS slowloris,0.016359235128146687,0.9663416898792944
DoS slowloris,0.016421183839945723,0.9663416898792944
DoS slowloris,0.016503141662206892,0.9663416898792944
DoS slowloris,0.017570293837102315,0.9663416898792944
DoS slowloris,0.020606870606870605,0.9663416898792944
DoS slowloris,0.02237738932249672,0.9663416898792944
DoS slowloris,0.024707991073548263,0.9663416898792944
DoS slowloris,0.0259191233695483,0.9663416898792944
DoS slowloris,0.02752815304145424,0.9663416898792944
DoS slowloris,0.027608847033856153,0.9663416898792944
DoS slowloris,0.027657454158915757,0.9663416898792944
DoS slowloris,0.02766793165097067,0.9663416898792944
DoS slowloris,0.027696094737542414,0.9663416898792944
DoS slowloris,0.027740387819017793,0.9663416898792944
DoS slowloris,0.027776480400333613,0.9663416898792944
DoS slowloris,0.02794728750864332,0.9663416898792944
DoS slowloris,0.028027253019510683,0.9663416898792944
DoS slowloris,0.028044056721344607,0.9663416898792944
DoS slowloris,0.028062393830722357,0.9663416898792944
DoS slowloris,0.028168728178201208,0.9663416898792944
DoS slowloris,0.0282954746271903,0.9663416898792944
DoS slowloris,0.0285900693633679,0.9663416898792944
DoS slowloris,0.02877523795041231,0.9663416898792944
DoS slowloris,0.028905506835808666,0.9663416898792944
DoS slowloris,0.028947514811003255,0.9663416898792944
DoS slowloris,0.02923598772411565,0.9663416898792944
DoS slowloris,0.029321237647821158,0.9663416898792944
DoS slowloris,0.029488641595772563,0.9663416898792944
DoS slowloris,0.029592612864931724,0.9663416898792944
DoS slowloris,0.02992359169356172,0.9663416898792944
DoS slowloris,0.04482127476313523,0.9663416898792944
DoS slowloris,0.04514498883032945,0.9663416898792944
DoS slowloris,0.11622647830699648,0.9663416898792944
DoS slowloris,0.19070087036188732,0.9663416898792944
DoS slowloris,0.20276654814670497,0.9663416898792944
DoS slowloris,0.22136552164202913,0.9663416898792944
DoS slowloris,0.2248447204968944,0.9663416898792944
DoS slowloris,0.24233075266313522,0.9663416898792944
DoS slowloris,0.2522571653638732,0.9663416898792944
DoS slowloris,0.2542445340173446,0.9663416898792944
DoS slowloris,0.26837287261474985,0.9663416898792944
DoS slowloris,0.2699740596627756,0.9663416898792944
DoS slowloris,0.27083468869949906,0.9663416898792944
DoS slowloris,0.2753671120518587,0.9663416898792944
DoS slowloris,0.2886762360446571,0.9663416898792944
DoS slowloris,0.2908951156453078,0.9663416898792944
DoS slowloris,0.2915878685998459,0.9663416898792944
DoS slowloris,0.29222237821142777,0.9663416898792944
DoS slowloris,0.2986584403472272,0.9663416898792944
DoS slowloris,0.30077306552994726,0.9663416898792944
DoS slowloris,0.3049370055669499,0.9663416898792944
DoS slowloris,0.3072778269855329,0.9663416898792944
DoS slowloris,0.3255395683453237,0.9663416898792944
DoS slowloris,0.3294033866118057,0.9663416898792944
DoS slowloris,0.34025337147527585,0.9663416898792944
DoS slowloris,0.34269015475798487,0.9663416898792944
DoS slowloris,0.3444766239139429,0.9663416898792944
DoS slowloris,0.3459652621956287,0.9663416898792944
DoS slowloris,0.3481642552479719,0.9663416898792944
DoS slowloris,0.3512191006496246,0.9663416898792944
DoS slowloris,0.3529162427941675,0.9663416898792944
DoS slowloris,0.3537860117277131,0.9663416898792944
DoS slowloris,0.3560554225111187,0.9663416898792944
DoS slowloris,0.3574924860455131,0.9663416898792944
DoS slowloris,0.3591579673884911,0.9663416898792944
DoS slowloris,0.36071397625855645,0.9663416898792944
DoS slowloris,0.36304177204151045,0.9663416898792944
DoS slowloris,0.3638667948605891,0.9663416898792944
DoS slowloris,0.36613896218117853,0.9663416898792944
DoS slowloris,0.36746403036455116,0.9663416898792944
DoS slowloris,0.36906028368794325,0.9663416898792944
DoS slowloris,0.37501126024682463,0.9663416898792944
DoS slowloris,0.3774252039891206,0.9663416898792944
DoS slowloris,0.38098288642811384,0.9663416898792944
DoS slowloris,0.38396974727909977,0.9663416898792944
DoS slowloris,0.3849639356389865,0.9663416898792944
DoS slowloris,0.3882309055301688,0.9663416898792944
DoS slowloris,0.3906719219219219,0.9663416898792944
DoS slowloris,0.3926247288503254,0.9663416898792944
DoS slowloris,0.3963629439207845,0.9663416898792944
DoS slowloris,0.40175641767998455,0.9663416898792944
DoS slowloris,0.40272806423527135,0.9663416898792944
DoS slowloris,0.4095425479586817,0.9663416898792944
DoS slowloris,0.41099812419784776,0.9663416898792944
DoS slowloris,0.41538615046896826,0.9663416898792944
DoS slowloris,0.4193613377656895,0.9663416898792944
DoS slowloris,0.42174045182858877,0.9663416898792944
DoS slowloris,0.42714959983583006,0.9663416898792944
DoS slowloris,0.42789598108747046,0.9663416898792944
DoS slowloris,0.43423385834984873,0.9663416898792944
DoS slowloris,0.43536916962978456,0.9663416898792944
DoS slowloris,0.44113595422274027,0.9663416898792944
DoS slowloris,0.4525491901293619,0.9663416898792944
DoS slowloris,0.4557696518502299,0.9663416898792944
DoS slowloris,0.45737200615249396,0.9663416898792944
DoS slowloris,0.45928949691085613,0.9663416898792944
DoS slowloris,0.46353412760271684,0.9663416898792944
DoS slowloris,0.46493187402278313,0.9663416898792944
DoS slowloris,0.4796082949308756,0.9663416898792944
DoS slowloris,0.48121604438793203,0.9663416898792944
DoS slowloris,0.4833391385115523,0.9663416898792944
DoS slowloris,0.48480260859438684,0.9663416898792944
DoS slowloris,0.48616139203550157,0.9663416898792944
DoS slowloris,0.48707148707148706,0.9663416898792944
DoS slowloris,0.4919640746868353,0.9663416898792944
DoS slowloris,0.4925461429247515,0.9663416898792944
DoS slowloris,0.49453551912568305,0.9663416898792944
DoS slowloris,0.4979665071770335,0.9663416898792944
DoS slowloris,0.4988615937687238,0.9663416898792944
DoS slowloris,0.4998199063513027,0.9663416898792944
DoS slowloris,0.5016267020122906,0.9663416898792944
DoS slowloris,0.503446607812311,0.9663416898792944
DoS slowloris,0.5046060606060606,0.9663416898792944
DoS slowloris,0.5062013618677043,0.9663416898792944
DoS slowloris,0.5074353973671379,0.9663416898792944
DoS slowloris,0.5084269662921348,0.9663416898792944
DoS slowloris,0.510359200686527,0.9663416898792944
DoS slowloris,0.5126215983253294,0.9663416898792944
DoS slowloris,0.5175929379584732,0.9663416898792944
DoS slowloris,0.5209610812163684,0.9663416898792944
DoS slowloris,0.5227929172422454,0.9663416898792944
DoS slowloris,0.524968474148802,0.9663416898792944
DoS slowloris,0.52662871600253,0.9663416898792944
DoS slowloris,0.5291724926909877,0.9663416898792944
DoS slowloris,0.5355029585798816,0.9663416898792944
DoS slowloris,0.5393185645809042,0.9663416898792944
DoS slowloris,0.549716096659184,0.9663416898792944
DoS slowloris,0.5512447033898306,0.9663416898792944
DoS slowloris,0.5583422746781116,0.9663416898792944
DoS slowloris,0.5602960969044415,0.9663416898792944
DoS slowloris,0.5632526045190096,0.9663416898792944
DoS slowloris,0.5660864835463694,0.9663416898792944
DoS slowloris,0.5682500682500683,0.9663416898792944
DoS slowloris,0.5725484802640627,0.9663416898792944
DoS slowloris,0.5741277065232382,0.9663416898792944
DoS slowloris,0.575158883669522,0.9663416898792944
DoS slowloris,0.5798857779635047,0.9663416898792944
DoS slowloris,0.5860078828828829,0.9663416898792944
DoS slowloris,0.5903289846851957,0.9663416898792944
DoS slowloris,0.5925135212069457,0.9663416898792944
DoS slowloris,0.5962474935548553,0.9663416898792944
DoS slowloris,0.6008081974310867,0.9663416898792944
DoS slowloris,0.6052631578947368,0.9663416898792944
DoS slowloris,0.6084478222741888,0.9663416898792944
DoS slowloris,0.610052754982415,0.9663416898792944
DoS slowloris,0.6113966808635629,0.9663416898792944
DoS slowloris,0.6130172286850243,0.9663416898792944
DoS slowloris,0.6221790464803467,0.9663416898792944
DoS slowloris,0.6251689442859288,0.9663416898792944
DoS slowloris,0.6288519637462235,0.9663416898792944
DoS slowloris,0.632426682874943,0.9661095636025998
DoS slowloris,0.634257848217007,0.9661095636025998
DoS slowloris,0.6366834939574728,0.9661095636025998
DoS slowloris,0.6405047706986765,0.9661095636025998
DoS slowloris,0.6424822476072862,0.9661095636025998
DoS slowloris,0.6463736605062897,0.9661095636025998
DoS slowloris,0.6538884524744698,0.9661095636025998
DoS slowloris,0.6765279583875162,0.9661095636025998
DoS slowloris,0.6779605798990064,0.9661095636025998
DoS slowloris,0.6824069519593376,0.9661095636025998
DoS slowloris,0.6848774066151061,0.9661095636025998
DoS slowloris,0.6888447533929163,0.9661095636025998
DoS slowloris,0.6952890076845974,0.9661095636025998
DoS slowloris,0.697619845792826,0.9661095636025998
DoS slowloris,0.7039918809201624,0.9661095636025998
DoS slowloris,0.7074124447466849,0.9658774373259053
DoS slowloris,0.7107960368978476,0.9658774373259053
DoS slowloris,0.7197716658017644,0.9658774373259053
DoS slowloris,0.7252919644413457,0.9658774373259053
DoS slowloris,0.7443649373881932,0.9658774373259053
DoS slowloris,0.7551724137931034,0.9658774373259053
DoS slowloris,0.7579234972677595,0.9658774373259053
DoS slowloris,0.7734200743494424,0.9658774373259053
DoS slowloris,0.7774663677130045,0.9658774373259053
DoS slowloris,0.7818489289740699,0.9658774373259053
DoS slowloris,0.7840587902769927,0.9658774373259053
DoS slowloris,0.7909142748526896,0.9658774373259053
DoS slowloris,0.7925319108401601,0.9656453110492108
DoS slowloris,0.7983112646325081,0.9656453110492108
DoS slowloris,0.8001538757453357,0.9656453110492108
DoS slowloris,0.8016958951628445,0.9656453110492108
DoS slowloris,0.8071400853705859,0.9656453110492108
DoS slowloris,0.808477542290492,0.9651810584958217
DoS slowloris,0.8111587982832618,0.9651810584958217
DoS slowloris,0.8127443315089914,0.9651810584958217
DoS slowloris,0.8181818181818182,0.9651810584958217
DoS slowloris,0.8209279368213228,0.9651810584958217
DoS slowloris,0.8228774985157332,0.9651810584958217
DoS slowloris,0.824672748909163,0.9651810584958217
DoS slowloris,0.8309014591245253,0.9649489322191273
DoS slowloris,0.8332331128482662,0.9649489322191273
DoS slowloris,0.836755233494364,0.9649489322191273
DoS slowloris,0.8389505549949546,0.9649489322191273
DoS slowloris,0.8425212809079854,0.9649489322191273
DoS slowloris,0.8444038188096689,0.9649489322191273
DoS slowloris,0.8488870737186033,0.9649489322191273
DoS slowloris,0.856760098928277,0.9649489322191273
DoS slowloris,0.8588842975206612,0.9649489322191273
DoS slowloris,0.8609614587650228,0.9644846796657381
DoS slowloris,0.8640049906425452,0.9644846796657381
DoS slowloris,0.8767672504747837,0.9644846796657381
DoS slowloris,0.9032608695652173,0.9644846796657381
DoS slowloris,0.9225133214920072,0.9644846796657381
DoS slowloris,0.9243435692033823,0.9642525533890436
DoS slowloris,0.9286832103733512,0.9642525533890436
DoS slowloris,0.9313747477012783,0.9640204271123491
DoS slowloris,0.9395654142145767,0.96355617455896
DoS slowloris,0.9434090909090909,0.96355617455896
DoS slowloris,0.9455456823877877,0.9633240482822656
DoS slowloris,0.9463470319634704,0.9621634168987929
DoS slowloris,0.9480817826786124,0.9579851439182916
DoS slowloris,1.0,0.0
