clase,precision,recall
Bot,0.0007796143360968443,1.0
Bot,0.0011105135750834134,0.9993581514762516
Bot,0.0011659500619691967,0.9987163029525032
Bot,0.001198829215375524,0.9987163029525032
Bot,0.0013902228734548735,0.9987163029525032
Bot,0.0014593802698540431,0.9987163029525032
Bot,0.0018492570288999892,0.9987163029525032
Bot,0.001986510622597452,0.9987163029525032
Bot,0.0021641077992720476,0.9987163029525032
Bot,0.002317145086639782,0.9987163029525032
Bot,0.00243544352932706,0.9987163029525032
Bot,0.003664970793291879,0.9987163029525032
Bot,0.003942604196491691,0.9987163029525032
Bot,0.0043701236329320835,0.9987163029525032
Bot,0.004864993309070899,0.9987163029525032
Bot,0.005410066339373879,0.9987163029525032
Bot,0.005900913200449016,0.9987163029525032
Bot,0.006311400270952145,0.9987163029525032
Bot,0.0067444269621037755,0.9987163029525032
Bot,0.007155207298679322,0.9987163029525032
Bot,0.007668915755284701,0.9987163029525032
Bot,0.0080491224077015,0.9987163029525032
Bot,0.008448669986045577,0.9987163029525032
Bot,0.008836892321671968,0.9987163029525032
Bot,0.009252872196189433,0.9987163029525032
Bot,0.009784871180535904,0.9987163029525032
Bot,0.010221845581810897,0.9987163029525032
Bot,0.01066535063368359,0.9987163029525032
Bot,0.011157161090476259,0.9987163029525032
Bot,0.011618356405776324,0.9987163029525032
Bot,0.012041666021761674,0.9987163029525032
Bot,0.01246525190864156,0.9987163029525032
Bot,0.012951448714427214,0.9987163029525032
Bot,0.01327690364858869,0.9987163029525032
Bot,0.013781863917379674,0.9987163029525032
Bot,0.014100461255448523,0.9987163029525032
Bot,0.014442845871815102,0.9987163029525032
Bot,0.01498834453927216,0.9987163029525032
Bot,0.015395879920052244,0.9987163029525032
Bot,0.015704639731931085,0.9987163029525032
Bot,0.01612502072624772,0.9987163029525032
Bot,0.01639016168957708,0.9987163029525032
Bot,0.016751536813547643,0.9987163029525032
Bot,0.01718501502032161,0.9987163029525032
Bot,0.01749769471245755,0.9987163029525032
Bot,0.017879508658232502,0.9987163029525032
Bot,0.018238293383344078,0.9987163029525032
Bot,0.018658192937226453,0.9987163029525032
Bot,0.01897121398700301,0.9987163029525032
Bot,0.019288459154580388,0.9987163029525032
Bot,0.019713420582534114,0.9987163029525032
Bot,0.02004173214147711,0.9987163029525032
Bot,0.020312255234713594,0.9987163029525032
Bot,0.020786299210494675,0.9987163029525032
Bot,0.020997517003130736,0.9987163029525032
Bot,0.021289695841941795,0.9987163029525032
Bot,0.021624626502675284,0.9987163029525032
Bot,0.02190500323788608,0.9987163029525032
Bot,0.02222952412246239,0.9987163029525032
Bot,0.02254778362242606,0.9987163029525032
Bot,0.022871253656313848,0.9987163029525032
Bot,0.023109025292204415,0.9987163029525032
Bot,0.023451394122079878,0.9987163029525032
Bot,0.023653167943572907,0.9987163029525032
Bot,0.023913444396631216,0.9987163029525032
Bot,0.024147617052314663,0.9987163029525032
Bot,0.02446348557503341,0.9987163029525032
Bot,0.02474436652195347,0.9987163029525032
Bot,0.025017686024824747,0.9987163029525032
Bot,0.025279438523524825,0.9987163029525032
Bot,0.025668519771028884,0.9987163029525032
Bot,0.025901388287778406,0.9987163029525032
Bot,0.02612360022161409,0.9987163029525032
Bot,0.02639166864547644,0.9987163029525032
Bot,0.02657920808991835,0.9987163029525032
Bot,0.02707640906955296,0.9987163029525032
Bot,0.027572519625042084,0.9987163029525032
Bot,0.027966497717387396,0.9987163029525032
Bot,0.02864242982052462,0.9987163029525032
Bot,0.02916533898146239,0.9987163029525032
Bot,0.02978332440088814,0.9987163029525032
Bot,0.030485296134480123,0.9987163029525032
Bot,0.030844863814772232,0.9987163029525032
Bot,0.03125816107193797,0.9987163029525032
Bot,0.03173114179089259,0.9987163029525032
Bot,0.03231098282700334,0.9987163029525032
Bot,0.03277376413842492,0.9987163029525032
Bot,0.03323792028025804,0.9987163029525032
Bot,0.03368256991947355,0.9987163029525032
Bot,0.034050375298159616,0.9987163029525032
Bot,0.034570095534325704,0.9987163029525032
Bot,0.03500877469288575,0.9987163029525032
Bot,0.03542482469720426,0.9987163029525032
Bot,0.03602268781108925,0.9987163029525032
Bot,0.03648642311119449,0.9987163029525032
Bot,0.03701941377997716,0.9987163029525032
Bot,0.03744525196130336,0.9987163029525032
Bot,0.03786625133846004,0.9987163029525032
Bot,0.038219689526429554,0.9987163029525032
Bot,0.03862000496401092,0.9987163029525032
Bot,0.0390591661018651,0.9987163029525032
Bot,0.039464340062899464,0.9987163029525032
Bot,0.03975777397347778,0.9987163029525032
Bot,0.040333869044533156,0.9987163029525032
Bot,0.040962459853630284,0.9987163029525032
Bot,0.04139619027349154,0.9987163029525032
Bot,0.04173036178829082,0.9987163029525032
Bot,0.04206656032874639,0.9987163029525032
Bot,0.04244755435523911,0.9987163029525032
Bot,0.04269447112086706,0.9987163029525032
Bot,0.04342971977224517,0.9987163029525032
Bot,0.0438063063063063,0.9987163029525032
Bot,0.04440639269406393,0.9987163029525032
Bot,0.04536310894726101,0.9987163029525032
Bot,0.04622148288973384,0.9987163029525032
Bot,0.04699344628673251,0.9987163029525032
Bot,0.048112303268297206,0.9987163029525032
Bot,0.048736179409277415,0.9987163029525032
Bot,0.04938741826953596,0.9987163029525032
Bot,0.04994543236823522,0.9987163029525032
Bot,0.05037391951827511,0.9987163029525032
Bot,0.05108003414089685,0.9987163029525032
Bot,0.05151464989240192,0.9987163029525032
Bot,0.05206451181155056,0.9987163029525032
Bot,0.05268147345612134,0.9987163029525032
Bot,0.05349468834874686,0.9987163029525032
Bot,0.05413868689328833,0.9987163029525032
Bot,0.05454099337516211,0.9987163029525032
Bot,0.055357905222712396,0.9987163029525032
Bot,0.05589883603966087,0.9987163029525032
Bot,0.056429970261840864,0.9987163029525032
Bot,0.05702140134857813,0.9987163029525032
Bot,0.05768303985171455,0.9987163029525032
Bot,0.05810523171141566,0.9987163029525032
Bot,0.05851163840108299,0.9987163029525032
Bot,0.05903779025648809,0.9987163029525032
Bot,0.05949376768371951,0.9987163029525032
Bot,0.06009810358811942,0.9987163029525032
Bot,0.06054945910187563,0.9987163029525032
Bot,0.06118997994415824,0.9987163029525032
Bot,0.06157011712567268,0.9987163029525032
Bot,0.06206126356094448,0.9987163029525032
Bot,0.0624849409685969,0.9987163029525032
Bot,0.06304444714557757,0.9987163029525032
Bot,0.06335504885993486,0.9987163029525032
Bot,0.06385161475645287,0.9987163029525032
Bot,0.0644466534128562,0.9987163029525032
Bot,0.0649226019109609,0.9987163029525032
Bot,0.06571223446936103,0.9987163029525032
Bot,0.06637375762487736,0.9987163029525032
Bot,0.06722834305465543,0.9987163029525032
Bot,0.06822765938788038,0.9987163029525032
Bot,0.06889528448085012,0.9987163029525032
Bot,0.06963838166845686,0.9987163029525032
Bot,0.07063095778483885,0.9987163029525032
Bot,0.07123563613056814,0.9987163029525032
Bot,0.07197039777983348,0.9987163029525032
Bot,0.07263899911301994,0.9987163029525032
Bot,0.07349329302852825,0.9987163029525032
Bot,0.07458537053015052,0.9987163029525032
Bot,0.0755229820899869,0.9987163029525032
Bot,0.07629695008335785,0.9987163029525032
Bot,0.07696493050403126,0.9987163029525032
Bot,0.07761759864318851,0.9987163029525032
Bot,0.07825387246026956,0.9987163029525032
Bot,0.07885667950537198,0.9987163029525032
Bot,0.07947696393911534,0.9987163029525032
Bot,0.08016899376577877,0.9987163029525032
Bot,0.08073889580738895,0.9987163029525032
Bot,0.08140204028250066,0.9987163029525032
Bot,0.08194217704987097,0.9987163029525032
Bot,0.08258585000796136,0.9987163029525032
Bot,0.08325753116806678,0.9987163029525032
Bot,0.0838723587753342,0.9987163029525032
Bot,0.0843131942562991,0.9987163029525032
Bot,0.08472638170432889,0.9987163029525032
Bot,0.08528363935324747,0.9987163029525032
Bot,0.08591938155715075,0.9987163029525032
Bot,0.08667557932263814,0.9987163029525032
Bot,0.0872735431039318,0.9987163029525032
Bot,0.08792947558770343,0.9987163029525032
Bot,0.0886205718191138,0.9987163029525032
Bot,0.08939446167988051,0.9987163029525032
Bot,0.09025522041763341,0.9987163029525032
Bot,0.09111670668150143,0.9987163029525032
Bot,0.09229491666172371,0.9987163029525032
Bot,0.09305663536869804,0.9987163029525032
Bot,0.093684147149136,0.9987163029525032
Bot,0.09557739557739557,0.9987163029525032
Bot,0.09665196596061867,0.9987163029525032
Bot,0.09753039989971167,0.9987163029525032
Bot,0.09817654110669442,0.9987163029525032
Bot,0.09894442324812412,0.9987163029525032
Bot,0.09985881144910795,0.9987163029525032
Bot,0.10047785096215937,0.9987163029525032
Bot,0.10134166992314707,0.9987163029525032
Bot,0.10193252538486734,0.9987163029525032
Bot,0.1029917924278528,0.9987163029525032
Bot,0.1036849470247218,0.9987163029525032
Bot,0.1044015029522276,0.9987163029525032
Bot,0.10537721793308953,0.9987163029525032
Bot,0.10642954856361149,0.9987163029525032
Bot,0.10703721538144047,0.9987163029525032
Bot,0.1079431148109608,0.9987163029525032
Bot,0.10868198644967521,0.9987163029525032
Bot,0.1095080582729256,0.9987163029525032
Bot,0.11059776814272514,0.9987163029525032
Bot,0.11156521115652111,0.9987163029525032
Bot,0.11217648331050394,0.9987163029525032
Bot,0.1129910681867693,0.9987163029525032
Bot,0.11413481992224749,0.9987163029525032
Bot,0.11487633813215209,0.9987163029525032
Bot,0.11564474173169825,0.9987163029525032
Bot,0.1164845036682138,0.9987163029525032
Bot,0.1173188569705195,0.9987163029525032
Bot,0.11830000760282826,0.9987163029525032
Bot,0.11946257197696737,0.9987163029525032
Bot,0.12052672347017816,0.9987163029525032
Bot,0.12168608743254868,0.9987163029525032
Bot,0.12280009470444321,0.9987163029525032
Bot,0.1239346873755476,0.9987163029525032
Bot,0.12480949707227079,0.9987163029525032
Bot,0.1257881972514147,0.9987163029525032
Bot,0.12693751019742208,0.9987163029525032
Bot,0.12795000411150398,0.9987163029525032
Bot,0.12876530950016551,0.9987163029525032
Bot,0.129742349703994,0.9987163029525032
Bot,0.13071236559139784,0.9987163029525032
Bot,0.1316190153950262,0.9987163029525032
Bot,0.13277583411553887,0.9987163029525032
Bot,0.13393010845240144,0.9987163029525032
Bot,0.1347302796778942,0.9987163029525032
Bot,0.1358121672340054,0.9987163029525032
Bot,0.1368634004749758,0.9987163029525032
Bot,0.13766256745996638,0.9987163029525032
Bot,0.138446481003648,0.9987163029525032
Bot,0.13935160308078096,0.9987163029525032
Bot,0.14024335286164938,0.9987163029525032
Bot,0.14136458617243572,0.9987163029525032
Bot,0.14219135520424014,0.9987163029525032
Bot,0.143093617803936,0.9987163029525032
Bot,0.14406073511711878,0.9987163029525032
Bot,0.1452169855342977,0.9987163029525032
Bot,0.1462680955066742,0.9987163029525032
Bot,0.1471951565604011,0.9987163029525032
Bot,0.1481199428843408,0.9987163029525032
Bot,0.14965855535250552,0.9987163029525032
Bot,0.1509800116437027,0.9987163029525032
Bot,0.15247427731504165,0.9987163029525032
Bot,0.1541051797563633,0.9987163029525032
Bot,0.15515006481204507,0.9987163029525032
Bot,0.1560369033293221,0.9987163029525032
Bot,0.15734654666801495,0.9987163029525032
Bot,0.15838762214983712,0.9987163029525032
Bot,0.159279353055584,0.9987163029525032
Bot,0.16019767322145578,0.9987163029525032
Bot,0.16102659629514643,0.9987163029525032
Bot,0.16213400020839847,0.9987163029525032
Bot,0.1630856304370611,0.9987163029525032
Bot,0.16411770910241535,0.9987163029525032
Bot,0.1654263236232192,0.9987163029525032
Bot,0.16666666666666666,0.9987163029525032
Bot,0.16758212170166936,0.9987163029525032
Bot,0.1686355261731874,0.9987163029525032
Bot,0.17024070021881837,0.9987163029525032
Bot,0.1714222760824061,0.9987163029525032
Bot,0.1725820763087844,0.9987163029525032
Bot,0.1738353256619372,0.9987163029525032
Bot,0.17457646134859195,0.9987163029525032
Bot,0.17568025290730496,0.9987163029525032
Bot,0.17693882192403912,0.9987163029525032
Bot,0.17813394390383513,0.9987163029525032
Bot,0.17938667281531012,0.9987163029525032
Bot,0.18086713936998722,0.9987163029525032
Bot,0.18205218205218204,0.9987163029525032
Bot,0.18353385232366123,0.9987163029525032
Bot,0.18462268628381584,0.9987163029525032
Bot,0.18599091561080563,0.9987163029525032
Bot,0.18760549795032552,0.9987163029525032
Bot,0.18883495145631068,0.9987163029525032
Bot,0.19000488758553274,0.9980744544287549
Bot,0.19159684573681618,0.9980744544287549
Bot,0.19285625697631154,0.9980744544287549
Bot,0.19383809405014343,0.9974326059050064
Bot,0.1954962888413637,0.9974326059050064
Bot,0.19678358870457135,0.9974326059050064
Bot,0.1981384674231799,0.9974326059050064
Bot,0.20020613244009275,0.9974326059050064
Bot,0.20124320124320125,0.9974326059050064
Bot,0.20308416100365917,0.9974326059050064
Bot,0.20485104139203797,0.9974326059050064
Bot,0.2060461416070008,0.9974326059050064
Bot,0.20747663551401868,0.9974326059050064
Bot,0.20951867331805313,0.9974326059050064
Bot,0.2118609406952965,0.9974326059050064
Bot,0.21384340167882207,0.9974326059050064
Bot,0.21553398058252426,0.9974326059050064
Bot,0.21767754587477237,0.9974326059050064
Bot,0.22005097706032287,0.9974326059050064
Bot,0.22193658954584405,0.9974326059050064
Bot,0.22359712230215828,0.9974326059050064
Bot,0.22541340295909487,0.9974326059050064
Bot,0.22682820026273537,0.9974326059050064
Bot,0.2283279459300617,0.9974326059050064
Bot,0.22984765567223783,0.9974326059050064
Bot,0.23214819241111442,0.9974326059050064
Bot,0.23407139629462267,0.9974326059050064
Bot,0.2362420188507145,0.9974326059050064
Bot,0.23819742489270387,0.9974326059050064
Bot,0.23981481481481481,0.9974326059050064
Bot,0.2413793103448276,0.9974326059050064
Bot,0.24399434762129063,0.9974326059050064
Bot,0.24639289678135406,0.9974326059050064
Bot,0.2492781520692974,0.9974326059050064
Bot,0.2515784361340457,0.9974326059050064
Bot,0.25367286973555336,0.9974326059050064
Bot,0.2561819980217606,0.9974326059050064
Bot,0.2585690515806988,0.9974326059050064
Bot,0.2604760308414348,0.9974326059050064
Bot,0.2628107559614409,0.9974326059050064
Bot,0.26537935748462066,0.996790757381258
Bot,0.2678971882007935,0.996790757381258
Bot,0.2703690807799443,0.996790757381258
Bot,0.27263139391808755,0.9955070603337612
Bot,0.275,0.9955070603337612
Bot,0.27716225875625444,0.9955070603337612
Bot,0.2794091154746892,0.9955070603337612
Bot,0.282,0.9955070603337612
Bot,0.28674431503050474,0.9955070603337612
Bot,0.2891791044776119,0.9948652118100129
Bot,0.2916274694261524,0.9948652118100129
Bot,0.29450883526505794,0.9948652118100129
Bot,0.29888160431932126,0.9948652118100129
Bot,0.3011462988148436,0.9948652118100129
Bot,0.3043990573448547,0.9948652118100129
Bot,0.3069914834620717,0.9948652118100129
Bot,0.30987604958016796,0.9948652118100129
Bot,0.3124370086676073,0.9948652118100129
Bot,0.31568228105906315,0.9948652118100129
Bot,0.31912703314803376,0.9948652118100129
Bot,0.3224464322862492,0.9948652118100129
Bot,0.3256986761924774,0.9948652118100129
Bot,0.32803896653960185,0.9942233632862645
Bot,0.33077087337177025,0.9942233632862645
Bot,0.33398016386373436,0.9942233632862645
Bot,0.3372523405181798,0.9942233632862645
Bot,0.3401405357927097,0.9942233632862645
Bot,0.34384017758046614,0.9942233632862645
Bot,0.3481681276691391,0.9942233632862645
Bot,0.35204545454545455,0.9942233632862645
Bot,0.35601011261778903,0.9942233632862645
Bot,0.3593314763231198,0.993581514762516
Bot,0.36338028169014086,0.993581514762516
Bot,0.36743413244718726,0.993581514762516
Bot,0.3712230215827338,0.993581514762516
Bot,0.3754547659471259,0.993581514762516
Bot,0.37978410206084395,0.993581514762516
Bot,0.38497886097985573,0.993581514762516
Bot,0.38894472361809046,0.993581514762516
Bot,0.39293878587757175,0.9929396662387676
Bot,0.3975314991000257,0.9922978177150192
Bot,0.40134994807892005,0.9922978177150192
Bot,0.4057742782152231,0.9922978177150192
Bot,0.4104061587470135,0.9922978177150192
Bot,0.4161507402422611,0.9922978177150192
Bot,0.4212104689203926,0.9916559691912709
Bot,0.42644217499309967,0.9916559691912709
Bot,0.4312849162011173,0.9910141206675225
Bot,0.43739376770538246,0.9910141206675225
Bot,0.44313612866168867,0.9903722721437741
Bot,0.44919941775836975,0.9903722721437741
Bot,0.4545990566037736,0.9897304236200257
Bot,0.4598866686549359,0.9897304236200257
Bot,0.46487790171842025,0.9897304236200257
Bot,0.471109752369306,0.9890885750962772
Bot,0.47812596959354636,0.9890885750962772
Bot,0.4844388557057529,0.9890885750962772
Bot,0.4906080865966253,0.9890885750962772
Bot,0.4956521739130435,0.9878048780487805
Bot,0.5034369885433715,0.9871630295250321
Bot,0.5092961487383798,0.9845956354300385
Bot,0.5173810327370908,0.9839537869062901
Bot,0.5257201646090535,0.9839537869062901
Bot,0.5343325200418264,0.9839537869062901
Bot,0.5426850867871059,0.9833119383825417
Bot,0.5522710886806056,0.9833119383825417
Bot,0.5605561653860227,0.9833119383825417
Bot,0.5693050910442214,0.9833119383825417
Bot,0.5768072289156626,0.9833119383825417
Bot,0.584321223709369,0.9807445442875481
Bot,0.5904688105385509,0.9781771501925546
Bot,0.5974842767295597,0.975609756097561
Bot,0.6045581767293082,0.9704749679075738
Bot,0.610705596107056,0.9666238767650834
Bot,0.6196369636963697,0.9640564826700898
Bot,0.627897176569743,0.9563543003851092
Bot,0.6363242306025141,0.9422336328626444
Bot,0.6517775752051048,0.9178433889602053
Bot,0.6877593360995851,0.8510911424903723
Bot,1.0,0.0
Web Attack,0.000858176242879389,1.0
Web Attack,0.0010853541261218287,0.997667638483965
Web Attack,0.0012728022031157245,0.997667638483965
Web Attack,0.0013136689907321459,0.997667638483965
Web Attack,0.001342599967200071,0.997667638483965
Web Attack,0.0013631999745047346,0.997667638483965
Web Attack,0.0015394831079743605,0.997667638483965
Web Attack,0.0016329748296638324,0.997667638483965
Web Attack,0.001667046648076807,0.997667638483965
Web Attack,0.0017025688789116297,0.997667638483965
Web Attack,0.0021211234640140433,0.997667638483965
Web Attack,0.002272980886236709,0.997667638483965
Web Attack,0.0024006790933262245,0.997667638483965
Web Attack,0.0025318703433784414,0.997667638483965
Web Attack,0.0026418875831283593,0.997667638483965
Web Attack,0.0027320266656021717,0.997667638483965
Web Attack,0.0032006973816387347,0.997667638483965
Web Attack,0.0040193756929958096,0.997667638483965
Web Attack,0.004307404153334525,0.997667638483965
Web Attack,0.004722032102090831,0.997667638483965
Web Attack,0.005101888682812211,0.997667638483965
Web Attack,0.005479741609846241,0.997667638483965
Web Attack,0.005906313645621181,0.997667638483965
Web Attack,0.006267559974065269,0.997667638483965
Web Attack,0.006817520749409295,0.997667638483965
Web Attack,0.0072251406178740945,0.997667638483965
Web Attack,0.007584522432189228,0.997667638483965
Web Attack,0.00797624375326322,0.997667638483965
Web Attack,0.008477473504798617,0.997667638483965
Web Attack,0.008913129545123044,0.997667638483965
Web Attack,0.009235818349644008,0.997667638483965
Web Attack,0.009681599302879583,0.997667638483965
Web Attack,0.010036485646241744,0.997667638483965
Web Attack,0.01042167904152226,0.997667638483965
Web Attack,0.0108034727703236,0.997667638483965
Web Attack,0.011224529960507499,0.997667638483965
Web Attack,0.011641435618302432,0.997667638483965
Web Attack,0.011963110828328311,0.997667638483965
Web Attack,0.01233455405288503,0.997667638483965
Web Attack,0.012651675921886438,0.997667638483965
Web Attack,0.013107495250352394,0.997667638483965
Web Attack,0.013464595432582589,0.997667638483965
Web Attack,0.013850998550947551,0.997667638483965
Web Attack,0.014183750445573691,0.997667638483965
Web Attack,0.014570258279329989,0.997667638483965
Web Attack,0.014883696654430314,0.997667638483965
Web Attack,0.015228381216846453,0.997667638483965
Web Attack,0.015633566024633602,0.997667638483965
Web Attack,0.01596335239730181,0.997667638483965
Web Attack,0.016317616540779737,0.997667638483965
Web Attack,0.01669887372879702,0.997667638483965
Web Attack,0.017124727265448284,0.997667638483965
Web Attack,0.017470236271927137,0.997667638483965
Web Attack,0.01782495910989801,0.997667638483965
Web Attack,0.018101414470552142,0.997667638483965
Web Attack,0.018509303331890957,0.997667638483965
Web Attack,0.018887085913611726,0.997667638483965
Web Attack,0.01937580685344144,0.997667638483965
Web Attack,0.01974542139337357,0.997667638483965
Web Attack,0.019982481751824818,0.997667638483965
Web Attack,0.020216939219207863,0.997667638483965
Web Attack,0.02057256910627758,0.997667638483965
Web Attack,0.02087119872162383,0.997667638483965
Web Attack,0.021070131149559756,0.997667638483965
Web Attack,0.021363999600439516,0.997667638483965
Web Attack,0.021768724792936296,0.997667638483965
Web Attack,0.02218390208484597,0.997667638483965
Web Attack,0.02243022508881635,0.997667638483965
Web Attack,0.022696220833830768,0.997667638483965
Web Attack,0.023037255456369244,0.997667638483965
Web Attack,0.02324728260869565,0.997667638483965
Web Attack,0.023619873272684604,0.997667638483965
Web Attack,0.02385234132128867,0.997667638483965
Web Attack,0.024137006785447262,0.997667638483965
Web Attack,0.024523434140748174,0.997667638483965
Web Attack,0.02476121562952243,0.997667638483965
Web Attack,0.02503804729571529,0.997667638483965
Web Attack,0.025252376173327824,0.997667638483965
Web Attack,0.02545827877633615,0.997667638483965
Web Attack,0.02578049662487946,0.997667638483965
Web Attack,0.025931314600951775,0.997667638483965
Web Attack,0.02621057307863172,0.997667638483965
Web Attack,0.026412065266050232,0.997667638483965
Web Attack,0.026661057092994267,0.997667638483965
Web Attack,0.02702318529281698,0.997667638483965
Web Attack,0.027368117982021177,0.997667638483965
Web Attack,0.02767220326373502,0.997667638483965
Web Attack,0.02806298179432508,0.997667638483965
Web Attack,0.028317968918091393,0.997667638483965
Web Attack,0.028587181714896746,0.997667638483965
Web Attack,0.028855721393034824,0.997667638483965
Web Attack,0.02909913433901937,0.997667638483965
Web Attack,0.029458859179421842,0.997667638483965
Web Attack,0.029665204500927578,0.997667638483965
Web Attack,0.0299042225950783,0.997667638483965
Web Attack,0.03005181347150259,0.997667638483965
Web Attack,0.030263902646101598,0.997667638483965
Web Attack,0.03045405193741879,0.997667638483965
Web Attack,0.030897861889627277,0.997667638483965
Web Attack,0.0310436170984832,0.997667638483965
Web Attack,0.031234597199656804,0.997667638483965
Web Attack,0.031525223864096986,0.997667638483965
Web Attack,0.03175103919239905,0.997667638483965
Web Attack,0.03202980213032816,0.997667638483965
Web Attack,0.03232021760894615,0.997667638483965
Web Attack,0.032518007488074194,0.997667638483965
Web Attack,0.03274265156154317,0.997667638483965
Web Attack,0.03310310136010989,0.997667638483965
Web Attack,0.03344017511628816,0.997667638483965
Web Attack,0.03398955084526908,0.997667638483965
Web Attack,0.034367781460279204,0.997667638483965
Web Attack,0.03482242800447746,0.997667638483965
Web Attack,0.035205761316872426,0.997667638483965
Web Attack,0.03545820035644713,0.997667638483965
Web Attack,0.0360574896737756,0.997667638483965
Web Attack,0.03653016781245997,0.997667638483965
Web Attack,0.0370659214488421,0.997667638483965
Web Attack,0.03783473011520686,0.997667638483965
Web Attack,0.038193669360239296,0.997667638483965
Web Attack,0.03872793119058397,0.997667638483965
Web Attack,0.03911840691373831,0.997667638483965
Web Attack,0.03974171370171649,0.997667638483965
Web Attack,0.04028346753307906,0.997667638483965
Web Attack,0.04074003523977332,0.997667638483965
Web Attack,0.04118227549522228,0.997667638483965
Web Attack,0.041666666666666664,0.997667638483965
Web Attack,0.042110703649922476,0.997667638483965
Web Attack,0.04259291528714745,0.997667638483965
Web Attack,0.042888654935579286,0.997667638483965
Web Attack,0.04338345292730546,0.997667638483965
Web Attack,0.04370928598799336,0.997667638483965
Web Attack,0.043984575835475576,0.997667638483965
Web Attack,0.04425305193461618,0.997667638483965
Web Attack,0.04453177866847119,0.997667638483965
Web Attack,0.04494824778017128,0.997667638483965
Web Attack,0.045399066015707916,0.997667638483965
Web Attack,0.04590454216188662,0.997667638483965
Web Attack,0.046124814665049196,0.997667638483965
Web Attack,0.04688827382094215,0.997667638483965
Web Attack,0.04738037217545414,0.997667638483965
Web Attack,0.04855140319514202,0.997667638483965
Web Attack,0.049478037072380784,0.997667638483965
Web Attack,0.05001461560947092,0.997667638483965
Web Attack,0.05038131974912399,0.997667638483965
Web Attack,0.05087568017602807,0.997667638483965
Web Attack,0.05165283018867924,0.997667638483965
Web Attack,0.052497545409916545,0.997667638483965
Web Attack,0.052926255877258105,0.997667638483965
Web Attack,0.05353734472292625,0.997667638483965
Web Attack,0.054017363851618,0.997667638483965
Web Attack,0.05466279032618766,0.997667638483965
Web Attack,0.05530773209206103,0.997667638483965
Web Attack,0.056085488576392305,0.997667638483965
Web Attack,0.05654516011765095,0.997667638483965
Web Attack,0.05700862959384267,0.997667638483965
Web Attack,0.05746431570109152,0.997667638483965
Web Attack,0.05818738309811257,0.997667638483965
Web Attack,0.058928878939211296,0.997667638483965
Web Attack,0.059754138436823354,0.997667638483965
Web Attack,0.06035060491693415,0.997667638483965
Web Attack,0.060749156754837566,0.997667638483965
Web Attack,0.06117049801580208,0.997667638483965
Web Attack,0.06151357181376955,0.997667638483965
Web Attack,0.06186275218743221,0.997667638483965
Web Attack,0.06251826951183864,0.997667638483965
Web Attack,0.06295533151813967,0.997667638483965
Web Attack,0.06335394527344762,0.997667638483965
Web Attack,0.06411601588848086,0.997667638483965
Web Attack,0.06588878619839802,0.997667638483965
Web Attack,0.06715070643642072,0.997667638483965
Web Attack,0.06846464727301829,0.997667638483965
Web Attack,0.07093404087724389,0.997667638483965
Web Attack,0.07203300635709174,0.997667638483965
Web Attack,0.07387099559623521,0.997667638483965
Web Attack,0.07477820025348543,0.997667638483965
Web Attack,0.07608840663494464,0.997667638483965
Web Attack,0.07796764638869902,0.997667638483965
Web Attack,0.07908116102791643,0.997667638483965
Web Attack,0.0806618894965114,0.997667638483965
Web Attack,0.08156941266209,0.997667638483965
Web Attack,0.0825652656468658,0.997667638483965
Web Attack,0.08358981875030534,0.997667638483965
Web Attack,0.08441045880611742,0.997667638483965
Web Attack,0.08541333865814696,0.997667638483965
Web Attack,0.08621819098009574,0.997667638483965
Web Attack,0.08748338275897331,0.997667638483965
Web Attack,0.08851068232372873,0.997667638483965
Web Attack,0.08925404277516953,0.997667638483965
Web Attack,0.09050515736577625,0.997667638483965
Web Attack,0.09153648619730366,0.997667638483965
Web Attack,0.09288312252320721,0.997667638483965
Web Attack,0.09371234527330485,0.997667638483965
Web Attack,0.09516129032258064,0.997667638483965
Web Attack,0.09683078664402943,0.997667638483965
Web Attack,0.09800103098688355,0.997667638483965
Web Attack,0.09925745446107437,0.997667638483965
Web Attack,0.10032248607446496,0.997667638483965
Web Attack,0.10193017991183129,0.997667638483965
Web Attack,0.10391108951779424,0.997667638483965
Web Attack,0.10525992002460781,0.997667638483965
Web Attack,0.10623370172606482,0.997667638483965
Web Attack,0.10771167768334908,0.997667638483965
Web Attack,0.10900866462793068,0.997667638483965
Web Attack,0.110508299425176,0.997667638483965
Web Attack,0.1124695983698153,0.997667638483965
Web Attack,0.11349164234544973,0.997667638483965
Web Attack,0.11434872685958698,0.997667638483965
Web Attack,0.11551444774507157,0.997667638483965
Web Attack,0.11660873713623662,0.997667638483965
Web Attack,0.1176511036237365,0.997667638483965
Web Attack,0.11870403774108505,0.997667638483965
Web Attack,0.11948324022346368,0.997667638483965
Web Attack,0.12084186736351438,0.997667638483965
Web Attack,0.12226668572245247,0.997667638483965
Web Attack,0.12396754093609622,0.997667638483965
Web Attack,0.12517375082303023,0.997667638483965
Web Attack,0.12637565551370117,0.997667638483965
Web Attack,0.1282993401319736,0.997667638483965
Web Attack,0.13053097345132744,0.997667638483965
Web Attack,0.1318283380845982,0.997667638483965
Web Attack,0.13273855702094647,0.997667638483965
Web Attack,0.13390201909532007,0.997667638483965
Web Attack,0.13502209595959597,0.997667638483965
Web Attack,0.13615023474178403,0.997667638483965
Web Attack,0.13747388719267234,0.997667638483965
Web Attack,0.13916226108174054,0.997667638483965
Web Attack,0.14093904448105438,0.997667638483965
Web Attack,0.14344399731723675,0.997667638483965
Web Attack,0.1454066457040877,0.997667638483965
Web Attack,0.14706893587760014,0.997667638483965
Web Attack,0.14892505875184958,0.997667638483965
Web Attack,0.15116176340666138,0.997667638483965
Web Attack,0.15304114490161003,0.997667638483965
Web Attack,0.15577203204661325,0.997667638483965
Web Attack,0.15753613847711997,0.997667638483965
Web Attack,0.15911838556681857,0.997667638483965
Web Attack,0.1616896616896617,0.997667638483965
Web Attack,0.1647885967446788,0.997667638483965
Web Attack,0.16595538312318137,0.997667638483965
Web Attack,0.16744959874730866,0.997667638483965
Web Attack,0.1688375764752319,0.997667638483965
Web Attack,0.17154601965109284,0.997667638483965
Web Attack,0.1739174628989632,0.997667638483965
Web Attack,0.17708548954667772,0.997667638483965
Web Attack,0.17876919862083376,0.997667638483965
Web Attack,0.18117323168149088,0.997667638483965
Web Attack,0.18495297805642633,0.997667638483965
Web Attack,0.1873015873015873,0.997667638483965
Web Attack,0.1881874175098988,0.997667638483965
Web Attack,0.1905345211581292,0.997667638483965
Web Attack,0.1919883303411131,0.997667638483965
Web Attack,0.1932241671372106,0.997667638483965
Web Attack,0.19485252249174354,0.997667638483965
Web Attack,0.19648598989435,0.997667638483965
Web Attack,0.19778060339845105,0.997667638483965
Web Attack,0.19955679962677864,0.997667638483965
Web Attack,0.20122309773021288,0.997667638483965
Web Attack,0.20286933839222196,0.997667638483965
Web Attack,0.2048611111111111,0.997667638483965
Web Attack,0.2064928795558774,0.997667638483965
Web Attack,0.20797374498602164,0.997667638483965
Web Attack,0.2092966360856269,0.997667638483965
Web Attack,0.21071428571428572,0.997667638483965
Web Attack,0.21294337274424394,0.997667638483965
Web Attack,0.21443789948615113,0.997667638483965
Web Attack,0.21641791044776118,0.997667638483965
Web Attack,0.2174907842888013,0.997667638483965
Web Attack,0.21927463795975907,0.997667638483965
Web Attack,0.2209452479338843,0.997667638483965
Web Attack,0.2226994663542887,0.997667638483965
Web Attack,0.22483574244415244,0.997667638483965
Web Attack,0.2265625,0.997667638483965
Web Attack,0.22764768493879722,0.997667638483965
Web Attack,0.22870135080914805,0.9970845481049563
Web Attack,0.23161316537992685,0.9970845481049563
Web Attack,0.23306528553904865,0.9970845481049563
Web Attack,0.23589460615257277,0.9970845481049563
Web Attack,0.2381615598885794,0.9970845481049563
Web Attack,0.24121878967414304,0.9970845481049563
Web Attack,0.2435550491382994,0.9970845481049563
Web Attack,0.24533715925394547,0.9970845481049563
Web Attack,0.24753908511870296,0.9970845481049563
Web Attack,0.24916217397639517,0.9970845481049563
Web Attack,0.2514705882352941,0.9970845481049563
Web Attack,0.25355871886120995,0.9970845481049563
Web Attack,0.2584643288996372,0.9970845481049563
Web Attack,0.2607170099160946,0.9965014577259476
Web Attack,0.26276137761377616,0.9965014577259476
Web Attack,0.2647560030983733,0.9965014577259476
Web Attack,0.26757476123375606,0.9965014577259476
Web Attack,0.2696434206374251,0.9965014577259476
Web Attack,0.2713990789264729,0.9965014577259476
Web Attack,0.2732651103293892,0.9965014577259476
Web Attack,0.2759567253350557,0.9965014577259476
Web Attack,0.27865644872003914,0.9965014577259476
Web Attack,0.28043977682966853,0.9965014577259476
Web Attack,0.2821528809641737,0.9965014577259476
Web Attack,0.2837456417067906,0.9965014577259476
Web Attack,0.2857859531772575,0.9965014577259476
Web Attack,0.2877104377104377,0.9965014577259476
Web Attack,0.29005431093007467,0.9965014577259476
Web Attack,0.2917377944691021,0.9965014577259476
Web Attack,0.2946551724137931,0.9965014577259476
Web Attack,0.29618717504332753,0.9965014577259476
Web Attack,0.2979947689625109,0.9965014577259476
Web Attack,0.30014049877063576,0.9965014577259476
Web Attack,0.30215700141442714,0.9965014577259476
Web Attack,0.3042549403596226,0.9965014577259476
Web Attack,0.30715312724658517,0.9965014577259476
Web Attack,0.3088740285559371,0.9965014577259476
Web Attack,0.31061432206470374,0.9965014577259476
Web Attack,0.31283177741167856,0.9965014577259476
Web Attack,0.3145591754095343,0.9965014577259476
Web Attack,0.3172452199740115,0.9965014577259476
Web Attack,0.31979790419161674,0.9965014577259476
Web Attack,0.3216638434029738,0.9965014577259476
Web Attack,0.32422690191614495,0.9965014577259476
Web Attack,0.32639419404125286,0.9965014577259476
Web Attack,0.3304970025140205,0.9965014577259476
Web Attack,0.33261969637991434,0.9965014577259476
Web Attack,0.33529527172846774,0.9965014577259476
Web Attack,0.3380811078140455,0.9965014577259476
Web Attack,0.3405739338381825,0.9965014577259476
Web Attack,0.3430349257326375,0.9965014577259476
Web Attack,0.34518279135528174,0.9965014577259476
Web Attack,0.34735772357723577,0.9965014577259476
Web Attack,0.34984646878198566,0.9965014577259476
Web Attack,0.35171846058859846,0.9965014577259476
Web Attack,0.35507999168917515,0.9965014577259476
Web Attack,0.35693400167084377,0.9965014577259476
Web Attack,0.35926003783897414,0.9965014577259476
Web Attack,0.36276798981108044,0.9965014577259476
Web Attack,0.36634512325830654,0.9965014577259476
Web Attack,0.3692739844425238,0.9965014577259476
Web Attack,0.37333333333333335,0.9959183673469387
Web Attack,0.37596302003081666,0.9959183673469387
Web Attack,0.3783783783783784,0.9959183673469387
Web Attack,0.38227394807520143,0.9959183673469387
Web Attack,0.38633793259443566,0.9959183673469387
Web Attack,0.3888888888888889,0.9959183673469387
Web Attack,0.3913840513290559,0.9959183673469387
Web Attack,0.39619577824170726,0.9959183673469387
Web Attack,0.40009369875849143,0.9959183673469387
Web Attack,0.40264026402640263,0.9959183673469387
Web Attack,0.4059900166389351,0.9959183673469387
Web Attack,0.40822179732313574,0.9959183673469387
Web Attack,0.4134592108448318,0.9959183673469387
Web Attack,0.41638225255972694,0.9959183673469387
Web Attack,0.4196560196560197,0.9959183673469387
Web Attack,0.42277227722772276,0.9959183673469387
Web Attack,0.4278557114228457,0.9959183673469387
Web Attack,0.43174924165824063,0.9959183673469387
Web Attack,0.4340533672172808,0.9959183673469387
Web Attack,0.4369403939626503,0.9959183673469387
Web Attack,0.43930041152263377,0.9959183673469387
Web Attack,0.4421434118560704,0.9959183673469387
Web Attack,0.44525547445255476,0.9959183673469387
Web Attack,0.44770642201834865,0.9959183673469387
Web Attack,0.45042194092827004,0.9959183673469387
Web Attack,0.454618046313548,0.9959183673469387
Web Attack,0.45901639344262296,0.9959183673469387
Web Attack,0.46564885496183206,0.9959183673469387
Web Attack,0.4684585847504114,0.9959183673469387
Web Attack,0.47117241379310343,0.9959183673469387
Web Attack,0.4740494032750486,0.9959183673469387
Web Attack,0.4768285873813512,0.9959183673469387
Web Attack,0.4812623274161736,0.9959183673469387
Web Attack,0.48674836135651184,0.9959183673469387
Web Attack,0.48953854972771566,0.9959183673469387
Web Attack,0.49178910976663787,0.99533527696793
Web Attack,0.49550072568940495,0.99533527696793
Web Attack,0.49926879204445745,0.99533527696793
Web Attack,0.5028015334709525,0.9941690962099126
Web Attack,0.5068370986920333,0.9941690962099126
Web Attack,0.5103262496258605,0.9941690962099126
Web Attack,0.5137089484784574,0.9941690962099126
Web Attack,0.5174506828528073,0.9941690962099126
Web Attack,0.5212473249770713,0.9941690962099126
Web Attack,0.5242927429274292,0.9941690962099126
Web Attack,0.5278637770897833,0.9941690962099126
Web Attack,0.5326460481099656,0.9941690962099126
Web Attack,0.5363321799307958,0.9941690962099126
Web Attack,0.5428207577204712,0.9941690962099126
Web Attack,0.5486155827430779,0.9935860058309038
Web Attack,0.5520596821277975,0.9924198250728863
Web Attack,0.5576671035386632,0.9924198250728863
Web Attack,0.5613861386138614,0.9918367346938776
Web Attack,0.5649285951511126,0.9918367346938776
Web Attack,0.5679919812896759,0.9912536443148688
Web Attack,0.5714766229397914,0.99067055393586
Web Attack,0.5748138117806364,0.9900874635568513
Web Attack,0.5783378746594006,0.9900874635568513
Web Attack,0.5819615912208504,0.9895043731778426
Web Attack,0.5848861283643892,0.9883381924198251
Web Attack,0.588317107093185,0.9865889212827988
Web Attack,0.5910364145658263,0.9842565597667638
Web Attack,0.5909090909090909,0.9778425655976677
Web Attack,0.5914742451154529,0.9708454810495627
Web Attack,0.5894396551724138,0.9568513119533528
Web Attack,1.0,0.0
SSH-Patator,0.0012885153500958755,1.0
SSH-Patator,0.0016253373222425485,0.9992233009708738
SSH-Patator,0.0019095554958536002,0.9992233009708738
SSH-Patator,0.0019865121001208276,0.9992233009708738
SSH-Patator,0.002029570358964974,0.9992233009708738
SSH-Patator,0.0020618920203256236,0.9992233009708738
SSH-Patator,0.0020830769629336977,0.9992233009708738
SSH-Patator,0.0020974973506154722,0.9992233009708738
SSH-Patator,0.0024875092810295756,0.9992233009708738
SSH-Patator,0.0025344135536457435,0.9992233009708738
SSH-Patator,0.002566683392171865,0.9992233009708738
SSH-Patator,0.0030570938716733462,0.9992233009708738
SSH-Patator,0.00339138985034652,0.9992233009708738
SSH-Patator,0.003547028106027604,0.9992233009708738
SSH-Patator,0.003741337342705337,0.9992233009708738
SSH-Patator,0.0039567023277342845,0.9992233009708738
SSH-Patator,0.004188684528402635,0.9992233009708738
SSH-Patator,0.004385815390069955,0.9992233009708738
SSH-Patator,0.0045100709727064455,0.9992233009708738
SSH-Patator,0.004648423456381962,0.9992233009708738
SSH-Patator,0.006460295421049063,0.9992233009708738
SSH-Patator,0.0076516577600537665,0.9992233009708738
SSH-Patator,0.008124818430991146,0.9992233009708738
SSH-Patator,0.008531676293678004,0.9992233009708738
SSH-Patator,0.009379659299277842,0.9992233009708738
SSH-Patator,0.009802054126539072,0.9992233009708738
SSH-Patator,0.0105821629069074,0.9992233009708738
SSH-Patator,0.011504737376311778,0.9992233009708738
SSH-Patator,0.012118100853871622,0.9992233009708738
SSH-Patator,0.012869375587699818,0.9992233009708738
SSH-Patator,0.013565237563002172,0.9992233009708738
SSH-Patator,0.014483861162086397,0.9992233009708738
SSH-Patator,0.015317938001940788,0.9992233009708738
SSH-Patator,0.016102182837688994,0.9992233009708738
SSH-Patator,0.016835809957534236,0.9992233009708738
SSH-Patator,0.0175246216507063,0.9992233009708738
SSH-Patator,0.0181770656719792,0.9992233009708738
SSH-Patator,0.01882829879405222,0.9992233009708738
SSH-Patator,0.019811509617013414,0.9992233009708738
SSH-Patator,0.020341850610334576,0.9992233009708738
SSH-Patator,0.020834514198725475,0.9992233009708738
SSH-Patator,0.02148607121384194,0.9992233009708738
SSH-Patator,0.022171286761854703,0.9992233009708738
SSH-Patator,0.02266900434349753,0.9992233009708738
SSH-Patator,0.023641943546015877,0.9992233009708738
SSH-Patator,0.02431924083893347,0.9992233009708738
SSH-Patator,0.024893094173874343,0.9992233009708738
SSH-Patator,0.02570378214221494,0.9992233009708738
SSH-Patator,0.02632898439498593,0.9992233009708738
SSH-Patator,0.027142209141639503,0.9992233009708738
SSH-Patator,0.0279634399487029,0.9992233009708738
SSH-Patator,0.02856032856032856,0.9992233009708738
SSH-Patator,0.02922136919093263,0.9992233009708738
SSH-Patator,0.02992138803609638,0.9992233009708738
SSH-Patator,0.030830986759331377,0.9992233009708738
SSH-Patator,0.031175786361653662,0.9992233009708738
SSH-Patator,0.031722352360991246,0.9992233009708738
SSH-Patator,0.03232533889468196,0.9992233009708738
SSH-Patator,0.03300452802113932,0.9992233009708738
SSH-Patator,0.033882458288889764,0.9992233009708738
SSH-Patator,0.03448229649682382,0.9992233009708738
SSH-Patator,0.0350669174366942,0.9992233009708738
SSH-Patator,0.03572271509295125,0.9992233009708738
SSH-Patator,0.03612901413988233,0.9992233009708738
SSH-Patator,0.0367560926830662,0.9992233009708738
SSH-Patator,0.03764227404394768,0.9992233009708738
SSH-Patator,0.038215898288973385,0.9992233009708738
SSH-Patator,0.038870005287408416,0.9992233009708738
SSH-Patator,0.03918373562780781,0.9992233009708738
SSH-Patator,0.03965905237522735,0.9992233009708738
SSH-Patator,0.04037028320389111,0.9992233009708738
SSH-Patator,0.04150334704411646,0.9992233009708738
SSH-Patator,0.04216581176971862,0.9992233009708738
SSH-Patator,0.04278208240497489,0.9992233009708738
SSH-Patator,0.04333035819538236,0.9992233009708738
SSH-Patator,0.04390035830063129,0.9992233009708738
SSH-Patator,0.04458344884945938,0.9992233009708738
SSH-Patator,0.04492282980655073,0.9992233009708738
SSH-Patator,0.04541202633297446,0.9992233009708738
SSH-Patator,0.045800847306774896,0.9992233009708738
SSH-Patator,0.046450751010976316,0.9992233009708738
SSH-Patator,0.04706678617813306,0.9992233009708738
SSH-Patator,0.04826667667141892,0.9992233009708738
SSH-Patator,0.048796677350224735,0.9992233009708738
SSH-Patator,0.049133058356248094,0.9992233009708738
SSH-Patator,0.04967852798640743,0.9992233009708738
SSH-Patator,0.05058488154919886,0.9992233009708738
SSH-Patator,0.051227427479244234,0.9992233009708738
SSH-Patator,0.05159414477641869,0.9992233009708738
SSH-Patator,0.052262755931101725,0.9992233009708738
SSH-Patator,0.05279681536504289,0.9992233009708738
SSH-Patator,0.05319302888094106,0.9992233009708738
SSH-Patator,0.05419237978895933,0.9992233009708738
SSH-Patator,0.054480392987210975,0.9992233009708738
SSH-Patator,0.055036255908964514,0.9992233009708738
SSH-Patator,0.05551120795667839,0.9992233009708738
SSH-Patator,0.056196217184292144,0.9992233009708738
SSH-Patator,0.056565612152922815,0.9992233009708738
SSH-Patator,0.057064916054913616,0.9992233009708738
SSH-Patator,0.05780333835059421,0.9992233009708738
SSH-Patator,0.05845335998909537,0.9992233009708738
SSH-Patator,0.058816806107987014,0.9992233009708738
SSH-Patator,0.05934861835124786,0.9992233009708738
SSH-Patator,0.059701146224882824,0.9992233009708738
SSH-Patator,0.060458668170496735,0.9992233009708738
SSH-Patator,0.0611439842209073,0.9992233009708738
SSH-Patator,0.06192092027049792,0.9992233009708738
SSH-Patator,0.06240752868126804,0.9992233009708738
SSH-Patator,0.06292030420854425,0.9992233009708738
SSH-Patator,0.06377177981014698,0.9992233009708738
SSH-Patator,0.06444260775916047,0.9992233009708738
SSH-Patator,0.0649780291933936,0.9992233009708738
SSH-Patator,0.06542246179663862,0.9992233009708738
SSH-Patator,0.06580562659846548,0.9992233009708738
SSH-Patator,0.06641028288251084,0.9992233009708738
SSH-Patator,0.06705235452010529,0.9992233009708738
SSH-Patator,0.06747967479674796,0.9992233009708738
SSH-Patator,0.06776580894940609,0.9992233009708738
SSH-Patator,0.06846362620403385,0.9992233009708738
SSH-Patator,0.0688059901056291,0.9992233009708738
SSH-Patator,0.06911278841763141,0.9992233009708738
SSH-Patator,0.06957815035154137,0.9992233009708738
SSH-Patator,0.07018931747503955,0.9992233009708738
SSH-Patator,0.07111467344738952,0.9992233009708738
SSH-Patator,0.07148016446271808,0.9992233009708738
SSH-Patator,0.07180331528715744,0.9992233009708738
SSH-Patator,0.0727987777274785,0.9992233009708738
SSH-Patator,0.07334036427899553,0.9992233009708738
SSH-Patator,0.07382858454563714,0.9992233009708738
SSH-Patator,0.07431690832418693,0.9992233009708738
SSH-Patator,0.07481391021167713,0.9992233009708738
SSH-Patator,0.07521192633732826,0.9992233009708738
SSH-Patator,0.07553428839830907,0.9992233009708738
SSH-Patator,0.07602978547367177,0.9992233009708738
SSH-Patator,0.0766115825517344,0.9992233009708738
SSH-Patator,0.07727422890951137,0.9992233009708738
SSH-Patator,0.0775934861278649,0.9992233009708738
SSH-Patator,0.07792955144319592,0.9992233009708738
SSH-Patator,0.07835673173554222,0.9992233009708738
SSH-Patator,0.07874039844538973,0.9992233009708738
SSH-Patator,0.07908649412921866,0.9992233009708738
SSH-Patator,0.08046659994996247,0.9992233009708738
SSH-Patator,0.08094249402290173,0.9992233009708738
SSH-Patator,0.08183581947139086,0.9992233009708738
SSH-Patator,0.08283433133732535,0.9992233009708738
SSH-Patator,0.08419502617801047,0.9992233009708738
SSH-Patator,0.08492870345920253,0.9992233009708738
SSH-Patator,0.08580957145239286,0.9992233009708738
SSH-Patator,0.08674105788355864,0.9992233009708738
SSH-Patator,0.08829787234042553,0.9992233009708738
SSH-Patator,0.08918853339803806,0.9992233009708738
SSH-Patator,0.09079360598468542,0.9992233009708738
SSH-Patator,0.0918731700349925,0.9992233009708738
SSH-Patator,0.09334300743696716,0.9992233009708738
SSH-Patator,0.09433893084989367,0.9992233009708738
SSH-Patator,0.09584295612009237,0.9992233009708738
SSH-Patator,0.09655871205013698,0.9992233009708738
SSH-Patator,0.0972374437851933,0.9992233009708738
SSH-Patator,0.09808630680085392,0.9992233009708738
SSH-Patator,0.09889687512011378,0.9992233009708738
SSH-Patator,0.09966301274354107,0.9992233009708738
SSH-Patator,0.10073209881376502,0.9992233009708738
SSH-Patator,0.10155109128941864,0.9992233009708738
SSH-Patator,0.10262853496071157,0.9992233009708738
SSH-Patator,0.10315105837075048,0.9992233009708738
SSH-Patator,0.10416582324602243,0.9992233009708738
SSH-Patator,0.10505471174260983,0.9992233009708738
SSH-Patator,0.10589348917606388,0.9992233009708738
SSH-Patator,0.10693653630356179,0.9992233009708738
SSH-Patator,0.10793690745867941,0.9992233009708738
SSH-Patator,0.10879492600422833,0.9992233009708738
SSH-Patator,0.11001368223020352,0.9992233009708738
SSH-Patator,0.11115431138759288,0.9992233009708738
SSH-Patator,0.11330808525629733,0.9992233009708738
SSH-Patator,0.11461024498886414,0.9992233009708738
SSH-Patator,0.11583828561138124,0.9992233009708738
SSH-Patator,0.11635163245003165,0.9992233009708738
SSH-Patator,0.11731181324944148,0.9992233009708738
SSH-Patator,0.11820102903344358,0.9992233009708738
SSH-Patator,0.11918658513989254,0.9992233009708738
SSH-Patator,0.12009334889148192,0.9992233009708738
SSH-Patator,0.12133358483448081,0.9992233009708738
SSH-Patator,0.12259970457902511,0.9992233009708738
SSH-Patator,0.12377333076775063,0.9992233009708738
SSH-Patator,0.12475756400310319,0.9992233009708738
SSH-Patator,0.12544488323338696,0.9992233009708738
SSH-Patator,0.12646841975915457,0.9992233009708738
SSH-Patator,0.12742039320556628,0.9992233009708738
SSH-Patator,0.1281374501992032,0.9992233009708738
SSH-Patator,0.12901123144805454,0.9992233009708738
SSH-Patator,0.13033787548756395,0.9992233009708738
SSH-Patator,0.13137605310186368,0.9992233009708738
SSH-Patator,0.1328,0.9992233009708738
SSH-Patator,0.13350282779017278,0.9992233009708738
SSH-Patator,0.13450781535887918,0.9992233009708738
SSH-Patator,0.1352928804290672,0.9992233009708738
SSH-Patator,0.137036642522369,0.9992233009708738
SSH-Patator,0.1385120585701981,0.9992233009708738
SSH-Patator,0.14003483182758245,0.9992233009708738
SSH-Patator,0.14136585901873525,0.9992233009708738
SSH-Patator,0.14435592459605026,0.9992233009708738
SSH-Patator,0.14511307878856242,0.9992233009708738
SSH-Patator,0.1460106684825786,0.9992233009708738
SSH-Patator,0.14690265486725665,0.9992233009708738
SSH-Patator,0.14775468014241416,0.9992233009708738
SSH-Patator,0.14944531567636637,0.9992233009708738
SSH-Patator,0.15075877424269057,0.9992233009708738
SSH-Patator,0.15120173943703355,0.9992233009708738
SSH-Patator,0.1526640560104426,0.9992233009708738
SSH-Patator,0.15337386742966141,0.9992233009708738
SSH-Patator,0.15409953883931246,0.9992233009708738
SSH-Patator,0.155130833232847,0.9992233009708738
SSH-Patator,0.1561381151768918,0.9992233009708738
SSH-Patator,0.15865088173634234,0.9992233009708738
SSH-Patator,0.16066187948798002,0.9992233009708738
SSH-Patator,0.16430395913154533,0.9992233009708738
SSH-Patator,0.16693700123272562,0.9992233009708738
SSH-Patator,0.16888743025927141,0.9992233009708738
SSH-Patator,0.17098617756512494,0.9992233009708738
SSH-Patator,0.17318435754189945,0.9992233009708738
SSH-Patator,0.17532025074952304,0.9992233009708738
SSH-Patator,0.18048540965207632,0.9992233009708738
SSH-Patator,0.18472252135831718,0.9992233009708738
SSH-Patator,0.18781021897810218,0.9992233009708738
SSH-Patator,0.18935825728584044,0.9992233009708738
SSH-Patator,0.19170019371181643,0.9992233009708738
SSH-Patator,0.19366250188167997,0.9992233009708738
SSH-Patator,0.19593359731952484,0.9992233009708738
SSH-Patator,0.196878108501033,0.9992233009708738
SSH-Patator,0.1983197163557885,0.9992233009708738
SSH-Patator,0.1998757088479764,0.9992233009708738
SSH-Patator,0.2014247690621575,0.9992233009708738
SSH-Patator,0.2031101989264288,0.9992233009708738
SSH-Patator,0.20511798469387754,0.9992233009708738
SSH-Patator,0.20739964533290342,0.9992233009708738
SSH-Patator,0.20934016760231064,0.9992233009708738
SSH-Patator,0.21128264082772213,0.9992233009708738
SSH-Patator,0.21411333943579927,0.9992233009708738
SSH-Patator,0.21840251252015958,0.9992233009708738
SSH-Patator,0.22061219240332677,0.9992233009708738
SSH-Patator,0.22188685753708176,0.9992233009708738
SSH-Patator,0.22455925990574271,0.9992233009708738
SSH-Patator,0.22667606378292662,0.9992233009708738
SSH-Patator,0.22840656901908565,0.9992233009708738
SSH-Patator,0.23161400666126564,0.9992233009708738
SSH-Patator,0.23631520940484937,0.9992233009708738
SSH-Patator,0.23966095380029806,0.9992233009708738
SSH-Patator,0.2422331011109019,0.9992233009708738
SSH-Patator,0.24504761904761904,0.9992233009708738
SSH-Patator,0.24707125024006146,0.9992233009708738
SSH-Patator,0.2510733801717408,0.9992233009708738
SSH-Patator,0.2552326158119234,0.9992233009708738
SSH-Patator,0.2585929648241206,0.9992233009708738
SSH-Patator,0.2607946482870464,0.9992233009708738
SSH-Patator,0.2628997649943803,0.9992233009708738
SSH-Patator,0.2650937564393159,0.9992233009708738
SSH-Patator,0.26715813518845394,0.9992233009708738
SSH-Patator,0.2686925647451963,0.9992233009708738
SSH-Patator,0.27184363444268356,0.9992233009708738
SSH-Patator,0.27322926622066473,0.9992233009708738
SSH-Patator,0.27672617767261776,0.9992233009708738
SSH-Patator,0.27906724511930586,0.9992233009708738
SSH-Patator,0.28114073426573427,0.9992233009708738
SSH-Patator,0.2834012556448948,0.9992233009708738
SSH-Patator,0.28627058299955493,0.9992233009708738
SSH-Patator,0.2880653828929691,0.9992233009708738
SSH-Patator,0.29225352112676056,0.9992233009708738
SSH-Patator,0.2957471264367816,0.9992233009708738
SSH-Patator,0.29974370922646787,0.9992233009708738
SSH-Patator,0.30185358986391364,0.9992233009708738
SSH-Patator,0.30511087394758685,0.9992233009708738
SSH-Patator,0.3094407696933253,0.9992233009708738
SSH-Patator,0.31131276467029645,0.9992233009708738
SSH-Patator,0.3130170316301703,0.9992233009708738
SSH-Patator,0.3148556045031816,0.9992233009708738
SSH-Patator,0.3176935424126435,0.9992233009708738
SSH-Patator,0.32006468466227145,0.9992233009708738
SSH-Patator,0.3233630765363831,0.9992233009708738
SSH-Patator,0.32648141098845324,0.9992233009708738
SSH-Patator,0.32995639907668634,0.9992233009708738
SSH-Patator,0.33212856589647605,0.9992233009708738
SSH-Patator,0.33770836067725424,0.9992233009708738
SSH-Patator,0.34197235513024987,0.9992233009708738
SSH-Patator,0.3465786637931034,0.9992233009708738
SSH-Patator,0.3522727272727273,0.9992233009708738
SSH-Patator,0.3568159755928443,0.9992233009708738
SSH-Patator,0.36418966737438074,0.9992233009708738
SSH-Patator,0.37096309111880044,0.9992233009708738
SSH-Patator,0.37551079976649154,0.9992233009708738
SSH-Patator,0.38107227488151657,0.9992233009708738
SSH-Patator,0.384661384362386,0.9992233009708738
SSH-Patator,0.38914095583787056,0.9992233009708738
SSH-Patator,0.39457138475693915,0.9992233009708738
SSH-Patator,0.40146668747074427,0.9992233009708738
SSH-Patator,0.404241948153967,0.9992233009708738
SSH-Patator,0.4091921119592875,0.9992233009708738
SSH-Patator,0.4143984538573039,0.9992233009708738
SSH-Patator,0.4195336703081689,0.9992233009708738
SSH-Patator,0.4263463131731566,0.9992233009708738
SSH-Patator,0.43455497382198954,0.9992233009708738
SSH-Patator,0.43930339764384496,0.9992233009708738
SSH-Patator,0.4549151343705799,0.9992233009708738
SSH-Patator,0.4607808022922636,0.9992233009708738
SSH-Patator,0.4674781976744186,0.9992233009708738
SSH-Patator,0.47516158818097876,0.9992233009708738
SSH-Patator,0.48084470192487383,0.9992233009708738
SSH-Patator,0.48593012275731823,0.9992233009708738
SSH-Patator,0.49168736862220525,0.9992233009708738
SSH-Patator,0.4957610789980732,0.9992233009708738
SSH-Patator,0.500388953714508,0.9992233009708738
SSH-Patator,0.5049058084772371,0.9992233009708738
SSH-Patator,0.5078957757599685,0.9992233009708738
SSH-Patator,0.511124354390147,0.9992233009708738
SSH-Patator,0.5158380112269446,0.9992233009708738
SSH-Patator,0.520113199919143,0.9992233009708738
SSH-Patator,0.5247807464817459,0.9992233009708738
SSH-Patator,0.5283367556468173,0.9992233009708738
SSH-Patator,0.532051282051282,0.9992233009708738
SSH-Patator,0.5350384695362861,0.9992233009708738
SSH-Patator,0.5411146161934806,0.9992233009708738
SSH-Patator,0.5458209588459907,0.9992233009708738
SSH-Patator,0.5499038256037615,0.9992233009708738
SSH-Patator,0.5530954428202923,0.9992233009708738
SSH-Patator,0.5564446366782007,0.9992233009708738
SSH-Patator,0.5593478260869565,0.9992233009708738
SSH-Patator,0.5619130814588338,0.9992233009708738
SSH-Patator,0.5664905328049318,0.9992233009708738
SSH-Patator,0.5702570921985816,0.9992233009708738
SSH-Patator,0.5769058295964126,0.9992233009708738
SSH-Patator,0.5826539855072463,0.9992233009708738
SSH-Patator,0.5871748060246463,0.9992233009708738
SSH-Patator,0.5934040590405905,0.9992233009708738
SSH-Patator,0.6015898994622398,0.9992233009708738
SSH-Patator,0.6117451260104613,0.9992233009708738
SSH-Patator,0.6173224568138196,0.9992233009708738
SSH-Patator,0.6234552944027139,0.9992233009708738
SSH-Patator,0.6271021203997076,0.9992233009708738
SSH-Patator,0.631566028473245,0.9992233009708738
SSH-Patator,0.635151814366823,0.9992233009708738
SSH-Patator,0.6392546583850932,0.9992233009708738
SSH-Patator,0.6450238154926047,0.9992233009708738
SSH-Patator,0.6518875095008867,0.9992233009708738
SSH-Patator,0.6709256844850066,0.9992233009708738
SSH-Patator,0.6744429882044561,0.9992233009708738
SSH-Patator,0.6787127407016619,0.9992233009708738
SSH-Patator,0.6826744494560891,0.9992233009708738
SSH-Patator,0.6890733797536154,0.9992233009708738
SSH-Patator,0.693717983283904,0.9992233009708738
SSH-Patator,0.6988049972840847,0.9992233009708738
SSH-Patator,0.7035821711785617,0.9992233009708738
SSH-Patator,0.7086202148168549,0.9992233009708738
SSH-Patator,0.7129398725408701,0.9992233009708738
SSH-Patator,0.7169127890777375,0.9992233009708738
SSH-Patator,0.7215367358384744,0.9992233009708738
SSH-Patator,0.7258110014104372,0.9992233009708738
SSH-Patator,0.7311736288718386,0.9992233009708738
SSH-Patator,0.7376720183486238,0.9992233009708738
SSH-Patator,0.7421401788289588,0.9992233009708738
SSH-Patator,0.7464461850884827,0.9992233009708738
SSH-Patator,0.7505834305717619,0.9992233009708738
SSH-Patator,0.7563198118753675,0.9992233009708738
SSH-Patator,0.7607924305144884,0.9992233009708738
SSH-Patator,0.7671437090041742,0.9992233009708738
SSH-Patator,0.7715142428785607,0.9992233009708738
SSH-Patator,0.7766374886809538,0.9992233009708738
SSH-Patator,0.7846904544068314,0.9992233009708738
SSH-Patator,0.7916923076923077,0.9992233009708738
SSH-Patator,0.7956091527520099,0.9992233009708738
SSH-Patator,0.8010585305105853,0.9992233009708738
SSH-Patator,0.806077694235589,0.9992233009708738
SSH-Patator,0.8126974099810487,0.9992233009708738
SSH-Patator,0.8168253968253968,0.9992233009708738
SSH-Patator,0.8209955328653478,0.9992233009708738
SSH-Patator,0.8252084669660038,0.9992233009708738
SSH-Patator,0.8289304123711341,0.9992233009708738
SSH-Patator,0.8337653920933247,0.9992233009708738
SSH-Patator,0.8383838383838383,0.9992233009708738
SSH-Patator,0.8438832404066907,0.9992233009708738
SSH-Patator,0.8480553724456164,0.9992233009708738
SSH-Patator,0.8533996683250414,0.9992233009708738
SSH-Patator,0.8576666666666667,0.9992233009708738
SSH-Patator,0.8619765494137354,0.9992233009708738
SSH-Patator,0.8683766452919338,0.9992233009708738
SSH-Patator,0.8736842105263158,0.9992233009708738
SSH-Patator,0.8793574846206426,0.9992233009708738
SSH-Patator,0.8940236275191105,0.9992233009708738
SSH-Patator,0.9018576936558009,0.9992233009708738
SSH-Patator,0.9069439548819175,0.9992233009708738
SSH-Patator,0.9120879120879121,0.9992233009708738
SSH-Patator,0.9169636493228795,0.9992233009708738
SSH-Patator,0.9225528863391896,0.9992233009708738
SSH-Patator,0.9275414563806778,0.9992233009708738
SSH-Patator,0.9352962559069429,0.9992233009708738
SSH-Patator,0.9442201834862385,0.9992233009708738
SSH-Patator,0.9575735020468924,0.9992233009708738
SSH-Patator,0.9633096218644702,0.9992233009708738
SSH-Patator,0.9683853970643583,0.9992233009708738
SSH-Patator,0.9738735327527451,0.9988349514563106
SSH-Patator,0.9786504003049943,0.9968932038834951
SSH-Patator,1.0,0.0
DoS Slowhttptest,0.0020926490074178452,1.0
DoS Slowhttptest,0.002621949062163569,0.9923481587757054
DoS Slowhttptest,0.0030654544702451475,0.9923481587757054
DoS Slowhttptest,0.0031833917466541784,0.9923481587757054
DoS Slowhttptest,0.0032578071582265913,0.9923481587757054
DoS Slowhttptest,0.003303508883652805,0.9923481587757054
DoS Slowhttptest,0.0036477263238389904,0.9923481587757054
DoS Slowhttptest,0.0039485076543961635,0.9923481587757054
DoS Slowhttptest,0.004002117747125949,0.9923481587757054
DoS Slowhttptest,0.004778892724797962,0.9923481587757054
DoS Slowhttptest,0.005108421633119313,0.9923481587757054
DoS Slowhttptest,0.005492018707271433,0.9923481587757054
DoS Slowhttptest,0.005876181076997796,0.9923481587757054
DoS Slowhttptest,0.006216986304653302,0.9923481587757054
DoS Slowhttptest,0.006534702419099597,0.9923481587757054
DoS Slowhttptest,0.0067353947428215296,0.9923481587757054
DoS Slowhttptest,0.008339713716719016,0.9923481587757054
DoS Slowhttptest,0.009062065321113739,0.9923481587757054
DoS Slowhttptest,0.010667941678491373,0.9923481587757054
DoS Slowhttptest,0.011809701598720568,0.9923481587757054
DoS Slowhttptest,0.012490556838053158,0.9923481587757054
DoS Slowhttptest,0.013680296417410568,0.9923481587757054
DoS Slowhttptest,0.014696352117514156,0.9923481587757054
DoS Slowhttptest,0.015551341912178012,0.9923481587757054
DoS Slowhttptest,0.016377204509848028,0.9923481587757054
DoS Slowhttptest,0.01732660866079928,0.9923481587757054
DoS Slowhttptest,0.01847893846290854,0.9923481587757054
DoS Slowhttptest,0.01942601963198225,0.9923481587757054
DoS Slowhttptest,0.020391316738568577,0.9923481587757054
DoS Slowhttptest,0.02113615759933994,0.9923481587757054
DoS Slowhttptest,0.022031927714041506,0.9923481587757054
DoS Slowhttptest,0.02317011892133326,0.9923481587757054
DoS Slowhttptest,0.024378495230039005,0.9923481587757054
DoS Slowhttptest,0.025137346828757123,0.9923481587757054
DoS Slowhttptest,0.026037255234115705,0.9923481587757054
DoS Slowhttptest,0.026895832118160195,0.9923481587757054
DoS Slowhttptest,0.027890722134480326,0.9923481587757054
DoS Slowhttptest,0.028750961252017763,0.9923481587757054
DoS Slowhttptest,0.02967443922460333,0.9923481587757054
DoS Slowhttptest,0.03026524018932184,0.9923481587757054
DoS Slowhttptest,0.03127166410465081,0.9923481587757054
DoS Slowhttptest,0.03214686858515047,0.9923481587757054
DoS Slowhttptest,0.03296973934044632,0.9923481587757054
DoS Slowhttptest,0.033820401444090396,0.9923481587757054
DoS Slowhttptest,0.034516601237607296,0.9923481587757054
DoS Slowhttptest,0.03517336655733259,0.9923481587757054
DoS Slowhttptest,0.03611019264570245,0.9923481587757054
DoS Slowhttptest,0.03681199272630505,0.9923481587757054
DoS Slowhttptest,0.037509377344336084,0.9923481587757054
DoS Slowhttptest,0.0382262996941896,0.9923481587757054
DoS Slowhttptest,0.038754984451313465,0.9923481587757054
DoS Slowhttptest,0.03978334851171931,0.9923481587757054
DoS Slowhttptest,0.04039008058551018,0.9923481587757054
DoS Slowhttptest,0.041340837774567915,0.9923481587757054
DoS Slowhttptest,0.04192130915702813,0.9923481587757054
DoS Slowhttptest,0.04276410700300894,0.9923481587757054
DoS Slowhttptest,0.04332846105658802,0.9923481587757054
DoS Slowhttptest,0.044089368618993485,0.9923481587757054
DoS Slowhttptest,0.044725611070397034,0.9923481587757054
DoS Slowhttptest,0.045181870638316406,0.9923481587757054
DoS Slowhttptest,0.04594875882991209,0.9923481587757054
DoS Slowhttptest,0.04665804710776322,0.9923481587757054
DoS Slowhttptest,0.047427441387272666,0.9921090387374462
DoS Slowhttptest,0.047946471906996094,0.9921090387374462
DoS Slowhttptest,0.048805448706637965,0.9921090387374462
DoS Slowhttptest,0.04967018232751912,0.9921090387374462
DoS Slowhttptest,0.050365388817402705,0.9921090387374462
DoS Slowhttptest,0.05083624333762176,0.9921090387374462
DoS Slowhttptest,0.0515852293920179,0.9921090387374462
DoS Slowhttptest,0.05228865251802188,0.9921090387374462
DoS Slowhttptest,0.052774173853316036,0.9921090387374462
DoS Slowhttptest,0.053277004468642454,0.9921090387374462
DoS Slowhttptest,0.0538817173579907,0.9921090387374462
DoS Slowhttptest,0.054819316905595564,0.9921090387374462
DoS Slowhttptest,0.05531115021596544,0.9921090387374462
DoS Slowhttptest,0.056088032119827505,0.9921090387374462
DoS Slowhttptest,0.05664009173810954,0.9921090387374462
DoS Slowhttptest,0.057618597933562936,0.9921090387374462
DoS Slowhttptest,0.05804908078462098,0.9921090387374462
DoS Slowhttptest,0.05842098593334178,0.9921090387374462
DoS Slowhttptest,0.058970678113052004,0.9921090387374462
DoS Slowhttptest,0.059465967235670984,0.9921090387374462
DoS Slowhttptest,0.060155717620449176,0.9921090387374462
DoS Slowhttptest,0.06101380862046146,0.9921090387374462
DoS Slowhttptest,0.06219923543962222,0.9921090387374462
DoS Slowhttptest,0.06263019654016846,0.9921090387374462
DoS Slowhttptest,0.06306717132564184,0.9921090387374462
DoS Slowhttptest,0.06374936619393698,0.9921090387374462
DoS Slowhttptest,0.06438094646820532,0.991869918699187
DoS Slowhttptest,0.06529096031858463,0.991869918699187
DoS Slowhttptest,0.0659218409802457,0.991869918699187
DoS Slowhttptest,0.06672457613486471,0.991869918699187
DoS Slowhttptest,0.06716321243523315,0.991869918699187
DoS Slowhttptest,0.06779688726131311,0.9916307986609277
DoS Slowhttptest,0.0684662374112597,0.9916307986609277
DoS Slowhttptest,0.06893513747132551,0.9916307986609277
DoS Slowhttptest,0.06996912382527122,0.9916307986609277
DoS Slowhttptest,0.07046489499082444,0.9916307986609277
DoS Slowhttptest,0.07105894448252227,0.9916307986609277
DoS Slowhttptest,0.07146549941407597,0.9916307986609277
DoS Slowhttptest,0.07203654808226792,0.9916307986609277
DoS Slowhttptest,0.07252155360858996,0.9916307986609277
DoS Slowhttptest,0.0735088185766197,0.9916307986609277
DoS Slowhttptest,0.07428704499856692,0.9916307986609277
DoS Slowhttptest,0.07477056776589798,0.9916307986609277
DoS Slowhttptest,0.07539040485756358,0.9916307986609277
DoS Slowhttptest,0.07581075646228658,0.9916307986609277
DoS Slowhttptest,0.07624703524609755,0.9916307986609277
DoS Slowhttptest,0.07658356417359187,0.9916307986609277
DoS Slowhttptest,0.07705027683846755,0.9916307986609277
DoS Slowhttptest,0.07783554496142946,0.9916307986609277
DoS Slowhttptest,0.07874150305700073,0.9916307986609277
DoS Slowhttptest,0.08041808873720137,0.9916307986609277
DoS Slowhttptest,0.08131053684169248,0.9916307986609277
DoS Slowhttptest,0.08227358396984426,0.9916307986609277
DoS Slowhttptest,0.08348095659875997,0.9916307986609277
DoS Slowhttptest,0.0848647321245856,0.9916307986609277
DoS Slowhttptest,0.08580059172821881,0.9916307986609277
DoS Slowhttptest,0.08662140992167101,0.9916307986609277
DoS Slowhttptest,0.08784714131378821,0.9916307986609277
DoS Slowhttptest,0.0890697824265985,0.9916307986609277
DoS Slowhttptest,0.09028170853833761,0.9916307986609277
DoS Slowhttptest,0.09166464048097964,0.9916307986609277
DoS Slowhttptest,0.09284466932342274,0.9916307986609277
DoS Slowhttptest,0.09412378855625411,0.9916307986609277
DoS Slowhttptest,0.09497744085381216,0.9916307986609277
DoS Slowhttptest,0.0959642708381543,0.9916307986609277
DoS Slowhttptest,0.0966373826113299,0.9916307986609277
DoS Slowhttptest,0.0976821972016771,0.9916307986609277
DoS Slowhttptest,0.09897138493114722,0.9916307986609277
DoS Slowhttptest,0.09965148419661099,0.9913916786226685
DoS Slowhttptest,0.1005968845537924,0.9913916786226685
DoS Slowhttptest,0.10164794742262985,0.9911525585844094
DoS Slowhttptest,0.10251527217866595,0.9911525585844094
DoS Slowhttptest,0.10342848587683401,0.9911525585844094
DoS Slowhttptest,0.10419285103815797,0.9911525585844094
DoS Slowhttptest,0.10532869158641019,0.9911525585844094
DoS Slowhttptest,0.10684366542080165,0.9911525585844094
DoS Slowhttptest,0.10778271836076657,0.9911525585844094
DoS Slowhttptest,0.1086443698888656,0.9911525585844094
DoS Slowhttptest,0.1094909792112423,0.9911525585844094
DoS Slowhttptest,0.1101514748870582,0.9911525585844094
DoS Slowhttptest,0.1116588545875761,0.9911525585844094
DoS Slowhttptest,0.11291816497766155,0.9911525585844094
DoS Slowhttptest,0.11396442220450359,0.9911525585844094
DoS Slowhttptest,0.1148963299700632,0.9911525585844094
DoS Slowhttptest,0.11554006968641115,0.9911525585844094
DoS Slowhttptest,0.11639661902221224,0.9911525585844094
DoS Slowhttptest,0.11755196959813959,0.9911525585844094
DoS Slowhttptest,0.11860139059772812,0.9911525585844094
DoS Slowhttptest,0.11952823115519925,0.9911525585844094
DoS Slowhttptest,0.12029136920308782,0.9911525585844094
DoS Slowhttptest,0.12120946281837588,0.9911525585844094
DoS Slowhttptest,0.12187950248463642,0.9911525585844094
DoS Slowhttptest,0.1226875832470031,0.9911525585844094
DoS Slowhttptest,0.12366858609064058,0.9911525585844094
DoS Slowhttptest,0.12483435730634863,0.9911525585844094
DoS Slowhttptest,0.12586924174789713,0.9911525585844094
DoS Slowhttptest,0.12659194331612864,0.9911525585844094
DoS Slowhttptest,0.12758164301763675,0.9911525585844094
DoS Slowhttptest,0.1284434941588423,0.9911525585844094
DoS Slowhttptest,0.12961631070389942,0.9911525585844094
DoS Slowhttptest,0.13067877297518837,0.9911525585844094
DoS Slowhttptest,0.1316458108365623,0.9911525585844094
DoS Slowhttptest,0.13251702420154096,0.9911525585844094
DoS Slowhttptest,0.1332754573807916,0.9911525585844094
DoS Slowhttptest,0.13439029925753007,0.9911525585844094
DoS Slowhttptest,0.13624112542729425,0.9911525585844094
DoS Slowhttptest,0.13882841544696387,0.9911525585844094
DoS Slowhttptest,0.14053705838475622,0.9911525585844094
DoS Slowhttptest,0.14298527027493188,0.9911525585844094
DoS Slowhttptest,0.14513305322128853,0.9911525585844094
DoS Slowhttptest,0.14719460227272727,0.9911525585844094
DoS Slowhttptest,0.14914900507358497,0.9911525585844094
DoS Slowhttptest,0.15121114840215963,0.9911525585844094
DoS Slowhttptest,0.15337650323774282,0.9911525585844094
DoS Slowhttptest,0.15482015463339932,0.9911525585844094
DoS Slowhttptest,0.1567522595772038,0.9911525585844094
DoS Slowhttptest,0.159159851015628,0.9911525585844094
DoS Slowhttptest,0.1611335717617789,0.9911525585844094
DoS Slowhttptest,0.16237709092333608,0.9911525585844094
DoS Slowhttptest,0.16338838740194725,0.9911525585844094
DoS Slowhttptest,0.16537663581232045,0.9911525585844094
DoS Slowhttptest,0.16687467289343372,0.9911525585844094
DoS Slowhttptest,0.168058709049627,0.9911525585844094
DoS Slowhttptest,0.16936340606357767,0.9911525585844094
DoS Slowhttptest,0.1707025780413475,0.9911525585844094
DoS Slowhttptest,0.17224900265957446,0.9911525585844094
DoS Slowhttptest,0.17449692683337542,0.9911525585844094
DoS Slowhttptest,0.17674398771959748,0.9911525585844094
DoS Slowhttptest,0.1781292984869326,0.9909134385461502
DoS Slowhttptest,0.17951050465670348,0.9909134385461502
DoS Slowhttptest,0.18103184657725743,0.9909134385461502
DoS Slowhttptest,0.18238633862946174,0.9909134385461502
DoS Slowhttptest,0.18610499842816725,0.9909134385461502
DoS Slowhttptest,0.18755374519121973,0.9909134385461502
DoS Slowhttptest,0.18868955468536563,0.9909134385461502
DoS Slowhttptest,0.19086219602063376,0.9909134385461502
DoS Slowhttptest,0.19295958279009126,0.9909134385461502
DoS Slowhttptest,0.19465451641692894,0.9909134385461502
DoS Slowhttptest,0.19650054530798047,0.9909134385461502
DoS Slowhttptest,0.1989342806394316,0.9909134385461502
DoS Slowhttptest,0.20028999516674723,0.9909134385461502
DoS Slowhttptest,0.2015858345089264,0.9909134385461502
DoS Slowhttptest,0.20355634148737597,0.9909134385461502
DoS Slowhttptest,0.20569840166782488,0.9909134385461502
DoS Slowhttptest,0.2078234704112337,0.9909134385461502
DoS Slowhttptest,0.20990781075878837,0.9909134385461502
DoS Slowhttptest,0.21112696148359486,0.9909134385461502
DoS Slowhttptest,0.21400898806756546,0.990674318507891
DoS Slowhttptest,0.21514254556784546,0.990674318507891
DoS Slowhttptest,0.2168882839493247,0.990674318507891
DoS Slowhttptest,0.21877805354596822,0.990674318507891
DoS Slowhttptest,0.2197644812221515,0.990674318507891
DoS Slowhttptest,0.22163376665061787,0.990674318507891
DoS Slowhttptest,0.225016293721486,0.990674318507891
DoS Slowhttptest,0.22607224708065043,0.990674318507891
DoS Slowhttptest,0.22837770795435752,0.990674318507891
DoS Slowhttptest,0.23092358285491332,0.990674318507891
DoS Slowhttptest,0.23332957873394908,0.990674318507891
DoS Slowhttptest,0.23478408704522272,0.990674318507891
DoS Slowhttptest,0.2378300803673938,0.990674318507891
DoS Slowhttptest,0.2410101245199581,0.9904351984696318
DoS Slowhttptest,0.24330357142857142,0.9904351984696318
DoS Slowhttptest,0.24577226606538896,0.9904351984696318
DoS Slowhttptest,0.24896315441485845,0.9904351984696318
DoS Slowhttptest,0.251656031601337,0.9901960784313726
DoS Slowhttptest,0.25454880747479713,0.9901960784313726
DoS Slowhttptest,0.2577974226483222,0.9901960784313726
DoS Slowhttptest,0.26285387838009394,0.9901960784313726
DoS Slowhttptest,0.26643932569810835,0.9901960784313726
DoS Slowhttptest,0.2696665798384996,0.9901960784313726
DoS Slowhttptest,0.2723088051555205,0.9901960784313726
DoS Slowhttptest,0.27411133911431784,0.9901960784313726
DoS Slowhttptest,0.2776399597720416,0.9901960784313726
DoS Slowhttptest,0.27983511285308826,0.9901960784313726
DoS Slowhttptest,0.2834554042028886,0.9901960784313726
DoS Slowhttptest,0.28695170119880814,0.9901960784313726
DoS Slowhttptest,0.28899434712820155,0.9901960784313726
DoS Slowhttptest,0.29170188785573403,0.9901960784313726
DoS Slowhttptest,0.29475407502313333,0.9901960784313726
DoS Slowhttptest,0.29746426262481146,0.9901960784313726
DoS Slowhttptest,0.30252776154295735,0.9901960784313726
DoS Slowhttptest,0.30820184578743676,0.9901960784313726
DoS Slowhttptest,0.31319013764937226,0.9901960784313726
DoS Slowhttptest,0.3165902140672783,0.9901960784313726
DoS Slowhttptest,0.31937374672219654,0.9901960784313726
DoS Slowhttptest,0.32235715397789194,0.9901960784313726
DoS Slowhttptest,0.32670611439842207,0.9901960784313726
DoS Slowhttptest,0.3294089571235383,0.9901960784313726
DoS Slowhttptest,0.33133301328212517,0.9901960784313726
DoS Slowhttptest,0.3353579527048915,0.9901960784313726
DoS Slowhttptest,0.3379028967768258,0.9901960784313726
DoS Slowhttptest,0.3402909031144712,0.9901960784313726
DoS Slowhttptest,0.3427980132450331,0.9901960784313726
DoS Slowhttptest,0.34675933679450677,0.9901960784313726
DoS Slowhttptest,0.35177160336477187,0.9899569583931134
DoS Slowhttptest,0.35869000173280197,0.9899569583931134
DoS Slowhttptest,0.36103601639487226,0.9899569583931134
DoS Slowhttptest,0.36287918639312644,0.9897178383548542
DoS Slowhttptest,0.366056425223313,0.9897178383548542
DoS Slowhttptest,0.3673886028759098,0.9897178383548542
DoS Slowhttptest,0.36965258551397695,0.9897178383548542
DoS Slowhttptest,0.37167744252873564,0.9897178383548542
DoS Slowhttptest,0.37382586705202314,0.9897178383548542
DoS Slowhttptest,0.3755216839049174,0.9897178383548542
DoS Slowhttptest,0.37740494209902437,0.9897178383548542
DoS Slowhttptest,0.3788905162943977,0.9897178383548542
DoS Slowhttptest,0.3801212566599302,0.989478718316595
DoS Slowhttptest,0.38275830172971975,0.989478718316595
DoS Slowhttptest,0.3837522025410368,0.989478718316595
DoS Slowhttptest,0.38625968449547277,0.989478718316595
DoS Slowhttptest,0.3890194603741656,0.989478718316595
DoS Slowhttptest,0.39586721515354445,0.989478718316595
DoS Slowhttptest,0.39731156985117616,0.989478718316595
DoS Slowhttptest,0.40023213076699876,0.989478718316595
DoS Slowhttptest,0.40354983421103957,0.989478718316595
DoS Slowhttptest,0.40604454911196153,0.989478718316595
DoS Slowhttptest,0.409297725024728,0.989478718316595
DoS Slowhttptest,0.41276807980049873,0.989478718316595
DoS Slowhttptest,0.4157958199356913,0.989478718316595
DoS Slowhttptest,0.41793758206241793,0.989478718316595
DoS Slowhttptest,0.4201868399675061,0.989478718316595
DoS Slowhttptest,0.4235848090899785,0.989478718316595
DoS Slowhttptest,0.43171622326551906,0.989478718316595
DoS Slowhttptest,0.4348465741908365,0.989478718316595
DoS Slowhttptest,0.4384868072480661,0.989478718316595
DoS Slowhttptest,0.44214125440752217,0.989478718316595
DoS Slowhttptest,0.4468682505399568,0.989478718316595
DoS Slowhttptest,0.45002718868950514,0.989478718316595
DoS Slowhttptest,0.4526361846423102,0.989478718316595
DoS Slowhttptest,0.4575915072431715,0.989478718316595
DoS Slowhttptest,0.4597777777777778,0.989478718316595
DoS Slowhttptest,0.4622430741733691,0.989478718316595
DoS Slowhttptest,0.46583361476978496,0.989478718316595
DoS Slowhttptest,0.46841747792619426,0.989478718316595
DoS Slowhttptest,0.47081579246785754,0.989478718316595
DoS Slowhttptest,0.47329292005032597,0.989478718316595
DoS Slowhttptest,0.4763439622424312,0.989478718316595
DoS Slowhttptest,0.4808832074375363,0.989478718316595
DoS Slowhttptest,0.485452839042703,0.989478718316595
DoS Slowhttptest,0.48756922351832216,0.989478718316595
DoS Slowhttptest,0.4899360644091878,0.989478718316595
DoS Slowhttptest,0.4920332936979786,0.989478718316595
DoS Slowhttptest,0.49468021518230726,0.989478718316595
DoS Slowhttptest,0.4969973576747538,0.989478718316595
DoS Slowhttptest,0.49939657253198166,0.989478718316595
DoS Slowhttptest,0.5024283632831471,0.989478718316595
DoS Slowhttptest,0.5050652996460393,0.989478718316595
DoS Slowhttptest,0.5081665233943264,0.989478718316595
DoS Slowhttptest,0.5115589071578687,0.989478718316595
DoS Slowhttptest,0.5135269297592455,0.989478718316595
DoS Slowhttptest,0.5158314634754425,0.989478718316595
DoS Slowhttptest,0.5193924940379063,0.989478718316595
DoS Slowhttptest,0.5224747474747474,0.989478718316595
DoS Slowhttptest,0.5258609734400813,0.989478718316595
DoS Slowhttptest,0.5300371461508903,0.989478718316595
DoS Slowhttptest,0.5329726944873776,0.989478718316595
DoS Slowhttptest,0.5364968235446649,0.989478718316595
DoS Slowhttptest,0.5392936270037795,0.989478718316595
DoS Slowhttptest,0.5429021254263973,0.989478718316595
DoS Slowhttptest,0.5465592392022189,0.989478718316595
DoS Slowhttptest,0.5515862436683551,0.989478718316595
DoS Slowhttptest,0.5551381808425007,0.989478718316595
DoS Slowhttptest,0.5580579905596763,0.989478718316595
DoS Slowhttptest,0.5630698054157028,0.989478718316595
DoS Slowhttptest,0.566538882803943,0.989478718316595
DoS Slowhttptest,0.5702866593164277,0.989478718316595
DoS Slowhttptest,0.572654303902574,0.989478718316595
DoS Slowhttptest,0.575201556852933,0.989478718316595
DoS Slowhttptest,0.5772879464285714,0.989478718316595
DoS Slowhttptest,0.5795518207282914,0.989478718316595
DoS Slowhttptest,0.5819153424272254,0.989478718316595
DoS Slowhttptest,0.5841332580463016,0.989478718316595
DoS Slowhttptest,0.5868671110480783,0.989478718316595
DoS Slowhttptest,0.5885364812971128,0.989478718316595
DoS Slowhttptest,0.5904680365296804,0.989478718316595
DoS Slowhttptest,0.5955670696603339,0.989478718316595
DoS Slowhttptest,0.5986689814814815,0.989478718316595
DoS Slowhttptest,0.601453488372093,0.989478718316595
DoS Slowhttptest,0.604175792086436,0.989478718316595
DoS Slowhttptest,0.6086189145462568,0.989478718316595
DoS Slowhttptest,0.6128554502369669,0.989478718316595
DoS Slowhttptest,0.6157738095238096,0.989478718316595
DoS Slowhttptest,0.6196466007786763,0.989478718316595
DoS Slowhttptest,0.6223492254474356,0.989478718316595
DoS Slowhttptest,0.6413515189088654,0.989478718316595
DoS Slowhttptest,0.6442472364938502,0.989478718316595
DoS Slowhttptest,0.6480814408770555,0.989478718316595
DoS Slowhttptest,0.652887346165983,0.989478718316595
DoS Slowhttptest,0.6558338617628409,0.9892395982783357
DoS Slowhttptest,0.666774141544414,0.9890004782400765
DoS Slowhttptest,0.6729580214773837,0.9890004782400765
DoS Slowhttptest,0.6762589928057554,0.9890004782400765
DoS Slowhttptest,0.678477690288714,0.9890004782400765
DoS Slowhttptest,0.7243432574430824,0.9890004782400765
DoS Slowhttptest,0.7285059901338972,0.9887613582018173
DoS Slowhttptest,0.7332860436247561,0.9887613582018173
DoS Slowhttptest,0.736420302760463,0.9887613582018173
DoS Slowhttptest,0.7422365823012027,0.9887613582018173
DoS Slowhttptest,0.7461205341032119,0.9887613582018173
DoS Slowhttptest,0.7515448927662668,0.9887613582018173
DoS Slowhttptest,0.7583929554210237,0.9885222381635581
DoS Slowhttptest,0.7624492807082257,0.9885222381635581
DoS Slowhttptest,0.7663638049323197,0.9882831181252989
DoS Slowhttptest,0.7770257567211882,0.9882831181252989
DoS Slowhttptest,0.7811377811377811,0.9882831181252989
DoS Slowhttptest,0.7857414448669201,0.9882831181252989
DoS Slowhttptest,0.7961857060296668,0.9882831181252989
DoS Slowhttptest,0.800038714672861,0.9882831181252989
DoS Slowhttptest,0.8064012490241999,0.9880439980870397
DoS Slowhttptest,0.8113096406832908,0.9880439980870397
DoS Slowhttptest,0.8162418494368702,0.9878048780487805
DoS Slowhttptest,0.8212723658051689,0.9878048780487805
DoS Slowhttptest,0.8257045772536478,0.9878048780487805
DoS Slowhttptest,0.8315217391304348,0.9878048780487805
DoS Slowhttptest,0.8358963982193444,0.9878048780487805
DoS Slowhttptest,0.8404558404558404,0.9875657580105213
DoS Slowhttptest,0.8456183456183456,0.9875657580105213
DoS Slowhttptest,0.851897689768977,0.9875657580105213
DoS Slowhttptest,0.857914416285833,0.9875657580105213
DoS Slowhttptest,0.8652838885397025,0.9875657580105213
DoS Slowhttptest,0.8692906756472322,0.9875657580105213
DoS Slowhttptest,0.8733347430746458,0.9875657580105213
DoS Slowhttptest,0.8768577494692145,0.9875657580105213
DoS Slowhttptest,0.8804092943935196,0.9875657580105213
DoS Slowhttptest,0.88643194504079,0.9873266379722621
DoS Slowhttptest,0.8896551724137931,0.9870875179340028
DoS Slowhttptest,0.8938934603724557,0.9870875179340028
DoS Slowhttptest,0.8979769414835762,0.9870875179340028
DoS Slowhttptest,0.902668416447944,0.9868483978957436
DoS Slowhttptest,0.9064353173731605,0.9868483978957436
DoS Slowhttptest,0.9106354810238305,0.9868483978957436
DoS Slowhttptest,0.9144503546099291,0.9866092778574844
DoS Slowhttptest,0.9187263415720329,0.9866092778574844
DoS Slowhttptest,0.9234214061800269,0.986131037780966
DoS Slowhttptest,0.926225820962663,0.9846963175514108
DoS Slowhttptest,0.9286037053773158,0.9827833572453372
DoS Slowhttptest,0.9293366765443355,0.9748923959827833
DoS Slowhttptest,1.0,0.0
DoS slowloris,0.002155698690568168,1.0
DoS slowloris,0.0027120892472034157,0.9928040854224698
DoS slowloris,0.0031498939967852814,0.9925719591457753
DoS slowloris,0.0032563441977140097,0.9925719591457753
DoS slowloris,0.0033396544129362404,0.9925719591457753
DoS slowloris,0.0033870889807919736,0.9925719591457753
DoS slowloris,0.003747350081896601,0.9925719591457753
DoS slowloris,0.004018381558297544,0.9925719591457753
DoS slowloris,0.004081609276592983,0.9925719591457753
DoS slowloris,0.004172729126839841,0.9925719591457753
DoS slowloris,0.005126452904610331,0.9925719591457753
DoS slowloris,0.005345040087800659,0.9925719591457753
DoS slowloris,0.005726253990700863,0.9925719591457753
DoS slowloris,0.006002962172634298,0.9925719591457753
DoS slowloris,0.006233508754027144,0.9925719591457753
DoS slowloris,0.006502235333475259,0.9925719591457753
DoS slowloris,0.006767493242002773,0.9925719591457753
DoS slowloris,0.008883182821968635,0.9925719591457753
DoS slowloris,0.010276425265201948,0.9925719591457753
DoS slowloris,0.010746310667899795,0.9925719591457753
DoS slowloris,0.011285150631424764,0.9925719591457753
DoS slowloris,0.011947337833609012,0.9925719591457753
DoS slowloris,0.012566122017162337,0.9925719591457753
DoS slowloris,0.013475653376949573,0.9925719591457753
DoS slowloris,0.014258799206362438,0.9925719591457753
DoS slowloris,0.015082413609444498,0.9925719591457753
DoS slowloris,0.01588062051779142,0.9925719591457753
DoS slowloris,0.01702127659574468,0.9925719591457753
DoS slowloris,0.01810866895354254,0.9925719591457753
DoS slowloris,0.019168956690530734,0.9925719591457753
DoS slowloris,0.019934081405268825,0.9925719591457753
DoS slowloris,0.02075627396728314,0.9925719591457753
DoS slowloris,0.02160119624959586,0.9925719591457753
DoS slowloris,0.022675688861548905,0.9925719591457753
DoS slowloris,0.023384521153257207,0.9925719591457753
DoS slowloris,0.024263195524132686,0.9925719591457753
DoS slowloris,0.025194483734087694,0.9923398328690808
DoS slowloris,0.026106232519510972,0.9923398328690808
DoS slowloris,0.02737138649678266,0.9923398328690808
DoS slowloris,0.0281962325875897,0.9923398328690808
DoS slowloris,0.029142296208433883,0.9923398328690808
DoS slowloris,0.030155539096391917,0.9923398328690808
DoS slowloris,0.03137223245540006,0.9923398328690808
DoS slowloris,0.03219659883414421,0.9923398328690808
DoS slowloris,0.03316164264548459,0.9923398328690808
DoS slowloris,0.03390274076893795,0.9923398328690808
DoS slowloris,0.034535407881343606,0.9923398328690808
DoS slowloris,0.03550281115826364,0.9923398328690808
DoS slowloris,0.03618802536124537,0.9923398328690808
DoS slowloris,0.036905625194240135,0.9923398328690808
DoS slowloris,0.03780676542118063,0.9923398328690808
DoS slowloris,0.038546156204353234,0.9923398328690808
DoS slowloris,0.039219463863048386,0.9923398328690808
DoS slowloris,0.03993572916569357,0.9923398328690808
DoS slowloris,0.040905567941517,0.9923398328690808
DoS slowloris,0.041641908806654915,0.9923398328690808
DoS slowloris,0.04226396440929313,0.9923398328690808
DoS slowloris,0.042935912501129894,0.9923398328690808
DoS slowloris,0.04366700715015322,0.9923398328690808
DoS slowloris,0.04435496424827987,0.9921077065923862
DoS slowloris,0.045036880927291884,0.9921077065923862
DoS slowloris,0.04562680815176198,0.9921077065923862
DoS slowloris,0.04623539593249675,0.9921077065923862
DoS slowloris,0.046758930036650076,0.9921077065923862
DoS slowloris,0.047579819210045865,0.9921077065923862
DoS slowloris,0.048352245087280664,0.9921077065923862
DoS slowloris,0.0490632748645422,0.9921077065923862
DoS slowloris,0.0496451429301553,0.9921077065923862
DoS slowloris,0.0503267589049161,0.9921077065923862
DoS slowloris,0.05104868377048397,0.9921077065923862
DoS slowloris,0.05195657723587119,0.9921077065923862
DoS slowloris,0.05280128482302798,0.9921077065923862
DoS slowloris,0.05357501002807862,0.9921077065923862
DoS slowloris,0.054281976707265964,0.9921077065923862
DoS slowloris,0.055266764941681534,0.9921077065923862
DoS slowloris,0.056203563679400353,0.9921077065923862
DoS slowloris,0.05729529733497775,0.9921077065923862
DoS slowloris,0.05792034258920464,0.9921077065923862
DoS slowloris,0.05853671898540006,0.9921077065923862
DoS slowloris,0.05927713516962081,0.9921077065923862
DoS slowloris,0.05987084483169205,0.9921077065923862
DoS slowloris,0.06046715617616683,0.9921077065923862
DoS slowloris,0.061053654076909894,0.9921077065923862
DoS slowloris,0.06154510763913889,0.9921077065923862
DoS slowloris,0.0620941145704697,0.9921077065923862
DoS slowloris,0.06273485204321277,0.9921077065923862
DoS slowloris,0.06343693412889245,0.9921077065923862
DoS slowloris,0.06427647607302915,0.9921077065923862
DoS slowloris,0.06530674612269845,0.9921077065923862
DoS slowloris,0.06592508022710442,0.9918755803156918
DoS slowloris,0.06643242486901633,0.9918755803156918
DoS slowloris,0.067011683525445,0.9918755803156918
DoS slowloris,0.06788034758296399,0.9918755803156918
DoS slowloris,0.0683953581432573,0.9918755803156918
DoS slowloris,0.06932411823874883,0.9918755803156918
DoS slowloris,0.0698465109436553,0.9918755803156918
DoS slowloris,0.07034902864669082,0.9918755803156918
DoS slowloris,0.0707766716909877,0.9918755803156918
DoS slowloris,0.07144170804701476,0.9918755803156918
DoS slowloris,0.07300903856339809,0.9918755803156918
DoS slowloris,0.07345205762024272,0.9918755803156918
DoS slowloris,0.07421623968736431,0.9918755803156918
DoS slowloris,0.07475899714820582,0.9918755803156918
DoS slowloris,0.07510326039195009,0.9918755803156918
DoS slowloris,0.07556813157662039,0.9918755803156918
DoS slowloris,0.07648248581503159,0.9918755803156918
DoS slowloris,0.07759497348732476,0.9918755803156918
DoS slowloris,0.07816558738521201,0.9918755803156918
DoS slowloris,0.07866926872376463,0.9918755803156918
DoS slowloris,0.0796072732692451,0.9918755803156918
DoS slowloris,0.08004420883052657,0.9918755803156918
DoS slowloris,0.0806743948948382,0.9918755803156918
DoS slowloris,0.08116630259283883,0.9918755803156918
DoS slowloris,0.08182061887254902,0.9918755803156918
DoS slowloris,0.08242987769589877,0.9918755803156918
DoS slowloris,0.08296442994718857,0.9918755803156918
DoS slowloris,0.08436327739387957,0.9918755803156918
DoS slowloris,0.08581699871465295,0.9918755803156918
DoS slowloris,0.08768185828904439,0.9918755803156918
DoS slowloris,0.08883945278389954,0.9918755803156918
DoS slowloris,0.09068721083237828,0.9918755803156918
DoS slowloris,0.09180560330010312,0.9918755803156918
DoS slowloris,0.09329286930701716,0.9918755803156918
DoS slowloris,0.09436420652798021,0.9918755803156918
DoS slowloris,0.09612615855304599,0.9918755803156918
DoS slowloris,0.09710039540062719,0.9918755803156918
DoS slowloris,0.09872008132335273,0.9918755803156918
DoS slowloris,0.10034756469869897,0.9918755803156918
DoS slowloris,0.10216866317576453,0.9918755803156918
DoS slowloris,0.10333736396614268,0.9918755803156918
DoS slowloris,0.10409764178522705,0.9918755803156918
DoS slowloris,0.10500835545070285,0.9918755803156918
DoS slowloris,0.10597455420252475,0.9918755803156918
DoS slowloris,0.10696137575408646,0.9918755803156918
DoS slowloris,0.10807324599119834,0.9918755803156918
DoS slowloris,0.10915546926889082,0.9918755803156918
DoS slowloris,0.1104020256304258,0.9918755803156918
DoS slowloris,0.11168030108988265,0.9918755803156918
DoS slowloris,0.11263410390911248,0.9918755803156918
DoS slowloris,0.11415671502230772,0.9918755803156918
DoS slowloris,0.11527152067765518,0.9918755803156918
DoS slowloris,0.11601954928047788,0.9918755803156918
DoS slowloris,0.11689874976062156,0.9918755803156918
DoS slowloris,0.118097396495495,0.9918755803156918
DoS slowloris,0.11911797502230152,0.9918755803156918
DoS slowloris,0.12097276484910255,0.9918755803156918
DoS slowloris,0.121991606475005,0.9918755803156918
DoS slowloris,0.12308800230447933,0.9918755803156918
DoS slowloris,0.12386584340667305,0.9918755803156918
DoS slowloris,0.12491595287514251,0.9918755803156918
DoS slowloris,0.1262259246130214,0.9918755803156918
DoS slowloris,0.12699497726394626,0.9918755803156918
DoS slowloris,0.12838385962803833,0.9918755803156918
DoS slowloris,0.1290351804318285,0.9918755803156918
DoS slowloris,0.13040559099093602,0.9918755803156918
DoS slowloris,0.13107361963190184,0.9918755803156918
DoS slowloris,0.13203349504063283,0.9918755803156918
DoS slowloris,0.13344784509681448,0.9918755803156918
DoS slowloris,0.1345318304892639,0.9918755803156918
DoS slowloris,0.13531144114759808,0.9918755803156918
DoS slowloris,0.13682356708293308,0.9918755803156918
DoS slowloris,0.13812833360271537,0.9918755803156918
DoS slowloris,0.13893675825069093,0.9918755803156918
DoS slowloris,0.13996069439895184,0.9918755803156918
DoS slowloris,0.14066100467443546,0.9918755803156918
DoS slowloris,0.14162137080737108,0.9918755803156918
DoS slowloris,0.1427569156755312,0.9918755803156918
DoS slowloris,0.1435192960064488,0.9918755803156918
DoS slowloris,0.14450945246711083,0.9918755803156918
DoS slowloris,0.1453549681940334,0.9918755803156918
DoS slowloris,0.1465162529145522,0.9918755803156918
DoS slowloris,0.14750250267527357,0.9918755803156918
DoS slowloris,0.14890577083914133,0.9918755803156918
DoS slowloris,0.1501141753030037,0.9918755803156918
DoS slowloris,0.15303893127036997,0.9918755803156918
DoS slowloris,0.15592045247217662,0.9918755803156918
DoS slowloris,0.15796088869173044,0.9918755803156918
DoS slowloris,0.1599116799520976,0.9918755803156918
DoS slowloris,0.1620770747989683,0.9918755803156918
DoS slowloris,0.1648466139301563,0.9916434540389972
DoS slowloris,0.16650426784113498,0.9916434540389972
DoS slowloris,0.1689338816830117,0.9916434540389972
DoS slowloris,0.17268978898860055,0.9916434540389972
DoS slowloris,0.17539825915585483,0.9916434540389972
DoS slowloris,0.17757087039654168,0.9916434540389972
DoS slowloris,0.18004045853000675,0.9916434540389972
DoS slowloris,0.18127042050324607,0.9916434540389972
DoS slowloris,0.1842014487754398,0.9916434540389972
DoS slowloris,0.18565840938722294,0.9916434540389972
DoS slowloris,0.1878462756134025,0.9916434540389972
DoS slowloris,0.189580189935209,0.9916434540389972
DoS slowloris,0.19171565767625545,0.9916434540389972
DoS slowloris,0.1946773605541378,0.9916434540389972
DoS slowloris,0.19655838777951595,0.9916434540389972
DoS slowloris,0.1983194837751265,0.9916434540389972
DoS slowloris,0.20099745930177848,0.9916434540389972
DoS slowloris,0.2024836477391222,0.9916434540389972
DoS slowloris,0.20672634889910477,0.9916434540389972
DoS slowloris,0.20780231540033078,0.9916434540389972
DoS slowloris,0.21008114089009097,0.9916434540389972
DoS slowloris,0.2114746794713133,0.9916434540389972
DoS slowloris,0.2137282369421653,0.9916434540389972
DoS slowloris,0.2153985781273635,0.9916434540389972
DoS slowloris,0.21862845445240534,0.9916434540389972
DoS slowloris,0.22173777639364683,0.9916434540389972
DoS slowloris,0.2246883711145006,0.9916434540389972
DoS slowloris,0.2262951583854222,0.9916434540389972
DoS slowloris,0.22821731930124473,0.9916434540389972
DoS slowloris,0.2312939902544667,0.9916434540389972
DoS slowloris,0.23303512982762384,0.9916434540389972
DoS slowloris,0.23528115878173708,0.9916434540389972
DoS slowloris,0.2374784590583134,0.9916434540389972
DoS slowloris,0.23922051741516406,0.9916434540389972
DoS slowloris,0.24149236856981346,0.9916434540389972
DoS slowloris,0.24292050494711703,0.9916434540389972
DoS slowloris,0.24547491811756594,0.9916434540389972
DoS slowloris,0.24725083921750202,0.9916434540389972
DoS slowloris,0.24924154025670944,0.9916434540389972
DoS slowloris,0.25111685868798495,0.9916434540389972
DoS slowloris,0.25261664005676776,0.9916434540389972
DoS slowloris,0.25533440918056305,0.9916434540389972
DoS slowloris,0.25688514732411305,0.9916434540389972
DoS slowloris,0.25854868970525935,0.9916434540389972
DoS slowloris,0.2610130139915684,0.9916434540389972
DoS slowloris,0.2629732225300092,0.9916434540389972
DoS slowloris,0.2650452909790297,0.9916434540389972
DoS slowloris,0.2676859452346638,0.9916434540389972
DoS slowloris,0.2702942106928187,0.9916434540389972
DoS slowloris,0.27290149482560366,0.9916434540389972
DoS slowloris,0.27465603703227465,0.9916434540389972
DoS slowloris,0.27695299837925447,0.9916434540389972
DoS slowloris,0.2809786898184688,0.9916434540389972
DoS slowloris,0.28451548451548453,0.9916434540389972
DoS slowloris,0.28931328728159283,0.9916434540389972
DoS slowloris,0.29300411522633746,0.9916434540389972
DoS slowloris,0.2966666666666667,0.9916434540389972
DoS slowloris,0.299432256255695,0.9916434540389972
DoS slowloris,0.30310770540655596,0.9916434540389972
DoS slowloris,0.30698476573728084,0.9916434540389972
DoS slowloris,0.3138407287687335,0.9916434540389972
DoS slowloris,0.3168904383947778,0.9916434540389972
DoS slowloris,0.32074480066071026,0.9916434540389972
DoS slowloris,0.32434894844734646,0.9916434540389972
DoS slowloris,0.3271557665798744,0.9916434540389972
DoS slowloris,0.33126550868486354,0.9916434540389972
DoS slowloris,0.3351113900219642,0.9916434540389972
DoS slowloris,0.3387787470261697,0.9916434540389972
DoS slowloris,0.3425272610647851,0.9916434540389972
DoS slowloris,0.34554719728221306,0.9916434540389972
DoS slowloris,0.35111366811868167,0.9916434540389972
DoS slowloris,0.3601112703363399,0.9916434540389972
DoS slowloris,0.36348936170212764,0.9914113277623027
DoS slowloris,0.3701360603171852,0.9914113277623027
DoS slowloris,0.37324128288036357,0.9914113277623027
DoS slowloris,0.37693054452387253,0.9914113277623027
DoS slowloris,0.3799146059420032,0.9914113277623027
DoS slowloris,0.3826507751590644,0.9911792014856081
DoS slowloris,0.38433843384338434,0.9911792014856081
DoS slowloris,0.3867053070095997,0.9911792014856081
DoS slowloris,0.39045354791514264,0.9911792014856081
DoS slowloris,0.394749006193954,0.9911792014856081
DoS slowloris,0.3984695782008212,0.9911792014856081
DoS slowloris,0.4068216463414634,0.9911792014856081
DoS slowloris,0.4098281984835397,0.9911792014856081
DoS slowloris,0.4136795194729704,0.9911792014856081
DoS slowloris,0.41727743574709275,0.9911792014856081
DoS slowloris,0.4193516699410609,0.9909470752089137
DoS slowloris,0.4210889721838627,0.9909470752089137
DoS slowloris,0.4242273675842194,0.9909470752089137
DoS slowloris,0.4257504737209534,0.9909470752089137
DoS slowloris,0.4286144578313253,0.9909470752089137
DoS slowloris,0.43103796445880455,0.9909470752089137
DoS slowloris,0.4331811263318113,0.9909470752089137
DoS slowloris,0.43521255989397495,0.9909470752089137
DoS slowloris,0.43762173244490005,0.9909470752089137
DoS slowloris,0.4406482246077622,0.9909470752089137
DoS slowloris,0.44316412332606664,0.9909470752089137
DoS slowloris,0.4458485639686684,0.9909470752089137
DoS slowloris,0.4502214722632356,0.9909470752089137
DoS slowloris,0.45241627808393386,0.9909470752089137
DoS slowloris,0.4541006275928093,0.9909470752089137
DoS slowloris,0.45726221079691515,0.9909470752089137
DoS slowloris,0.46012071567148094,0.9909470752089137
DoS slowloris,0.4631156433065741,0.9909470752089137
DoS slowloris,0.4665063927439624,0.9909470752089137
DoS slowloris,0.47015418502202644,0.9909470752089137
DoS slowloris,0.4730718085106383,0.9909470752089137
DoS slowloris,0.4763977234683629,0.9909470752089137
DoS slowloris,0.48047270680922904,0.9909470752089137
DoS slowloris,0.4861079480756092,0.9909470752089137
DoS slowloris,0.4905768788784188,0.9909470752089137
DoS slowloris,0.49392572023602915,0.9909470752089137
DoS slowloris,0.49807490374518726,0.9909470752089137
DoS slowloris,0.5004102684327746,0.9909470752089137
DoS slowloris,0.5058656238890864,0.9909470752089137
DoS slowloris,0.5148956700036184,0.9909470752089137
DoS slowloris,0.5186490098408456,0.9909470752089137
DoS slowloris,0.5215638362858889,0.9909470752089137
DoS slowloris,0.5252860834256183,0.9909470752089137
DoS slowloris,0.5314328395369102,0.9909470752089137
DoS slowloris,0.5348283638185918,0.9909470752089137
DoS slowloris,0.5386750788643533,0.9909470752089137
DoS slowloris,0.544862795149968,0.9909470752089137
DoS slowloris,0.5494915690565066,0.9909470752089137
DoS slowloris,0.5532659409020217,0.9909470752089137
DoS slowloris,0.5573107049608355,0.9909470752089137
DoS slowloris,0.5635643564356435,0.9909470752089137
DoS slowloris,0.5705119636412245,0.9907149489322191
DoS slowloris,0.5738101640225867,0.9907149489322191
DoS slowloris,0.5780065005417118,0.9907149489322191
DoS slowloris,0.5825825825825826,0.9907149489322191
DoS slowloris,0.5858613589567605,0.9907149489322191
DoS slowloris,0.5885273028130171,0.9907149489322191
DoS slowloris,0.5915707749896021,0.9904828226555246
DoS slowloris,0.5944552800222903,0.9904828226555246
DoS slowloris,0.5979540358744395,0.9904828226555246
DoS slowloris,0.6019184652278178,0.9904828226555246
DoS slowloris,0.6050765740215541,0.9904828226555246
DoS slowloris,0.6076616348618628,0.9904828226555246
DoS slowloris,0.6120195065978199,0.9904828226555246
DoS slowloris,0.6183161860599913,0.9904828226555246
DoS slowloris,0.6221023472809447,0.9904828226555246
DoS slowloris,0.6258433558228219,0.9904828226555246
DoS slowloris,0.6297225501770957,0.9904828226555246
DoS slowloris,0.6339325508839697,0.9904828226555246
DoS slowloris,0.6372461170848268,0.9904828226555246
DoS slowloris,0.6429109537441615,0.9904828226555246
DoS slowloris,0.6476927747419551,0.9904828226555246
DoS slowloris,0.6547491176921897,0.9904828226555246
DoS slowloris,0.6586382584529875,0.9902506963788301
DoS slowloris,0.6632462686567164,0.9902506963788301
DoS slowloris,0.6673967459324155,0.9902506963788301
DoS slowloris,0.671176840780365,0.9902506963788301
DoS slowloris,0.674573055028463,0.9902506963788301
DoS slowloris,0.6799489958559133,0.9902506963788301
DoS slowloris,0.6834347965395706,0.9902506963788301
DoS slowloris,0.6872885451909135,0.9902506963788301
DoS slowloris,0.6909620991253644,0.9902506963788301
DoS slowloris,0.6953545232273839,0.9902506963788301
DoS slowloris,0.6981996726677577,0.9902506963788301
DoS slowloris,0.7010682004930157,0.9902506963788301
DoS slowloris,0.7034960422163589,0.9902506963788301
DoS slowloris,0.7079322933952871,0.9902506963788301
DoS slowloris,0.7102897102897103,0.9902506963788301
DoS slowloris,0.7191503708698584,0.9902506963788301
DoS slowloris,0.7236641221374046,0.9902506963788301
DoS slowloris,0.7267461669505962,0.9902506963788301
DoS slowloris,0.7301043984254664,0.9902506963788301
DoS slowloris,0.7339986235375086,0.9902506963788301
DoS slowloris,0.7374243733794296,0.9902506963788301
DoS slowloris,0.7468487394957983,0.9902506963788301
DoS slowloris,0.7501318797256902,0.9902506963788301
DoS slowloris,0.7563829787234042,0.9902506963788301
DoS slowloris,0.7611993574870605,0.9900185701021356
DoS slowloris,0.766397124887691,0.9900185701021356
DoS slowloris,0.770092107639516,0.989786443825441
DoS slowloris,0.7752727272727272,0.989786443825441
DoS slowloris,0.7785283914551762,0.989786443825441
DoS slowloris,0.7823853211009174,0.989786443825441
DoS slowloris,0.7855563743551953,0.989786443825441
DoS slowloris,0.7890451517394522,0.989786443825441
DoS slowloris,0.7927124000743633,0.989786443825441
DoS slowloris,0.7953739973885469,0.989786443825441
DoS slowloris,0.7989507213790519,0.989786443825441
DoS slowloris,0.8048320120800302,0.989786443825441
DoS slowloris,0.8084945013272659,0.989786443825441
DoS slowloris,0.8134299885539871,0.989786443825441
DoS slowloris,0.8174846625766872,0.989786443825441
DoS slowloris,0.8228483211115399,0.989786443825441
DoS slowloris,0.82571649883811,0.989786443825441
DoS slowloris,0.8298617870352346,0.9895543175487466
DoS slowloris,0.8347366359898178,0.9895543175487466
DoS slowloris,0.8388429752066116,0.9895543175487466
DoS slowloris,0.8423236514522822,0.9895543175487466
DoS slowloris,0.8454978183260611,0.9895543175487466
DoS slowloris,0.8500199441563622,0.989322191272052
DoS slowloris,0.8537660256410257,0.989322191272052
DoS slowloris,0.8578904991948471,0.989322191272052
DoS slowloris,0.8615322417626845,0.989322191272052
DoS slowloris,0.8678476888617389,0.989322191272052
DoS slowloris,0.8730028676771815,0.989322191272052
DoS slowloris,0.8785817357245929,0.989322191272052
DoS slowloris,0.8840489524994815,0.989322191272052
DoS slowloris,0.8897473376487784,0.9890900649953575
DoS slowloris,0.8940411246328158,0.9890900649953575
DoS slowloris,0.9058248299319728,0.9890900649953575
DoS slowloris,0.9116199443612241,0.9888579387186629
DoS slowloris,0.9165232358003442,0.9888579387186629
DoS slowloris,0.9240780911062907,0.9888579387186629
DoS slowloris,0.9297250109122653,0.9888579387186629
DoS slowloris,0.9360580092287409,0.9888579387186629
DoS slowloris,0.9406049900640318,0.9888579387186629
DoS slowloris,0.9447648624667259,0.9886258124419685
DoS slowloris,0.9495985727029438,0.9883936861652739
DoS slowloris,0.9551267668835539,0.9881615598885793
DoS slowloris,0.9583239468348728,0.9874651810584958
DoS slowloris,0.960633484162896,0.9856081708449397
DoS slowloris,0.9613694193846866,0.9647168059424327
DoS slowloris,0.9607746996812945,0.909702878365831
DoS slowloris,1.0,0.0
