clase,precision,recall
Bot,0.0007796143360968443,1.0
Bot,0.003084304318026045,0.9993581514762516
Bot,0.0031644283298647245,0.9993581514762516
Bot,0.0032191569819731342,0.9993581514762516
Bot,0.0032590471525723867,0.9993581514762516
Bot,0.0032937323890031224,0.9993581514762516
Bot,0.003323571099233252,0.9993581514762516
Bot,0.0033479335057830873,0.9993581514762516
Bot,0.0033663481932634117,0.9993581514762516
Bot,0.0033818565675784863,0.9993581514762516
Bot,0.003397397292555838,0.9993581514762516
Bot,0.0034121166299595673,0.9993581514762516
Bot,0.003425817949789874,0.9993581514762516
Bot,0.003439964120091644,0.9993581514762516
Bot,0.003451861278186321,0.9993581514762516
Bot,0.003463833308861807,0.9993581514762516
Bot,0.0034744847408306628,0.9993581514762516
Bot,0.0034842893683298907,0.9993581514762516
Bot,0.003492566239872231,0.9993581514762516
Bot,0.003500803813335432,0.9993581514762516
Bot,0.003508597980471734,0.9993581514762516
Bot,0.0035163633982027475,0.9993581514762516
Bot,0.003524083500634878,0.9993581514762516
Bot,0.0035319337166967234,0.9993581514762516
Bot,0.0035395936628315385,0.9993581514762516
Bot,0.0035467455136061086,0.9993581514762516
Bot,0.0035542832880202163,0.9993581514762516
Bot,0.0035623176800320313,0.9993581514762516
Bot,0.0035731169421278977,0.9993581514762516
Bot,0.003582184327195842,0.9993581514762516
Bot,0.00358826037357547,0.9993581514762516
Bot,0.0035945064306343367,0.9993581514762516
Bot,0.0036006993265744096,0.9993581514762516
Bot,0.0036099157918165967,0.9993581514762516
Bot,0.003617060818659109,0.9993581514762516
Bot,0.0036260235307268816,0.9993581514762516
Bot,0.0036324188129899216,0.9993581514762516
Bot,0.0036416878533220755,0.9993581514762516
Bot,0.0036479676111083777,0.9993581514762516
Bot,0.003652580265275386,0.9993581514762516
Bot,0.003657720091619193,0.9993581514762516
Bot,0.0036642708877561107,0.9993581514762516
Bot,0.0036691064535741384,0.9993581514762516
Bot,0.003673469387755102,0.9993581514762516
Bot,0.0036773215306348988,0.9993581514762516
Bot,0.0036814167661697425,0.9993581514762516
Bot,0.003685582201265454,0.9993581514762516
Bot,0.003689407348958222,0.9993581514762516
Bot,0.003692776199262868,0.9993581514762516
Bot,0.0036962214029498553,0.9993581514762516
Bot,0.0036995148099395058,0.9993581514762516
Bot,0.0037029109589041096,0.9993581514762516
Bot,0.003706242769613094,0.9993581514762516
Bot,0.0037098015482524382,0.9993581514762516
Bot,0.003712995244885987,0.9993581514762516
Bot,0.0037183155099370013,0.9993581514762516
Bot,0.003724916027904573,0.9993581514762516
Bot,0.0037316115672768584,0.9993581514762516
Bot,0.0037381427408725216,0.9993581514762516
Bot,0.0037423547492550164,0.9987163029525032
Bot,0.0037489459101313093,0.9987163029525032
Bot,0.0037552068501151177,0.9987163029525032
Bot,0.0037615432964270175,0.9987163029525032
Bot,0.0037672261013567826,0.9987163029525032
Bot,0.003772358985051179,0.9987163029525032
Bot,0.0037767356964630724,0.9987163029525032
Bot,0.0037822990349789735,0.9987163029525032
Bot,0.0037874085703506273,0.9987163029525032
Bot,0.0037925041983216464,0.9987163029525032
Bot,0.0037966498712896654,0.9987163029525032
Bot,0.003800832470247982,0.9987163029525032
Bot,0.0038050242949334,0.9987163029525032
Bot,0.0038095051560526083,0.9987163029525032
Bot,0.00381340770622056,0.9987163029525032
Bot,0.003817599230591826,0.9987163029525032
Bot,0.003821856302132969,0.9987163029525032
Bot,0.0038260664299554444,0.9987163029525032
Bot,0.0038303801332263323,0.9987163029525032
Bot,0.003834713024962602,0.9987163029525032
Bot,0.003838553782924356,0.9987163029525032
Bot,0.0038425255962582297,0.9987163029525032
Bot,0.0038463439956493797,0.9987163029525032
Bot,0.0038538699690402476,0.9987163029525032
Bot,0.0038615883636147048,0.9987163029525032
Bot,0.0038695975469337915,0.9987163029525032
Bot,0.003876847793859332,0.9987163029525032
Bot,0.0038856189646173937,0.9987163029525032
Bot,0.003893065789309081,0.9987163029525032
Bot,0.0039003945514796932,0.9987163029525032
Bot,0.0039072603224745315,0.9987163029525032
Bot,0.003914780560950818,0.9987163029525032
Bot,0.003922072749912409,0.9987163029525032
Bot,0.003929441771784285,0.9987163029525032
Bot,0.003938721991029029,0.9987163029525032
Bot,0.003948667324777887,0.9987163029525032
Bot,0.003959166641222151,0.9987163029525032
Bot,0.0039699751493843475,0.9987163029525032
Bot,0.00398087338724739,0.9987163029525032
Bot,0.0039907975696145395,0.9987163029525032
Bot,0.0039995990119242545,0.9987163029525032
Bot,0.0040071902797307254,0.9987163029525032
Bot,0.004013702305041375,0.9987163029525032
Bot,0.004018968705768098,0.9987163029525032
Bot,0.004023770241684811,0.9987163029525032
Bot,0.004028207809959718,0.9987163029525032
Bot,0.004032916477677704,0.9987163029525032
Bot,0.004037437109651707,0.9987163029525032
Bot,0.004041610930012078,0.9987163029525032
Bot,0.0040459196276505845,0.9987163029525032
Bot,0.004053973075991152,0.9987163029525032
Bot,0.004061125683487974,0.9987163029525032
Bot,0.004068952532373799,0.9987163029525032
Bot,0.0040755389088242226,0.9987163029525032
Bot,0.004081996715514211,0.9987163029525032
Bot,0.0040884965053339635,0.9987163029525032
Bot,0.004095394260657632,0.9987163029525032
Bot,0.004101028683480182,0.9987163029525032
Bot,0.0041059309063657765,0.9987163029525032
Bot,0.0041118008154895445,0.9987163029525032
Bot,0.004118308740819162,0.9987163029525032
Bot,0.004125187237370591,0.9987163029525032
Bot,0.0041328789645491415,0.9987163029525032
Bot,0.0041414810851958025,0.9987163029525032
Bot,0.004149410789001395,0.9987163029525032
Bot,0.00415589410482682,0.9987163029525032
Bot,0.004161818789702441,0.9987163029525032
Bot,0.004167068376343049,0.9987163029525032
Bot,0.004172308847386274,0.9987163029525032
Bot,0.004177966329243079,0.9987163029525032
Bot,0.004183639174564765,0.9987163029525032
Bot,0.004188436577218243,0.9987163029525032
Bot,0.0041925670851150395,0.9987163029525032
Bot,0.00419716987748364,0.9987163029525032
Bot,0.0042011361427306305,0.9987163029525032
Bot,0.0042051553691402135,0.9987163029525032
Bot,0.0042091253621443815,0.9987163029525032
Bot,0.004218585635119454,0.9987163029525032
Bot,0.004227617536461843,0.9987163029525032
Bot,0.0042345205956631545,0.9987163029525032
Bot,0.004239805121553796,0.9987163029525032
Bot,0.00424395658945175,0.9987163029525032
Bot,0.004247814668610397,0.9987163029525032
Bot,0.004251668151289436,0.9987163029525032
Bot,0.004255691577231503,0.9987163029525032
Bot,0.004259571031631969,0.9987163029525032
Bot,0.0042635393404666325,0.9987163029525032
Bot,0.004267573571761608,0.9987163029525032
Bot,0.004273046577855403,0.9987163029525032
Bot,0.004277616191162159,0.9987163029525032
Bot,0.004281783159053385,0.9987163029525032
Bot,0.004286088118225516,0.9987163029525032
Bot,0.004290614693976595,0.9987163029525032
Bot,0.004295020426189688,0.9987163029525032
Bot,0.004299494615960631,0.9987163029525032
Bot,0.004303954327189042,0.9987163029525032
Bot,0.004308304006778103,0.9987163029525032
Bot,0.0043120290646277825,0.9987163029525032
Bot,0.004316263380832573,0.9987163029525032
Bot,0.00431939062170355,0.9987163029525032
Bot,0.00432282261425198,0.9987163029525032
Bot,0.004325622642243764,0.9987163029525032
Bot,0.004328787550006399,0.9987163029525032
Bot,0.004332113882253367,0.9987163029525032
Bot,0.004337983562499303,0.9987163029525032
Bot,0.004343917677734909,0.9987163029525032
Bot,0.004349272279538575,0.9987163029525032
Bot,0.004356554290338025,0.9987163029525032
Bot,0.004365329854535763,0.9987163029525032
Bot,0.00437298529316707,0.9987163029525032
Bot,0.004380741629151639,0.9987163029525032
Bot,0.004388847363447896,0.9987163029525032
Bot,0.004394487121554451,0.9987163029525032
Bot,0.004403989629679947,0.9987163029525032
Bot,0.0044115312209394636,0.9987163029525032
Bot,0.004418546536722779,0.9987163029525032
Bot,0.004423973615375867,0.9987163029525032
Bot,0.004430296852667005,0.9987163029525032
Bot,0.004437511229241944,0.9987163029525032
Bot,0.00444403824843202,0.9987163029525032
Bot,0.004451055552377139,0.9987163029525032
Bot,0.004457405423367576,0.9987163029525032
Bot,0.004462109350355879,0.9987163029525032
Bot,0.00446909403192128,0.9987163029525032
Bot,0.0044769763721529765,0.9987163029525032
Bot,0.004484304932735426,0.9987163029525032
Bot,0.004492733955655907,0.9987163029525032
Bot,0.004503982956650611,0.9987163029525032
Bot,0.004516454873185145,0.9987163029525032
Bot,0.004524544783106816,0.9987163029525032
Bot,0.004533997698034588,0.9987163029525032
Bot,0.004544326163461398,0.9987163029525032
Bot,0.004555528555493423,0.9987163029525032
Bot,0.0045663440487859275,0.9987163029525032
Bot,0.004573739796533247,0.9987163029525032
Bot,0.004582319784666309,0.9987163029525032
Bot,0.0045901600656074295,0.9987163029525032
Bot,0.00459858436895069,0.9987163029525032
Bot,0.004608608857651446,0.9987163029525032
Bot,0.004619856475667074,0.9987163029525032
Bot,0.004630704307507336,0.9987163029525032
Bot,0.0046385175822472365,0.9987163029525032
Bot,0.004644762254441032,0.9987163029525032
Bot,0.004649856260870085,0.9987163029525032
Bot,0.004658501315817049,0.9987163029525032
Bot,0.004669503580152809,0.9987163029525032
Bot,0.004680586096012177,0.9987163029525032
Bot,0.004688201460091535,0.9987163029525032
Bot,0.004695572401139491,0.9987163029525032
Bot,0.004706252419667054,0.9987163029525032
Bot,0.004711921312429169,0.9980744544287549
Bot,0.004719815942354505,0.9980744544287549
Bot,0.004727032852118349,0.9980744544287549
Bot,0.004731011261268118,0.9974326059050064
Bot,0.004737775989170798,0.9974326059050064
Bot,0.004741463533779493,0.996790757381258
Bot,0.004745074539250816,0.9961489088575096
Bot,0.004751233728861296,0.9961489088575096
Bot,0.004764653150442695,0.9961489088575096
Bot,0.004778075039175905,0.9961489088575096
Bot,0.004793200573207491,0.9961489088575096
Bot,0.004811314028142467,0.9961489088575096
Bot,0.004826726129942185,0.9961489088575096
Bot,0.004838508542212246,0.9961489088575096
Bot,0.004853974191369183,0.9961489088575096
Bot,0.004869493189925922,0.9961489088575096
Bot,0.004891593833818185,0.9961489088575096
Bot,0.004910693097501938,0.9961489088575096
Bot,0.004925217302999241,0.9961489088575096
Bot,0.0049372975930674235,0.9961489088575096
Bot,0.0049504318869055975,0.9961489088575096
Bot,0.004960653578894209,0.9961489088575096
Bot,0.004974374917868327,0.9961489088575096
Bot,0.004989776103087745,0.9961489088575096
Bot,0.005003435627945688,0.9955070603337612
Bot,0.005023904847047849,0.9955070603337612
Bot,0.005048055798754748,0.9955070603337612
Bot,0.00507360157016683,0.9955070603337612
Bot,0.005106694016508681,0.9955070603337612
Bot,0.005145381936721761,0.9948652118100129
Bot,0.0051970448308024724,0.9942233632862645
Bot,0.005256139231701069,0.9942233632862645
Bot,0.005321451392372014,0.9942233632862645
Bot,0.005385110118375081,0.9942233632862645
Bot,0.005435946026565598,0.9942233632862645
Bot,0.005505989407457434,0.9942233632862645
Bot,0.005552924970943997,0.993581514762516
Bot,0.005589254766031196,0.993581514762516
Bot,0.005608404994271959,0.9929396662387676
Bot,0.00562359364719311,0.9929396662387676
Bot,0.00563674017034185,0.9922978177150192
Bot,0.005658153816874913,0.9922978177150192
Bot,0.005678541650597055,0.9922978177150192
Bot,0.005702987243900459,0.9922978177150192
Bot,0.005718388783815294,0.9916559691912709
Bot,0.005745438047815432,0.9916559691912709
Bot,0.005776715908963444,0.9916559691912709
Bot,0.005818244810652849,0.9916559691912709
Bot,0.005863978472177415,0.9916559691912709
Bot,0.005903178693501151,0.9910141206675225
Bot,0.005940083638224285,0.9910141206675225
Bot,0.0059711420582650426,0.9910141206675225
Bot,0.005996139790834139,0.9910141206675225
Bot,0.006020314662819488,0.9910141206675225
Bot,0.0060449929135769605,0.9910141206675225
Bot,0.0060709244397960105,0.9910141206675225
Bot,0.0060971516350554625,0.9910141206675225
Bot,0.006126692379727949,0.9910141206675225
Bot,0.006162393435294869,0.9910141206675225
Bot,0.0061897412255206554,0.9910141206675225
Bot,0.006213754774006866,0.9910141206675225
Bot,0.006233422286099549,0.9910141206675225
Bot,0.006263945799018216,0.9910141206675225
Bot,0.006291153269443901,0.9910141206675225
Bot,0.006319451550189297,0.9910141206675225
Bot,0.0063391962687425075,0.9910141206675225
Bot,0.006364464523468963,0.9910141206675225
Bot,0.006380165289256198,0.9910141206675225
Bot,0.0063919866112114535,0.9903722721437741
Bot,0.0064107624361728205,0.9903722721437741
Bot,0.006434528773978316,0.9903722721437741
Bot,0.0064611493559787615,0.9903722721437741
Bot,0.006484828107926368,0.9903722721437741
Bot,0.006504318648383194,0.9903722721437741
Bot,0.0065216931887825185,0.9903722721437741
Bot,0.006539936847012948,0.9903722721437741
Bot,0.006560039453769365,0.9903722721437741
Bot,0.0065829330102306375,0.9903722721437741
Bot,0.006607514495422273,0.9903722721437741
Bot,0.006631995186108484,0.9903722721437741
Bot,0.006659760887392637,0.9903722721437741
Bot,0.006684978511021766,0.9903722721437741
Bot,0.006710300289199591,0.9903722721437741
Bot,0.006735697011498267,0.9903722721437741
Bot,0.0067559579843338834,0.9903722721437741
Bot,0.006775210545266135,0.9903722721437741
Bot,0.006790177785601126,0.9903722721437741
Bot,0.006805721569682561,0.9903722721437741
Bot,0.006821427150429489,0.9903722721437741
Bot,0.006846184904672532,0.9903722721437741
Bot,0.006872132899835211,0.9903722721437741
Bot,0.006896305135803131,0.9903722721437741
Bot,0.006924312729426759,0.9903722721437741
Bot,0.006963059233386583,0.9903722721437741
Bot,0.0070030363132168125,0.9903722721437741
Bot,0.007048365583146047,0.9903722721437741
Bot,0.0070907645434200185,0.9903722721437741
Bot,0.00713651416202616,0.9903722721437741
Bot,0.007184858679141545,0.9897304236200257
Bot,0.007247057938865285,0.9897304236200257
Bot,0.007311210047935365,0.9897304236200257
Bot,0.007371676889171475,0.9897304236200257
Bot,0.00742581409459967,0.9897304236200257
Bot,0.007474044417732194,0.9897304236200257
Bot,0.007524336984897651,0.9897304236200257
Bot,0.007595797189259484,0.9897304236200257
Bot,0.007685823869445733,0.9890885750962772
Bot,0.007796294609881715,0.9890885750962772
Bot,0.007928871692230118,0.9890885750962772
Bot,0.00805734782017631,0.9890885750962772
Bot,0.008217220435869954,0.9890885750962772
Bot,0.008405744925733798,0.9890885750962772
Bot,0.008657935691932557,0.9890885750962772
Bot,0.00892345287247164,0.9890885750962772
Bot,0.009233626939900534,0.9890885750962772
Bot,0.009657143215245878,0.9890885750962772
Bot,0.010550025331014746,0.9890885750962772
Bot,0.01134147328755529,0.9890885750962772
Bot,0.011803364073654217,0.9890885750962772
Bot,0.012057525586053644,0.9890885750962772
Bot,0.012190877015331551,0.9890885750962772
Bot,0.012326323619987681,0.9890885750962772
Bot,0.012458364324289364,0.9890885750962772
Bot,0.012573330831177945,0.9890885750962772
Bot,0.012669571651730658,0.9890885750962772
Bot,0.012770259631560192,0.9890885750962772
Bot,0.012853127371906617,0.9890885750962772
Bot,0.012936936634212318,0.9884467265725289
Bot,0.013041477011200328,0.982028241335045
Bot,0.013289036544850499,0.9807445442875481
Bot,0.01341561815586235,0.9711168164313222
Bot,0.013618290258449304,0.9672657252888318
Bot,0.01387862211709048,0.9640564826700898
Bot,0.014376232316851395,0.9640564826700898
Bot,0.015024423446508648,0.9634146341463414
Bot,0.015838931881962753,0.9563543003851092
Bot,0.01678855253922612,0.9518613607188704
Bot,0.01791304558036092,0.9512195121951219
Bot,0.019057962582263423,0.9460847240051348
Bot,0.02035546103600182,0.9460847240051348
Bot,0.02162233574070812,0.9454428754813864
Bot,0.022810742123940433,0.944801026957638
Bot,0.023830724149654356,0.944801026957638
Bot,0.025077995806127146,0.9441591784338896
Bot,0.025417894904065097,0.9242618741976893
Bot,0.02509207685469093,0.8876765083440308
Bot,0.023342531135804312,0.803594351732991
Bot,0.021322864345784502,0.711168164313222
Bot,0.021132210250610156,0.6835686777920411
Bot,0.02178600028746843,0.6810012836970475
Bot,0.023053865820329717,0.6713735558408216
Bot,0.02450750758154787,0.637997432605905
Bot,0.027674575081180704,0.6071887034659821
Bot,0.030014615192671016,0.540436456996149
Bot,0.03375527426160337,0.5134788189987163
Bot,0.03549271389409898,0.47368421052631576
Bot,0.03826141798496873,0.4672657252888318
Bot,0.03989997221450403,0.46084724005134786
Bot,0.04212821117134103,0.45892169448010267
Bot,0.04494665740799192,0.45699614890885754
Bot,0.04959506916075396,0.4441591784338896
Bot,0.053395669291338585,0.4178433889602054
Bot,0.05583532114144359,0.4056482670089859
Bot,0.05844095512403605,0.4037227214377407
Bot,0.06165264720435428,0.3998716302952503
Bot,0.06401093125919698,0.3908857509627728
Bot,0.06565382528486163,0.3883183568677792
Bot,0.06693306693306693,0.3870346598202824
Bot,0.06875285518501599,0.386392811296534
Bot,0.07048044167743452,0.3851091142490372
Bot,0.07444944944944945,0.38189987163029526
Bot,0.0800215546275091,0.38125802310654683
Bot,0.08934240362811792,0.3793324775353017
Bot,0.1031166518254675,0.37163029525032093
Bot,0.11785060044779157,0.37163029525032093
Bot,0.1353969754253308,0.36777920410783055
Bot,0.15419929786659464,0.36649550706033374
Bot,0.16893894487255484,0.36585365853658536
Bot,0.18181818181818182,0.3632862644415918
Bot,0.2,0.3581514762516046
Bot,0.23640256959314776,0.35430038510911427
Bot,0.2795918367346939,0.35173299101412064
Bot,0.3462270133164236,0.3504492939666239
Bot,0.42644757433489827,0.3498074454428755
Bot,0.523121387283237,0.3485237483953787
Bot,0.6510228640192539,0.3472400513478819
Bot,0.7560627674750356,0.34017971758664955
Bot,0.4330357142857143,0.06225930680359435
Bot,0.24545454545454545,0.017329910141206675
Bot,0.4262295081967213,0.01668806161745828
Bot,1.0,0.0
Web Attack,0.000858176242879389,1.0
Web Attack,0.0037083085572193093,1.0
Web Attack,0.0038704581358609794,1.0
Web Attack,0.003985693336339065,1.0
Web Attack,0.004068772938745395,1.0
Web Attack,0.004149990078740919,1.0
Web Attack,0.004228142059652819,0.9994169096209913
Web Attack,0.0043049534592837805,0.9994169096209913
Web Attack,0.004363988186169671,0.9994169096209913
Web Attack,0.004439896903210765,0.9994169096209913
Web Attack,0.004500613123199689,0.9994169096209913
Web Attack,0.004566051910202755,0.9994169096209913
Web Attack,0.004627129991577219,0.9994169096209913
Web Attack,0.004678739306323668,0.9994169096209913
Web Attack,0.004729045555000676,0.9994169096209913
Web Attack,0.004760330945761667,0.9994169096209913
Web Attack,0.004787762991765271,0.9994169096209913
Web Attack,0.004812308728977735,0.9994169096209913
Web Attack,0.004832715850969645,0.9994169096209913
Web Attack,0.004850316515695613,0.9994169096209913
Web Attack,0.004866442556671058,0.9994169096209913
Web Attack,0.004880910343884909,0.9994169096209913
Web Attack,0.004897128865346099,0.9994169096209913
Web Attack,0.004916852411237045,0.9994169096209913
Web Attack,0.004931919938307839,0.9994169096209913
Web Attack,0.0049463948169631905,0.9994169096209913
Web Attack,0.004959691654175806,0.9994169096209913
Web Attack,0.004972309977401228,0.9994169096209913
Web Attack,0.0049850796623873705,0.9994169096209913
Web Attack,0.004996924296888438,0.9994169096209913
Web Attack,0.005008225294167492,0.9994169096209913
Web Attack,0.0050209744322842215,0.9994169096209913
Web Attack,0.005033049575831966,0.9994169096209913
Web Attack,0.005045643348964819,0.9994169096209913
Web Attack,0.005059136404825366,0.9994169096209913
Web Attack,0.0050714560463946505,0.9994169096209913
Web Attack,0.0050832779728575495,0.9994169096209913
Web Attack,0.005096079230057947,0.9994169096209913
Web Attack,0.005108792846497764,0.9994169096209913
Web Attack,0.00512221289159975,0.9994169096209913
Web Attack,0.005134334438683046,0.9994169096209913
Web Attack,0.005146822572750668,0.9994169096209913
Web Attack,0.005159992895225652,0.9994169096209913
Web Attack,0.005175058272243089,0.9994169096209913
Web Attack,0.005190856339870865,0.9994169096209913
Web Attack,0.005207731993218403,0.9994169096209913
Web Attack,0.005227139650629453,0.9994169096209913
Web Attack,0.005246547961223297,0.9994169096209913
Web Attack,0.005265550885988842,0.9994169096209913
Web Attack,0.005283388766788014,0.9994169096209913
Web Attack,0.005298529148092962,0.9994169096209913
Web Attack,0.005311714592959654,0.9994169096209913
Web Attack,0.00532432071421693,0.9994169096209913
Web Attack,0.005336421857535595,0.9994169096209913
Web Attack,0.005357555904251661,0.9994169096209913
Web Attack,0.005384484892655864,0.9994169096209913
Web Attack,0.005411139243703316,0.9994169096209913
Web Attack,0.005434610287076789,0.9994169096209913
Web Attack,0.005453017463662467,0.9988338192419826
Web Attack,0.005465667875225607,0.997667638483965
Web Attack,0.005480716531571812,0.9970845481049563
Web Attack,0.005498657491518883,0.9970845481049563
Web Attack,0.005512839112142754,0.9970845481049563
Web Attack,0.005526325995061856,0.9970845481049563
Web Attack,0.005537995180972614,0.9970845481049563
Web Attack,0.005548651288357891,0.9970845481049563
Web Attack,0.005558950886181293,0.9970845481049563
Web Attack,0.005568200689675383,0.9970845481049563
Web Attack,0.005574874247277805,0.9965014577259476
Web Attack,0.005584018402101603,0.9965014577259476
Web Attack,0.005594419329389851,0.9965014577259476
Web Attack,0.005603664514605923,0.9965014577259476
Web Attack,0.005613014047314851,0.9965014577259476
Web Attack,0.005623541877124458,0.9965014577259476
Web Attack,0.005633533534193472,0.9965014577259476
Web Attack,0.005643504850970525,0.9965014577259476
Web Attack,0.005653698557628688,0.9965014577259476
Web Attack,0.005663591293512554,0.9965014577259476
Web Attack,0.005674705556164311,0.9965014577259476
Web Attack,0.0056854662980594895,0.9965014577259476
Web Attack,0.005698072191140481,0.9965014577259476
Web Attack,0.0057202148846083045,0.9965014577259476
Web Attack,0.005743475996034347,0.9965014577259476
Web Attack,0.005763057084277544,0.9965014577259476
Web Attack,0.005779369443401745,0.9965014577259476
Web Attack,0.005795263414898812,0.9965014577259476
Web Attack,0.005809447405634722,0.9965014577259476
Web Attack,0.0058244949150693896,0.9965014577259476
Web Attack,0.005839101823822442,0.9965014577259476
Web Attack,0.005853481434291332,0.9965014577259476
Web Attack,0.005870471767461991,0.9965014577259476
Web Attack,0.005886465950462754,0.9965014577259476
Web Attack,0.005902058295344661,0.9965014577259476
Web Attack,0.005916811499871901,0.9965014577259476
Web Attack,0.005930774089214944,0.9965014577259476
Web Attack,0.005945112936273538,0.9965014577259476
Web Attack,0.005960311094060615,0.9965014577259476
Web Attack,0.0059775518270182544,0.9965014577259476
Web Attack,0.005997627620671987,0.9965014577259476
Web Attack,0.0060163769371043944,0.9965014577259476
Web Attack,0.006035478300177638,0.9965014577259476
Web Attack,0.006058564946114577,0.9965014577259476
Web Attack,0.0060827813508828755,0.9965014577259476
Web Attack,0.006108982241413824,0.9965014577259476
Web Attack,0.006137701432609188,0.9965014577259476
Web Attack,0.006160489955409443,0.9965014577259476
Web Attack,0.00618013893559854,0.9965014577259476
Web Attack,0.006209149139475147,0.9965014577259476
Web Attack,0.006256818797548528,0.9965014577259476
Web Attack,0.0063011112667851425,0.9965014577259476
Web Attack,0.0063501505744135035,0.9959183673469387
Web Attack,0.006411964996977967,0.9959183673469387
Web Attack,0.006471118654855991,0.9959183673469387
Web Attack,0.00651373764833453,0.9947521865889213
Web Attack,0.0065701048675003175,0.9947521865889213
Web Attack,0.00662480535265633,0.9947521865889213
Web Attack,0.006675954043139342,0.9947521865889213
Web Attack,0.006717566870503739,0.9947521865889213
Web Attack,0.006752557937026262,0.9947521865889213
Web Attack,0.006788752795485837,0.9947521865889213
Web Attack,0.006817636232695847,0.9935860058309038
Web Attack,0.006849067296909479,0.9935860058309038
Web Attack,0.006880761729397085,0.9935860058309038
Web Attack,0.006902869372418518,0.993002915451895
Web Attack,0.006925776658953285,0.993002915451895
Web Attack,0.006949488684126764,0.993002915451895
Web Attack,0.006970851770137902,0.993002915451895
Web Attack,0.0069936100661990575,0.993002915451895
Web Attack,0.007017818583414377,0.993002915451895
Web Attack,0.007041554682654538,0.993002915451895
Web Attack,0.007061204011991193,0.993002915451895
Web Attack,0.007082023387727265,0.993002915451895
Web Attack,0.0070999453850355,0.993002915451895
Web Attack,0.00712185778866943,0.993002915451895
Web Attack,0.007150474878866001,0.993002915451895
Web Attack,0.0071753189264846,0.9924198250728863
Web Attack,0.007207191947593297,0.9924198250728863
Web Attack,0.007239164646335758,0.9924198250728863
Web Attack,0.007269683029860373,0.9924198250728863
Web Attack,0.007295515529760731,0.9924198250728863
Web Attack,0.007325187541155761,0.9924198250728863
Web Attack,0.007352750585368804,0.9924198250728863
Web Attack,0.007384460526544142,0.9924198250728863
Web Attack,0.007413731520119874,0.9924198250728863
Web Attack,0.007444114469661516,0.9924198250728863
Web Attack,0.0074707774963677625,0.9924198250728863
Web Attack,0.007493736873852494,0.9924198250728863
Web Attack,0.0075196274647545075,0.9924198250728863
Web Attack,0.007542788261258786,0.9924198250728863
Web Attack,0.007568783880535951,0.9924198250728863
Web Attack,0.007593570004060017,0.9924198250728863
Web Attack,0.007619849214734693,0.9924198250728863
Web Attack,0.007647169828275658,0.9924198250728863
Web Attack,0.007674479425000226,0.9924198250728863
Web Attack,0.00770121807750086,0.9924198250728863
Web Attack,0.007724846592353219,0.9924198250728863
Web Attack,0.007749079170821211,0.9924198250728863
Web Attack,0.007771973405421202,0.9924198250728863
Web Attack,0.007789616285881664,0.9924198250728863
Web Attack,0.007808485649269618,0.9924198250728863
Web Attack,0.007827194672724847,0.9924198250728863
Web Attack,0.007866264263958922,0.9924198250728863
Web Attack,0.007912414867157899,0.9924198250728863
Web Attack,0.007958142601312019,0.9924198250728863
Web Attack,0.008000376045877597,0.9924198250728863
Web Attack,0.008034972429941839,0.9924198250728863
Web Attack,0.008063942656407776,0.9918367346938776
Web Attack,0.008093041412568969,0.9912536443148688
Web Attack,0.00812324394579407,0.9912536443148688
Web Attack,0.008155041734625348,0.9912536443148688
Web Attack,0.008185670261941448,0.9912536443148688
Web Attack,0.008222729559261696,0.9912536443148688
Web Attack,0.008256274768824307,0.9912536443148688
Web Attack,0.008290701247019005,0.9912536443148688
Web Attack,0.0083166999334664,0.9912536443148688
Web Attack,0.008343844941912116,0.9912536443148688
Web Attack,0.008371703641691083,0.9912536443148688
Web Attack,0.008399541483853117,0.9912536443148688
Web Attack,0.008428275376545597,0.9912536443148688
Web Attack,0.008455986589800091,0.9912536443148688
Web Attack,0.008478760704435389,0.9912536443148688
Web Attack,0.008504081959340484,0.9912536443148688
Web Attack,0.008527586743113973,0.9912536443148688
Web Attack,0.00855388950387441,0.9912536443148688
Web Attack,0.008581697762700912,0.9912536443148688
Web Attack,0.008606549077580445,0.9912536443148688
Web Attack,0.00862742709824102,0.9912536443148688
Web Attack,0.008655011251514627,0.9912536443148688
Web Attack,0.008704022282297042,0.9912536443148688
Web Attack,0.008747060730328118,0.9912536443148688
Web Attack,0.008792891206074335,0.9912536443148688
Web Attack,0.008829505828305348,0.99067055393586
Web Attack,0.008874518796324832,0.99067055393586
Web Attack,0.008915405968441877,0.99067055393586
Web Attack,0.008969722566850566,0.99067055393586
Web Attack,0.009016563092060224,0.99067055393586
Web Attack,0.00905126920329641,0.9900874635568513
Web Attack,0.009089204895423262,0.9895043731778426
Web Attack,0.009132690403409825,0.9895043731778426
Web Attack,0.009174163134676932,0.9895043731778426
Web Attack,0.009224781339523052,0.9895043731778426
Web Attack,0.00926862058223988,0.9889212827988338
Web Attack,0.00931110964710016,0.9889212827988338
Web Attack,0.009358119106343767,0.9889212827988338
Web Attack,0.009405449171200248,0.9889212827988338
Web Attack,0.009451627284886313,0.9889212827988338
Web Attack,0.00949517683087276,0.9889212827988338
Web Attack,0.009541115117829397,0.9889212827988338
Web Attack,0.009591458173098675,0.9889212827988338
Web Attack,0.009643596333613847,0.9889212827988338
Web Attack,0.009689656748480277,0.9889212827988338
Web Attack,0.009753572763608132,0.9889212827988338
Web Attack,0.009806812728040199,0.9889212827988338
Web Attack,0.009848669616621952,0.9889212827988338
Web Attack,0.009910478461070986,0.9889212827988338
Web Attack,0.010013343252211083,0.9889212827988338
Web Attack,0.01013299556681444,0.9889212827988338
Web Attack,0.01020838098448278,0.9889212827988338
Web Attack,0.010281778941752752,0.9889212827988338
Web Attack,0.010355607659241891,0.9889212827988338
Web Attack,0.010428772590037324,0.9889212827988338
Web Attack,0.01051254873520898,0.9889212827988338
Web Attack,0.010594437920091952,0.9889212827988338
Web Attack,0.01067358099901194,0.9889212827988338
Web Attack,0.01075664362275639,0.9889212827988338
Web Attack,0.010876466174574977,0.9889212827988338
Web Attack,0.010959328999573517,0.9889212827988338
Web Attack,0.011038935679975007,0.9889212827988338
Web Attack,0.011114023591087811,0.9889212827988338
Web Attack,0.0111922815492335,0.9889212827988338
Web Attack,0.011280420887401978,0.9889212827988338
Web Attack,0.011353518854472791,0.9889212827988338
Web Attack,0.011438591758278816,0.9889212827988338
Web Attack,0.011513772373739089,0.9883381924198251
Web Attack,0.01159822913174083,0.9883381924198251
Web Attack,0.011686350755993133,0.9883381924198251
Web Attack,0.011782206435378594,0.9883381924198251
Web Attack,0.011879148065345827,0.9883381924198251
Web Attack,0.01198019801980198,0.9877551020408163
Web Attack,0.012095680114244913,0.9877551020408163
Web Attack,0.012188975924432669,0.9871720116618076
Web Attack,0.012377088131008516,0.9871720116618076
Web Attack,0.012508229098090849,0.9860058309037901
Web Attack,0.01261874379696583,0.9860058309037901
Web Attack,0.01272883295194508,0.9860058309037901
Web Attack,0.012850520556273273,0.9860058309037901
Web Attack,0.012976249856117868,0.9860058309037901
Web Attack,0.01310202690138226,0.9860058309037901
Web Attack,0.01322902405632701,0.9860058309037901
Web Attack,0.013332912570806444,0.9854227405247813
Web Attack,0.013473113564794515,0.9854227405247813
Web Attack,0.01358874925579674,0.9848396501457726
Web Attack,0.013758553274682306,0.9848396501457726
Web Attack,0.013903294315207192,0.9848396501457726
Web Attack,0.014049827392588279,0.9848396501457726
Web Attack,0.014190534602555809,0.9848396501457726
Web Attack,0.01430361951863959,0.9848396501457726
Web Attack,0.014423569598633647,0.9848396501457726
Web Attack,0.01454846327547274,0.9842565597667638
Web Attack,0.014647056271421753,0.9842565597667638
Web Attack,0.014773323997899527,0.9842565597667638
Web Attack,0.01495539076274265,0.9842565597667638
Web Attack,0.015058063249221211,0.9836734693877551
Web Attack,0.015189713853523258,0.9836734693877551
Web Attack,0.015307557596159954,0.9836734693877551
Web Attack,0.015417938547588148,0.9836734693877551
Web Attack,0.01550872480752072,0.9830903790087464
Web Attack,0.015641670300308937,0.9830903790087464
Web Attack,0.015815986716822543,0.9830903790087464
Web Attack,0.01601428557859443,0.9830903790087464
Web Attack,0.016204371143532667,0.9830903790087464
Web Attack,0.016413243588120123,0.9825072886297376
Web Attack,0.01658154478985229,0.9825072886297376
Web Attack,0.016787717567823376,0.9825072886297376
Web Attack,0.016991050438397354,0.9819241982507289
Web Attack,0.017171758371742056,0.9819241982507289
Web Attack,0.017371749244370172,0.9819241982507289
Web Attack,0.01751411841790517,0.9819241982507289
Web Attack,0.017654397349743677,0.9819241982507289
Web Attack,0.01783142736128759,0.9819241982507289
Web Attack,0.018046401971815892,0.9819241982507289
Web Attack,0.01828348080994517,0.9819241982507289
Web Attack,0.01861472818517454,0.9819241982507289
Web Attack,0.018817744999441277,0.9819241982507289
Web Attack,0.018990696363123765,0.9819241982507289
Web Attack,0.019105967778534152,0.9819241982507289
Web Attack,0.019236920265021704,0.9819241982507289
Web Attack,0.019375474607082863,0.9819241982507289
Web Attack,0.019490515156074584,0.9819241982507289
Web Attack,0.01963527820530759,0.9819241982507289
Web Attack,0.019759692105510186,0.9819241982507289
Web Attack,0.01987841586495898,0.9819241982507289
Web Attack,0.01997554983205346,0.9813411078717201
Web Attack,0.020099421633765116,0.9807580174927114
Web Attack,0.020298565101432485,0.9807580174927114
Web Attack,0.02063550484603116,0.9807580174927114
Web Attack,0.020881440099317194,0.9807580174927114
Web Attack,0.02115031562004879,0.9807580174927114
Web Attack,0.02139241472286521,0.9807580174927114
Web Attack,0.02175515747267671,0.9807580174927114
Web Attack,0.022139686804430573,0.9801749271137026
Web Attack,0.02267087446728165,0.9801749271137026
Web Attack,0.023108752732221658,0.9801749271137026
Web Attack,0.023472408400357463,0.9801749271137026
Web Attack,0.02382133291765273,0.9801749271137026
Web Attack,0.024137732977226385,0.9801749271137026
Web Attack,0.02452447338072785,0.9795918367346939
Web Attack,0.024890732646862732,0.9795918367346939
Web Attack,0.02522674034476545,0.9795918367346939
Web Attack,0.0255129159136813,0.9795918367346939
Web Attack,0.02573450568303667,0.9795918367346939
Web Attack,0.025958966588846458,0.9790087463556851
Web Attack,0.026129855577689244,0.9790087463556851
Web Attack,0.02641556929563726,0.9790087463556851
Web Attack,0.026627125095153515,0.9790087463556851
Web Attack,0.026858843102124393,0.9790087463556851
Web Attack,0.02728572821529561,0.9790087463556851
Web Attack,0.027658803373748025,0.9790087463556851
Web Attack,0.028235571101843132,0.9790087463556851
Web Attack,0.028591863494712464,0.9790087463556851
Web Attack,0.0289427867128648,0.9790087463556851
Web Attack,0.029554655870445343,0.9790087463556851
Web Attack,0.030425485648013915,0.9790087463556851
Web Attack,0.03134919153067702,0.9790087463556851
Web Attack,0.032933192107018165,0.9790087463556851
Web Attack,0.03379833725869114,0.9790087463556851
Web Attack,0.03457222279419335,0.9790087463556851
Web Attack,0.03529090297629057,0.9790087463556851
Web Attack,0.03586926316239499,0.9784256559766764
Web Attack,0.03615527923400199,0.9731778425655977
Web Attack,0.03640542907180385,0.9696793002915451
Web Attack,0.03653231534090909,0.9597667638483965
Web Attack,0.03676057288036513,0.9533527696793003
Web Attack,0.03717344557807568,0.9475218658892128
Web Attack,0.0381158025676532,0.9469387755102041
Web Attack,0.0388184644821813,0.9463556851311954
Web Attack,0.03946343363521278,0.9451895043731778
Web Attack,0.039960557130531246,0.9451895043731778
Web Attack,0.040183440753594445,0.9451895043731778
Web Attack,0.04050778419171852,0.9451895043731778
Web Attack,0.040747541313479387,0.9446064139941691
Web Attack,0.0409991648318275,0.9446064139941691
Web Attack,0.041244462549009625,0.9446064139941691
Web Attack,0.041427840327533265,0.9440233236151604
Web Attack,0.041661305679215666,0.9440233236151604
Web Attack,0.04185974268036967,0.9428571428571428
Web Attack,0.04181510856845664,0.9376093294460641
Web Attack,0.041905210048885054,0.9346938775510204
Web Attack,0.04189199883926452,0.9259475218658892
Web Attack,0.04193222859570852,0.9206997084548105
Web Attack,0.04202983797657879,0.9166180758017493
Web Attack,0.0422232375628242,0.9160349854227405
Web Attack,0.042608624854126524,0.9154518950437318
Web Attack,0.04277987215210621,0.9131195335276968
Web Attack,0.0430385313032485,0.9131195335276968
Web Attack,0.043333886767391666,0.9131195335276968
Web Attack,0.04357262103505843,0.9131195335276968
Web Attack,0.04386063186197625,0.9131195335276968
Web Attack,0.04412511998193213,0.9113702623906705
Web Attack,0.044547682836458984,0.9113702623906705
Web Attack,0.04510431997229677,0.9113702623906705
Web Attack,0.045621823704655645,0.9107871720116618
Web Attack,0.04612884160756501,0.9102040816326531
Web Attack,0.04649428886701858,0.9090379008746355
Web Attack,0.04707267731513633,0.9090379008746355
Web Attack,0.04759433386249847,0.9090379008746355
Web Attack,0.04803574179633339,0.9090379008746355
Web Attack,0.04844774542403431,0.9090379008746355
Web Attack,0.048931295314020275,0.9090379008746355
Web Attack,0.04942772898766685,0.9090379008746355
Web Attack,0.049849715418558545,0.9090379008746355
Web Attack,0.05030655050016134,0.9090379008746355
Web Attack,0.050799960898041646,0.9090379008746355
Web Attack,0.05132510288065844,0.9090379008746355
Web Attack,0.052039146264070274,0.9084548104956268
Web Attack,0.052964803594526516,0.9072886297376094
Web Attack,0.05410298367162204,0.9061224489795918
Web Attack,0.05591939546599496,0.9061224489795918
Web Attack,0.058361813197130734,0.9061224489795918
Web Attack,0.06428216180371353,0.9043731778425655
Web Attack,0.07696124646454622,0.9043731778425655
Web Attack,0.09095710345636993,0.9037900874635568
Web Attack,0.09933518363131737,0.8973760932944607
Web Attack,0.10577386277613378,0.8962099125364431
Web Attack,0.11539908222372677,0.894460641399417
Web Attack,0.1202571338977736,0.894460641399417
Web Attack,0.12246371000080199,0.8903790087463557
Web Attack,0.126955074875208,0.889795918367347
Web Attack,0.13387762268457554,0.8892128279883382
Web Attack,0.1434770304688237,0.8868804664723032
Web Attack,0.1601013834618228,0.8839650145772595
Web Attack,0.20153902528398682,0.641399416909621
Web Attack,0.025115110925073254,0.03498542274052478
Web Attack,0.03851540616246499,0.03206997084548105
Web Attack,0.06355382619974059,0.02857142857142857
Web Attack,0.11859838274932614,0.02565597667638484
Web Attack,0.1606425702811245,0.023323615160349854
Web Attack,0.20710059171597633,0.02040816326530612
Web Attack,0.20212765957446807,0.011078717201166181
Web Attack,1.0,0.0
SSH-Patator,0.0012885153500958755,1.0
SSH-Patator,0.00880236552891107,1.0
SSH-Patator,0.009179021213341841,1.0
SSH-Patator,0.009477085694937212,1.0
SSH-Patator,0.009654681114318922,1.0
SSH-Patator,0.009818163793662233,1.0
SSH-Patator,0.009927863947781364,1.0
SSH-Patator,0.01001906540601533,1.0
SSH-Patator,0.010105410220788497,1.0
SSH-Patator,0.010173844330304228,1.0
SSH-Patator,0.010236655575300043,1.0
SSH-Patator,0.01029365910599071,1.0
SSH-Patator,0.010349012925213813,1.0
SSH-Patator,0.01040521755996638,1.0
SSH-Patator,0.010460675983100423,1.0
SSH-Patator,0.010512821559653628,1.0
SSH-Patator,0.01056059319774762,1.0
SSH-Patator,0.010606616056975035,1.0
SSH-Patator,0.010650530251642042,1.0
SSH-Patator,0.01069827539645939,1.0
SSH-Patator,0.010746450541287237,1.0
SSH-Patator,0.01079986075519337,1.0
SSH-Patator,0.010860121633362294,1.0
SSH-Patator,0.010902609004919935,1.0
SSH-Patator,0.010945383598502077,1.0
SSH-Patator,0.010985260553315843,1.0
SSH-Patator,0.011028498496697875,1.0
SSH-Patator,0.011071506885832342,1.0
SSH-Patator,0.011114084458409586,1.0
SSH-Patator,0.01116652211621856,1.0
SSH-Patator,0.011210371879598429,1.0
SSH-Patator,0.011254173878079055,1.0
SSH-Patator,0.011300649951944809,1.0
SSH-Patator,0.011337469124659326,1.0
SSH-Patator,0.01137166578343049,1.0
SSH-Patator,0.01140364473771617,1.0
SSH-Patator,0.011438140757982268,1.0
SSH-Patator,0.011472130519431339,1.0
SSH-Patator,0.011504626423557901,1.0
SSH-Patator,0.011536583289651126,1.0
SSH-Patator,0.01156721111171006,1.0
SSH-Patator,0.011603385034111699,1.0
SSH-Patator,0.011637418707546018,1.0
SSH-Patator,0.011676521802220126,1.0
SSH-Patator,0.011713064046579331,1.0
SSH-Patator,0.011751927087849648,1.0
SSH-Patator,0.011778913229434933,1.0
SSH-Patator,0.01180651077487391,1.0
SSH-Patator,0.011835761004959528,1.0
SSH-Patator,0.011859090971892803,1.0
SSH-Patator,0.011885419936118753,1.0
SSH-Patator,0.01191021318125263,1.0
SSH-Patator,0.011933506040902962,1.0
SSH-Patator,0.011958111779320593,1.0
SSH-Patator,0.011982205842663168,1.0
SSH-Patator,0.012031023688268,1.0
SSH-Patator,0.0120806943467042,1.0
SSH-Patator,0.012123637562089503,1.0
SSH-Patator,0.012163783574404565,1.0
SSH-Patator,0.012205816130637783,1.0
SSH-Patator,0.012255951870995992,1.0
SSH-Patator,0.012304325388482196,1.0
SSH-Patator,0.012347099750181011,1.0
SSH-Patator,0.012391365023146588,1.0
SSH-Patator,0.012445866522310726,1.0
SSH-Patator,0.012486906932536757,1.0
SSH-Patator,0.012526329615161967,1.0
SSH-Patator,0.01257293523107346,1.0
SSH-Patator,0.01262873957822462,1.0
SSH-Patator,0.012673179614636907,1.0
SSH-Patator,0.012719001447249485,1.0
SSH-Patator,0.012771170384771805,1.0
SSH-Patator,0.012818853422011589,1.0
SSH-Patator,0.012856229904339664,1.0
SSH-Patator,0.012890274975846378,1.0
SSH-Patator,0.012926447260095179,1.0
SSH-Patator,0.01296262736096009,1.0
SSH-Patator,0.013003342995364245,1.0
SSH-Patator,0.01304094603833785,1.0
SSH-Patator,0.013080228789710558,1.0
SSH-Patator,0.01311954838183745,1.0
SSH-Patator,0.01315910507864801,1.0
SSH-Patator,0.013219839513715262,1.0
SSH-Patator,0.013309419450876613,1.0
SSH-Patator,0.013380029202238491,1.0
SSH-Patator,0.013454554954672519,1.0
SSH-Patator,0.013514790166481222,1.0
SSH-Patator,0.013571488805498166,1.0
SSH-Patator,0.013627799652821881,1.0
SSH-Patator,0.01368996352887386,1.0
SSH-Patator,0.013752403332621234,1.0
SSH-Patator,0.013809932425185027,1.0
SSH-Patator,0.013874071918878437,1.0
SSH-Patator,0.013928706658733164,1.0
SSH-Patator,0.013969738562446087,1.0
SSH-Patator,0.014009183495821727,1.0
SSH-Patator,0.014053759039432392,1.0
SSH-Patator,0.014092909214299787,1.0
SSH-Patator,0.014133829526804876,1.0
SSH-Patator,0.014176939212588021,1.0
SSH-Patator,0.014226440737896476,1.0
SSH-Patator,0.014270355345702822,1.0
SSH-Patator,0.014308019714506388,1.0
SSH-Patator,0.014345883427858313,1.0
SSH-Patator,0.014387805845639796,1.0
SSH-Patator,0.014424073358316388,1.0
SSH-Patator,0.014459712153458258,1.0
SSH-Patator,0.014497078064654154,1.0
SSH-Patator,0.014534227399981938,1.0
SSH-Patator,0.014587334228400832,1.0
SSH-Patator,0.01467972544637767,1.0
SSH-Patator,0.014793409320709624,1.0
SSH-Patator,0.014901361666174777,1.0
SSH-Patator,0.014990478076280218,0.9996116504854369
SSH-Patator,0.01508465338701454,0.9996116504854369
SSH-Patator,0.015166960303103511,0.9996116504854369
SSH-Patator,0.015254237288135594,0.9996116504854369
SSH-Patator,0.01533914162783214,0.9996116504854369
SSH-Patator,0.015414558193849747,0.9996116504854369
SSH-Patator,0.015487737370333822,0.9996116504854369
SSH-Patator,0.015555877873667415,0.9996116504854369
SSH-Patator,0.01563221183043848,0.9996116504854369
SSH-Patator,0.015694069300229863,0.9996116504854369
SSH-Patator,0.015773315276339413,0.9996116504854369
SSH-Patator,0.01583668647790616,0.9996116504854369
SSH-Patator,0.015895462938375748,0.9996116504854369
SSH-Patator,0.015956853263901803,0.9996116504854369
SSH-Patator,0.01602350612242357,0.9996116504854369
SSH-Patator,0.01609776232348122,0.9996116504854369
SSH-Patator,0.016189697465249387,0.9996116504854369
SSH-Patator,0.01627455567428127,0.9996116504854369
SSH-Patator,0.016388119568331583,0.9996116504854369
SSH-Patator,0.016472229510504727,0.9996116504854369
SSH-Patator,0.01654321940179513,0.9992233009708738
SSH-Patator,0.01662638768626336,0.9992233009708738
SSH-Patator,0.0167097452949046,0.9992233009708738
SSH-Patator,0.016803484780209373,0.9992233009708738
SSH-Patator,0.01695440168687401,0.9992233009708738
SSH-Patator,0.01710305036525947,0.9992233009708738
SSH-Patator,0.01723283414150615,0.9992233009708738
SSH-Patator,0.017371636903757214,0.9992233009708738
SSH-Patator,0.017502091680214407,0.9992233009708738
SSH-Patator,0.017643226934549318,0.9992233009708738
SSH-Patator,0.017775966175231094,0.9992233009708738
SSH-Patator,0.017895037118982514,0.9988349514563106
SSH-Patator,0.018034442138329502,0.9988349514563106
SSH-Patator,0.01815666120743209,0.9988349514563106
SSH-Patator,0.018292769661882476,0.9988349514563106
SSH-Patator,0.018424464709126988,0.9988349514563106
SSH-Patator,0.01855552589621314,0.9988349514563106
SSH-Patator,0.01868127079126658,0.9988349514563106
SSH-Patator,0.018810657422237826,0.9988349514563106
SSH-Patator,0.018930974076636586,0.9988349514563106
SSH-Patator,0.01903605897329623,0.9988349514563106
SSH-Patator,0.019132207121763257,0.9988349514563106
SSH-Patator,0.019214822008890218,0.9988349514563106
SSH-Patator,0.019292073897944028,0.9988349514563106
SSH-Patator,0.01936484512641359,0.9988349514563106
SSH-Patator,0.019429503837553635,0.9988349514563106
SSH-Patator,0.019498733946901582,0.9988349514563106
SSH-Patator,0.019558042979027572,0.9988349514563106
SSH-Patator,0.019634187303429113,0.9988349514563106
SSH-Patator,0.01969628512134045,0.9988349514563106
SSH-Patator,0.01976636950507224,0.9988349514563106
SSH-Patator,0.019891263157080657,0.9988349514563106
SSH-Patator,0.020023511276849176,0.9988349514563106
SSH-Patator,0.02016432513798294,0.9988349514563106
SSH-Patator,0.020300241519203146,0.9988349514563106
SSH-Patator,0.020414156566738895,0.9988349514563106
SSH-Patator,0.020550353159257247,0.9988349514563106
SSH-Patator,0.02065830267786863,0.9988349514563106
SSH-Patator,0.0207803120278579,0.9988349514563106
SSH-Patator,0.02091158918321219,0.9988349514563106
SSH-Patator,0.0210650461105014,0.9988349514563106
SSH-Patator,0.021236876667520218,0.9984466019417476
SSH-Patator,0.021446804250988504,0.9984466019417476
SSH-Patator,0.021722599614721685,0.9984466019417476
SSH-Patator,0.021955593509820667,0.9984466019417476
SSH-Patator,0.022205907756089136,0.9984466019417476
SSH-Patator,0.022478688524590163,0.9984466019417476
SSH-Patator,0.022716629703915105,0.9984466019417476
SSH-Patator,0.02295884196708429,0.9984466019417476
SSH-Patator,0.023181166541939788,0.9984466019417476
SSH-Patator,0.02339761382561452,0.9984466019417476
SSH-Patator,0.023611850926657237,0.9984466019417476
SSH-Patator,0.02382629325524067,0.9984466019417476
SSH-Patator,0.024015468539829624,0.9984466019417476
SSH-Patator,0.02423368397240131,0.9984466019417476
SSH-Patator,0.02440876854867038,0.9984466019417476
SSH-Patator,0.02458169997131657,0.9984466019417476
SSH-Patator,0.02473494833657232,0.9984466019417476
SSH-Patator,0.024989794133084504,0.9984466019417476
SSH-Patator,0.025224677210470548,0.9984466019417476
SSH-Patator,0.0254806739345887,0.9984466019417476
SSH-Patator,0.02573985823555324,0.9984466019417476
SSH-Patator,0.02598308219385744,0.9984466019417476
SSH-Patator,0.026171135405851097,0.9984466019417476
SSH-Patator,0.0263551746760702,0.9984466019417476
SSH-Patator,0.026536615575166435,0.9984466019417476
SSH-Patator,0.026700591961782115,0.9984466019417476
SSH-Patator,0.026927951234328687,0.9984466019417476
SSH-Patator,0.027230554143365532,0.9984466019417476
SSH-Patator,0.027454456143348356,0.9984466019417476
SSH-Patator,0.027617543746576004,0.9984466019417476
SSH-Patator,0.02779609708632899,0.9984466019417476
SSH-Patator,0.027929681129798545,0.9976699029126214
SSH-Patator,0.028146330240049082,0.9976699029126214
SSH-Patator,0.028438904509929815,0.9976699029126214
SSH-Patator,0.02870134513116146,0.9976699029126214
SSH-Patator,0.02898174680174184,0.9976699029126214
SSH-Patator,0.02913282207196987,0.9972815533980582
SSH-Patator,0.029329800356343368,0.9972815533980582
SSH-Patator,0.02949622108382532,0.9972815533980582
SSH-Patator,0.029652647021451095,0.9968932038834951
SSH-Patator,0.02979098726890805,0.9968932038834951
SSH-Patator,0.030009589970294483,0.996504854368932
SSH-Patator,0.03024017724562189,0.996504854368932
SSH-Patator,0.030403203829429258,0.996504854368932
SSH-Patator,0.03069377990430622,0.996504854368932
SSH-Patator,0.03092758653938868,0.996504854368932
SSH-Patator,0.031124108139591322,0.996116504854369
SSH-Patator,0.031368472544943134,0.996116504854369
SSH-Patator,0.031561195977301545,0.9957281553398059
SSH-Patator,0.031773777645542005,0.9953398058252427
SSH-Patator,0.031995505898508206,0.9953398058252427
SSH-Patator,0.03228122323542748,0.9953398058252427
SSH-Patator,0.032540357918534796,0.9949514563106796
SSH-Patator,0.0327822704473334,0.9949514563106796
SSH-Patator,0.03305379950974068,0.9949514563106796
SSH-Patator,0.03335980937251787,0.9949514563106796
SSH-Patator,0.03368039122890046,0.9949514563106796
SSH-Patator,0.03397742795379494,0.9949514563106796
SSH-Patator,0.03425500053481656,0.9949514563106796
SSH-Patator,0.03453947368421053,0.9949514563106796
SSH-Patator,0.034804108025865345,0.9949514563106796
SSH-Patator,0.0351279061792744,0.9945631067961165
SSH-Patator,0.035428713720499126,0.9945631067961165
SSH-Patator,0.03571677614604689,0.9945631067961165
SSH-Patator,0.03597819673512967,0.9945631067961165
SSH-Patator,0.03632057409482208,0.9945631067961165
SSH-Patator,0.036731064354660586,0.9945631067961165
SSH-Patator,0.037038643989355545,0.9945631067961165
SSH-Patator,0.037357411675467515,0.9945631067961165
SSH-Patator,0.03765456603884552,0.9945631067961165
SSH-Patator,0.037953673103427836,0.9945631067961165
SSH-Patator,0.03851651245016174,0.9941747572815534
SSH-Patator,0.039206076941926,0.9941747572815534
SSH-Patator,0.040020643708360705,0.9937864077669903
SSH-Patator,0.04073024766027886,0.9937864077669903
SSH-Patator,0.04141580889493105,0.9937864077669903
SSH-Patator,0.04197972374421733,0.9937864077669903
SSH-Patator,0.042672047224399275,0.9937864077669903
SSH-Patator,0.04337361650197461,0.9937864077669903
SSH-Patator,0.04409332138672548,0.9937864077669903
SSH-Patator,0.04478160436791264,0.9937864077669903
SSH-Patator,0.04523279244882809,0.9937864077669903
SSH-Patator,0.0456304964412494,0.9933980582524272
SSH-Patator,0.046038756196484905,0.9918446601941747
SSH-Patator,0.046551472732575094,0.9918446601941747
SSH-Patator,0.046998638254020834,0.9918446601941747
SSH-Patator,0.04731533669534263,0.9910679611650486
SSH-Patator,0.04778847234185986,0.9910679611650486
SSH-Patator,0.04804012142008711,0.9895145631067961
SSH-Patator,0.048326220957799905,0.9895145631067961
SSH-Patator,0.04871986080039771,0.9895145631067961
SSH-Patator,0.04922404962990163,0.989126213592233
SSH-Patator,0.04947147520596922,0.98873786407767
SSH-Patator,0.049719655381249145,0.9883495145631068
SSH-Patator,0.05000589460447204,0.9883495145631068
SSH-Patator,0.05017659477910854,0.9875728155339806
SSH-Patator,0.050399349941534374,0.9875728155339806
SSH-Patator,0.050606965174129354,0.9875728155339806
SSH-Patator,0.05092926379876632,0.9875728155339806
SSH-Patator,0.05180914350908646,0.9875728155339806
SSH-Patator,0.05229712499485872,0.9875728155339806
SSH-Patator,0.05311860299954046,0.9875728155339806
SSH-Patator,0.054177851634070476,0.9875728155339806
SSH-Patator,0.05469993546999355,0.9875728155339806
SSH-Patator,0.055196214620593854,0.9875728155339806
SSH-Patator,0.05595651982572724,0.9875728155339806
SSH-Patator,0.05657774712439095,0.9875728155339806
SSH-Patator,0.05705631590756114,0.9875728155339806
SSH-Patator,0.05744296363225661,0.9875728155339806
SSH-Patator,0.057973327254075,0.9875728155339806
SSH-Patator,0.05845439499816109,0.9875728155339806
SSH-Patator,0.05891620137617867,0.9875728155339806
SSH-Patator,0.05937427037123512,0.9875728155339806
SSH-Patator,0.059867693104503614,0.9875728155339806
SSH-Patator,0.06031783681214421,0.9875728155339806
SSH-Patator,0.06070081634601614,0.9875728155339806
SSH-Patator,0.06106521947939679,0.9875728155339806
SSH-Patator,0.061410287370200434,0.9875728155339806
SSH-Patator,0.06163503720400398,0.9875728155339806
SSH-Patator,0.061914152849804005,0.9875728155339806
SSH-Patator,0.0622232009591622,0.9875728155339806
SSH-Patator,0.06252766166707648,0.9875728155339806
SSH-Patator,0.06284909297612574,0.9875728155339806
SSH-Patator,0.06332013645078559,0.9875728155339806
SSH-Patator,0.06361087468081911,0.9867961165048543
SSH-Patator,0.06402723490102132,0.9860194174757282
SSH-Patator,0.0646039540978601,0.9860194174757282
SSH-Patator,0.06531357719812728,0.9860194174757282
SSH-Patator,0.06590012458471761,0.9860194174757282
SSH-Patator,0.0664311878597593,0.9860194174757282
SSH-Patator,0.06694968885138698,0.9860194174757282
SSH-Patator,0.0676111096317205,0.9860194174757282
SSH-Patator,0.06819219509574839,0.9860194174757282
SSH-Patator,0.06872935953657085,0.9860194174757282
SSH-Patator,0.07010713496796996,0.9860194174757282
SSH-Patator,0.07084461061971595,0.9860194174757282
SSH-Patator,0.07152112676056338,0.9860194174757282
SSH-Patator,0.07240838442891773,0.9860194174757282
SSH-Patator,0.07332081467571862,0.9856310679611651
SSH-Patator,0.07388431195598381,0.9856310679611651
SSH-Patator,0.07442596991290577,0.9856310679611651
SSH-Patator,0.07491366333126716,0.9856310679611651
SSH-Patator,0.07538031851675779,0.9852427184466019
SSH-Patator,0.07587176266523117,0.9852427184466019
SSH-Patator,0.07678571428571429,0.9852427184466019
SSH-Patator,0.07777675587847574,0.9852427184466019
SSH-Patator,0.07904904343490995,0.9852427184466019
SSH-Patator,0.08099738203179874,0.9852427184466019
SSH-Patator,0.08167535895950036,0.9852427184466019
SSH-Patator,0.08262228880349118,0.9852427184466019
SSH-Patator,0.08382620188336362,0.9852427184466019
SSH-Patator,0.08445406125166445,0.9852427184466019
SSH-Patator,0.08560915504844209,0.9848543689320388
SSH-Patator,0.08802168398373701,0.9836893203883496
SSH-Patator,0.09010613291544982,0.9825242718446602
SSH-Patator,0.09331414655744963,0.982135922330097
SSH-Patator,0.09591016010319448,0.9817475728155339
SSH-Patator,0.09820908278621654,0.9817475728155339
SSH-Patator,0.10036126880781293,0.9817475728155339
SSH-Patator,0.10124148978774529,0.9817475728155339
SSH-Patator,0.10250172322912865,0.9817475728155339
SSH-Patator,0.10438879246218696,0.9809708737864078
SSH-Patator,0.10696591149692991,0.9809708737864078
SSH-Patator,0.10832260832260832,0.9805825242718447
SSH-Patator,0.11004534356470178,0.9801941747572815
SSH-Patator,0.11203835227272728,0.9801941747572815
SSH-Patator,0.1141744759835212,0.9794174757281553
SSH-Patator,0.11607554122524183,0.9786407766990292
SSH-Patator,0.11894418736424592,0.978252427184466
SSH-Patator,0.12114653970086087,0.978252427184466
SSH-Patator,0.12380811953209477,0.978252427184466
SSH-Patator,0.1264558232931727,0.978252427184466
SSH-Patator,0.12974504249291785,0.978252427184466
SSH-Patator,0.1333721607454863,0.978252427184466
SSH-Patator,0.13642520452944681,0.9778640776699029
SSH-Patator,0.14132509825940484,0.9774757281553398
SSH-Patator,0.14534010855757015,0.9774757281553398
SSH-Patator,0.14901426795334793,0.9774757281553398
SSH-Patator,0.15332602339181287,0.9774757281553398
SSH-Patator,0.15793436656836293,0.9774757281553398
SSH-Patator,0.16440235140431092,0.9774757281553398
SSH-Patator,0.1705978039853599,0.9774757281553398
SSH-Patator,0.17732844864027053,0.9774757281553398
SSH-Patator,0.18801822663778292,0.9774757281553398
SSH-Patator,0.2088623350759273,0.9774757281553398
SSH-Patator,0.23059297956191,0.9770873786407767
SSH-Patator,0.24512860483242402,0.9770873786407767
SSH-Patator,0.2571545380212592,0.9770873786407767
SSH-Patator,0.27915233551536667,0.9770873786407767
SSH-Patator,0.300107437029963,0.9763106796116505
SSH-Patator,0.32159383033419026,0.9716504854368933
SSH-Patator,0.35451170759565964,0.9642718446601942
SSH-Patator,0.38518863530507685,0.963495145631068
SSH-Patator,0.42409470752089135,0.9460194174757282
SSH-Patator,0.43590684027141025,0.9231067961165048
SSH-Patator,0.44213871751729295,0.9184466019417475
SSH-Patator,0.44868146461771957,0.9184466019417475
SSH-Patator,0.4555084745762712,0.9184466019417475
SSH-Patator,0.46110352895301226,0.9184466019417475
SSH-Patator,0.4672989527761312,0.9184466019417475
SSH-Patator,0.4746034932744429,0.9180582524271844
SSH-Patator,0.4806753458096013,0.9176699029126214
SSH-Patator,0.48802147872779844,0.9176699029126214
SSH-Patator,0.4968460891505467,0.9176699029126214
SSH-Patator,0.5082813508281351,0.9176699029126214
SSH-Patator,0.5265151515151515,0.9176699029126214
SSH-Patator,0.5462320850670366,0.9176699029126214
SSH-Patator,0.5639618138424821,0.9176699029126214
SSH-Patator,0.5773271439042267,0.9176699029126214
SSH-Patator,0.591831621147582,0.9172815533980583
SSH-Patator,0.6039376118639734,0.9172815533980583
SSH-Patator,0.6185485983756878,0.9168932038834952
SSH-Patator,0.6447296559257236,0.9168932038834952
SSH-Patator,0.6805995964254828,0.9168932038834952
SSH-Patator,0.6995555555555556,0.9168932038834952
SSH-Patator,0.7182455071580871,0.9157281553398058
SSH-Patator,0.7413467589679044,0.9149514563106796
SSH-Patator,0.7676998368678629,0.9137864077669903
SSH-Patator,0.7836666666666666,0.913009708737864
SSH-Patator,0.7982306907111262,0.9110679611650485
SSH-Patator,0.8143899895724713,0.9099029126213592
SSH-Patator,0.8372093023255814,0.9087378640776699
SSH-Patator,0.8409534974599453,0.8357281553398058
SSH-Patator,0.6875621890547263,0.2683495145631068
SSH-Patator,0.07058823529411765,0.006990291262135922
SSH-Patator,1.0,0.0
DoS Slowhttptest,0.0020926490074178452,1.0
DoS Slowhttptest,0.010052838759973436,0.9990435198469632
DoS Slowhttptest,0.010414667281542507,0.9990435198469632
DoS Slowhttptest,0.010641820469584975,0.9990435198469632
DoS Slowhttptest,0.010779042527940888,0.9990435198469632
DoS Slowhttptest,0.01090297966064541,0.9990435198469632
DoS Slowhttptest,0.011037638399780197,0.9990435198469632
DoS Slowhttptest,0.011147189323457924,0.9990435198469632
DoS Slowhttptest,0.011232299986826648,0.9990435198469632
DoS Slowhttptest,0.011309130674866554,0.9990435198469632
DoS Slowhttptest,0.011380382051791905,0.9990435198469632
DoS Slowhttptest,0.011460076254217298,0.9990435198469632
DoS Slowhttptest,0.011518304399727619,0.9990435198469632
DoS Slowhttptest,0.011574016360971906,0.9990435198469632
DoS Slowhttptest,0.011632536577895954,0.9990435198469632
DoS Slowhttptest,0.011688675022381379,0.9990435198469632
DoS Slowhttptest,0.011746117427437221,0.9990435198469632
DoS Slowhttptest,0.01180536129548158,0.9990435198469632
DoS Slowhttptest,0.011864633000036918,0.9990435198469632
DoS Slowhttptest,0.011926919783043105,0.9990435198469632
DoS Slowhttptest,0.011974606268181883,0.9990435198469632
DoS Slowhttptest,0.012018214297015007,0.9990435198469632
DoS Slowhttptest,0.012067088157906138,0.9990435198469632
DoS Slowhttptest,0.012117099088752385,0.9990435198469632
DoS Slowhttptest,0.012157577097894976,0.9990435198469632
DoS Slowhttptest,0.012198504529913782,0.9990435198469632
DoS Slowhttptest,0.012243223443223443,0.9990435198469632
DoS Slowhttptest,0.012288885882193764,0.9990435198469632
DoS Slowhttptest,0.012335873535151925,0.9990435198469632
DoS Slowhttptest,0.012380359735680208,0.9990435198469632
DoS Slowhttptest,0.012428087835466157,0.9990435198469632
DoS Slowhttptest,0.012471269514342855,0.9990435198469632
DoS Slowhttptest,0.01251404010603088,0.9990435198469632
DoS Slowhttptest,0.01255529377824791,0.9990435198469632
DoS Slowhttptest,0.012594162313370972,0.9990435198469632
DoS Slowhttptest,0.012629224351611148,0.9990435198469632
DoS Slowhttptest,0.01267001258510106,0.9990435198469632
DoS Slowhttptest,0.012704880644670822,0.9990435198469632
DoS Slowhttptest,0.012736329327699839,0.9990435198469632
DoS Slowhttptest,0.012772032367228028,0.9990435198469632
DoS Slowhttptest,0.01281052805867455,0.9990435198469632
DoS Slowhttptest,0.012845069036865778,0.9990435198469632
DoS Slowhttptest,0.012880829207233982,0.9990435198469632
DoS Slowhttptest,0.012910083646712379,0.9990435198469632
DoS Slowhttptest,0.012933703162534982,0.9990435198469632
DoS Slowhttptest,0.01295865512856301,0.9990435198469632
DoS Slowhttptest,0.012988224175878835,0.9990435198469632
DoS Slowhttptest,0.01301460326953748,0.9990435198469632
DoS Slowhttptest,0.013042392458013361,0.9990435198469632
DoS Slowhttptest,0.013068092959244316,0.9990435198469632
DoS Slowhttptest,0.013095659751063356,0.9990435198469632
DoS Slowhttptest,0.01312523954033388,0.9990435198469632
DoS Slowhttptest,0.013153379486646707,0.9990435198469632
DoS Slowhttptest,0.013179353397831621,0.9990435198469632
DoS Slowhttptest,0.013206223171895843,0.9990435198469632
DoS Slowhttptest,0.013233915313078073,0.9990435198469632
DoS Slowhttptest,0.013261892216177096,0.9990435198469632
DoS Slowhttptest,0.013298998277942061,0.9990435198469632
DoS Slowhttptest,0.013356051621235418,0.9990435198469632
DoS Slowhttptest,0.013412046444587832,0.9990435198469632
DoS Slowhttptest,0.013479419526768488,0.9990435198469632
DoS Slowhttptest,0.013538605115376265,0.9990435198469632
DoS Slowhttptest,0.013598489779976566,0.9990435198469632
DoS Slowhttptest,0.013659531757267047,0.9990435198469632
DoS Slowhttptest,0.013720132932259717,0.9990435198469632
DoS Slowhttptest,0.013783865816804571,0.9990435198469632
DoS Slowhttptest,0.013836911235783882,0.9990435198469632
DoS Slowhttptest,0.01389096688178049,0.9990435198469632
DoS Slowhttptest,0.013942282022531902,0.9990435198469632
DoS Slowhttptest,0.013992290509154601,0.9990435198469632
DoS Slowhttptest,0.014056880233900027,0.9990435198469632
DoS Slowhttptest,0.014109812026774195,0.9990435198469632
DoS Slowhttptest,0.014166169370151359,0.9990435198469632
DoS Slowhttptest,0.01421470395106168,0.9990435198469632
DoS Slowhttptest,0.014263280076471391,0.9990435198469632
DoS Slowhttptest,0.014307043256718626,0.9990435198469632
DoS Slowhttptest,0.014347970919430889,0.9990435198469632
DoS Slowhttptest,0.01438581389343204,0.9990435198469632
DoS Slowhttptest,0.014414613435689975,0.9985652797704447
DoS Slowhttptest,0.014449676992972392,0.9985652797704447
DoS Slowhttptest,0.014481345211550398,0.9985652797704447
DoS Slowhttptest,0.014519813495499067,0.9985652797704447
DoS Slowhttptest,0.014554427494484583,0.9985652797704447
DoS Slowhttptest,0.014589614681847878,0.9985652797704447
DoS Slowhttptest,0.014635992766118518,0.9985652797704447
DoS Slowhttptest,0.014677248156557314,0.9985652797704447
DoS Slowhttptest,0.014746146535856736,0.9980870396939263
DoS Slowhttptest,0.01480968858131488,0.9978479196556671
DoS Slowhttptest,0.01487737661902436,0.9978479196556671
DoS Slowhttptest,0.014947345798409627,0.9978479196556671
DoS Slowhttptest,0.01500724822751161,0.9976087996174079
DoS Slowhttptest,0.015073071156312661,0.9976087996174079
DoS Slowhttptest,0.015134037073312293,0.9976087996174079
DoS Slowhttptest,0.015194778706914134,0.9976087996174079
DoS Slowhttptest,0.015261590687942172,0.9976087996174079
DoS Slowhttptest,0.015331809462210692,0.9976087996174079
DoS Slowhttptest,0.01540125986810525,0.9973696795791487
DoS Slowhttptest,0.015476234648065006,0.9973696795791487
DoS Slowhttptest,0.015546030562802833,0.9973696795791487
DoS Slowhttptest,0.015614412728123538,0.9973696795791487
DoS Slowhttptest,0.015675500969618616,0.9973696795791487
DoS Slowhttptest,0.01573068464315489,0.9971305595408895
DoS Slowhttptest,0.015780668019259304,0.9968914395026304
DoS Slowhttptest,0.01583755110726065,0.9966523194643712
DoS Slowhttptest,0.015895595531842676,0.9966523194643712
DoS Slowhttptest,0.015948877877054356,0.9966523194643712
DoS Slowhttptest,0.016004300579810313,0.9966523194643712
DoS Slowhttptest,0.016064009373241553,0.9966523194643712
DoS Slowhttptest,0.01612391585234702,0.9966523194643712
DoS Slowhttptest,0.016181443363007076,0.9966523194643712
DoS Slowhttptest,0.016248337927995727,0.996413199426112
DoS Slowhttptest,0.016303709905863387,0.996413199426112
DoS Slowhttptest,0.01635515852768249,0.996413199426112
DoS Slowhttptest,0.01641974627254019,0.9959349593495935
DoS Slowhttptest,0.01652626942779032,0.9959349593495935
DoS Slowhttptest,0.016634250180720244,0.9959349593495935
DoS Slowhttptest,0.016749509378116655,0.9959349593495935
DoS Slowhttptest,0.01687170616900872,0.9959349593495935
DoS Slowhttptest,0.016984263559885332,0.9959349593495935
DoS Slowhttptest,0.017094753778084237,0.9959349593495935
DoS Slowhttptest,0.017201929589796962,0.9959349593495935
DoS Slowhttptest,0.017329637675731015,0.9956958393113343
DoS Slowhttptest,0.017444271751926033,0.9956958393113343
DoS Slowhttptest,0.01755221615697515,0.9956958393113343
DoS Slowhttptest,0.017690238065889975,0.9952175992348159
DoS Slowhttptest,0.01782044255668973,0.9952175992348159
DoS Slowhttptest,0.0179623403695184,0.9952175992348159
DoS Slowhttptest,0.018110928348258965,0.9952175992348159
DoS Slowhttptest,0.018262155390670592,0.9952175992348159
DoS Slowhttptest,0.018443658413340072,0.9949784791965567
DoS Slowhttptest,0.018591247235439985,0.9949784791965567
DoS Slowhttptest,0.01873725069910074,0.9949784791965567
DoS Slowhttptest,0.018875113971939087,0.9949784791965567
DoS Slowhttptest,0.018999913242405287,0.9949784791965567
DoS Slowhttptest,0.019120924568618893,0.9949784791965567
DoS Slowhttptest,0.01924980801080691,0.9949784791965567
DoS Slowhttptest,0.0193945326155352,0.9949784791965567
DoS Slowhttptest,0.019548610784857225,0.9949784791965567
DoS Slowhttptest,0.019692753293957293,0.9949784791965567
DoS Slowhttptest,0.019809380534343876,0.9949784791965567
DoS Slowhttptest,0.01992434399540318,0.9949784791965567
DoS Slowhttptest,0.02003167710534804,0.9949784791965567
DoS Slowhttptest,0.020214533477132948,0.9949784791965567
DoS Slowhttptest,0.020502485821700805,0.9949784791965567
DoS Slowhttptest,0.020778507403061097,0.9949784791965567
DoS Slowhttptest,0.020990027088787663,0.9949784791965567
DoS Slowhttptest,0.021170540464855784,0.994261119081779
DoS Slowhttptest,0.021373566736454404,0.9935437589670014
DoS Slowhttptest,0.02157825037002415,0.9935437589670014
DoS Slowhttptest,0.02178255193998396,0.9935437589670014
DoS Slowhttptest,0.02200846438654385,0.9935437589670014
DoS Slowhttptest,0.02225305483979836,0.9933046389287422
DoS Slowhttptest,0.02248687273317815,0.9933046389287422
DoS Slowhttptest,0.022726029345792348,0.9933046389287422
DoS Slowhttptest,0.022971530347532205,0.993065518890483
DoS Slowhttptest,0.023204228499910603,0.993065518890483
DoS Slowhttptest,0.023453736333242974,0.993065518890483
DoS Slowhttptest,0.02368838339474555,0.993065518890483
DoS Slowhttptest,0.023919504216007005,0.993065518890483
DoS Slowhttptest,0.0241226286869344,0.993065518890483
DoS Slowhttptest,0.02431724873054825,0.9928263988522238
DoS Slowhttptest,0.024508009963757422,0.9928263988522238
DoS Slowhttptest,0.02468269773801385,0.9928263988522238
DoS Slowhttptest,0.024857214698803837,0.9928263988522238
DoS Slowhttptest,0.025029387828917622,0.9928263988522238
DoS Slowhttptest,0.025194327635483224,0.9928263988522238
DoS Slowhttptest,0.025378507729075874,0.9928263988522238
DoS Slowhttptest,0.025564928267963794,0.9928263988522238
DoS Slowhttptest,0.025813029611623323,0.9928263988522238
DoS Slowhttptest,0.026072540942429417,0.9928263988522238
DoS Slowhttptest,0.026449903169911325,0.9928263988522238
DoS Slowhttptest,0.026880745824161594,0.9928263988522238
DoS Slowhttptest,0.027291909053262606,0.9928263988522238
DoS Slowhttptest,0.02766708869194376,0.9928263988522238
DoS Slowhttptest,0.028110274603260575,0.9928263988522238
DoS Slowhttptest,0.02843601895734597,0.9928263988522238
DoS Slowhttptest,0.02869722082069075,0.9928263988522238
DoS Slowhttptest,0.02898641807199469,0.9925872788139646
DoS Slowhttptest,0.029232394366197182,0.9925872788139646
DoS Slowhttptest,0.02951132096939356,0.9923481587757054
DoS Slowhttptest,0.029849672732503777,0.9923481587757054
DoS Slowhttptest,0.03035622851291054,0.9923481587757054
DoS Slowhttptest,0.0307628444141346,0.9923481587757054
DoS Slowhttptest,0.031160111452411172,0.9921090387374462
DoS Slowhttptest,0.03169619324822955,0.9921090387374462
DoS Slowhttptest,0.03205346106304079,0.9921090387374462
DoS Slowhttptest,0.032285676489584386,0.9921090387374462
DoS Slowhttptest,0.032531990967256307,0.9921090387374462
DoS Slowhttptest,0.03278960595571151,0.9921090387374462
DoS Slowhttptest,0.0330487008331873,0.9921090387374462
DoS Slowhttptest,0.03327692270674762,0.9921090387374462
DoS Slowhttptest,0.03361691784151677,0.9921090387374462
DoS Slowhttptest,0.03399486838977285,0.9916307986609277
DoS Slowhttptest,0.0343903935780273,0.9916307986609277
DoS Slowhttptest,0.034696831519147264,0.9916307986609277
DoS Slowhttptest,0.034943291932792934,0.9916307986609277
DoS Slowhttptest,0.03520164336584414,0.9916307986609277
DoS Slowhttptest,0.035516996257311945,0.9916307986609277
DoS Slowhttptest,0.035873392098684266,0.9916307986609277
DoS Slowhttptest,0.036297275297371576,0.9916307986609277
DoS Slowhttptest,0.03681411844079292,0.9916307986609277
DoS Slowhttptest,0.037233230680828525,0.9916307986609277
DoS Slowhttptest,0.03756408630591134,0.9916307986609277
DoS Slowhttptest,0.037879064669346,0.9916307986609277
DoS Slowhttptest,0.038214858364510954,0.9916307986609277
DoS Slowhttptest,0.038563112574159834,0.9916307986609277
DoS Slowhttptest,0.03900012225743654,0.9916307986609277
DoS Slowhttptest,0.03939356517939414,0.9916307986609277
DoS Slowhttptest,0.03967851504568722,0.9916307986609277
DoS Slowhttptest,0.03993067257233643,0.9916307986609277
DoS Slowhttptest,0.04017749014212775,0.9916307986609277
DoS Slowhttptest,0.04046327374912185,0.9916307986609277
DoS Slowhttptest,0.040715541024810266,0.9916307986609277
DoS Slowhttptest,0.04097461688189785,0.9916307986609277
DoS Slowhttptest,0.041242752434088176,0.9916307986609277
DoS Slowhttptest,0.041505694897611946,0.9916307986609277
DoS Slowhttptest,0.04173375734642944,0.9916307986609277
DoS Slowhttptest,0.041991109671017324,0.9916307986609277
DoS Slowhttptest,0.042259836341217355,0.9916307986609277
DoS Slowhttptest,0.04254642454088437,0.9916307986609277
DoS Slowhttptest,0.04279360624103522,0.9916307986609277
DoS Slowhttptest,0.043036083062649826,0.9916307986609277
DoS Slowhttptest,0.04330889571192848,0.9916307986609277
DoS Slowhttptest,0.04363334104922034,0.9916307986609277
DoS Slowhttptest,0.04388777767194759,0.9916307986609277
DoS Slowhttptest,0.04424788203410085,0.9916307986609277
DoS Slowhttptest,0.04455594473214861,0.9916307986609277
DoS Slowhttptest,0.04515461672473867,0.9916307986609277
DoS Slowhttptest,0.045785260833563345,0.9916307986609277
DoS Slowhttptest,0.04640778871978514,0.9916307986609277
DoS Slowhttptest,0.04718344312842043,0.9916307986609277
DoS Slowhttptest,0.04785533771074466,0.9916307986609277
DoS Slowhttptest,0.048721172033788784,0.9916307986609277
DoS Slowhttptest,0.049507433279598785,0.9913916786226685
DoS Slowhttptest,0.05053940391296398,0.9913916786226685
DoS Slowhttptest,0.051306801306801306,0.9913916786226685
DoS Slowhttptest,0.05194967923015237,0.9913916786226685
DoS Slowhttptest,0.05259352285268486,0.9913916786226685
DoS Slowhttptest,0.05323438021622454,0.9913916786226685
DoS Slowhttptest,0.05389034757064497,0.9913916786226685
DoS Slowhttptest,0.05454904282612986,0.9913916786226685
DoS Slowhttptest,0.05518508165954558,0.9913916786226685
DoS Slowhttptest,0.055965011743743416,0.9913916786226685
DoS Slowhttptest,0.05672536222961048,0.9913916786226685
DoS Slowhttptest,0.05761774393040288,0.9913916786226685
DoS Slowhttptest,0.058552705908936846,0.9913916786226685
DoS Slowhttptest,0.0594050894085282,0.9913916786226685
DoS Slowhttptest,0.060361645750225665,0.9913916786226685
DoS Slowhttptest,0.061348603897545165,0.9913916786226685
DoS Slowhttptest,0.062223289459861025,0.9913916786226685
DoS Slowhttptest,0.06342746993850014,0.9913916786226685
DoS Slowhttptest,0.06480251332468466,0.9913916786226685
DoS Slowhttptest,0.06616661346951803,0.9913916786226685
DoS Slowhttptest,0.06733142782902429,0.9913916786226685
DoS Slowhttptest,0.06837635029273521,0.9913916786226685
DoS Slowhttptest,0.06988857610033208,0.9913916786226685
DoS Slowhttptest,0.07197666747682373,0.9913916786226685
DoS Slowhttptest,0.07441576623469864,0.9913916786226685
DoS Slowhttptest,0.07626089835558988,0.9913916786226685
DoS Slowhttptest,0.07789279876754279,0.9913916786226685
DoS Slowhttptest,0.07977372431309167,0.9913916786226685
DoS Slowhttptest,0.0814890522426196,0.9913916786226685
DoS Slowhttptest,0.08400024312660818,0.9913916786226685
DoS Slowhttptest,0.08604337449413718,0.9913916786226685
DoS Slowhttptest,0.08758476456049179,0.9913916786226685
DoS Slowhttptest,0.08904639175257732,0.9913916786226685
DoS Slowhttptest,0.09069431683948025,0.9913916786226685
DoS Slowhttptest,0.09191274275073158,0.9913916786226685
DoS Slowhttptest,0.09295964125560538,0.9913916786226685
DoS Slowhttptest,0.09403144211791928,0.9911525585844094
DoS Slowhttptest,0.09540798711013926,0.9911525585844094
DoS Slowhttptest,0.09629681256388811,0.9911525585844094
DoS Slowhttptest,0.09701352806253803,0.9911525585844094
DoS Slowhttptest,0.09778710955930923,0.9911525585844094
DoS Slowhttptest,0.0985707830967159,0.9911525585844094
DoS Slowhttptest,0.09933616123852661,0.9911525585844094
DoS Slowhttptest,0.10010626479254214,0.9911525585844094
DoS Slowhttptest,0.10085894347519284,0.9911525585844094
DoS Slowhttptest,0.10151849130541268,0.9911525585844094
DoS Slowhttptest,0.10213636251632457,0.9911525585844094
DoS Slowhttptest,0.10276434858063717,0.9911525585844094
DoS Slowhttptest,0.10346204727554102,0.9911525585844094
DoS Slowhttptest,0.10421642823020642,0.9911525585844094
DoS Slowhttptest,0.1051016785841067,0.9911525585844094
DoS Slowhttptest,0.10672812009166517,0.9911525585844094
DoS Slowhttptest,0.1088012179436701,0.9911525585844094
DoS Slowhttptest,0.11106346483704975,0.9909134385461502
DoS Slowhttptest,0.11332622309732819,0.9909134385461502
DoS Slowhttptest,0.11592256909477454,0.9909134385461502
DoS Slowhttptest,0.11830535571542766,0.9909134385461502
DoS Slowhttptest,0.12067559697146185,0.9909134385461502
DoS Slowhttptest,0.12259266928970801,0.9909134385461502
DoS Slowhttptest,0.12419456349087421,0.9909134385461502
DoS Slowhttptest,0.12696856425026043,0.9909134385461502
DoS Slowhttptest,0.12877563704164077,0.9909134385461502
DoS Slowhttptest,0.1301998240542918,0.9909134385461502
DoS Slowhttptest,0.1339712918660287,0.9909134385461502
DoS Slowhttptest,0.1375190814362514,0.9909134385461502
DoS Slowhttptest,0.1395944216128815,0.9909134385461502
DoS Slowhttptest,0.14148656492198436,0.9909134385461502
DoS Slowhttptest,0.14347540075476925,0.9909134385461502
DoS Slowhttptest,0.14591549295774647,0.9909134385461502
DoS Slowhttptest,0.14768353528153955,0.9909134385461502
DoS Slowhttptest,0.1504993644452515,0.9909134385461502
DoS Slowhttptest,0.15608874157218727,0.9909134385461502
DoS Slowhttptest,0.15878002988620254,0.9909134385461502
DoS Slowhttptest,0.16155945419103312,0.9909134385461502
DoS Slowhttptest,0.1647779235754901,0.9909134385461502
DoS Slowhttptest,0.16914976121474345,0.9909134385461502
DoS Slowhttptest,0.17364341085271318,0.9909134385461502
DoS Slowhttptest,0.17792280279936457,0.9909134385461502
DoS Slowhttptest,0.18241845314081964,0.9909134385461502
DoS Slowhttptest,0.19244879951702037,0.9909134385461502
DoS Slowhttptest,0.20265049635679006,0.9909134385461502
DoS Slowhttptest,0.2092823594767941,0.9909134385461502
DoS Slowhttptest,0.21559752354195932,0.9909134385461502
DoS Slowhttptest,0.22638623326959847,0.9909134385461502
DoS Slowhttptest,0.23657018895929668,0.9909134385461502
DoS Slowhttptest,0.25398381956361854,0.9909134385461502
DoS Slowhttptest,0.26724304793857667,0.9904351984696318
DoS Slowhttptest,0.2814326491776539,0.9901960784313726
DoS Slowhttptest,0.28907668668808495,0.9897178383548542
DoS Slowhttptest,0.3004210832002323,0.989478718316595
DoS Slowhttptest,0.3092444510873627,0.989478718316595
DoS Slowhttptest,0.31820978160565977,0.989478718316595
DoS Slowhttptest,0.3254935892393613,0.989478718316595
DoS Slowhttptest,0.3312254862723125,0.989478718316595
DoS Slowhttptest,0.3373287671232877,0.9892395982783357
DoS Slowhttptest,0.3452102803738318,0.9892395982783357
DoS Slowhttptest,0.35121826980219034,0.9892395982783357
DoS Slowhttptest,0.35655773044752953,0.9887613582018173
DoS Slowhttptest,0.3616723519636141,0.9887613582018173
DoS Slowhttptest,0.3658644487701292,0.9887613582018173
DoS Slowhttptest,0.3703537841468876,0.9887613582018173
DoS Slowhttptest,0.37549945513984745,0.9887613582018173
DoS Slowhttptest,0.3811059907834101,0.9887613582018173
DoS Slowhttptest,0.38804429429429427,0.9887613582018173
DoS Slowhttptest,0.39276215805471126,0.9887613582018173
DoS Slowhttptest,0.3966046422405525,0.9887613582018173
DoS Slowhttptest,0.40247226007397313,0.9887613582018173
DoS Slowhttptest,0.4129219093269423,0.9887613582018173
DoS Slowhttptest,0.42157862533142976,0.9885222381635581
DoS Slowhttptest,0.42805345488449187,0.9880439980870397
DoS Slowhttptest,0.4346590909090909,0.9878048780487805
DoS Slowhttptest,0.4414404787347724,0.9878048780487805
DoS Slowhttptest,0.448729089724093,0.9878048780487805
DoS Slowhttptest,0.45457548728113645,0.9870875179340028
DoS Slowhttptest,0.4604059781396386,0.9870875179340028
DoS Slowhttptest,0.4718792866941015,0.9870875179340028
DoS Slowhttptest,0.479108635097493,0.9870875179340028
DoS Slowhttptest,0.48484492481203006,0.9868483978957436
DoS Slowhttptest,0.4900261220612681,0.9868483978957436
DoS Slowhttptest,0.4936012438703504,0.9868483978957436
DoS Slowhttptest,0.49674933782807607,0.9866092778574844
DoS Slowhttptest,0.5003031405359525,0.9866092778574844
DoS Slowhttptest,0.5051432770022043,0.9863701578192252
DoS Slowhttptest,0.5099403578528827,0.9813486370157819
DoS Slowhttptest,0.5128173064899337,0.9806312769010043
DoS Slowhttptest,0.5155639571518589,0.9782400765184123
DoS Slowhttptest,0.519786232345082,0.976805356288857
DoS Slowhttptest,0.5237912017442606,0.9765662362505978
DoS Slowhttptest,0.5282701513779273,0.9763271162123386
DoS Slowhttptest,0.5332549327061283,0.9758488761358202
DoS Slowhttptest,0.5385325943520718,0.9758488761358202
DoS Slowhttptest,0.5461723768736617,0.9758488761358202
DoS Slowhttptest,0.554333061668025,0.9758488761358202
DoS Slowhttptest,0.5615024766097964,0.9758488761358202
DoS Slowhttptest,0.5668055555555556,0.9758488761358202
DoS Slowhttptest,0.5745070422535211,0.9753706360593017
DoS Slowhttptest,0.5803927148548662,0.9753706360593017
DoS Slowhttptest,0.5856670975154388,0.9751315160210425
DoS Slowhttptest,0.590494131285321,0.9744141559062649
DoS Slowhttptest,0.5961369622475856,0.9741750358680057
DoS Slowhttptest,0.6051693404634582,0.9741750358680057
DoS Slowhttptest,0.6127237178523086,0.9741750358680057
DoS Slowhttptest,0.6169825625473844,0.9729794356767097
DoS Slowhttptest,0.6301369863013698,0.9679579148732664
DoS Slowhttptest,0.6383851127582401,0.9679579148732664
DoS Slowhttptest,0.6494464944649446,0.9679579148732664
DoS Slowhttptest,0.6649671052631579,0.9667623146819704
DoS Slowhttptest,0.6707949790794979,0.9583931133428981
DoS Slowhttptest,0.6722516669516156,0.9402199904351984
DoS Slowhttptest,0.6899516389038152,0.921090387374462
DoS Slowhttptest,0.6993572084481176,0.9105691056910569
DoS Slowhttptest,0.7135308548782789,0.9041128646580583
DoS Slowhttptest,0.7387563551036371,0.9033955045432808
DoS Slowhttptest,0.7438735177865613,0.9000478240076518
DoS Slowhttptest,0.7487025948103793,0.8969392635102822
DoS Slowhttptest,0.7524792552114956,0.8890483022477284
DoS Slowhttptest,0.7558762886597938,0.8766140602582496
DoS Slowhttptest,0.7601847963040739,0.8656145384983261
DoS Slowhttptest,0.7603626943005182,0.8421807747489239
DoS Slowhttptest,0.7647707231040565,0.829507412721186
DoS Slowhttptest,0.7762065095398428,0.8268770923003348
DoS Slowhttptest,0.7851767388825541,0.8232902917264466
DoS Slowhttptest,0.7893502228477598,0.8046389287422286
DoS Slowhttptest,0.7941176470588235,0.7618364418938307
DoS Slowhttptest,0.7896551724137931,0.7118603538976567
DoS Slowhttptest,0.8306946688206786,0.6147776183644189
DoS Slowhttptest,1.0,0.0
DoS slowloris,0.002155698690568168,1.0
DoS slowloris,0.010510950330511536,0.999535747446611
DoS slowloris,0.01095704968841367,0.999535747446611
DoS slowloris,0.011281583718468682,0.999535747446611
DoS slowloris,0.011546619543444625,0.999535747446611
DoS slowloris,0.011738817447073066,0.9993036211699164
DoS slowloris,0.011896765705029866,0.9990714948932219
DoS slowloris,0.012035390311287093,0.9990714948932219
DoS slowloris,0.01216633735014685,0.9990714948932219
DoS slowloris,0.012281913284669866,0.9990714948932219
DoS slowloris,0.012363233169313674,0.9990714948932219
DoS slowloris,0.012430667899237347,0.9988393686165274
DoS slowloris,0.012502542348258129,0.9988393686165274
DoS slowloris,0.012563833794172693,0.9988393686165274
DoS slowloris,0.01262135922330097,0.9988393686165274
DoS slowloris,0.012684422303123204,0.9988393686165274
DoS slowloris,0.012828768879428057,0.9988393686165274
DoS slowloris,0.01292778407025408,0.9988393686165274
DoS slowloris,0.01298019637712855,0.9988393686165274
DoS slowloris,0.013027629595092917,0.9988393686165274
DoS slowloris,0.013077039963531378,0.9988393686165274
DoS slowloris,0.013137326738718934,0.9988393686165274
DoS slowloris,0.013190363646953158,0.9988393686165274
DoS slowloris,0.013238818690024582,0.9988393686165274
DoS slowloris,0.013283517569320077,0.9986072423398329
DoS slowloris,0.013332217666582992,0.9986072423398329
DoS slowloris,0.013382025407806492,0.9986072423398329
DoS slowloris,0.013437493167244002,0.9986072423398329
DoS slowloris,0.013490672244400054,0.9986072423398329
DoS slowloris,0.013563447423512497,0.9986072423398329
DoS slowloris,0.013690608789739999,0.9986072423398329
DoS slowloris,0.013776274833800868,0.9986072423398329
DoS slowloris,0.013839516935875618,0.9986072423398329
DoS slowloris,0.013882703738842527,0.9986072423398329
DoS slowloris,0.01393062535619916,0.9986072423398329
DoS slowloris,0.01398053581760618,0.9983751160631383
DoS slowloris,0.014038855740230576,0.9983751160631383
DoS slowloris,0.014099374198899194,0.9983751160631383
DoS slowloris,0.014173529343918169,0.9983751160631383
DoS slowloris,0.014239270059459961,0.9983751160631383
DoS slowloris,0.01429521055605411,0.9983751160631383
DoS slowloris,0.014336284365750247,0.9983751160631383
DoS slowloris,0.014372213942484412,0.9983751160631383
DoS slowloris,0.01440489786622636,0.9983751160631383
DoS slowloris,0.014435307937573418,0.9983751160631383
DoS slowloris,0.014467403772087094,0.9983751160631383
DoS slowloris,0.014498029737646674,0.9983751160631383
DoS slowloris,0.01452868748627696,0.9983751160631383
DoS slowloris,0.014557602548003534,0.9983751160631383
DoS slowloris,0.014583071972766511,0.9983751160631383
DoS slowloris,0.01460838258270498,0.9983751160631383
DoS slowloris,0.014643247457604036,0.9983751160631383
DoS slowloris,0.01467192003957086,0.9983751160631383
DoS slowloris,0.014697038039392573,0.9983751160631383
DoS slowloris,0.014725568942436412,0.9983751160631383
DoS slowloris,0.014760185591917416,0.9983751160631383
DoS slowloris,0.014825257744396149,0.9983751160631383
DoS slowloris,0.014893639124457634,0.9983751160631383
DoS slowloris,0.014964424264565176,0.9983751160631383
DoS slowloris,0.015047300512188978,0.9983751160631383
DoS slowloris,0.015176107774711898,0.9983751160631383
DoS slowloris,0.01533311467929156,0.9983751160631383
DoS slowloris,0.015469386727474796,0.9983751160631383
DoS slowloris,0.015561569688768605,0.9983751160631383
DoS slowloris,0.015631928240690263,0.9983751160631383
DoS slowloris,0.015693815520129023,0.9983751160631383
DoS slowloris,0.01576035177720777,0.9983751160631383
DoS slowloris,0.01580872218036131,0.9983751160631383
DoS slowloris,0.01585639656844131,0.9983751160631383
DoS slowloris,0.015899068087638947,0.9983751160631383
DoS slowloris,0.01594427474124381,0.9983751160631383
DoS slowloris,0.015995447935765315,0.9983751160631383
DoS slowloris,0.01604306000574432,0.9983751160631383
DoS slowloris,0.016084998803255146,0.9983751160631383
DoS slowloris,0.016130605019577252,0.9983751160631383
DoS slowloris,0.016185419198970395,0.9983751160631383
DoS slowloris,0.016224678411105663,0.9983751160631383
DoS slowloris,0.016257980623480894,0.9983751160631383
DoS slowloris,0.016301669964144665,0.9983751160631383
DoS slowloris,0.016337336949502776,0.9983751160631383
DoS slowloris,0.016368486952021036,0.9983751160631383
DoS slowloris,0.016401131796307172,0.9983751160631383
DoS slowloris,0.01643591673895515,0.9983751160631383
DoS slowloris,0.01650998621928609,0.9983751160631383
DoS slowloris,0.016577630797930978,0.9983751160631383
DoS slowloris,0.016644479187628673,0.9983751160631383
DoS slowloris,0.0167184949078753,0.9983751160631383
DoS slowloris,0.01678196709158092,0.9983751160631383
DoS slowloris,0.01684526327333114,0.9983751160631383
DoS slowloris,0.016913892908827787,0.9983751160631383
DoS slowloris,0.016983620539874587,0.9983751160631383
DoS slowloris,0.017035619932586316,0.9983751160631383
DoS slowloris,0.017078642762125996,0.9983751160631383
DoS slowloris,0.01712774726915771,0.9983751160631383
DoS slowloris,0.01717576304555311,0.9983751160631383
DoS slowloris,0.017224600622344325,0.9983751160631383
DoS slowloris,0.017274202358384474,0.9983751160631383
DoS slowloris,0.017313298223575076,0.9981429897864438
DoS slowloris,0.017361671888626893,0.9981429897864438
DoS slowloris,0.017406369921792775,0.9981429897864438
DoS slowloris,0.017449032593169718,0.9981429897864438
DoS slowloris,0.01749204722039166,0.9981429897864438
DoS slowloris,0.017535703507956316,0.9981429897864438
DoS slowloris,0.017578284686452457,0.9981429897864438
DoS slowloris,0.01763899941750281,0.9981429897864438
DoS slowloris,0.017691105076935738,0.9981429897864438
DoS slowloris,0.017737225073011367,0.9981429897864438
DoS slowloris,0.01778483656562398,0.9981429897864438
DoS slowloris,0.01782693774667507,0.9981429897864438
DoS slowloris,0.017875701517356058,0.9981429897864438
DoS slowloris,0.017940288045927136,0.9981429897864438
DoS slowloris,0.018044936087354278,0.9981429897864438
DoS slowloris,0.01817428718755019,0.9981429897864438
DoS slowloris,0.01830527234413912,0.9981429897864438
DoS slowloris,0.018411869232910147,0.9981429897864438
DoS slowloris,0.018514452036805008,0.9981429897864438
DoS slowloris,0.018620441780807087,0.9981429897864438
DoS slowloris,0.01874495956755814,0.9981429897864438
DoS slowloris,0.018854770037577996,0.9981429897864438
DoS slowloris,0.018960522428534264,0.9981429897864438
DoS slowloris,0.019054878048780487,0.9981429897864438
DoS slowloris,0.01913773382527694,0.9981429897864438
DoS slowloris,0.01922861934041364,0.9981429897864438
DoS slowloris,0.019316553387809007,0.9981429897864438
DoS slowloris,0.0194006551104935,0.9981429897864438
DoS slowloris,0.01947763695496589,0.9981429897864438
DoS slowloris,0.019556032581259864,0.9981429897864438
DoS slowloris,0.0196238607892443,0.9981429897864438
DoS slowloris,0.01970010033306914,0.9981429897864438
DoS slowloris,0.019775115546460026,0.9981429897864438
DoS slowloris,0.019867763860075497,0.9981429897864438
DoS slowloris,0.01996360124795721,0.9981429897864438
DoS slowloris,0.02004699388333582,0.9981429897864438
DoS slowloris,0.020123360882058385,0.9981429897864438
DoS slowloris,0.0202078114940152,0.9981429897864438
DoS slowloris,0.020285985214819148,0.9981429897864438
DoS slowloris,0.02036737052509923,0.9981429897864438
DoS slowloris,0.020444744512012475,0.9981429897864438
DoS slowloris,0.02059840769518189,0.9981429897864438
DoS slowloris,0.020771742700906228,0.9981429897864438
DoS slowloris,0.020929157236377796,0.9981429897864438
DoS slowloris,0.021068310321512216,0.9981429897864438
DoS slowloris,0.021244849359196055,0.9981429897864438
DoS slowloris,0.021423731515803738,0.9981429897864438
DoS slowloris,0.021589488429540445,0.9981429897864438
DoS slowloris,0.021765980279009497,0.9981429897864438
DoS slowloris,0.021939671006979876,0.9981429897864438
DoS slowloris,0.022122527936122488,0.9981429897864438
DoS slowloris,0.02230730123157054,0.9981429897864438
DoS slowloris,0.02247766608642924,0.9981429897864438
DoS slowloris,0.022633246660280232,0.9981429897864438
DoS slowloris,0.022797641769521145,0.9981429897864438
DoS slowloris,0.0229567185773241,0.9981429897864438
DoS slowloris,0.02309592867117843,0.9981429897864438
DoS slowloris,0.023223660048823695,0.9981429897864438
DoS slowloris,0.023361058744913538,0.9981429897864438
DoS slowloris,0.023489566262427618,0.9981429897864438
DoS slowloris,0.02362806134504113,0.9981429897864438
DoS slowloris,0.02375073875844394,0.9981429897864438
DoS slowloris,0.02386489141474406,0.9981429897864438
DoS slowloris,0.02397840827980014,0.9981429897864438
DoS slowloris,0.0240936852132011,0.9981429897864438
DoS slowloris,0.024217166028384772,0.9981429897864438
DoS slowloris,0.024325945034678616,0.9981429897864438
DoS slowloris,0.024443345441316076,0.9981429897864438
DoS slowloris,0.024645647177500243,0.9981429897864438
DoS slowloris,0.0248761975285787,0.9981429897864438
DoS slowloris,0.025116529012511535,0.9981429897864438
DoS slowloris,0.02534450849335738,0.9981429897864438
DoS slowloris,0.02558807952537088,0.9981429897864438
DoS slowloris,0.025851288957291267,0.9981429897864438
DoS slowloris,0.026067557409248526,0.9981429897864438
DoS slowloris,0.026243675579344396,0.9981429897864438
DoS slowloris,0.026444776541638224,0.9981429897864438
DoS slowloris,0.02661615786476516,0.9981429897864438
DoS slowloris,0.026877855772175795,0.9981429897864438
DoS slowloris,0.02707126668345505,0.9981429897864438
DoS slowloris,0.027359955206026826,0.9981429897864438
DoS slowloris,0.027521409096145723,0.9981429897864438
DoS slowloris,0.02768674062675054,0.9981429897864438
DoS slowloris,0.027836579855379257,0.9981429897864438
DoS slowloris,0.027974575664721456,0.9981429897864438
DoS slowloris,0.028110822012734855,0.9981429897864438
DoS slowloris,0.028262326975405202,0.9981429897864438
DoS slowloris,0.028490783562805613,0.9981429897864438
DoS slowloris,0.02868617326448652,0.9981429897864438
DoS slowloris,0.028894742500806366,0.9981429897864438
DoS slowloris,0.029036985015565175,0.9981429897864438
DoS slowloris,0.0291566934953451,0.9981429897864438
DoS slowloris,0.029272808964287172,0.9981429897864438
DoS slowloris,0.029377002589275343,0.9981429897864438
DoS slowloris,0.029475877764220396,0.9981429897864438
DoS slowloris,0.02962207740317714,0.9981429897864438
DoS slowloris,0.02999546580168114,0.9981429897864438
DoS slowloris,0.030228046002868148,0.9981429897864438
DoS slowloris,0.03059344161988716,0.9981429897864438
DoS slowloris,0.030882152270556382,0.9981429897864438
DoS slowloris,0.031285241369274984,0.9981429897864438
DoS slowloris,0.03153054039781729,0.9979108635097493
DoS slowloris,0.03203069701598182,0.9979108635097493
DoS slowloris,0.032390280655490676,0.9979108635097493
DoS slowloris,0.03275977687688603,0.9979108635097493
DoS slowloris,0.033058550314513775,0.9979108635097493
DoS slowloris,0.03336230579397476,0.9979108635097493
DoS slowloris,0.03369280687179648,0.9979108635097493
DoS slowloris,0.03403530995170612,0.9979108635097493
DoS slowloris,0.03439089949121628,0.9979108635097493
DoS slowloris,0.03480915288821234,0.9979108635097493
DoS slowloris,0.035191263987688376,0.9979108635097493
DoS slowloris,0.03562284038083874,0.9979108635097493
DoS slowloris,0.03599688512647894,0.9979108635097493
DoS slowloris,0.036401663011541165,0.9979108635097493
DoS slowloris,0.03690382172166329,0.9979108635097493
DoS slowloris,0.037373833969415876,0.9979108635097493
DoS slowloris,0.0378463082462519,0.9979108635097493
DoS slowloris,0.03834350355065482,0.9976787372330548
DoS slowloris,0.03883653055507866,0.9976787372330548
DoS slowloris,0.039309297773875505,0.9976787372330548
DoS slowloris,0.039723469934749255,0.9976787372330548
DoS slowloris,0.04018700327255727,0.9976787372330548
DoS slowloris,0.04083959673511274,0.9976787372330548
DoS slowloris,0.04159247503290238,0.9976787372330548
DoS slowloris,0.042200141387165185,0.9976787372330548
DoS slowloris,0.042757234806657315,0.9976787372330548
DoS slowloris,0.04327992991430614,0.9976787372330548
DoS slowloris,0.04380179610809268,0.9974466109563602
DoS slowloris,0.04431633010870238,0.9974466109563602
DoS slowloris,0.04481176347898634,0.9974466109563602
DoS slowloris,0.04524867814033831,0.9972144846796658
DoS slowloris,0.045773709950667534,0.9972144846796658
DoS slowloris,0.04624675702151938,0.9972144846796658
DoS slowloris,0.04655648875643457,0.9972144846796658
DoS slowloris,0.046892396358635145,0.9972144846796658
DoS slowloris,0.04722176422093982,0.9972144846796658
DoS slowloris,0.047613769866778975,0.9972144846796658
DoS slowloris,0.047950174678825355,0.9972144846796658
DoS slowloris,0.04824093517343604,0.9972144846796658
DoS slowloris,0.048596185606660486,0.9972144846796658
DoS slowloris,0.048872351562322204,0.9969823584029712
DoS slowloris,0.04918633547485714,0.9969823584029712
DoS slowloris,0.0494792866688171,0.9969823584029712
DoS slowloris,0.049757295612785135,0.9969823584029712
DoS slowloris,0.050061192377178154,0.9969823584029712
DoS slowloris,0.05031277089239276,0.9969823584029712
DoS slowloris,0.05054321597984863,0.9967502321262767
DoS slowloris,0.050779309855490645,0.9967502321262767
DoS slowloris,0.05101398310622171,0.9967502321262767
DoS slowloris,0.05133354851821301,0.9967502321262767
DoS slowloris,0.051962824918921534,0.9967502321262767
DoS slowloris,0.05248169740524817,0.9967502321262767
DoS slowloris,0.05304967693315049,0.9967502321262767
DoS slowloris,0.05357989568515884,0.9967502321262767
DoS slowloris,0.05416997817557936,0.9967502321262767
DoS slowloris,0.054738989100643766,0.9967502321262767
DoS slowloris,0.055345701135792284,0.9965181058495822
DoS slowloris,0.055913726409565115,0.9965181058495822
DoS slowloris,0.056380757259367247,0.9965181058495822
DoS slowloris,0.05691067688310311,0.9965181058495822
DoS slowloris,0.05766441005802708,0.9965181058495822
DoS slowloris,0.05827338129496403,0.9965181058495822
DoS slowloris,0.05890909090909091,0.9965181058495822
DoS slowloris,0.05946724660968819,0.9965181058495822
DoS slowloris,0.06020310834315211,0.9962859795728877
DoS slowloris,0.060875978667877,0.9962859795728877
DoS slowloris,0.061452114027175236,0.9962859795728877
DoS slowloris,0.06237374838325268,0.9962859795728877
DoS slowloris,0.06317524802025376,0.9962859795728877
DoS slowloris,0.06374194314907773,0.9962859795728877
DoS slowloris,0.06467654194481699,0.9962859795728877
DoS slowloris,0.06524085305607491,0.9962859795728877
DoS slowloris,0.06581994999463132,0.9960538532961931
DoS slowloris,0.06660249642923678,0.9958217270194986
DoS slowloris,0.0672257053291536,0.9955896007428041
DoS slowloris,0.06816411528128825,0.9953574744661096
DoS slowloris,0.068886853984931,0.9953574744661096
DoS slowloris,0.07080113598837594,0.9953574744661096
DoS slowloris,0.07234688712670828,0.9953574744661096
DoS slowloris,0.07399610001898221,0.9953574744661096
DoS slowloris,0.07618912243918907,0.9953574744661096
DoS slowloris,0.07804167804167804,0.9953574744661096
DoS slowloris,0.08012035808398901,0.995125348189415
DoS slowloris,0.0822206875383671,0.9948932219127206
DoS slowloris,0.08490435127366439,0.994196843082637
DoS slowloris,0.08710418742754876,0.994196843082637
DoS slowloris,0.08936507605316418,0.994196843082637
DoS slowloris,0.09194538663002877,0.994196843082637
DoS slowloris,0.09478180047800301,0.994196843082637
DoS slowloris,0.09682159327244778,0.994196843082637
DoS slowloris,0.0990266121014543,0.994196843082637
DoS slowloris,0.10102129867679317,0.994196843082637
DoS slowloris,0.103461603497838,0.994196843082637
DoS slowloris,0.1054342205697683,0.9939647168059424
DoS slowloris,0.10782091957496097,0.9939647168059424
DoS slowloris,0.10980804762882365,0.9932683379758589
DoS slowloris,0.11193073321300584,0.9932683379758589
DoS slowloris,0.11330428776366824,0.9900185701021356
DoS slowloris,0.1152453523562473,0.9900185701021356
DoS slowloris,0.11749634976170142,0.9900185701021356
DoS slowloris,0.119971870604782,0.9900185701021356
DoS slowloris,0.12239080989260934,0.9867688022284122
DoS slowloris,0.12444743698586024,0.9867688022284122
DoS slowloris,0.12625917451638785,0.9863045496750232
DoS slowloris,0.12953161807446387,0.9828226555246053
DoS slowloris,0.13333123346352527,0.9825905292479109
DoS slowloris,0.1373332034674199,0.9818941504178273
DoS slowloris,0.14149996654847127,0.9818941504178273
DoS slowloris,0.14628073451602863,0.9818941504178273
DoS slowloris,0.1505016722408027,0.9818941504178273
DoS slowloris,0.1555277491535404,0.9809656453110492
DoS slowloris,0.15833552409208698,0.978644382544104
DoS slowloris,0.16052250742630816,0.9784122562674095
DoS slowloris,0.16257088846880907,0.9781801299907149
DoS slowloris,0.164613880742913,0.9772516248839369
DoS slowloris,0.1666006809723652,0.9767873723305478
DoS slowloris,0.1688473270187831,0.9765552460538532
DoS slowloris,0.1705042970650235,0.9763231197771588
DoS slowloris,0.17214557661603963,0.9760909935004642
DoS slowloris,0.17387707833567706,0.9758588672237697
DoS slowloris,0.17738659444820581,0.9730733519034355
DoS slowloris,0.18040146773149146,0.9700557103064067
DoS slowloris,0.18248525879012886,0.9698235840297121
DoS slowloris,0.18438589522926874,0.9698235840297121
DoS slowloris,0.18796484110885733,0.967966573816156
DoS slowloris,0.19197191556191973,0.9647168059424327
DoS slowloris,0.19505728624183316,0.9563602599814299
DoS slowloris,0.19779479031248495,0.9535747446610956
DoS slowloris,0.19987346700408798,0.9533426183844012
DoS slowloris,0.2020276588414784,0.952878365831012
DoS slowloris,0.203601726447388,0.9526462395543176
DoS slowloris,0.20796796593846623,0.952414113277623
DoS slowloris,0.22,0.952414113277623
DoS slowloris,0.22487251192630367,0.9519498607242339
DoS slowloris,0.22873916689963655,0.9496285979572887
DoS slowloris,0.23397178575524716,0.947075208913649
DoS slowloris,0.24051006552925203,0.9456824512534819
DoS slowloris,0.24725308079888303,0.9454503249767874
DoS slowloris,0.2574990507530692,0.9445218198700093
DoS slowloris,0.2629435718440954,0.9442896935933147
DoS slowloris,0.2699561694780183,0.9435933147632312
DoS slowloris,0.27623708537248504,0.9433611884865367
DoS slowloris,0.288034612383857,0.9426648096564532
DoS slowloris,0.2912572617083841,0.9426648096564532
DoS slowloris,0.29604783432988185,0.9424326833797586
DoS slowloris,0.29966777408637874,0.942200557103064
DoS slowloris,0.3032590820750486,0.941736304549675
DoS slowloris,0.30680786686838124,0.9415041782729805
DoS slowloris,0.3107890499194847,0.9408077994428969
DoS slowloris,0.31401115933044016,0.9405756731662024
DoS slowloris,0.31669535283993117,0.9396471680594243
DoS slowloris,0.3198671831765357,0.9391829155060353
DoS slowloris,0.3237415838409747,0.9375580315691736
DoS slowloris,0.3271309011131876,0.9345403899721448
DoS slowloris,0.33104815396051873,0.9303621169916435
DoS slowloris,0.33559919436052366,0.9282729805013927
DoS slowloris,0.3393191489361702,0.9254874651810585
DoS slowloris,0.34345089247219107,0.9245589600742804
DoS slowloris,0.3506573722756552,0.9224698235840297
DoS slowloris,0.36021066012893854,0.9208449396471681
DoS slowloris,0.3716722909636295,0.9203806870937791
DoS slowloris,0.3821004918507088,0.9196843082636954
DoS slowloris,0.3907252096694623,0.9192200557103064
DoS slowloris,0.39740755627009644,0.9180594243268339
DoS slowloris,0.4057658766800041,0.9180594243268339
DoS slowloris,0.4142228739002933,0.9180594243268339
DoS slowloris,0.42126571489452375,0.9178272980501393
DoS slowloris,0.42875731945348083,0.9178272980501393
DoS slowloris,0.4372093023255814,0.9164345403899722
DoS slowloris,0.4435955056179775,0.9164345403899722
DoS slowloris,0.4513547502000686,0.9164345403899722
DoS slowloris,0.4613854434823309,0.9152739090064995
DoS slowloris,0.47148152576826496,0.9152739090064995
DoS slowloris,0.4878048780487805,0.914577530176416
DoS slowloris,0.5070858026281886,0.9136490250696379
DoS slowloris,0.5390304026294166,0.9136490250696379
DoS slowloris,0.5571125265392781,0.9136490250696379
DoS slowloris,0.5671469740634005,0.9136490250696379
DoS slowloris,0.5740119585824704,0.9136490250696379
DoS slowloris,0.5849308961212661,0.9136490250696379
DoS slowloris,0.6060979365568216,0.9136490250696379
DoS slowloris,0.6314776191240173,0.9136490250696379
DoS slowloris,0.6488625123639961,0.9136490250696379
DoS slowloris,0.6671186440677966,0.9136490250696379
DoS slowloris,0.6855948441038147,0.9136490250696379
DoS slowloris,0.7084233261339092,0.9136490250696379
DoS slowloris,0.7239602502760397,0.9131847725162489
DoS slowloris,0.7402597402597403,0.9129526462395543
DoS slowloris,0.756840077071291,0.9117920148560817
DoS slowloris,0.7791252485089464,0.909702878365831
DoS slowloris,0.8288860652265989,0.9085422469823584
DoS slowloris,0.840962819686224,0.9083101207056639
DoS slowloris,0.8779004280243298,0.9045961002785515
DoS slowloris,0.9210275927687916,0.8987929433611885
DoS slowloris,0.9345862826458384,0.8888115134633241
DoS slowloris,0.9489287493771799,0.8841689879294337
DoS slowloris,0.9535001263583522,0.8758124419684308
DoS slowloris,0.9609314359637775,0.862116991643454
DoS slowloris,0.9636937647987371,0.8502785515320335
DoS slowloris,0.9541284403669725,0.531104921077066
DoS slowloris,0.9451553930530164,0.36002785515320335
DoS slowloris,1.0,0.0
