score_iforest,clase
-0.3912916,BENIGN
-0.3460111,BENIGN
-0.3761197,BENIGN
-0.34467942,BENIGN
-0.3820465,BENIGN
-0.33940008,BENIGN
-0.38707244,BENIGN
-0.3448251,BENIGN
-0.34626514,BENIGN
-0.3429067,BENIGN
-0.41016755,BENIGN
-0.38279688,BENIGN
-0.34000903,BENIGN
-0.35427895,BENIGN
-0.35781574,BENIGN
-0.34570646,BENIGN
-0.33954835,BENIGN
-0.41985554,BENIGN
-0.3557136,BENIGN
-0.34820607,BENIGN
-0.33592132,BENIGN
-0.3887932,BENIGN
-0.33587506,BENIGN
-0.39232165,BENIGN
-0.4573312,BENIGN
-0.47716135,BENIGN
-0.33372313,BENIGN
-0.34030756,BENIGN
-0.4077457,BENIGN
-0.5560692,BENIGN
-0.5600896,BENIGN
-0.33509928,BENIGN
-0.3907556,BENIGN
-0.34852153,BENIGN
-0.34176025,BENIGN
-0.5197996,BENIGN
-0.44728923,BENIGN
-0.52795863,BENIGN
-0.38372046,BENIGN
-0.3981047,BENIGN
-0.36921355,BENIGN
-0.37477583,BENIGN
-0.34931478,BENIGN
-0.65477693,BENIGN
-0.37089318,BENIGN
-0.3708282,BENIGN
-0.51706225,BENIGN
-0.3989334,BENIGN
-0.623236,BENIGN
-0.34351638,BENIGN
-0.36522704,BENIGN
-0.431902,BENIGN
-0.35155004,BENIGN
-0.35725763,BENIGN
-0.4833137,BENIGN
-0.3328829,BENIGN
-0.39108837,BENIGN
-0.3891294,BENIGN
-0.37934044,BENIGN
-0.34392026,BENIGN
-0.3458654,BENIGN
-0.39515948,BENIGN
-0.59142065,BENIGN
-0.33541203,BENIGN
-0.34131205,BENIGN
-0.37556544,BENIGN
-0.41444653,BENIGN
-0.35627452,BENIGN
-0.35753423,BENIGN
-0.38581222,BENIGN
-0.39180964,BENIGN
-0.34271356,BENIGN
-0.36813155,BENIGN
-0.35834917,BENIGN
-0.4508031,BENIGN
-0.4620973,BENIGN
-0.33562502,BENIGN
-0.35453296,BENIGN
-0.5116862,BENIGN
-0.62478274,BENIGN
-0.34587175,BENIGN
-0.33793715,BENIGN
-0.382918,BENIGN
-0.4319229,BENIGN
-0.3646422,BENIGN
-0.689165,BENIGN
-0.35116753,BENIGN
-0.34751937,BENIGN
-0.36676815,BENIGN
-0.39102465,BENIGN
-0.3506248,BENIGN
-0.39194018,BENIGN
-0.3353227,BENIGN
-0.3459964,BENIGN
-0.3746816,BENIGN
-0.4579034,BENIGN
-0.38787127,BENIGN
-0.39708006,BENIGN
-0.46149084,BENIGN
-0.39829984,BENIGN
-0.37614557,BENIGN
-0.36780477,BENIGN
-0.39242163,BENIGN
-0.3928651,BENIGN
-0.5456415,BENIGN
-0.5650329,BENIGN
-0.39850253,BENIGN
-0.33278683,BENIGN
-0.36318427,BENIGN
-0.46537578,BENIGN
-0.34735447,BENIGN
-0.333407,BENIGN
-0.37976962,BENIGN
-0.3939316,BENIGN
-0.33316717,BENIGN
-0.34514487,BENIGN
-0.39950824,BENIGN
-0.69769657,BENIGN
-0.41241768,BENIGN
-0.42845693,BENIGN
-0.3804981,BENIGN
-0.39298177,BENIGN
-0.35778156,BENIGN
-0.37254277,BENIGN
-0.35053283,BENIGN
-0.4616571,BENIGN
-0.39081123,BENIGN
-0.3893279,BENIGN
-0.33199248,BENIGN
-0.34151396,BENIGN
-0.41957188,BENIGN
-0.4013751,BENIGN
-0.336223,BENIGN
-0.3528803,BENIGN
-0.4777349,BENIGN
-0.3635221,BENIGN
-0.3405815,BENIGN
-0.34204933,BENIGN
-0.38796595,BENIGN
-0.37208202,BENIGN
-0.39125946,BENIGN
-0.42708632,BENIGN
-0.35024026,BENIGN
-0.428088,BENIGN
-0.3367747,BENIGN
-0.36871552,BENIGN
-0.3799172,BENIGN
-0.36828405,BENIGN
-0.4330024,BENIGN
-0.3636279,BENIGN
-0.34682906,BENIGN
-0.3939573,BENIGN
-0.3314703,BENIGN
-0.41902044,BENIGN
-0.3454824,BENIGN
-0.37916207,BENIGN
-0.33578914,BENIGN
-0.36420727,BENIGN
-0.34795383,BENIGN
-0.5517039,BENIGN
-0.3934939,BENIGN
-0.43813202,BENIGN
-0.34057042,BENIGN
-0.3672399,BENIGN
-0.3649998,BENIGN
-0.35373136,BENIGN
-0.40481234,BENIGN
-0.3344953,BENIGN
-0.5285274,BENIGN
-0.36513153,BENIGN
-0.4410567,BENIGN
-0.5308272,BENIGN
-0.35459024,BENIGN
-0.52754015,BENIGN
-0.34013584,BENIGN
-0.71609354,BENIGN
-0.39045948,BENIGN
-0.53278875,BENIGN
-0.3639676,BENIGN
-0.60682887,BENIGN
-0.39667928,BENIGN
-0.38489228,BENIGN
-0.37254277,BENIGN
-0.34801662,BENIGN
-0.3341202,BENIGN
-0.34202492,BENIGN
-0.36984575,BENIGN
-0.36689225,BENIGN
-0.39662647,BENIGN
-0.3321848,BENIGN
-0.3439445,BENIGN
-0.5147719,BENIGN
-0.367934,BENIGN
-0.39511406,BENIGN
-0.34343326,BENIGN
-0.38820744,BENIGN
-0.37227,BENIGN
-0.35294056,BENIGN
-0.33576444,BENIGN
-0.35543582,BENIGN
-0.3392862,BENIGN
-0.33492288,BENIGN
-0.40145013,BENIGN
-0.38424978,BENIGN
-0.33670592,BENIGN
-0.3366708,BENIGN
-0.42704046,BENIGN
-0.36778453,BENIGN
-0.34130433,BENIGN
-0.35829005,BENIGN
-0.33541912,BENIGN
-0.39717582,BENIGN
-0.35045025,BENIGN
-0.47827172,BENIGN
-0.36763594,BENIGN
-0.33129758,BENIGN
-0.3881319,BENIGN
-0.35037878,BENIGN
-0.51045984,BENIGN
-0.34346703,BENIGN
-0.38730577,BENIGN
-0.33875376,BENIGN
-0.35366234,BENIGN
-0.39631972,BENIGN
-0.34431523,BENIGN
-0.36998448,BENIGN
-0.532517,BENIGN
-0.35748795,BENIGN
-0.38786787,BENIGN
-0.3732982,BENIGN
-0.33455393,BENIGN
-0.38020954,BENIGN
-0.39256698,BENIGN
-0.37404907,BENIGN
-0.3907459,BENIGN
-0.37516376,BENIGN
-0.40436321,BENIGN
-0.38263503,BENIGN
-0.64674497,BENIGN
-0.36574402,BENIGN
-0.42903468,BENIGN
-0.40078545,BENIGN
-0.33529332,BENIGN
-0.35207966,BENIGN
-0.34114262,BENIGN
-0.4561415,BENIGN
-0.3700906,BENIGN
-0.33342963,BENIGN
-0.45979524,BENIGN
-0.4789842,BENIGN
-0.48244137,BENIGN
-0.39219123,BENIGN
-0.36163124,BENIGN
-0.37859425,BENIGN
-0.36889607,BENIGN
-0.34216905,BENIGN
-0.3377278,BENIGN
-0.3953654,BENIGN
-0.33479014,BENIGN
-0.39206177,BENIGN
-0.37017792,BENIGN
-0.4101323,BENIGN
-0.34436148,BENIGN
-0.55463314,BENIGN
-0.36542046,BENIGN
-0.3884507,BENIGN
-0.34749407,BENIGN
-0.43381035,BENIGN
-0.44737914,BENIGN
-0.4555743,BENIGN
-0.39530227,BENIGN
-0.34786856,BENIGN
-0.3413626,BENIGN
-0.33707568,BENIGN
-0.39492065,BENIGN
-0.47502577,BENIGN
-0.4539333,BENIGN
-0.374074,BENIGN
-0.39019072,BENIGN
-0.4685897,BENIGN
-0.3412759,BENIGN
-0.39167514,BENIGN
-0.54693884,BENIGN
-0.42034426,BENIGN
-0.3773137,BENIGN
-0.34496093,BENIGN
-0.35198575,BENIGN
-0.37623572,BENIGN
-0.44972277,BENIGN
-0.3663397,BENIGN
-0.3789461,BENIGN
-0.5821338,BENIGN
-0.70289814,BENIGN
-0.36826065,BENIGN
-0.3820233,BENIGN
-0.33523622,BENIGN
-0.3784588,BENIGN
-0.47001776,BENIGN
-0.37124398,BENIGN
-0.34046003,BENIGN
-0.39952838,BENIGN
-0.3403573,BENIGN
-0.35528576,BENIGN
-0.41426235,BENIGN
-0.39666343,BENIGN
-0.34844345,BENIGN
-0.34846526,BENIGN
-0.4321142,BENIGN
-0.38851544,BENIGN
-0.4795863,BENIGN
-0.41475996,BENIGN
-0.3940649,BENIGN
-0.3500871,BENIGN
-0.40853328,BENIGN
-0.34327623,BENIGN
-0.38742006,BENIGN
-0.33695054,BENIGN
-0.39271963,BENIGN
-0.4521899,BENIGN
-0.3355901,BENIGN
-0.3678877,BENIGN
-0.37341738,BENIGN
-0.33546948,BENIGN
-0.34356502,BENIGN
-0.419366,BENIGN
-0.35045892,BENIGN
-0.3614544,BENIGN
-0.43322226,BENIGN
-0.58933747,BENIGN
-0.402826,BENIGN
-0.45358354,BENIGN
-0.3421062,BENIGN
-0.33766243,BENIGN
-0.42335975,BENIGN
-0.36708662,BENIGN
-0.3358243,BENIGN
-0.45716602,BENIGN
-0.42722246,BENIGN
-0.3563712,BENIGN
-0.35593024,BENIGN
-0.38279966,BENIGN
-0.45401552,BENIGN
-0.34544343,BENIGN
-0.37327707,BENIGN
-0.41526717,BENIGN
-0.35798618,BENIGN
-0.37033403,BENIGN
-0.34588215,BENIGN
-0.39278966,BENIGN
-0.38969982,BENIGN
-0.340866,BENIGN
-0.3344811,BENIGN
-0.51873153,BENIGN
-0.36916766,BENIGN
-0.3932288,BENIGN
-0.38517258,BENIGN
-0.45465752,BENIGN
-0.589048,BENIGN
-0.5424996,BENIGN
-0.5738562,BENIGN
-0.33417544,BENIGN
-0.34237316,BENIGN
-0.45808017,BENIGN
-0.44601056,BENIGN
-0.34290498,BENIGN
-0.34648183,BENIGN
-0.34011677,BENIGN
-0.3708854,BENIGN
-0.34850025,BENIGN
-0.35422656,BENIGN
-0.5647033,BENIGN
-0.532438,BENIGN
-0.38837996,BENIGN
-0.39826572,BENIGN
-0.3583285,BENIGN
-0.41591242,BENIGN
-0.6804783,BENIGN
-0.4283163,BENIGN
-0.34316948,BENIGN
-0.34803534,BENIGN
-0.4360565,BENIGN
-0.3447272,BENIGN
-0.38806215,BENIGN
-0.378899,BENIGN
-0.33605188,BENIGN
-0.3412409,BENIGN
-0.6785548,BENIGN
-0.33812395,BENIGN
-0.34693518,BENIGN
-0.34048364,BENIGN
-0.36819285,BENIGN
-0.39622596,BENIGN
-0.3676325,BENIGN
-0.37193736,BENIGN
-0.36764506,BENIGN
-0.3485589,BENIGN
-0.60819197,BENIGN
-0.34047434,BENIGN
-0.7005833,BENIGN
-0.36991277,BENIGN
-0.33794442,BENIGN
-0.3561242,BENIGN
-0.44296002,BENIGN
-0.33697134,BENIGN
-0.59426534,BENIGN
-0.33677587,BENIGN
-0.33659673,BENIGN
-0.3507437,BENIGN
-0.4349311,BENIGN
-0.340064,BENIGN
-0.34820607,BENIGN
-0.33823952,BENIGN
-0.4995995,BENIGN
-0.43396056,BENIGN
-0.33365017,BENIGN
-0.36933243,BENIGN
-0.3596168,BENIGN
-0.37288234,BENIGN
-0.39228383,BENIGN
-0.3417862,BENIGN
-0.37162152,BENIGN
-0.34021464,BENIGN
-0.37192273,BENIGN
-0.47117707,BENIGN
-0.45361987,BENIGN
-0.3452239,BENIGN
-0.3459999,BENIGN
-0.42318943,BENIGN
-0.35586187,BENIGN
-0.33683416,BENIGN
-0.5669279,BENIGN
-0.3336835,BENIGN
-0.34218425,BENIGN
-0.4059866,BENIGN
-0.48635417,BENIGN
-0.34303495,BENIGN
-0.38630962,BENIGN
-0.33262795,BENIGN
-0.5294504,BENIGN
-0.45535767,BENIGN
-0.37186804,BENIGN
-0.3696543,BENIGN
-0.4216148,BENIGN
-0.49973187,BENIGN
-0.34395954,BENIGN
-0.36898014,BENIGN
-0.3659352,BENIGN
-0.34609267,BENIGN
-0.36547512,BENIGN
-0.49753115,BENIGN
-0.4530059,BENIGN
-0.33485046,BENIGN
-0.4565382,BENIGN
-0.4155578,BENIGN
-0.3911662,BENIGN
-0.37092125,BENIGN
-0.36804572,BENIGN
-0.36606708,BENIGN
-0.3649956,BENIGN
-0.33764884,BENIGN
-0.38222632,BENIGN
-0.33933762,BENIGN
-0.34585485,BENIGN
-0.33583072,BENIGN
-0.37136713,BENIGN
-0.37608424,BENIGN
-0.3728315,BENIGN
-0.3362624,BENIGN
-0.34452304,BENIGN
-0.38594934,BENIGN
-0.33314684,BENIGN
-0.38551873,BENIGN
-0.45691368,BENIGN
-0.35695294,BENIGN
-0.3447756,BENIGN
-0.34867325,BENIGN
-0.33778003,BENIGN
-0.41359732,BENIGN
-0.34186894,BENIGN
-0.39480123,BENIGN
-0.36707446,BENIGN
-0.33128983,BENIGN
-0.38716114,BENIGN
-0.33882457,BENIGN
-0.47211573,BENIGN
-0.3505304,BENIGN
-0.34360552,BENIGN
-0.34094024,BENIGN
-0.3371492,BENIGN
-0.33753142,BENIGN
-0.39555198,BENIGN
-0.34761232,BENIGN
-0.5517085,BENIGN
-0.33504942,BENIGN
-0.37563312,BENIGN
-0.36022675,BENIGN
-0.33509716,BENIGN
-0.3719927,BENIGN
-0.338993,BENIGN
-0.3507477,BENIGN
-0.55712414,BENIGN
-0.3643604,BENIGN
-0.35554066,BENIGN
-0.34020966,BENIGN
-0.45049036,BENIGN
-0.46385273,BENIGN
-0.38070208,BENIGN
-0.34090367,BENIGN
-0.6012603,BENIGN
-0.36905295,BENIGN
-0.37295946,BENIGN
-0.37303045,BENIGN
-0.34473956,BENIGN
-0.3899175,BENIGN
-0.361028,BENIGN
-0.34746575,BENIGN
-0.3685394,BENIGN
-0.38987768,BENIGN
-0.5154077,BENIGN
-0.6668263,BENIGN
-0.45791242,BENIGN
-0.33822736,BENIGN
-0.3395882,BENIGN
-0.35174757,BENIGN
-0.3598269,BENIGN
-0.33839905,BENIGN
-0.36921832,BENIGN
-0.3449967,BENIGN
-0.350872,BENIGN
-0.37177032,BENIGN
-0.4094326,BENIGN
-0.42020318,BENIGN
-0.44688028,BENIGN
-0.3699419,BENIGN
-0.40087354,BENIGN
-0.57038504,BENIGN
-0.3910733,BENIGN
-0.6789028,BENIGN
-0.40417248,BENIGN
-0.3401473,BENIGN
-0.45007223,BENIGN
-0.4380297,BENIGN
-0.41029003,BENIGN
-0.34144256,BENIGN
-0.45071742,BENIGN
-0.40269038,BENIGN
-0.4436478,BENIGN
-0.33955932,BENIGN
-0.34460074,BENIGN
-0.39663893,BENIGN
-0.36636168,BENIGN
-0.40119556,BENIGN
-0.35716859,BENIGN
-0.35221827,BENIGN
-0.39369476,BENIGN
-0.3508833,BENIGN
-0.391269,BENIGN
-0.3621319,BENIGN
-0.35041457,BENIGN
-0.36757836,BENIGN
-0.41518983,BENIGN
-0.39345208,BENIGN
-0.40053046,BENIGN
-0.34186867,BENIGN
-0.36855644,BENIGN
-0.5103003,BENIGN
-0.34326285,BENIGN
-0.34008786,BENIGN
-0.4032599,BENIGN
-0.3571016,BENIGN
-0.37150854,BENIGN
-0.3562097,BENIGN
-0.36688066,BENIGN
-0.39561957,BENIGN
-0.48775846,BENIGN
-0.38953492,BENIGN
-0.459458,BENIGN
-0.39762408,BENIGN
-0.34060287,BENIGN
-0.3396181,BENIGN
-0.36142877,BENIGN
-0.34279206,BENIGN
-0.34687194,BENIGN
-0.47286186,BENIGN
-0.33650002,BENIGN
-0.372297,BENIGN
-0.41000694,BENIGN
-0.38335332,BENIGN
-0.36321396,BENIGN
-0.35338518,BENIGN
-0.3507477,BENIGN
-0.3878124,BENIGN
-0.57589215,BENIGN
-0.3459964,BENIGN
-0.3381039,BENIGN
-0.47809267,BENIGN
-0.33636227,BENIGN
-0.5750418,BENIGN
-0.34754947,BENIGN
-0.34645456,BENIGN
-0.4469547,BENIGN
-0.3465044,BENIGN
-0.35167262,BENIGN
-0.3710076,BENIGN
-0.58619785,BENIGN
-0.46512824,BENIGN
-0.42234313,BENIGN
-0.3487587,BENIGN
-0.38960615,BENIGN
-0.40459186,BENIGN
-0.35098872,BENIGN
-0.34714416,BENIGN
-0.34196877,BENIGN
-0.33760503,BENIGN
-0.44863245,BENIGN
-0.36453557,BENIGN
-0.37195617,BENIGN
-0.37573206,BENIGN
-0.5648956,BENIGN
-0.36551517,BENIGN
-0.5209298,BENIGN
-0.36634654,BENIGN
-0.3863191,BENIGN
-0.3483918,BENIGN
-0.37088868,BENIGN
-0.33956414,BENIGN
-0.37310177,BENIGN
-0.34569538,BENIGN
-0.46329743,BENIGN
-0.3944122,BENIGN
-0.39135936,BENIGN
-0.3897827,BENIGN
-0.41451234,BENIGN
-0.39262748,BENIGN
-0.34301853,BENIGN
-0.3963013,BENIGN
-0.39045355,BENIGN
-0.384525,BENIGN
-0.44990644,BENIGN
-0.34087163,BENIGN
-0.45218283,BENIGN
-0.5411698,BENIGN
-0.34462804,BENIGN
-0.49776775,BENIGN
-0.33657458,BENIGN
-0.3923931,BENIGN
-0.37780458,BENIGN
-0.38642067,BENIGN
-0.49266508,BENIGN
-0.34056643,BENIGN
-0.40092728,BENIGN
-0.35517153,BENIGN
-0.40106523,BENIGN
-0.34535182,BENIGN
-0.36549374,BENIGN
-0.35435414,BENIGN
-0.47665766,BENIGN
-0.40459836,BENIGN
-0.45275506,BENIGN
-0.40965828,BENIGN
-0.34990382,BENIGN
-0.6806903,BENIGN
-0.45123333,BENIGN
-0.401778,BENIGN
-0.3342325,BENIGN
-0.4128013,BENIGN
-0.45686963,BENIGN
-0.35045797,BENIGN
-0.38667506,BENIGN
-0.37643915,BENIGN
-0.33718294,BENIGN
-0.37123436,BENIGN
-0.37048087,BENIGN
-0.3391123,BENIGN
-0.33387867,BENIGN
-0.39214286,BENIGN
-0.4408153,BENIGN
-0.38365906,BENIGN
-0.3817712,BENIGN
-0.34851846,BENIGN
-0.3452949,BENIGN
-0.40261054,BENIGN
-0.35241705,BENIGN
-0.45915052,BENIGN
-0.43022215,BENIGN
-0.34550348,BENIGN
-0.38913032,BENIGN
-0.33944875,BENIGN
-0.573227,BENIGN
-0.37540707,BENIGN
-0.37687472,BENIGN
-0.46547464,BENIGN
-0.5305539,BENIGN
-0.35074398,BENIGN
-0.3458654,BENIGN
-0.4313349,BENIGN
-0.4844517,BENIGN
-0.33988902,BENIGN
-0.61391276,BENIGN
-0.54600966,BENIGN
-0.3373593,BENIGN
-0.34279087,BENIGN
-0.3383614,BENIGN
-0.3333086,BENIGN
-0.37689188,BENIGN
-0.35122094,BENIGN
-0.3545391,BENIGN
-0.5769931,BENIGN
-0.34435052,BENIGN
-0.34130344,BENIGN
-0.42577595,BENIGN
-0.45104542,BENIGN
-0.39923286,BENIGN
-0.3953614,BENIGN
-0.40144336,BENIGN
-0.3350839,BENIGN
-0.355944,BENIGN
-0.5474066,BENIGN
-0.36598417,BENIGN
-0.36447003,BENIGN
-0.33096305,BENIGN
-0.33292812,BENIGN
-0.3817275,BENIGN
-0.33783656,BENIGN
-0.3689175,BENIGN
-0.35225287,BENIGN
-0.39599222,BENIGN
-0.46575263,BENIGN
-0.36363527,BENIGN
-0.53078955,BENIGN
-0.40107387,BENIGN
-0.3818324,BENIGN
-0.34137937,BENIGN
-0.35636848,BENIGN
-0.39203748,BENIGN
-0.33238858,BENIGN
-0.5747976,BENIGN
-0.46469915,BENIGN
-0.37532505,BENIGN
-0.358623,BENIGN
-0.4137277,BENIGN
-0.43363303,BENIGN
-0.35101965,BENIGN
-0.34500745,BENIGN
-0.47353315,BENIGN
-0.3400597,BENIGN
-0.35904557,BENIGN
-0.33976713,BENIGN
-0.37974915,BENIGN
-0.33546284,BENIGN
-0.34361157,BENIGN
-0.39493832,BENIGN
-0.3354242,BENIGN
-0.34410372,BENIGN
-0.37122273,BENIGN
-0.33542737,BENIGN
-0.3605023,BENIGN
-0.40071315,BENIGN
-0.36655933,BENIGN
-0.37552035,BENIGN
-0.3970439,BENIGN
-0.4314429,BENIGN
-0.34602228,BENIGN
-0.55872476,BENIGN
-0.36513153,BENIGN
-0.34692994,BENIGN
-0.4403589,BENIGN
-0.33092967,BENIGN
-0.39721832,BENIGN
-0.39534563,BENIGN
-0.42457575,BENIGN
-0.39382476,BENIGN
-0.36659124,BENIGN
-0.3913258,BENIGN
-0.40819448,BENIGN
-0.37757134,BENIGN
-0.34235555,BENIGN
-0.34213638,BENIGN
-0.37640065,BENIGN
-0.34310645,BENIGN
-0.3847596,BENIGN
-0.37014472,BENIGN
-0.4119906,BENIGN
-0.70200557,BENIGN
-0.38800544,BENIGN
-0.39079794,BENIGN
-0.4471805,BENIGN
-0.34062043,BENIGN
-0.47779346,BENIGN
-0.3854165,BENIGN
-0.33430964,BENIGN
-0.34659475,BENIGN
-0.36817986,BENIGN
-0.34758922,BENIGN
-0.3714062,BENIGN
-0.36209503,BENIGN
-0.34237495,BENIGN
-0.3773246,BENIGN
-0.35852015,BENIGN
-0.33996192,BENIGN
-0.3713674,BENIGN
-0.4758789,BENIGN
-0.38784724,BENIGN
-0.3514616,BENIGN
-0.35801604,BENIGN
-0.6461383,BENIGN
-0.39038742,BENIGN
-0.3421356,BENIGN
-0.3752613,BENIGN
-0.34955883,BENIGN
-0.47146782,BENIGN
-0.3900921,BENIGN
-0.34464124,BENIGN
-0.43568027,BENIGN
-0.5686414,BENIGN
-0.34667423,BENIGN
-0.3344988,BENIGN
-0.40939996,BENIGN
-0.41932917,BENIGN
-0.38134876,BENIGN
-0.4051519,BENIGN
-0.5589702,BENIGN
-0.37399676,BENIGN
-0.3584415,BENIGN
-0.3439379,BENIGN
-0.338128,BENIGN
-0.37053648,BENIGN
-0.37046707,BENIGN
-0.40509012,BENIGN
-0.37551948,BENIGN
-0.3480815,BENIGN
-0.3892056,BENIGN
-0.35599992,BENIGN
-0.6840387,BENIGN
-0.3436745,BENIGN
-0.37184626,BENIGN
-0.3809035,BENIGN
-0.36009476,BENIGN
-0.3380581,BENIGN
-0.34761727,BENIGN
-0.38549247,BENIGN
-0.37606847,BENIGN
-0.5089823,BENIGN
-0.3714667,BENIGN
-0.33506835,BENIGN
-0.5615897,BENIGN
-0.44194555,BENIGN
-0.3354281,BENIGN
-0.4010974,BENIGN
-0.36450475,BENIGN
-0.34245846,BENIGN
-0.3757369,BENIGN
-0.35531467,BENIGN
-0.33676496,BENIGN
-0.34802964,BENIGN
-0.34986243,BENIGN
-0.3486184,BENIGN
-0.34605455,BENIGN
-0.390745,BENIGN
-0.34033012,BENIGN
-0.33921498,BENIGN
-0.35460323,BENIGN
-0.66121095,BENIGN
-0.34055156,BENIGN
-0.37272838,BENIGN
-0.33670473,BENIGN
-0.453268,BENIGN
-0.336697,BENIGN
-0.3369469,BENIGN
-0.3669702,BENIGN
-0.35341656,BENIGN
-0.3983681,BENIGN
-0.37403336,BENIGN
-0.34698084,BENIGN
-0.45397523,BENIGN
-0.41397697,BENIGN
-0.3516983,BENIGN
-0.33511373,BENIGN
-0.421892,BENIGN
-0.35818937,BENIGN
-0.3488943,BENIGN
-0.3396239,BENIGN
-0.44961393,BENIGN
-0.4397498,BENIGN
-0.58806604,BENIGN
-0.3469748,BENIGN
-0.3749403,BENIGN
-0.3691062,BENIGN
-0.35714954,BENIGN
-0.39276555,BENIGN
-0.3398889,BENIGN
-0.34113562,BENIGN
-0.3398312,BENIGN
-0.35613084,BENIGN
-0.4823051,BENIGN
-0.34422314,BENIGN
-0.4584514,BENIGN
-0.36831972,BENIGN
-0.3363858,BENIGN
-0.3371898,BENIGN
-0.3889429,BENIGN
-0.3758095,BENIGN
-0.33825624,BENIGN
-0.5426549,BENIGN
-0.33373877,BENIGN
-0.43350342,BENIGN
-0.38112956,BENIGN
-0.36744452,BENIGN
-0.43453127,BENIGN
-0.3593637,BENIGN
-0.3528887,BENIGN
-0.38985237,BENIGN
-0.35587254,BENIGN
-0.40599754,BENIGN
-0.34080762,BENIGN
-0.3333482,BENIGN
-0.4588554,BENIGN
-0.35869813,BENIGN
-0.40482548,BENIGN
-0.38556635,BENIGN
-0.36634788,BENIGN
-0.36846966,BENIGN
-0.39621586,BENIGN
-0.3448958,BENIGN
-0.3392125,BENIGN
-0.33896872,BENIGN
-0.35938916,BENIGN
-0.3851804,BENIGN
-0.518265,BENIGN
-0.34419936,BENIGN
-0.36316797,BENIGN
-0.37403366,BENIGN
-0.34493253,BENIGN
-0.3625914,BENIGN
-0.4169084,BENIGN
-0.68533576,BENIGN
-0.33639765,BENIGN
-0.37919292,BENIGN
-0.37152937,BENIGN
-0.34040278,BENIGN
-0.34828788,BENIGN
-0.34198886,BENIGN
-0.3528034,BENIGN
-0.3481051,BENIGN
-0.4394931,BENIGN
-0.348559,BENIGN
-0.6411494,BENIGN
-0.35012084,BENIGN
-0.42600492,BENIGN
-0.35072765,BENIGN
-0.3412818,BENIGN
-0.6744034,BENIGN
-0.36763594,BENIGN
-0.36090618,BENIGN
-0.34462428,BENIGN
-0.3858858,BENIGN
-0.35584337,BENIGN
-0.33549398,BENIGN
-0.46799758,BENIGN
-0.37625492,BENIGN
-0.3948227,BENIGN
-0.39493832,BENIGN
-0.34914568,BENIGN
-0.34370974,BENIGN
-0.45315498,BENIGN
-0.39672053,BENIGN
-0.355944,BENIGN
-0.36338633,BENIGN
-0.36684513,BENIGN
-0.33319443,BENIGN
-0.38388067,BENIGN
-0.39903408,BENIGN
-0.33911562,BENIGN
-0.33450872,BENIGN
-0.36994863,BENIGN
-0.38351917,BENIGN
-0.35048118,BENIGN
-0.36913398,BENIGN
-0.3701929,BENIGN
-0.38063914,BENIGN
-0.3389433,BENIGN
-0.3357813,BENIGN
-0.34094548,BENIGN
-0.38089865,BENIGN
-0.3459964,BENIGN
-0.35947195,BENIGN
-0.3458654,BENIGN
-0.43909198,BENIGN
-0.34930927,BENIGN
-0.3503566,BENIGN
-0.3380249,BENIGN
-0.34415627,BENIGN
-0.34180588,BENIGN
-0.35354686,BENIGN
-0.37383968,BENIGN
-0.3701265,BENIGN
-0.35511646,BENIGN
-0.34966034,BENIGN
-0.5411671,BENIGN
-0.35492104,BENIGN
-0.38027886,BENIGN
-0.58332056,BENIGN
-0.37029895,BENIGN
-0.4146309,BENIGN
-0.36963916,BENIGN
-0.60878754,BENIGN
-0.3798616,BENIGN
-0.34188318,BENIGN
-0.42309412,BENIGN
-0.39118102,BENIGN
-0.3457052,BENIGN
-0.37551948,BENIGN
-0.35529017,BENIGN
-0.3393714,BENIGN
-0.45210811,BENIGN
-0.34227505,BENIGN
-0.39472878,BENIGN
-0.35707784,BENIGN
-0.37652797,BENIGN
-0.4946749,BENIGN
-0.3706281,BENIGN
-0.38258955,BENIGN
-0.35062847,BENIGN
-0.45579135,BENIGN
-0.3889016,BENIGN
-0.35191813,BENIGN
-0.36713415,BENIGN
-0.5225345,BENIGN
-0.3505087,BENIGN
-0.3681192,BENIGN
-0.35898116,BENIGN
-0.3754454,BENIGN
-0.33555347,BENIGN
-0.4900654,BENIGN
-0.4265043,BENIGN
-0.34140685,BENIGN
-0.3903519,BENIGN
-0.3578481,BENIGN
-0.40901724,BENIGN
-0.34049106,BENIGN
-0.344555,BENIGN
-0.34100097,BENIGN
-0.5830251,BENIGN
-0.40459836,BENIGN
-0.34219337,BENIGN
-0.5403644,BENIGN
-0.33640686,BENIGN
-0.3830643,BENIGN
-0.38704368,BENIGN
-0.36549374,BENIGN
-0.36607307,BENIGN
-0.34059823,BENIGN
-0.35807288,BENIGN
-0.33913946,BENIGN
-0.40329674,BENIGN
-0.3458654,BENIGN
-0.36683935,BENIGN
-0.44169807,BENIGN
-0.33823216,BENIGN
-0.40519962,BENIGN
-0.34817708,BENIGN
-0.40412447,BENIGN
-0.36289337,BENIGN
-0.34823117,BENIGN
-0.4993371,BENIGN
-0.3998518,BENIGN
-0.49250117,BENIGN
-0.36817908,BENIGN
-0.3502599,BENIGN
-0.51579946,BENIGN
-0.33915818,BENIGN
-0.42350653,BENIGN
-0.4640029,BENIGN
-0.33839667,BENIGN
-0.38524687,BENIGN
-0.33697134,BENIGN
-0.33209264,BENIGN
-0.3694541,BENIGN
-0.3923043,BENIGN
-0.3312761,BENIGN
-0.4038772,BENIGN
-0.35712686,BENIGN
-0.60295975,BENIGN
-0.33304003,BENIGN
-0.40796787,BENIGN
-0.526256,BENIGN
-0.34264514,BENIGN
-0.33760875,BENIGN
-0.33493593,BENIGN
-0.41657448,BENIGN
-0.37675217,BENIGN
-0.36710808,BENIGN
-0.33174375,BENIGN
-0.34522521,BENIGN
-0.3458654,BENIGN
-0.5122956,BENIGN
-0.3394103,BENIGN
-0.34633785,BENIGN
-0.37339234,BENIGN
-0.63930774,BENIGN
-0.34470144,BENIGN
-0.34835675,BENIGN
-0.34775165,BENIGN
-0.34833795,BENIGN
-0.34322068,BENIGN
-0.34251738,BENIGN
-0.38604528,BENIGN
-0.4507655,BENIGN
-0.33685273,BENIGN
-0.36827877,BENIGN
-0.34609744,BENIGN
-0.3498093,BENIGN
-0.35743207,BENIGN
-0.3917564,BENIGN
-0.5260802,BENIGN
-0.37741184,BENIGN
-0.62533015,BENIGN
-0.34177777,BENIGN
-0.36470643,BENIGN
-0.560237,BENIGN
-0.39230075,BENIGN
-0.34135824,BENIGN
-0.39475155,BENIGN
-0.3775843,BENIGN
-0.3716061,BENIGN
-0.3422149,BENIGN
-0.36959457,BENIGN
-0.43288583,BENIGN
-0.49672708,BENIGN
-0.47218224,BENIGN
-0.36819285,BENIGN
-0.3925812,BENIGN
-0.39334857,BENIGN
-0.37357447,BENIGN
-0.378672,BENIGN
-0.52401906,BENIGN
-0.41216037,BENIGN
-0.3459999,BENIGN
-0.35799998,BENIGN
-0.33273384,BENIGN
-0.3635458,BENIGN
-0.34964922,BENIGN
-0.35241115,BENIGN
-0.34068996,BENIGN
-0.35551268,BENIGN
-0.4030033,BENIGN
-0.39038873,BENIGN
-0.3462034,BENIGN
-0.33328027,BENIGN
-0.34441254,BENIGN
-0.34162712,BENIGN
-0.3458612,BENIGN
-0.3461276,BENIGN
-0.39270803,BENIGN
-0.36177438,BENIGN
-0.34908268,BENIGN
-0.59481406,BENIGN
-0.5350018,BENIGN
-0.33335322,BENIGN
-0.38756427,BENIGN
-0.33902478,BENIGN
-0.39655045,BENIGN
-0.38575464,BENIGN
-0.46747458,BENIGN
-0.35434294,BENIGN
-0.3410101,BENIGN
-0.36095285,BENIGN
-0.3440668,BENIGN
-0.46070462,BENIGN
-0.33380914,BENIGN
-0.36981893,BENIGN
-0.3583038,BENIGN
-0.3696778,BENIGN
-0.39403975,BENIGN
-0.34009275,BENIGN
-0.44546163,BENIGN
-0.37807912,BENIGN
-0.503646,BENIGN
-0.33721998,BENIGN
-0.37370908,BENIGN
-0.33530408,BENIGN
-0.3389187,BENIGN
-0.35328403,BENIGN
-0.3333668,BENIGN
-0.469749,BENIGN
-0.35003996,BENIGN
-0.36394036,BENIGN
-0.3978694,BENIGN
-0.37154186,BENIGN
-0.3985587,BENIGN
-0.33726802,BENIGN
-0.40074104,BENIGN
-0.39167514,BENIGN
-0.33892965,BENIGN
-0.35206684,BENIGN
-0.34040308,BENIGN
-0.4362442,BENIGN
-0.54046404,BENIGN
-0.34125718,BENIGN
-0.34122962,BENIGN
-0.4489591,BENIGN
-0.3596765,BENIGN
-0.35418552,BENIGN
-0.35426408,BENIGN
-0.39982295,BENIGN
-0.36676815,BENIGN
-0.37032303,BENIGN
-0.3353198,BENIGN
-0.34797356,BENIGN
-0.35389313,BENIGN
-0.34555054,BENIGN
-0.6229084,BENIGN
-0.34710833,BENIGN
-0.41002882,BENIGN
-0.3447039,BENIGN
-0.38718215,BENIGN
-0.44712025,BENIGN
-0.55236703,BENIGN
-0.35584337,BENIGN
-0.38309968,BENIGN
-0.35101297,BENIGN
-0.34476268,BENIGN
-0.47271165,BENIGN
-0.36837462,BENIGN
-0.57730716,BENIGN
-0.5328309,BENIGN
-0.34929034,BENIGN
-0.3701148,BENIGN
-0.33342963,BENIGN
-0.34358057,BENIGN
-0.3713141,BENIGN
-0.36997068,BENIGN
-0.47373304,BENIGN
-0.33459836,BENIGN
-0.38198575,BENIGN
-0.35802478,BENIGN
-0.37236348,BENIGN
-0.35286808,BENIGN
-0.3702409,BENIGN
-0.45337337,BENIGN
-0.45968315,BENIGN
-0.5112776,BENIGN
-0.48547637,BENIGN
-0.38872713,BENIGN
-0.4066794,BENIGN
-0.33340082,BENIGN
-0.3981641,BENIGN
-0.34424403,BENIGN
-0.33320925,BENIGN
-0.34650016,BENIGN
-0.34205675,BENIGN
-0.36921832,BENIGN
-0.34794214,BENIGN
-0.3702289,BENIGN
-0.5567465,BENIGN
-0.39598536,BENIGN
-0.43373773,BENIGN
-0.33365184,BENIGN
-0.38862973,BENIGN
-0.3575806,BENIGN
-0.34752458,BENIGN
-0.36514142,BENIGN
-0.33921063,BENIGN
-0.36451256,BENIGN
-0.39619005,BENIGN
-0.47131297,BENIGN
-0.38509557,BENIGN
-0.39575946,BENIGN
-0.39528766,BENIGN
-0.33893985,BENIGN
-0.41040248,BENIGN
-0.36712438,BENIGN
-0.51950103,BENIGN
-0.44360197,BENIGN
-0.38265792,BENIGN
-0.34795898,BENIGN
-0.34253713,BENIGN
-0.35238543,BENIGN
-0.53753734,BENIGN
-0.4033244,BENIGN
-0.34445208,BENIGN
-0.33919644,BENIGN
-0.42488292,BENIGN
-0.3545292,BENIGN
-0.39105526,BENIGN
-0.37760115,BENIGN
-0.47974193,BENIGN
-0.33950657,BENIGN
-0.34181905,BENIGN
-0.35100827,BENIGN
-0.38944846,BENIGN
-0.3397275,BENIGN
-0.34118462,BENIGN
-0.40006557,BENIGN
-0.33953983,BENIGN
-0.33638036,BENIGN
-0.37515533,BENIGN
-0.34026366,BENIGN
-0.36154425,BENIGN
-0.35183915,BENIGN
-0.3342006,BENIGN
-0.36704347,BENIGN
-0.6095461,BENIGN
-0.3878449,BENIGN
-0.38662824,BENIGN
-0.567331,BENIGN
-0.34321618,BENIGN
-0.33649272,BENIGN
-0.5142321,BENIGN
-0.34972063,BENIGN
-0.41357836,BENIGN
-0.38651925,BENIGN
-0.35603124,BENIGN
-0.3342939,BENIGN
-0.3399351,BENIGN
-0.35010558,BENIGN
-0.39931557,BENIGN
-0.40096864,BENIGN
-0.44126266,BENIGN
-0.39327288,BENIGN
-0.39454356,BENIGN
-0.33731794,BENIGN
-0.45966044,BENIGN
-0.36101297,BENIGN
-0.34575123,BENIGN
-0.35527253,BENIGN
-0.3730122,BENIGN
-0.47890472,BENIGN
-0.55207014,BENIGN
-0.3669602,BENIGN
-0.4065557,BENIGN
-0.475029,BENIGN
-0.39071137,BENIGN
-0.41829616,BENIGN
-0.3837266,BENIGN
-0.43491405,BENIGN
-0.36243322,BENIGN
-0.34456328,BENIGN
-0.34426898,BENIGN
-0.37292185,BENIGN
-0.40311855,BENIGN
-0.37038058,BENIGN
-0.36851025,BENIGN
-0.38658944,BENIGN
-0.34829843,BENIGN
-0.33565181,BENIGN
-0.34811065,BENIGN
-0.34230787,BENIGN
-0.36129475,BENIGN
-0.44561628,BENIGN
-0.4074396,BENIGN
-0.36509514,BENIGN
-0.35821733,BENIGN
-0.38681215,BENIGN
-0.34449252,BENIGN
-0.3318044,BENIGN
-0.43388945,BENIGN
-0.5318661,BENIGN
-0.33663896,BENIGN
-0.37024376,BENIGN
-0.36874476,BENIGN
-0.33812553,BENIGN
-0.3408904,BENIGN
-0.36763594,BENIGN
-0.3392862,BENIGN
-0.35345712,BENIGN
-0.35713086,BENIGN
-0.63489234,BENIGN
-0.36921912,BENIGN
-0.4119469,BENIGN
-0.33852205,BENIGN
-0.38810387,BENIGN
-0.38288963,BENIGN
-0.34848934,BENIGN
-0.41456807,BENIGN
-0.6073951,BENIGN
-0.45463523,BENIGN
-0.370349,BENIGN
-0.46656445,BENIGN
-0.33949462,BENIGN
-0.4348547,BENIGN
-0.33795193,BENIGN
-0.45768982,BENIGN
-0.36717147,BENIGN
-0.3512153,BENIGN
-0.3459717,BENIGN
-0.37876767,BENIGN
-0.38489562,BENIGN
-0.4626651,BENIGN
-0.3469876,BENIGN
-0.45320413,BENIGN
-0.35385245,BENIGN
-0.548994,BENIGN
-0.39367318,BENIGN
-0.3973746,BENIGN
-0.3743054,BENIGN
-0.3737437,BENIGN
-0.41323203,BENIGN
-0.33626398,BENIGN
-0.36288244,BENIGN
-0.36170036,BENIGN
-0.3353508,BENIGN
-0.37774503,BENIGN
-0.38829738,BENIGN
-0.33567885,BENIGN
-0.52446735,BENIGN
-0.3753633,BENIGN
-0.5222624,BENIGN
-0.4762034,BENIGN
-0.335732,BENIGN
-0.3574217,BENIGN
-0.3572108,BENIGN
-0.36168748,BENIGN
-0.34978592,BENIGN
-0.34303865,BENIGN
-0.47993523,BENIGN
-0.36874443,BENIGN
-0.35033152,BENIGN
-0.3754686,BENIGN
-0.36807758,BENIGN
-0.34090537,BENIGN
-0.54622793,BENIGN
-0.3672399,BENIGN
-0.51571935,BENIGN
-0.5282852,BENIGN
-0.56855273,BENIGN
-0.42984948,BENIGN
-0.41359732,BENIGN
-0.33916745,BENIGN
-0.34790218,BENIGN
-0.3414207,BENIGN
-0.3554014,BENIGN
-0.3671114,BENIGN
-0.3713674,BENIGN
-0.35084045,BENIGN
-0.5434066,BENIGN
-0.35598022,BENIGN
-0.5961159,BENIGN
-0.34470364,BENIGN
-0.43457162,BENIGN
-0.33694902,BENIGN
-0.34908268,BENIGN
-0.41696742,BENIGN
-0.3368944,BENIGN
-0.33927706,BENIGN
-0.3925957,BENIGN
-0.33766934,BENIGN
-0.33720165,BENIGN
-0.33933446,BENIGN
-0.33822617,BENIGN
-0.33837482,BENIGN
-0.36122447,BENIGN
-0.44585526,BENIGN
-0.34862202,BENIGN
-0.5996542,BENIGN
-0.35443977,BENIGN
-0.33919197,BENIGN
-0.36908072,BENIGN
-0.33843368,BENIGN
-0.347262,BENIGN
-0.33910128,BENIGN
-0.33880326,BENIGN
-0.37618682,BENIGN
-0.37355018,BENIGN
-0.4478885,BENIGN
-0.34778714,BENIGN
-0.35758385,BENIGN
-0.33549452,BENIGN
-0.34482878,BENIGN
-0.38057148,BENIGN
-0.34647945,BENIGN
-0.3458654,BENIGN
-0.37512568,BENIGN
-0.4788788,BENIGN
-0.33600286,BENIGN
-0.3660925,BENIGN
-0.33263767,BENIGN
-0.5375285,BENIGN
-0.54634374,BENIGN
-0.37667254,BENIGN
-0.42783588,BENIGN
-0.33831406,BENIGN
-0.33751383,BENIGN
-0.37166765,BENIGN
-0.35677037,BENIGN
-0.36852947,BENIGN
-0.55901927,BENIGN
-0.428704,BENIGN
-0.39534333,BENIGN
-0.3885643,BENIGN
-0.35499364,BENIGN
-0.3396803,BENIGN
-0.46334523,BENIGN
-0.3866463,BENIGN
-0.3419325,BENIGN
-0.35699797,BENIGN
-0.35249567,BENIGN
-0.38494158,BENIGN
-0.35846552,BENIGN
-0.51407725,BENIGN
-0.41500556,BENIGN
-0.4434817,BENIGN
-0.33983663,BENIGN
-0.3429202,BENIGN
-0.56099176,BENIGN
-0.3767857,BENIGN
-0.33647475,BENIGN
-0.35511646,BENIGN
-0.3488419,BENIGN
-0.3714152,BENIGN
-0.3491498,BENIGN
-0.33636922,BENIGN
-0.37050617,BENIGN
-0.45010105,BENIGN
-0.3910367,BENIGN
-0.3447373,BENIGN
-0.3348229,BENIGN
-0.53155655,BENIGN
-0.33788922,BENIGN
-0.39187717,BENIGN
-0.3850277,BENIGN
-0.34577206,BENIGN
-0.3759878,BENIGN
-0.38626394,BENIGN
-0.4619177,BENIGN
-0.37937498,BENIGN
-0.36930704,BENIGN
-0.3526875,BENIGN
-0.37163183,BENIGN
-0.45840886,BENIGN
-0.3483333,BENIGN
-0.3888366,BENIGN
-0.37084275,BENIGN
-0.33672628,BENIGN
-0.34827125,BENIGN
-0.34524086,BENIGN
-0.3484921,BENIGN
-0.35728568,BENIGN
-0.34896103,BENIGN
-0.39850262,BENIGN
-0.35583416,BENIGN
-0.38340792,BENIGN
-0.3733956,BENIGN
-0.34917504,BENIGN
-0.35796466,BENIGN
-0.34532017,BENIGN
-0.3470073,BENIGN
-0.36995798,BENIGN
-0.36456388,BENIGN
-0.38505593,BENIGN
-0.40320164,BENIGN
-0.40920866,BENIGN
-0.35236314,BENIGN
-0.36806116,BENIGN
-0.33451873,BENIGN
-0.35032675,BENIGN
-0.38654244,BENIGN
-0.41520986,BENIGN
-0.5465166,BENIGN
-0.5118529,BENIGN
-0.34171727,BENIGN
-0.3475444,BENIGN
-0.48099044,BENIGN
-0.39169598,BENIGN
-0.33963048,BENIGN
-0.40969256,BENIGN
-0.36830443,BENIGN
-0.34247604,BENIGN
-0.34209615,BENIGN
-0.35094208,BENIGN
-0.36951324,BENIGN
-0.33986476,BENIGN
-0.37366465,BENIGN
-0.44329202,BENIGN
-0.37819162,BENIGN
-0.34494364,BENIGN
-0.5206505,BENIGN
-0.3524,BENIGN
-0.3653199,BENIGN
-0.33351034,BENIGN
-0.34612843,BENIGN
-0.41919675,BENIGN
-0.33750537,BENIGN
-0.38930637,BENIGN
-0.44673193,BENIGN
-0.34669593,BENIGN
-0.34046742,BENIGN
-0.6241722,BENIGN
-0.33280912,BENIGN
-0.3638656,BENIGN
-0.4337256,BENIGN
-0.37104928,BENIGN
-0.33943415,BENIGN
-0.35461706,BENIGN
-0.33605537,BENIGN
-0.36880767,BENIGN
-0.49104938,BENIGN
-0.34891108,BENIGN
-0.6441938,BENIGN
-0.41220468,BENIGN
-0.34744215,BENIGN
-0.3733583,BENIGN
-0.37262177,BENIGN
-0.35463914,BENIGN
-0.39603013,BENIGN
-0.3484499,BENIGN
-0.42428392,BENIGN
-0.4171441,BENIGN
-0.35239154,BENIGN
-0.3592624,BENIGN
-0.35050014,BENIGN
-0.5711866,BENIGN
-0.3653735,BENIGN
-0.3418637,BENIGN
-0.61777467,BENIGN
-0.3528523,BENIGN
-0.37217224,BENIGN
-0.45783034,BENIGN
-0.34074107,BENIGN
-0.3332913,BENIGN
-0.35183132,BENIGN
-0.33589906,BENIGN
-0.3699706,BENIGN
-0.5188373,BENIGN
-0.3454249,BENIGN
-0.369845,BENIGN
-0.34415475,BENIGN
-0.37097403,BENIGN
-0.34852678,BENIGN
-0.33951378,BENIGN
-0.36733577,BENIGN
-0.47582847,BENIGN
-0.34478566,BENIGN
-0.34594315,BENIGN
-0.34152007,BENIGN
-0.33564606,BENIGN
-0.34470144,BENIGN
-0.36012807,BENIGN
-0.6121454,BENIGN
-0.37163183,BENIGN
-0.37324548,BENIGN
-0.37539333,BENIGN
-0.3459964,BENIGN
-0.3674736,BENIGN
-0.4437,BENIGN
-0.3456113,BENIGN
-0.34194627,BENIGN
-0.5902505,BENIGN
-0.39856905,BENIGN
-0.58658063,BENIGN
-0.36228016,BENIGN
-0.41359732,BENIGN
-0.34012154,BENIGN
-0.60749197,BENIGN
-0.34110007,BENIGN
-0.38918933,BENIGN
-0.3983418,BENIGN
-0.35024402,BENIGN
-0.5318152,BENIGN
-0.345345,BENIGN
-0.34342045,BENIGN
-0.37956408,BENIGN
-0.3723616,BENIGN
-0.3756319,BENIGN
-0.3658398,BENIGN
-0.3374955,BENIGN
-0.3416226,BENIGN
-0.34091213,BENIGN
-0.40316936,BENIGN
-0.33777365,BENIGN
-0.4626191,BENIGN
-0.34803554,BENIGN
-0.34555128,BENIGN
-0.39035645,BENIGN
-0.37719846,BENIGN
-0.37405077,BENIGN
-0.3698338,BENIGN
-0.34260345,BENIGN
-0.33826637,BENIGN
-0.3548349,BENIGN
-0.34104818,BENIGN
-0.3327693,BENIGN
-0.37144586,BENIGN
-0.35723323,BENIGN
-0.349792,BENIGN
-0.34738648,BENIGN
-0.3928164,BENIGN
-0.33512837,BENIGN
-0.44482276,BENIGN
-0.39260134,BENIGN
-0.371129,BENIGN
-0.5732185,BENIGN
-0.33189487,BENIGN
-0.3517587,BENIGN
-0.36785612,BENIGN
-0.35271582,BENIGN
-0.3783946,BENIGN
-0.33208725,BENIGN
-0.3359288,BENIGN
-0.35058767,BENIGN
-0.35971037,BENIGN
-0.35229564,BENIGN
-0.36591575,BENIGN
-0.35294294,BENIGN
-0.332838,BENIGN
-0.3829844,BENIGN
-0.3507171,BENIGN
-0.6666944,BENIGN
-0.3409769,BENIGN
-0.36256197,BENIGN
-0.3590604,BENIGN
-0.33684304,BENIGN
-0.37145188,BENIGN
-0.3571016,BENIGN
-0.34700668,BENIGN
-0.34791273,BENIGN
-0.3735591,BENIGN
-0.39057818,BENIGN
-0.36933243,BENIGN
-0.40724954,BENIGN
-0.34253213,BENIGN
-0.3501377,BENIGN
-0.43060976,BENIGN
-0.33919743,BENIGN
-0.37741786,BENIGN
-0.3906829,BENIGN
-0.43157846,BENIGN
-0.45836025,BENIGN
-0.3509796,BENIGN
-0.34091145,BENIGN
-0.36909533,BENIGN
-0.3490769,BENIGN
-0.39275447,BENIGN
-0.35926604,BENIGN
-0.45245013,BENIGN
-0.4154026,BENIGN
-0.46524414,BENIGN
-0.40684938,BENIGN
-0.3830868,BENIGN
-0.34040186,BENIGN
-0.3458654,BENIGN
-0.35519537,BENIGN
-0.3392023,BENIGN
-0.33823574,BENIGN
-0.3562097,BENIGN
-0.33630234,BENIGN
-0.37640065,BENIGN
-0.38122717,BENIGN
-0.40284705,BENIGN
-0.62835014,BENIGN
-0.53680587,BENIGN
-0.33748436,BENIGN
-0.4013751,BENIGN
-0.33468288,BENIGN
-0.33903453,BENIGN
-0.36121777,BENIGN
-0.37295946,BENIGN
-0.35516447,BENIGN
-0.45866045,BENIGN
-0.33909804,BENIGN
-0.3594548,BENIGN
-0.3391561,BENIGN
-0.36523193,BENIGN
-0.4281569,BENIGN
-0.37059674,BENIGN
-0.36574402,BENIGN
-0.3459964,BENIGN
-0.3471817,BENIGN
-0.3894048,BENIGN
-0.33609772,BENIGN
-0.58121943,BENIGN
-0.35256365,BENIGN
-0.43575567,BENIGN
-0.35019624,BENIGN
-0.55237544,BENIGN
-0.40236375,BENIGN
-0.34995887,BENIGN
-0.38200435,BENIGN
-0.5564515,BENIGN
-0.39038387,BENIGN
-0.34408334,BENIGN
-0.39350787,BENIGN
-0.361514,BENIGN
-0.35531545,BENIGN
-0.37312743,BENIGN
-0.37744972,BENIGN
-0.48391822,BENIGN
-0.49127004,BENIGN
-0.3908448,BENIGN
-0.4494974,BENIGN
-0.35453084,BENIGN
-0.34120286,BENIGN
-0.38351032,BENIGN
-0.38628945,BENIGN
-0.33542755,BENIGN
-0.40986916,BENIGN
-0.3371076,BENIGN
-0.36268288,BENIGN
-0.35272232,BENIGN
-0.3944222,BENIGN
-0.37106004,BENIGN
-0.35549486,BENIGN
-0.38801238,BENIGN
-0.38512352,BENIGN
-0.3483277,BENIGN
-0.35472578,BENIGN
-0.36574402,BENIGN
-0.3675116,BENIGN
-0.58460075,BENIGN
-0.3886231,BENIGN
-0.37773156,BENIGN
-0.3821811,BENIGN
-0.3357759,BENIGN
-0.6393481,BENIGN
-0.36728084,BENIGN
-0.36847878,BENIGN
-0.46157798,BENIGN
-0.58024377,BENIGN
-0.3551631,BENIGN
-0.3721756,BENIGN
-0.3900533,BENIGN
-0.34232685,BENIGN
-0.4568234,BENIGN
-0.46242133,BENIGN
-0.3751113,BENIGN
-0.5057518,BENIGN
-0.369883,BENIGN
-0.33912128,BENIGN
-0.5236315,BENIGN
-0.3558526,BENIGN
-0.37758568,BENIGN
-0.35101125,BENIGN
-0.36881825,BENIGN
-0.39433232,BENIGN
-0.33413994,BENIGN
-0.34205917,BENIGN
-0.3399595,BENIGN
-0.34261292,BENIGN
-0.34366143,BENIGN
-0.4723129,BENIGN
-0.41495302,BENIGN
-0.6637365,BENIGN
-0.37494898,BENIGN
-0.68469894,BENIGN
-0.3426394,BENIGN
-0.45423168,BENIGN
-0.42954046,BENIGN
-0.46145314,BENIGN
-0.38185844,BENIGN
-0.401297,BENIGN
-0.35280985,BENIGN
-0.52615476,BENIGN
-0.3921523,BENIGN
-0.3396867,BENIGN
-0.38619357,BENIGN
-0.34082434,BENIGN
-0.4369779,BENIGN
-0.38719386,BENIGN
-0.35064992,BENIGN
-0.34004074,BENIGN
-0.34663194,BENIGN
-0.3395729,BENIGN
-0.3454634,BENIGN
-0.397111,BENIGN
-0.392749,BENIGN
-0.36972806,BENIGN
-0.35049433,BENIGN
-0.48284626,BENIGN
-0.35390747,BENIGN
-0.5493726,BENIGN
-0.40053317,BENIGN
-0.596313,BENIGN
-0.38559517,BENIGN
-0.4635142,BENIGN
-0.3370532,BENIGN
-0.34637028,BENIGN
-0.3766426,BENIGN
-0.37679222,BENIGN
-0.36533192,BENIGN
-0.3415246,BENIGN
-0.37756705,BENIGN
-0.3557047,BENIGN
-0.37068623,BENIGN
-0.33827534,BENIGN
-0.34628084,BENIGN
-0.35907996,BENIGN
-0.42031506,BENIGN
-0.34546164,BENIGN
-0.3671234,BENIGN
-0.34837797,BENIGN
-0.36831972,BENIGN
-0.35145628,BENIGN
-0.45107505,BENIGN
-0.37212986,BENIGN
-0.44833952,BENIGN
-0.36991277,BENIGN
-0.38590422,BENIGN
-0.34730524,BENIGN
-0.4597294,BENIGN
-0.4834187,BENIGN
-0.33369598,BENIGN
-0.33468288,BENIGN
-0.4733897,BENIGN
-0.40109566,BENIGN
-0.33327633,BENIGN
-0.337172,BENIGN
-0.5782319,BENIGN
-0.58933747,BENIGN
-0.34181255,BENIGN
-0.34283704,BENIGN
-0.34530422,BENIGN
-0.34117046,BENIGN
-0.33515596,BENIGN
-0.3832464,BENIGN
-0.37650213,BENIGN
-0.64265966,BENIGN
-0.44612813,BENIGN
-0.7016734,BENIGN
-0.41156414,BENIGN
-0.33864564,BENIGN
-0.33304003,BENIGN
-0.33422628,BENIGN
-0.34203607,BENIGN
-0.41359732,BENIGN
-0.40339443,BENIGN
-0.34800434,BENIGN
-0.3437584,BENIGN
-0.34320202,BENIGN
-0.39588773,BENIGN
-0.4113342,BENIGN
-0.33504048,BENIGN
-0.55385417,BENIGN
-0.5723109,BENIGN
-0.39732152,BENIGN
-0.37045148,BENIGN
-0.6660181,BENIGN
-0.33658925,BENIGN
-0.36575705,BENIGN
-0.34506387,BENIGN
-0.3961137,BENIGN
-0.36000392,BENIGN
-0.66967905,BENIGN
-0.44982356,BENIGN
-0.4607696,BENIGN
-0.3488818,BENIGN
-0.36879662,BENIGN
-0.3976752,BENIGN
-0.42969766,BENIGN
-0.3763504,BENIGN
-0.43809775,BENIGN
-0.34262308,BENIGN
-0.33649695,BENIGN
-0.43952566,BENIGN
-0.35143316,BENIGN
-0.39299798,BENIGN
-0.353997,BENIGN
-0.4563658,BENIGN
-0.34406778,BENIGN
-0.37277246,BENIGN
-0.4126238,BENIGN
-0.4761257,BENIGN
-0.4422872,BENIGN
-0.34030628,BENIGN
-0.33675665,BENIGN
-0.39125952,BENIGN
-0.4059457,BENIGN
-0.39221382,BENIGN
-0.3328192,BENIGN
-0.44456604,BENIGN
-0.3808522,BENIGN
-0.45119968,BENIGN
-0.37397745,BENIGN
-0.33722016,BENIGN
-0.40022877,BENIGN
-0.3822391,BENIGN
-0.37276682,BENIGN
-0.5334776,BENIGN
-0.4637054,BENIGN
-0.33331063,BENIGN
-0.34007537,BENIGN
-0.3637653,BENIGN
-0.39440197,BENIGN
-0.3696495,BENIGN
-0.4016344,BENIGN
-0.4416919,BENIGN
-0.39040452,BENIGN
-0.33992672,BENIGN
-0.3952536,BENIGN
-0.3802905,BENIGN
-0.37797722,BENIGN
-0.34495038,BENIGN
-0.39731446,BENIGN
-0.34553066,BENIGN
-0.39544484,BENIGN
-0.4198859,BENIGN
-0.3392301,BENIGN
-0.3503566,BENIGN
-0.37357447,BENIGN
-0.5632574,BENIGN
-0.3483333,BENIGN
-0.36996883,BENIGN
-0.34583837,BENIGN
-0.34138864,BENIGN
-0.5108935,BENIGN
-0.38837996,BENIGN
-0.37213677,BENIGN
-0.33799022,BENIGN
-0.34479347,BENIGN
-0.35461095,BENIGN
-0.35689744,BENIGN
-0.34192485,BENIGN
-0.6238018,BENIGN
-0.5596404,BENIGN
-0.3411682,BENIGN
-0.34378907,BENIGN
-0.35100958,BENIGN
-0.36872712,BENIGN
-0.5291545,BENIGN
-0.3470997,BENIGN
-0.4053799,BENIGN
-0.38587183,BENIGN
-0.34917492,BENIGN
-0.58199275,BENIGN
-0.43288684,BENIGN
-0.40604696,BENIGN
-0.40513104,BENIGN
-0.43986365,BENIGN
-0.33204183,BENIGN
-0.39528784,BENIGN
-0.34833953,BENIGN
-0.3691857,BENIGN
-0.3577497,BENIGN
-0.56192064,BENIGN
-0.34567925,BENIGN
-0.3433608,BENIGN
-0.39154503,BENIGN
-0.34026366,BENIGN
-0.3808072,BENIGN
-0.47870415,BENIGN
-0.3419621,BENIGN
-0.56942487,BENIGN
-0.34047797,BENIGN
-0.3459964,BENIGN
-0.33724448,BENIGN
-0.34029698,BENIGN
-0.4247319,BENIGN
-0.35616547,BENIGN
-0.33609313,BENIGN
-0.34996426,BENIGN
-0.399979,BENIGN
-0.35405278,BENIGN
-0.35908005,BENIGN
-0.35613012,BENIGN
-0.34912547,BENIGN
-0.34777424,BENIGN
-0.33965814,BENIGN
-0.3434997,BENIGN
-0.33995008,BENIGN
-0.43149012,BENIGN
-0.37236348,BENIGN
-0.36879662,BENIGN
-0.33300194,BENIGN
-0.3406376,BENIGN
-0.3529841,BENIGN
-0.43239266,BENIGN
-0.38669917,BENIGN
-0.5138597,BENIGN
-0.38523397,BENIGN
-0.38850695,BENIGN
-0.34754744,BENIGN
-0.33377174,BENIGN
-0.34908268,BENIGN
-0.57171166,BENIGN
-0.37990174,BENIGN
-0.33974525,BENIGN
-0.3494668,BENIGN
-0.33969843,BENIGN
-0.34009644,BENIGN
-0.39113247,BENIGN
-0.34746358,BENIGN
-0.39208686,BENIGN
-0.41320628,BENIGN
-0.4040403,BENIGN
-0.33774072,BENIGN
-0.4767717,BENIGN
-0.33322018,BENIGN
-0.39241743,BENIGN
-0.33886242,BENIGN
-0.39561957,BENIGN
-0.37481,BENIGN
-0.36676708,BENIGN
-0.38305083,BENIGN
-0.36965078,BENIGN
-0.45455003,BENIGN
-0.35781938,BENIGN
-0.34380603,BENIGN
-0.34125167,BENIGN
-0.41327256,BENIGN
-0.3531451,BENIGN
-0.3860368,BENIGN
-0.39493832,BENIGN
-0.37978753,BENIGN
-0.3651347,BENIGN
-0.3474407,BENIGN
-0.3885854,BENIGN
-0.40573615,BENIGN
-0.38549054,BENIGN
-0.42160663,BENIGN
-0.4616266,BENIGN
-0.35317633,BENIGN
-0.35067388,BENIGN
-0.4481461,BENIGN
-0.5239634,BENIGN
-0.34201536,BENIGN
-0.5029043,BENIGN
-0.52400064,BENIGN
-0.42897457,BENIGN
-0.36588112,BENIGN
-0.34604567,BENIGN
-0.37092245,BENIGN
-0.45194945,BENIGN
-0.34980512,BENIGN
-0.37294558,BENIGN
-0.34377724,BENIGN
-0.34852323,BENIGN
-0.4528045,BENIGN
-0.41660172,BENIGN
-0.36684585,BENIGN
-0.36066666,BENIGN
-0.3453924,BENIGN
-0.37415418,BENIGN
-0.3403547,BENIGN
-0.36879662,BENIGN
-0.34889725,BENIGN
-0.35192394,BENIGN
-0.35897014,BENIGN
-0.348449,BENIGN
-0.44828868,BENIGN
-0.40771055,BENIGN
-0.38394663,BENIGN
-0.36978245,BENIGN
-0.36724833,BENIGN
-0.53829056,BENIGN
-0.33668014,BENIGN
-0.35255504,BENIGN
-0.39926618,BENIGN
-0.33901188,BENIGN
-0.33881685,BENIGN
-0.44005525,BENIGN
-0.49471822,BENIGN
-0.36683515,BENIGN
-0.39728442,BENIGN
-0.3435896,BENIGN
-0.5398461,BENIGN
-0.51015073,BENIGN
-0.3365929,BENIGN
-0.3910367,BENIGN
-0.4031142,BENIGN
-0.3696329,BENIGN
-0.36863852,BENIGN
-0.3427379,BENIGN
-0.396671,BENIGN
-0.55462134,BENIGN
-0.34597754,BENIGN
-0.39264873,BENIGN
-0.5187561,BENIGN
-0.35072547,BENIGN
-0.33813256,BENIGN
-0.41143847,BENIGN
-0.3658082,BENIGN
-0.35198575,BENIGN
-0.39576906,BENIGN
-0.33326608,BENIGN
-0.3542886,BENIGN
-0.33850217,BENIGN
-0.38454443,BENIGN
-0.4692236,BENIGN
-0.36875486,BENIGN
-0.3344907,BENIGN
-0.42415658,BENIGN
-0.35885784,BENIGN
-0.54012966,BENIGN
-0.3533947,BENIGN
-0.3526328,BENIGN
-0.40669325,BENIGN
-0.36975616,BENIGN
-0.34550956,BENIGN
-0.5120005,BENIGN
-0.4676856,BENIGN
-0.35985097,BENIGN
-0.35073778,BENIGN
-0.3562097,BENIGN
-0.3497163,BENIGN
-0.4190352,BENIGN
-0.5228989,BENIGN
-0.342374,BENIGN
-0.4927084,BENIGN
-0.3949563,BENIGN
-0.33567974,BENIGN
-0.3671167,BENIGN
-0.3893059,BENIGN
-0.34009644,BENIGN
-0.37571836,BENIGN
-0.41546226,BENIGN
-0.35425356,BENIGN
-0.37031814,BENIGN
-0.49622908,BENIGN
-0.565731,BENIGN
-0.45357653,BENIGN
-0.3704235,BENIGN
-0.3929643,BENIGN
-0.35151872,BENIGN
-0.34683937,BENIGN
-0.45841658,BENIGN
-0.34460583,BENIGN
-0.3920853,BENIGN
-0.35197526,BENIGN
-0.33925325,BENIGN
-0.36756352,BENIGN
-0.4272747,BENIGN
-0.33775863,BENIGN
-0.5894717,BENIGN
-0.37236732,BENIGN
-0.37284237,BENIGN
-0.33137536,BENIGN
-0.33857155,BENIGN
-0.4388743,BENIGN
-0.42405298,BENIGN
-0.57672346,BENIGN
-0.35219166,BENIGN
-0.3466528,BENIGN
-0.41359732,BENIGN
-0.3794722,BENIGN
-0.45339602,BENIGN
-0.39334196,BENIGN
-0.45335087,BENIGN
-0.54196364,BENIGN
-0.38303635,BENIGN
-0.3904602,BENIGN
-0.33567932,BENIGN
-0.3381971,BENIGN
-0.6175681,BENIGN
-0.5552267,BENIGN
-0.37095556,BENIGN
-0.3459999,BENIGN
-0.34688392,BENIGN
-0.37294558,BENIGN
-0.36959067,BENIGN
-0.36119813,BENIGN
-0.6999433,BENIGN
-0.38908845,BENIGN
-0.37825105,BENIGN
-0.35002714,BENIGN
-0.3454694,BENIGN
-0.41453758,BENIGN
-0.33960122,BENIGN
-0.4875616,BENIGN
-0.34962982,BENIGN
-0.35442543,BENIGN
-0.33987936,BENIGN
-0.4945305,BENIGN
-0.36157507,BENIGN
-0.36794955,BENIGN
-0.38496512,BENIGN
-0.55825335,BENIGN
-0.36724934,BENIGN
-0.40532738,BENIGN
-0.39319575,BENIGN
-0.3653199,BENIGN
-0.40350756,BENIGN
-0.3682201,BENIGN
-0.3352176,BENIGN
-0.38167948,BENIGN
-0.45890117,BENIGN
-0.3415486,BENIGN
-0.34506416,BENIGN
-0.5602936,BENIGN
-0.36991277,BENIGN
-0.39773637,BENIGN
-0.33695853,BENIGN
-0.34328023,BENIGN
-0.38953492,BENIGN
-0.36883602,BENIGN
-0.3339914,BENIGN
-0.3894311,BENIGN
-0.37996015,BENIGN
-0.3563063,BENIGN
-0.36506954,BENIGN
-0.37469754,BENIGN
-0.36651465,BENIGN
-0.5691567,BENIGN
-0.39497063,BENIGN
-0.7029483,BENIGN
-0.37089172,BENIGN
-0.3594626,BENIGN
-0.34139308,BENIGN
-0.5742335,BENIGN
-0.33974704,BENIGN
-0.43286735,BENIGN
-0.34912547,BENIGN
-0.47321263,BENIGN
-0.3448404,BENIGN
-0.43302742,BENIGN
-0.3361976,BENIGN
-0.51212347,BENIGN
-0.37390184,BENIGN
-0.3425198,BENIGN
-0.44630447,BENIGN
-0.47697917,BENIGN
-0.3458654,BENIGN
-0.38524446,BENIGN
-0.36637256,BENIGN
-0.568677,BENIGN
-0.33930674,BENIGN
-0.33357117,BENIGN
-0.35307568,BENIGN
-0.3366898,BENIGN
-0.34559435,BENIGN
-0.351386,BENIGN
-0.4119469,BENIGN
-0.3464001,BENIGN
-0.34022608,BENIGN
-0.4461454,BENIGN
-0.34314984,BENIGN
-0.49980336,BENIGN
-0.4001997,BENIGN
-0.33518127,BENIGN
-0.36959457,BENIGN
-0.340231,BENIGN
-0.42964047,BENIGN
-0.46366033,BENIGN
-0.34358382,BENIGN
-0.39313704,BENIGN
-0.3440995,BENIGN
-0.39118096,BENIGN
-0.37017968,BENIGN
-0.36609992,BENIGN
-0.37014928,BENIGN
-0.37100127,BENIGN
-0.39428174,BENIGN
-0.33893424,BENIGN
-0.3505337,BENIGN
-0.37389535,BENIGN
-0.36062342,BENIGN
-0.39794624,BENIGN
-0.3953156,BENIGN
-0.3787809,BENIGN
-0.34980512,BENIGN
-0.6032467,BENIGN
-0.3339914,BENIGN
-0.4131458,BENIGN
-0.3398295,BENIGN
-0.34192884,BENIGN
-0.42071104,BENIGN
-0.3446872,BENIGN
-0.34547377,BENIGN
-0.457153,BENIGN
-0.44989586,BENIGN
-0.3934235,BENIGN
-0.37692302,BENIGN
-0.3413018,BENIGN
-0.3444712,BENIGN
-0.3590761,BENIGN
-0.40826258,BENIGN
-0.33478487,BENIGN
-0.34181255,BENIGN
-0.34545258,BENIGN
-0.37135416,BENIGN
-0.45731395,BENIGN
-0.36991277,BENIGN
-0.5657355,BENIGN
-0.3738345,BENIGN
-0.3935977,BENIGN
-0.3411526,BENIGN
-0.34211928,BENIGN
-0.45449236,BENIGN
-0.3374227,BENIGN
-0.3755165,BENIGN
-0.3682793,BENIGN
-0.39457706,BENIGN
-0.37893888,BENIGN
-0.39161867,BENIGN
-0.36925152,BENIGN
-0.39169598,BENIGN
-0.42609513,BENIGN
-0.49328342,BENIGN
-0.37060428,BENIGN
-0.3772111,BENIGN
-0.53456455,BENIGN
-0.40939614,BENIGN
-0.38516033,BENIGN
-0.36470428,BENIGN
-0.35371146,BENIGN
-0.445204,BENIGN
-0.37295946,BENIGN
-0.41949257,BENIGN
-0.3672442,BENIGN
-0.36620852,BENIGN
-0.42325002,BENIGN
-0.4949518,BENIGN
-0.3559315,BENIGN
-0.54694235,BENIGN
-0.47527397,BENIGN
-0.33870614,BENIGN
-0.34699148,BENIGN
-0.33359224,BENIGN
-0.3411569,BENIGN
-0.46918932,BENIGN
-0.37188807,BENIGN
-0.43313918,BENIGN
-0.3384732,BENIGN
-0.3634964,BENIGN
-0.34656698,BENIGN
-0.36249536,BENIGN
-0.35309723,BENIGN
-0.49982992,BENIGN
-0.34268075,BENIGN
-0.38072065,BENIGN
-0.4043107,BENIGN
-0.33891988,BENIGN
-0.37362775,BENIGN
-0.3743595,BENIGN
-0.3890329,BENIGN
-0.34080997,BENIGN
-0.3727398,BENIGN
-0.3905601,BENIGN
-0.36626062,BENIGN
-0.44639015,BENIGN
-0.3805499,BENIGN
-0.33250943,BENIGN
-0.5652767,BENIGN
-0.33169308,BENIGN
-0.36149082,BENIGN
-0.36236325,BENIGN
-0.3458654,BENIGN
-0.41831306,BENIGN
-0.34171727,BENIGN
-0.33424053,BENIGN
-0.34544545,BENIGN
-0.34150806,BENIGN
-0.34309915,BENIGN
-0.47479048,BENIGN
-0.50083774,BENIGN
-0.3333943,BENIGN
-0.38953894,BENIGN
-0.40282664,BENIGN
-0.3765398,BENIGN
-0.38354877,BENIGN
-0.34630132,BENIGN
-0.3467814,BENIGN
-0.42973477,BENIGN
-0.34260064,BENIGN
-0.3524536,BENIGN
-0.47334203,BENIGN
-0.34579623,BENIGN
-0.34276757,BENIGN
-0.33262792,BENIGN
-0.39981794,BENIGN
-0.44020712,BENIGN
-0.37906408,BENIGN
-0.50840783,BENIGN
-0.40170926,BENIGN
-0.36919385,BENIGN
-0.33690056,BENIGN
-0.3421583,BENIGN
-0.40077248,BENIGN
-0.33535066,BENIGN
-0.34935507,BENIGN
-0.3741621,BENIGN
-0.3362062,BENIGN
-0.357377,BENIGN
-0.37004295,BENIGN
-0.3532875,BENIGN
-0.4586286,BENIGN
-0.3569216,BENIGN
-0.3735487,BENIGN
-0.33968014,BENIGN
-0.33629367,BENIGN
-0.34578943,BENIGN
-0.37379783,BENIGN
-0.36010912,BENIGN
-0.3746146,BENIGN
-0.4018633,BENIGN
-0.44224954,BENIGN
-0.38015655,BENIGN
-0.34608096,BENIGN
-0.33499828,BENIGN
-0.34935585,BENIGN
-0.3815937,BENIGN
-0.55902994,BENIGN
-0.34507105,BENIGN
-0.3973746,BENIGN
-0.37188807,BENIGN
-0.40618175,BENIGN
-0.46639717,BENIGN
-0.3423189,BENIGN
-0.345255,BENIGN
-0.44983867,BENIGN
-0.39221382,BENIGN
-0.37541336,BENIGN
-0.4019727,BENIGN
-0.39792442,BENIGN
-0.5797639,BENIGN
-0.45799133,BENIGN
-0.35360575,BENIGN
-0.61216205,BENIGN
-0.37212986,BENIGN
-0.3757369,BENIGN
-0.5740564,BENIGN
-0.38468212,BENIGN
-0.34184095,BENIGN
-0.3343618,BENIGN
-0.33585232,BENIGN
-0.33680412,BENIGN
-0.35768098,BENIGN
-0.6045004,BENIGN
-0.50438714,BENIGN
-0.33954996,BENIGN
-0.48268345,BENIGN
-0.37195328,BENIGN
-0.3753633,BENIGN
-0.4238663,BENIGN
-0.34158742,BENIGN
-0.36626062,BENIGN
-0.34176275,BENIGN
-0.39765033,BENIGN
-0.33516535,BENIGN
-0.37139753,BENIGN
-0.34400797,BENIGN
-0.34234717,BENIGN
-0.38569853,BENIGN
-0.37614173,BENIGN
-0.37255237,BENIGN
-0.3389736,BENIGN
-0.38223767,BENIGN
-0.3324351,BENIGN
-0.34058928,BENIGN
-0.37711364,BENIGN
-0.5951426,BENIGN
-0.40283453,BENIGN
-0.35058337,BENIGN
-0.3313742,BENIGN
-0.3460014,BENIGN
-0.33906165,BENIGN
-0.3459964,BENIGN
-0.3379545,BENIGN
-0.36574402,BENIGN
-0.4966362,BENIGN
-0.4516745,BENIGN
-0.4602546,BENIGN
-0.36560577,BENIGN
-0.33752492,BENIGN
-0.34200126,BENIGN
-0.35215214,BENIGN
-0.33841336,BENIGN
-0.34331676,BENIGN
-0.49307173,BENIGN
-0.41583905,BENIGN
-0.3483124,BENIGN
-0.4056293,BENIGN
-0.3653199,BENIGN
-0.36944994,BENIGN
-0.48095158,BENIGN
-0.5922542,BENIGN
-0.33783308,BENIGN
-0.39977518,BENIGN
-0.4055628,BENIGN
-0.39468622,BENIGN
-0.37341738,BENIGN
-0.39493486,BENIGN
-0.40064886,BENIGN
-0.43725157,BENIGN
-0.36801898,BENIGN
-0.3431454,BENIGN
-0.5883022,BENIGN
-0.3317856,BENIGN
-0.3836646,BENIGN
-0.3677574,BENIGN
-0.34394413,BENIGN
-0.36431023,BENIGN
-0.3315591,BENIGN
-0.33904418,BENIGN
-0.37295946,BENIGN
-0.41012543,BENIGN
-0.53945833,BENIGN
-0.3778881,BENIGN
-0.3523629,BENIGN
-0.34092945,BENIGN
-0.62227875,BENIGN
-0.70279133,BENIGN
-0.36966795,BENIGN
-0.37453985,BENIGN
-0.3803375,BENIGN
-0.37284628,BENIGN
-0.5142908,BENIGN
-0.3455275,BENIGN
-0.33429497,BENIGN
-0.36744753,BENIGN
-0.35037312,BENIGN
-0.4112141,BENIGN
-0.33517355,BENIGN
-0.37332818,BENIGN
-0.33695406,BENIGN
-0.36241475,BENIGN
-0.37223583,BENIGN
-0.36745772,BENIGN
-0.3394409,BENIGN
-0.33857533,BENIGN
-0.34458855,BENIGN
-0.34801662,BENIGN
-0.33727297,BENIGN
-0.34240064,BENIGN
-0.34522304,BENIGN
-0.33822048,BENIGN
-0.4793643,BENIGN
-0.3701669,BENIGN
-0.39792442,BENIGN
-0.36604506,BENIGN
-0.39007178,BENIGN
-0.36779118,BENIGN
-0.46402025,BENIGN
-0.35262752,BENIGN
-0.4586709,BENIGN
-0.33627614,BENIGN
-0.38594538,BENIGN
-0.3459964,BENIGN
-0.40139753,BENIGN
-0.58700776,BENIGN
-0.5211159,BENIGN
-0.43517375,BENIGN
-0.4095192,BENIGN
-0.34843767,BENIGN
-0.4861532,BENIGN
-0.35158587,BENIGN
-0.45552564,BENIGN
-0.5257744,BENIGN
-0.39042628,BENIGN
-0.38424668,BENIGN
-0.3493165,BENIGN
-0.40207106,BENIGN
-0.40910476,BENIGN
-0.33839986,BENIGN
-0.3518077,BENIGN
-0.3483217,BENIGN
-0.38395646,BENIGN
-0.41123858,BENIGN
-0.35312054,BENIGN
-0.3492376,BENIGN
-0.34503725,BENIGN
-0.3742939,BENIGN
-0.3716533,BENIGN
-0.35526985,BENIGN
-0.3459789,BENIGN
-0.34848428,BENIGN
-0.6774521,BENIGN
-0.3709675,BENIGN
-0.34622306,BENIGN
-0.33909804,BENIGN
-0.37573892,BENIGN
-0.36991277,BENIGN
-0.35540733,BENIGN
-0.38682517,BENIGN
-0.33240172,BENIGN
-0.3590558,BENIGN
-0.45586357,BENIGN
-0.49006373,BENIGN
-0.53469265,BENIGN
-0.4086107,BENIGN
-0.34492427,BENIGN
-0.33549052,BENIGN
-0.34253222,BENIGN
-0.3609829,BENIGN
-0.39478472,BENIGN
-0.4245691,BENIGN
-0.3363483,BENIGN
-0.50715935,BENIGN
-0.36978745,BENIGN
-0.3722556,BENIGN
-0.36870608,BENIGN
-0.33712783,BENIGN
-0.33240172,BENIGN
-0.34813952,BENIGN
-0.42554244,BENIGN
-0.3508279,BENIGN
-0.33387494,BENIGN
-0.33687332,BENIGN
-0.5856849,BENIGN
-0.33864042,BENIGN
-0.4400882,BENIGN
-0.53457487,BENIGN
-0.33995622,BENIGN
-0.33328447,BENIGN
-0.33358338,BENIGN
-0.34116185,BENIGN
-0.3672323,BENIGN
-0.34293133,BENIGN
-0.34074762,BENIGN
-0.3671366,BENIGN
-0.3856994,BENIGN
-0.3562367,BENIGN
-0.38782036,BENIGN
-0.3623075,BENIGN
-0.36831692,BENIGN
-0.35204783,BENIGN
-0.34005633,BENIGN
-0.3747988,BENIGN
-0.40874895,BENIGN
-0.43259922,BENIGN
-0.46492377,BENIGN
-0.36893815,BENIGN
-0.35197705,BENIGN
-0.4280997,BENIGN
-0.43364552,BENIGN
-0.40495497,BENIGN
-0.3513202,BENIGN
-0.43526274,BENIGN
-0.35832027,BENIGN
-0.35045433,BENIGN
-0.33381805,BENIGN
-0.34712738,BENIGN
-0.3403221,BENIGN
-0.4859816,BENIGN
-0.34980512,BENIGN
-0.40532738,BENIGN
-0.4170639,BENIGN
-0.38275906,BENIGN
-0.37248653,BENIGN
-0.35244152,BENIGN
-0.5156696,BENIGN
-0.3437422,BENIGN
-0.39038873,BENIGN
-0.35080966,BENIGN
-0.37019065,BENIGN
-0.40469185,BENIGN
-0.43116122,BENIGN
-0.36683935,BENIGN
-0.54480493,BENIGN
-0.41764453,BENIGN
-0.36160776,BENIGN
-0.39255682,BENIGN
-0.42159933,BENIGN
-0.3388052,BENIGN
-0.35012555,BENIGN
-0.38963473,BENIGN
-0.34020564,BENIGN
-0.34389657,BENIGN
-0.3398557,BENIGN
-0.3542623,BENIGN
-0.34210196,BENIGN
-0.39038742,BENIGN
-0.35019073,BENIGN
-0.34032455,BENIGN
-0.3762791,BENIGN
-0.34793356,BENIGN
-0.5600253,BENIGN
-0.38004974,BENIGN
-0.3741863,BENIGN
-0.3372001,BENIGN
-0.5934653,BENIGN
-0.3811063,BENIGN
-0.3425198,BENIGN
-0.41271606,BENIGN
-0.39567342,BENIGN
-0.3696761,BENIGN
-0.3672901,BENIGN
-0.3536431,BENIGN
-0.38446948,BENIGN
-0.39349842,BENIGN
-0.36798993,BENIGN
-0.38186342,BENIGN
-0.40124154,BENIGN
-0.33218893,BENIGN
-0.34999955,BENIGN
-0.33781713,BENIGN
-0.34990168,BENIGN
-0.34669593,BENIGN
-0.33126512,BENIGN
-0.39146513,BENIGN
-0.5200017,BENIGN
-0.40388462,BENIGN
-0.35855305,BENIGN
-0.3551668,BENIGN
-0.34022447,BENIGN
-0.47788927,BENIGN
-0.43764183,BENIGN
-0.3710626,BENIGN
-0.33775428,BENIGN
-0.33642676,BENIGN
-0.33521023,BENIGN
-0.39762408,BENIGN
-0.37341833,BENIGN
-0.34951034,BENIGN
-0.37179235,BENIGN
-0.34510216,BENIGN
-0.34183,BENIGN
-0.41286692,BENIGN
-0.34925437,BENIGN
-0.44332358,BENIGN
-0.44365597,BENIGN
-0.36875552,BENIGN
-0.39389807,BENIGN
-0.349283,BENIGN
-0.33378977,BENIGN
-0.4489591,BENIGN
-0.343136,BENIGN
-0.45625818,BENIGN
-0.39167663,BENIGN
-0.39135998,BENIGN
-0.35522953,BENIGN
-0.38087666,BENIGN
-0.3395569,BENIGN
-0.3452848,BENIGN
-0.33691034,BENIGN
-0.34015355,BENIGN
-0.35175863,BENIGN
-0.42545497,BENIGN
-0.3484656,BENIGN
-0.33343536,BENIGN
-0.4195056,BENIGN
-0.36800537,BENIGN
-0.41994897,BENIGN
-0.35513675,BENIGN
-0.3383614,BENIGN
-0.38967532,BENIGN
-0.35127676,BENIGN
-0.36834154,BENIGN
-0.35340187,BENIGN
-0.376237,BENIGN
-0.34122023,BENIGN
-0.37500748,BENIGN
-0.40028474,BENIGN
-0.35028636,BENIGN
-0.3390576,BENIGN
-0.44399202,BENIGN
-0.3713674,BENIGN
-0.391995,BENIGN
-0.35762757,BENIGN
-0.6687734,BENIGN
-0.4260402,BENIGN
-0.3949563,BENIGN
-0.3836848,BENIGN
-0.45331636,BENIGN
-0.5008155,BENIGN
-0.56476367,BENIGN
-0.44583395,BENIGN
-0.3458654,BENIGN
-0.57252026,BENIGN
-0.37132567,BENIGN
-0.3408526,BENIGN
-0.36963704,BENIGN
-0.46592388,BENIGN
-0.334206,BENIGN
-0.33555257,BENIGN
-0.54489744,BENIGN
-0.36069757,BENIGN
-0.38464546,BENIGN
-0.39430764,BENIGN
-0.34846526,BENIGN
-0.36700773,BENIGN
-0.52508783,BENIGN
-0.64083964,BENIGN
-0.40546602,BENIGN
-0.34146813,BENIGN
-0.39724034,BENIGN
-0.5243194,BENIGN
-0.3483333,BENIGN
-0.39191833,BENIGN
-0.36959067,BENIGN
-0.3834859,BENIGN
-0.34441254,BENIGN
-0.39542457,BENIGN
-0.33895084,BENIGN
-0.33802286,BENIGN
-0.35905346,BENIGN
-0.4538121,BENIGN
-0.34577343,BENIGN
-0.35304385,BENIGN
-0.35957643,BENIGN
-0.45100495,BENIGN
-0.36977786,BENIGN
-0.37120286,BENIGN
-0.34582993,BENIGN
-0.4690255,BENIGN
-0.41917574,BENIGN
-0.33851388,BENIGN
-0.33846945,BENIGN
-0.34277642,BENIGN
-0.34253213,BENIGN
-0.40101933,BENIGN
-0.44682655,BENIGN
-0.39394656,BENIGN
-0.35858253,BENIGN
-0.35252312,BENIGN
-0.3345348,BENIGN
-0.35101807,BENIGN
-0.34158385,BENIGN
-0.55078566,BENIGN
-0.4352279,BENIGN
-0.4060681,BENIGN
-0.33129784,BENIGN
-0.37113765,BENIGN
-0.50078326,BENIGN
-0.36625513,BENIGN
-0.34483078,BENIGN
-0.34958428,BENIGN
-0.46065012,BENIGN
-0.357551,BENIGN
-0.33646792,BENIGN
-0.37162966,BENIGN
-0.36799705,BENIGN
-0.41337755,BENIGN
-0.46594003,BENIGN
-0.39981794,BENIGN
-0.33630148,BENIGN
-0.35152692,BENIGN
-0.35228288,BENIGN
-0.39171475,BENIGN
-0.38032335,BENIGN
-0.62377906,BENIGN
-0.44352534,BENIGN
-0.35151234,BENIGN
-0.6059901,BENIGN
-0.33917108,BENIGN
-0.37776315,BENIGN
-0.512416,BENIGN
-0.33903682,BENIGN
-0.34377953,BENIGN
-0.3707748,BENIGN
-0.44099027,BENIGN
-0.36009324,BENIGN
-0.41634208,BENIGN
-0.34182832,BENIGN
-0.34097555,BENIGN
-0.41911966,BENIGN
-0.33655122,BENIGN
-0.36574402,BENIGN
-0.43046337,BENIGN
-0.34846526,BENIGN
-0.36981484,BENIGN
-0.39218345,BENIGN
-0.34488192,BENIGN
-0.36088303,BENIGN
-0.44157252,BENIGN
-0.3508264,BENIGN
-0.34093067,BENIGN
-0.34670743,BENIGN
-0.48542544,BENIGN
-0.3751326,BENIGN
-0.44275022,BENIGN
-0.39249283,BENIGN
-0.34550956,BENIGN
-0.37974915,BENIGN
-0.4985633,BENIGN
-0.43854433,BENIGN
-0.4167592,BENIGN
-0.34400308,BENIGN
-0.3601436,BENIGN
-0.44685194,BENIGN
-0.33980688,BENIGN
-0.43017817,BENIGN
-0.35654747,BENIGN
-0.3467831,BENIGN
-0.43762782,BENIGN
-0.41765627,BENIGN
-0.4285763,BENIGN
-0.58474594,BENIGN
-0.37444007,BENIGN
-0.3361271,BENIGN
-0.34666902,BENIGN
-0.3753008,BENIGN
-0.34080762,BENIGN
-0.5893963,BENIGN
-0.3400412,BENIGN
-0.34060013,BENIGN
-0.36603063,BENIGN
-0.3944559,BENIGN
-0.39031634,BENIGN
-0.35833138,BENIGN
-0.40467164,BENIGN
-0.34577414,BENIGN
-0.33705157,BENIGN
-0.34652346,BENIGN
-0.3396662,BENIGN
-0.56000495,BENIGN
-0.39662772,BENIGN
-0.34064734,BENIGN
-0.34709364,BENIGN
-0.38061005,BENIGN
-0.40108922,BENIGN
-0.35632834,BENIGN
-0.35110816,BENIGN
-0.33349273,BENIGN
-0.3348722,BENIGN
-0.35482046,BENIGN
-0.3782993,BENIGN
-0.34178546,BENIGN
-0.33253562,BENIGN
-0.432892,BENIGN
-0.40501902,BENIGN
-0.38124427,BENIGN
-0.34324047,BENIGN
-0.3869532,BENIGN
-0.45039088,BENIGN
-0.3651942,BENIGN
-0.39976358,BENIGN
-0.395223,BENIGN
-0.3399066,BENIGN
-0.49136496,BENIGN
-0.5166154,BENIGN
-0.35300645,BENIGN
-0.38164702,BENIGN
-0.34042656,BENIGN
-0.36805665,BENIGN
-0.48072103,BENIGN
-0.38054287,BENIGN
-0.397691,BENIGN
-0.44440523,BENIGN
-0.33118084,BENIGN
-0.34118098,BENIGN
-0.45082873,BENIGN
-0.37788796,BENIGN
-0.48071104,BENIGN
-0.3501697,BENIGN
-0.594849,BENIGN
-0.45301503,BENIGN
-0.38324684,BENIGN
-0.4214797,BENIGN
-0.40557286,BENIGN
-0.37787184,BENIGN
-0.34694543,BENIGN
-0.41295293,BENIGN
-0.46692416,BENIGN
-0.47214198,BENIGN
-0.38167143,BENIGN
-0.3454634,BENIGN
-0.48950654,BENIGN
-0.4138885,BENIGN
-0.36613733,BENIGN
-0.3512231,BENIGN
-0.38409477,BENIGN
-0.49013114,BENIGN
-0.47945613,BENIGN
-0.6518135,BENIGN
-0.37033918,BENIGN
-0.34741902,BENIGN
-0.37295946,BENIGN
-0.52399987,BENIGN
-0.40028042,BENIGN
-0.40104374,BENIGN
-0.42876774,BENIGN
-0.38853195,BENIGN
-0.39602575,BENIGN
-0.36492765,BENIGN
-0.36549672,BENIGN
-0.3362244,BENIGN
-0.33831555,BENIGN
-0.40360805,BENIGN
-0.34347343,BENIGN
-0.39517614,BENIGN
-0.4826293,BENIGN
-0.3479609,BENIGN
-0.33864376,BENIGN
-0.37814826,BENIGN
-0.376491,BENIGN
-0.37337726,BENIGN
-0.3901811,BENIGN
-0.38505593,BENIGN
-0.3375831,BENIGN
-0.3739563,BENIGN
-0.33923307,BENIGN
-0.5538758,BENIGN
-0.35200143,BENIGN
-0.35104153,BENIGN
-0.33816987,BENIGN
-0.42971104,BENIGN
-0.55971783,BENIGN
-0.41968304,BENIGN
-0.3350507,BENIGN
-0.34599313,BENIGN
-0.34082434,BENIGN
-0.34009862,BENIGN
-0.3406775,BENIGN
-0.40317687,BENIGN
-0.33412716,BENIGN
-0.5848123,BENIGN
-0.41154593,BENIGN
-0.3549213,BENIGN
-0.3871934,BENIGN
-0.35215586,BENIGN
-0.33444273,BENIGN
-0.50727236,BENIGN
-0.38766927,BENIGN
-0.5601448,BENIGN
-0.4032542,BENIGN
-0.3447635,BENIGN
-0.40370372,BENIGN
-0.34131238,BENIGN
-0.48123917,BENIGN
-0.37411016,BENIGN
-0.3390598,BENIGN
-0.36574402,BENIGN
-0.34634218,BENIGN
-0.34422275,BENIGN
-0.36796555,BENIGN
-0.38584986,BENIGN
-0.43485284,BENIGN
-0.6395168,BENIGN
-0.33182842,BENIGN
-0.33305106,BENIGN
-0.4503166,BENIGN
-0.34530708,BENIGN
-0.37188807,BENIGN
-0.34364074,BENIGN
-0.4102971,BENIGN
-0.35130656,BENIGN
-0.34662688,BENIGN
-0.4542804,BENIGN
-0.33862856,BENIGN
-0.4600155,BENIGN
-0.3452087,BENIGN
-0.34359506,BENIGN
-0.4257503,BENIGN
-0.3473561,BENIGN
-0.37490782,BENIGN
-0.3738161,BENIGN
-0.48323077,BENIGN
-0.48342896,BENIGN
-0.35652468,BENIGN
-0.34184334,BENIGN
-0.4903658,BENIGN
-0.38840562,BENIGN
-0.3678877,BENIGN
-0.37881958,BENIGN
-0.35205638,BENIGN
-0.4157815,BENIGN
-0.3571437,BENIGN
-0.36201736,BENIGN
-0.36374015,BENIGN
-0.34532055,BENIGN
-0.36581478,BENIGN
-0.51252604,BENIGN
-0.4759511,BENIGN
-0.4965253,BENIGN
-0.40417153,BENIGN
-0.37433776,BENIGN
-0.5297368,BENIGN
-0.36055008,BENIGN
-0.38788703,BENIGN
-0.37741655,BENIGN
-0.33297744,BENIGN
-0.34978333,BENIGN
-0.39174595,BENIGN
-0.47964025,BENIGN
-0.33840573,BENIGN
-0.38583156,BENIGN
-0.36127114,BENIGN
-0.38913178,BENIGN
-0.35107058,BENIGN
-0.39513785,BENIGN
-0.38899243,BENIGN
-0.37386006,BENIGN
-0.34790114,BENIGN
-0.36711186,BENIGN
-0.34050983,BENIGN
-0.35111386,BENIGN
-0.35304177,BENIGN
-0.52293056,BENIGN
-0.37329668,BENIGN
-0.35293686,BENIGN
-0.5502363,BENIGN
-0.3746602,BENIGN
-0.35647067,BENIGN
-0.34801662,BENIGN
-0.5400897,BENIGN
-0.37151197,BENIGN
-0.39846426,BENIGN
-0.33594257,BENIGN
-0.33858845,BENIGN
-0.36773527,BENIGN
-0.36890477,BENIGN
-0.37383968,BENIGN
-0.3389187,BENIGN
-0.34086803,BENIGN
-0.33863446,BENIGN
-0.4270785,BENIGN
-0.34801662,BENIGN
-0.41048715,BENIGN
-0.3456391,BENIGN
-0.33889437,BENIGN
-0.41689613,BENIGN
-0.35654747,BENIGN
-0.35024402,BENIGN
-0.4192623,BENIGN
-0.3595291,BENIGN
-0.33802447,BENIGN
-0.34062445,BENIGN
-0.4115933,BENIGN
-0.3439291,BENIGN
-0.382705,BENIGN
-0.335819,BENIGN
-0.34379122,BENIGN
-0.34908268,BENIGN
-0.34040666,BENIGN
-0.3990122,BENIGN
-0.37180018,BENIGN
-0.47349742,BENIGN
-0.34303793,BENIGN
-0.6795922,BENIGN
-0.3322273,BENIGN
-0.37642232,BENIGN
-0.343947,BENIGN
-0.33697224,BENIGN
-0.3870511,BENIGN
-0.36447003,BENIGN
-0.6934811,BENIGN
-0.3467914,BENIGN
-0.4586872,BENIGN
-0.37099537,BENIGN
-0.48725876,BENIGN
-0.3458654,BENIGN
-0.38323057,BENIGN
-0.35098943,BENIGN
-0.363643,BENIGN
-0.38403758,BENIGN
-0.37767637,BENIGN
-0.5435944,BENIGN
-0.3344933,BENIGN
-0.39012337,BENIGN
-0.33866146,BENIGN
-0.3605651,BENIGN
-0.36198872,BENIGN
-0.39889374,BENIGN
-0.34706417,BENIGN
-0.3398862,BENIGN
-0.367532,BENIGN
-0.40097144,BENIGN
-0.5765874,BENIGN
-0.3792156,BENIGN
-0.45759463,BENIGN
-0.35375443,BENIGN
-0.44157103,BENIGN
-0.33890185,BENIGN
-0.36870575,BENIGN
-0.33968014,BENIGN
-0.35412773,BENIGN
-0.35545915,BENIGN
-0.34908772,BENIGN
-0.37350008,BENIGN
-0.34644967,BENIGN
-0.36993054,BENIGN
-0.37939045,BENIGN
-0.34511873,BENIGN
-0.35096183,BENIGN
-0.35336155,BENIGN
-0.34900537,BENIGN
-0.34500024,BENIGN
-0.41556758,BENIGN
-0.4913824,BENIGN
-0.35892,BENIGN
-0.35551268,BENIGN
-0.3419957,BENIGN
-0.35217565,BENIGN
-0.33958712,BENIGN
-0.3687776,BENIGN
-0.3659872,BENIGN
-0.36217564,BENIGN
-0.36993125,BENIGN
-0.3424652,BENIGN
-0.37850156,BENIGN
-0.5582897,BENIGN
-0.36759433,BENIGN
-0.35112053,BENIGN
-0.3481182,BENIGN
-0.37099493,BENIGN
-0.33678672,BENIGN
-0.33979493,BENIGN
-0.39542457,BENIGN
-0.3642588,BENIGN
-0.34011707,BENIGN
-0.3632565,BENIGN
-0.402112,BENIGN
-0.42977545,BENIGN
-0.36931017,BENIGN
-0.33587283,BENIGN
-0.5276291,BENIGN
-0.44784188,BENIGN
-0.3491769,BENIGN
-0.46412304,BENIGN
-0.36759433,BENIGN
-0.40845785,BENIGN
-0.39717788,BENIGN
-0.34319672,BENIGN
-0.3853742,BENIGN
-0.3441411,BENIGN
-0.45603743,BENIGN
-0.37500718,BENIGN
-0.350481,BENIGN
-0.3433476,BENIGN
-0.4162263,BENIGN
-0.35313347,BENIGN
-0.37839535,BENIGN
-0.45320413,BENIGN
-0.34957778,BENIGN
-0.46059343,BENIGN
-0.41794214,BENIGN
-0.3357032,BENIGN
-0.45275322,BENIGN
-0.37927914,BENIGN
-0.3480834,BENIGN
-0.37907743,BENIGN
-0.3647405,BENIGN
-0.62221795,BENIGN
-0.3815954,BENIGN
-0.5599784,BENIGN
-0.3804135,BENIGN
-0.6104836,BENIGN
-0.33712685,BENIGN
-0.5470819,BENIGN
-0.35468844,BENIGN
-0.39544818,BENIGN
-0.6700054,BENIGN
-0.36717397,BENIGN
-0.33441824,BENIGN
-0.3366154,BENIGN
-0.4397534,BENIGN
-0.4529005,BENIGN
-0.36724833,BENIGN
-0.5237552,BENIGN
-0.37479737,BENIGN
-0.33456308,BENIGN
-0.34955463,BENIGN
-0.37009412,BENIGN
-0.38982296,BENIGN
-0.56143427,BENIGN
-0.3355433,BENIGN
-0.3883735,BENIGN
-0.36661166,BENIGN
-0.37984154,BENIGN
-0.47845924,BENIGN
-0.37124032,BENIGN
-0.35094926,BENIGN
-0.5170512,BENIGN
-0.39157936,BENIGN
-0.3372934,BENIGN
-0.33511734,BENIGN
-0.35689804,BENIGN
-0.3625412,BENIGN
-0.37543783,BENIGN
-0.3948242,BENIGN
-0.39728442,BENIGN
-0.33816254,BENIGN
-0.37202755,BENIGN
-0.3359177,BENIGN
-0.34654376,BENIGN
-0.34937173,BENIGN
-0.3440668,BENIGN
-0.3428089,BENIGN
-0.34842667,BENIGN
-0.33707568,BENIGN
-0.38899463,BENIGN
-0.41002882,BENIGN
-0.40053615,BENIGN
-0.34205917,BENIGN
-0.6048076,BENIGN
-0.41955954,BENIGN
-0.38295278,BENIGN
-0.37033403,BENIGN
-0.33725572,BENIGN
-0.33913434,BENIGN
-0.38841018,BENIGN
-0.3415664,BENIGN
-0.34683174,BENIGN
-0.36044195,BENIGN
-0.5301118,BENIGN
-0.3844536,BENIGN
-0.37110478,BENIGN
-0.34084207,BENIGN
-0.34005126,BENIGN
-0.3307775,BENIGN
-0.4590887,BENIGN
-0.3863542,BENIGN
-0.3348267,BENIGN
-0.36462742,BENIGN
-0.38352656,BENIGN
-0.38585714,BENIGN
-0.3536014,BENIGN
-0.4544362,BENIGN
-0.3932825,BENIGN
-0.3936158,BENIGN
-0.3656519,BENIGN
-0.44820505,BENIGN
-0.37032112,BENIGN
-0.6965669,BENIGN
-0.33186874,BENIGN
-0.3678749,BENIGN
-0.35703266,BENIGN
-0.41138795,BENIGN
-0.54019696,BENIGN
-0.34061998,BENIGN
-0.34658328,BENIGN
-0.3331554,BENIGN
-0.68820906,BENIGN
-0.33983663,BENIGN
-0.44985053,BENIGN
-0.45358673,BENIGN
-0.34171847,BENIGN
-0.42831588,BENIGN
-0.33724144,BENIGN
-0.33716518,BENIGN
-0.46494848,BENIGN
-0.36921182,BENIGN
-0.43874505,BENIGN
-0.37904072,BENIGN
-0.33738855,BENIGN
-0.42576915,BENIGN
-0.3434018,BENIGN
-0.63056296,BENIGN
-0.51187223,BENIGN
-0.50977147,BENIGN
-0.3445397,BENIGN
-0.5191698,BENIGN
-0.3393197,BENIGN
-0.34669068,BENIGN
-0.3676914,BENIGN
-0.4400165,BENIGN
-0.35183883,BENIGN
-0.34867278,BENIGN
-0.3476791,BENIGN
-0.3575976,BENIGN
-0.34409156,BENIGN
-0.35843065,BENIGN
-0.3565884,BENIGN
-0.3571129,BENIGN
-0.35265583,BENIGN
-0.33217356,BENIGN
-0.35141322,BENIGN
-0.36957252,BENIGN
-0.3749403,BENIGN
-0.40955517,BENIGN
-0.34996217,BENIGN
-0.3459964,BENIGN
-0.3401786,BENIGN
-0.44304597,BENIGN
-0.33893505,BENIGN
-0.37095731,BENIGN
-0.44672856,BENIGN
-0.37750813,BENIGN
-0.38111892,BENIGN
-0.38863227,BENIGN
-0.36467546,BENIGN
-0.3713674,BENIGN
-0.40252492,BENIGN
-0.57432187,BENIGN
-0.33887225,BENIGN
-0.3946969,BENIGN
-0.4110646,BENIGN
-0.36904034,BENIGN
-0.33206177,BENIGN
-0.3675113,BENIGN
-0.39012808,BENIGN
-0.3477502,BENIGN
-0.3421358,BENIGN
-0.37079465,BENIGN
-0.43909815,BENIGN
-0.5493342,BENIGN
-0.39959845,BENIGN
-0.3437258,BENIGN
-0.3401538,BENIGN
-0.48872942,BENIGN
-0.38234198,BENIGN
-0.38375434,BENIGN
-0.33794472,BENIGN
-0.3619711,BENIGN
-0.36307395,BENIGN
-0.4767504,BENIGN
-0.4670817,BENIGN
-0.34339103,BENIGN
-0.4430328,BENIGN
-0.36781734,BENIGN
-0.3851962,BENIGN
-0.34126306,BENIGN
-0.37867725,BENIGN
-0.41648552,BENIGN
-0.6270398,BENIGN
-0.33394116,BENIGN
-0.5459709,BENIGN
-0.5346606,BENIGN
-0.6446892,BENIGN
-0.34450042,BENIGN
-0.3405498,BENIGN
-0.3824808,BENIGN
-0.4660303,BENIGN
-0.36857736,BENIGN
-0.40968078,BENIGN
-0.38469937,BENIGN
-0.3580294,BENIGN
-0.44157737,BENIGN
-0.4294859,BENIGN
-0.3402072,BENIGN
-0.53633994,BENIGN
-0.3903215,BENIGN
-0.33896914,BENIGN
-0.3356209,BENIGN
-0.50541925,BENIGN
-0.35595113,BENIGN
-0.4279414,BENIGN
-0.36042136,BENIGN
-0.5063773,BENIGN
-0.35273936,BENIGN
-0.52436554,BENIGN
-0.37364772,BENIGN
-0.45678204,BENIGN
-0.3491214,BENIGN
-0.33259594,BENIGN
-0.39769137,BENIGN
-0.39445147,BENIGN
-0.47904804,BENIGN
-0.38658267,BENIGN
-0.36997473,BENIGN
-0.36782703,BENIGN
-0.3779848,BENIGN
-0.36945266,BENIGN
-0.38141406,BENIGN
-0.33678094,BENIGN
-0.39318132,BENIGN
-0.3664817,BENIGN
-0.36982888,BENIGN
-0.56995314,BENIGN
-0.35329843,BENIGN
-0.3326428,BENIGN
-0.33838752,BENIGN
-0.34290552,BENIGN
-0.37372684,BENIGN
-0.3447756,BENIGN
-0.3546834,BENIGN
-0.3382762,BENIGN
-0.36108667,BENIGN
-0.34022447,BENIGN
-0.36219063,BENIGN
-0.5633591,BENIGN
-0.47614628,BENIGN
-0.5652767,BENIGN
-0.34625462,BENIGN
-0.5346355,BENIGN
-0.38999555,BENIGN
-0.36724195,BENIGN
-0.36164024,BENIGN
-0.34550387,BENIGN
-0.45348552,BENIGN
-0.34536406,BENIGN
-0.34285435,BENIGN
-0.389159,BENIGN
-0.41110948,BENIGN
-0.37687472,BENIGN
-0.38523397,BENIGN
-0.37143207,BENIGN
-0.361514,BENIGN
-0.35795432,BENIGN
-0.6009775,BENIGN
-0.34246072,BENIGN
-0.49145943,BENIGN
-0.3589417,BENIGN
-0.41032603,BENIGN
-0.47926855,BENIGN
-0.35469294,BENIGN
-0.3787517,BENIGN
-0.33824196,BENIGN
-0.34391594,BENIGN
-0.3411445,BENIGN
-0.45841083,BENIGN
-0.3485323,BENIGN
-0.34972998,BENIGN
-0.33122572,BENIGN
-0.47446203,BENIGN
-0.34063667,BENIGN
-0.3436431,BENIGN
-0.6735891,BENIGN
-0.3934331,BENIGN
-0.3360709,BENIGN
-0.4521637,BENIGN
-0.34134564,BENIGN
-0.3498173,BENIGN
-0.3455716,BENIGN
-0.37955642,BENIGN
-0.3440615,BENIGN
-0.36789,BENIGN
-0.34021825,BENIGN
-0.40360638,BENIGN
-0.38651487,BENIGN
-0.36258188,BENIGN
-0.34259877,BENIGN
-0.37545165,BENIGN
-0.53831375,BENIGN
-0.5506586,BENIGN
-0.47947228,BENIGN
-0.38323548,BENIGN
-0.36820292,BENIGN
-0.5187339,BENIGN
-0.35850632,BENIGN
-0.38927078,BENIGN
-0.37726045,BENIGN
-0.34470782,BENIGN
-0.35169056,BENIGN
-0.34801662,BENIGN
-0.33604375,BENIGN
-0.34167397,BENIGN
-0.4123179,BENIGN
-0.34308848,BENIGN
-0.3815954,BENIGN
-0.34134737,BENIGN
-0.43354785,BENIGN
-0.34331816,BENIGN
-0.42946512,BENIGN
-0.37308013,BENIGN
-0.33092406,BENIGN
-0.3740416,BENIGN
-0.464845,BENIGN
-0.5019575,BENIGN
-0.34709364,BENIGN
-0.34011292,BENIGN
-0.3945568,BENIGN
-0.39428276,BENIGN
-0.44918418,BENIGN
-0.364259,BENIGN
-0.363474,BENIGN
-0.39517683,BENIGN
-0.33850777,BENIGN
-0.3743064,BENIGN
-0.34784383,BENIGN
-0.46806988,BENIGN
-0.35665035,BENIGN
-0.33485124,BENIGN
-0.37960756,BENIGN
-0.3794554,BENIGN
-0.3599235,BENIGN
-0.34253213,BENIGN
-0.34971842,BENIGN
-0.43981633,BENIGN
-0.35701948,BENIGN
-0.49038678,BENIGN
-0.69506454,BENIGN
-0.33598372,BENIGN
-0.55765676,BENIGN
-0.3566593,BENIGN
-0.3637659,BENIGN
-0.35348845,BENIGN
-0.34040412,BENIGN
-0.3829844,BENIGN
-0.47741374,BENIGN
-0.46479937,BENIGN
-0.37601304,BENIGN
-0.42583352,BENIGN
-0.42373377,BENIGN
-0.37223834,BENIGN
-0.3385054,BENIGN
-0.3695221,BENIGN
-0.37080613,BENIGN
-0.37460804,BENIGN
-0.33689505,BENIGN
-0.37966058,BENIGN
-0.35935232,BENIGN
-0.37889147,BENIGN
-0.38259593,BENIGN
-0.36643392,BENIGN
-0.38264075,BENIGN
-0.385,BENIGN
-0.36801898,BENIGN
-0.336804,BENIGN
-0.3617279,BENIGN
-0.45091802,BENIGN
-0.38361815,BENIGN
-0.36991277,BENIGN
-0.5846499,BENIGN
-0.38229376,BENIGN
-0.33492833,BENIGN
-0.43739235,BENIGN
-0.44809034,BENIGN
-0.3809654,BENIGN
-0.3385843,BENIGN
-0.51318824,BENIGN
-0.44200584,BENIGN
-0.33397037,BENIGN
-0.36607248,BENIGN
-0.34303495,BENIGN
-0.38252017,BENIGN
-0.36549374,BENIGN
-0.37503815,BENIGN
-0.36948332,BENIGN
-0.58043736,BENIGN
-0.3515622,BENIGN
-0.58553964,BENIGN
-0.37494898,BENIGN
-0.52763456,BENIGN
-0.34007505,BENIGN
-0.39463755,BENIGN
-0.38019845,BENIGN
-0.34812757,BENIGN
-0.3854779,BENIGN
-0.4701474,BENIGN
-0.3495317,BENIGN
-0.38751182,BENIGN
-0.38089797,BENIGN
-0.34661776,BENIGN
-0.38975963,BENIGN
-0.3779659,BENIGN
-0.357485,BENIGN
-0.36646715,BENIGN
-0.3388235,BENIGN
-0.35700718,BENIGN
-0.39130157,BENIGN
-0.3415312,BENIGN
-0.49832782,BENIGN
-0.41932917,BENIGN
-0.46946278,BENIGN
-0.37366217,BENIGN
-0.35294044,BENIGN
-0.38680366,BENIGN
-0.35215774,BENIGN
-0.47071162,BENIGN
-0.37204185,BENIGN
-0.36681217,BENIGN
-0.4521525,BENIGN
-0.3755787,BENIGN
-0.3357193,BENIGN
-0.33539534,BENIGN
-0.37051836,BENIGN
-0.36971498,BENIGN
-0.4531479,BENIGN
-0.3635458,BENIGN
-0.3408471,BENIGN
-0.41814268,BENIGN
-0.39339334,BENIGN
-0.34320673,BENIGN
-0.33277908,BENIGN
-0.6742731,BENIGN
-0.347183,BENIGN
-0.3620307,BENIGN
-0.34836894,BENIGN
-0.4125728,BENIGN
-0.4327957,BENIGN
-0.3673306,BENIGN
-0.3552759,BENIGN
-0.34833542,BENIGN
-0.3785586,BENIGN
-0.3794722,BENIGN
-0.38895828,BENIGN
-0.38662785,BENIGN
-0.34240976,BENIGN
-0.5919569,BENIGN
-0.3841839,BENIGN
-0.4519394,BENIGN
-0.36004555,BENIGN
-0.3723684,BENIGN
-0.38584134,BENIGN
-0.34577027,BENIGN
-0.53323907,BENIGN
-0.34012154,BENIGN
-0.34313598,BENIGN
-0.34100068,BENIGN
-0.3461605,BENIGN
-0.34585008,BENIGN
-0.35372072,BENIGN
-0.36768764,BENIGN
-0.37606195,BENIGN
-0.4684372,BENIGN
-0.37501317,BENIGN
-0.34520304,BENIGN
-0.36810294,BENIGN
-0.36773527,BENIGN
-0.3683597,BENIGN
-0.36683935,BENIGN
-0.34136826,BENIGN
-0.5060969,BENIGN
-0.33304003,BENIGN
-0.3835596,BENIGN
-0.39125133,BENIGN
-0.4563147,BENIGN
-0.4797127,BENIGN
-0.5125256,BENIGN
-0.373716,BENIGN
-0.37088296,BENIGN
-0.35330996,BENIGN
-0.39545986,BENIGN
-0.33949196,BENIGN
-0.67424196,BENIGN
-0.47249895,BENIGN
-0.38218066,BENIGN
-0.38344637,BENIGN
-0.38599432,BENIGN
-0.33324933,BENIGN
-0.3829844,BENIGN
-0.3998409,BENIGN
-0.38990545,BENIGN
-0.33275077,BENIGN
-0.346123,BENIGN
-0.33892915,BENIGN
-0.35244727,BENIGN
-0.37944642,BENIGN
-0.46169224,BENIGN
-0.37135938,BENIGN
-0.35502192,BENIGN
-0.7058489,BENIGN
-0.36969358,BENIGN
-0.37213138,BENIGN
-0.36864385,BENIGN
-0.3380307,BENIGN
-0.38087875,BENIGN
-0.44839376,BENIGN
-0.41456687,BENIGN
-0.36933243,BENIGN
-0.34892786,BENIGN
-0.33870044,BENIGN
-0.37308973,BENIGN
-0.4000375,BENIGN
-0.40054044,BENIGN
-0.38120735,BENIGN
-0.3768045,BENIGN
-0.4033711,BENIGN
-0.38701096,BENIGN
-0.3468202,BENIGN
-0.37509423,BENIGN
-0.4375965,BENIGN
-0.38239762,BENIGN
-0.37032112,BENIGN
-0.35753956,BENIGN
-0.33896327,BENIGN
-0.3312214,BENIGN
-0.43927696,BENIGN
-0.38669315,BENIGN
-0.3390598,BENIGN
-0.38504866,BENIGN
-0.39191833,BENIGN
-0.38960978,BENIGN
-0.38876423,BENIGN
-0.35324013,BENIGN
-0.38105574,BENIGN
-0.36425415,BENIGN
-0.36947218,BENIGN
-0.35690105,BENIGN
-0.36898905,BENIGN
-0.3803375,BENIGN
-0.35249248,BENIGN
-0.33808804,BENIGN
-0.45843783,BENIGN
-0.34142658,BENIGN
-0.38265792,BENIGN
-0.45348817,BENIGN
-0.37067717,BENIGN
-0.3505337,BENIGN
-0.39561957,BENIGN
-0.41664037,BENIGN
-0.5227765,BENIGN
-0.36457738,BENIGN
-0.7019977,BENIGN
-0.4907903,BENIGN
-0.37794214,BENIGN
-0.3409495,BENIGN
-0.37638044,BENIGN
-0.3608151,BENIGN
-0.38101587,BENIGN
-0.39777377,BENIGN
-0.39866257,BENIGN
-0.47625828,BENIGN
-0.3900383,BENIGN
-0.4372075,BENIGN
-0.39295894,BENIGN
-0.36845994,BENIGN
-0.34015918,BENIGN
-0.58838844,BENIGN
-0.398964,BENIGN
-0.3971272,BENIGN
-0.33822682,BENIGN
-0.45157078,BENIGN
-0.33881167,BENIGN
-0.37162152,BENIGN
-0.39263582,BENIGN
-0.34330678,BENIGN
-0.5312839,BENIGN
-0.4169092,BENIGN
-0.3949928,BENIGN
-0.3547464,BENIGN
-0.3783614,BENIGN
-0.3521393,BENIGN
-0.6010856,BENIGN
-0.3573543,BENIGN
-0.46019268,BENIGN
-0.36816105,BENIGN
-0.38527152,BENIGN
-0.3744233,BENIGN
-0.34827316,BENIGN
-0.40162992,BENIGN
-0.36877373,BENIGN
-0.5147719,BENIGN
-0.3693628,BENIGN
-0.373863,BENIGN
-0.39005327,BENIGN
-0.35972372,BENIGN
-0.36129078,BENIGN
-0.36032847,BENIGN
-0.61855996,BENIGN
-0.5576001,BENIGN
-0.45519352,BENIGN
-0.39249283,BENIGN
-0.3894855,BENIGN
-0.37470242,BENIGN
-0.3884527,BENIGN
-0.3400304,BENIGN
-0.3591599,BENIGN
-0.35146317,BENIGN
-0.34839368,BENIGN
-0.3378636,BENIGN
-0.34079796,BENIGN
-0.34065986,BENIGN
-0.4732424,BENIGN
-0.3942787,BENIGN
-0.34936443,BENIGN
-0.5949476,BENIGN
-0.39443493,BENIGN
-0.35669127,BENIGN
-0.36676815,BENIGN
-0.3458635,BENIGN
-0.3524503,BENIGN
-0.3829844,BENIGN
-0.34859744,BENIGN
-0.39762238,BENIGN
-0.34431067,BENIGN
-0.46001026,BENIGN
-0.34977564,BENIGN
-0.35164502,BENIGN
-0.540012,BENIGN
-0.38760245,BENIGN
-0.34354603,BENIGN
-0.370574,BENIGN
-0.40831968,BENIGN
-0.42462346,BENIGN
-0.37341738,BENIGN
-0.34292406,BENIGN
-0.3381511,BENIGN
-0.3753633,BENIGN
-0.39560124,BENIGN
-0.43997356,BENIGN
-0.34030628,BENIGN
-0.35887414,BENIGN
-0.3561273,BENIGN
-0.39119202,BENIGN
-0.3459964,BENIGN
-0.46521437,BENIGN
-0.35379684,BENIGN
-0.38458022,BENIGN
-0.36481294,BENIGN
-0.4391274,BENIGN
-0.34249294,BENIGN
-0.47972873,BENIGN
-0.34356984,BENIGN
-0.3333749,BENIGN
-0.34382966,BENIGN
-0.37556952,BENIGN
-0.3678877,BENIGN
-0.453692,BENIGN
-0.38033664,BENIGN
-0.3895644,BENIGN
-0.34182766,BENIGN
-0.34592327,BENIGN
-0.34743434,BENIGN
-0.41213018,BENIGN
-0.44461006,BENIGN
-0.57094675,BENIGN
-0.3401551,BENIGN
-0.40169227,BENIGN
-0.39531308,BENIGN
-0.3458654,BENIGN
-0.33783436,BENIGN
-0.36959067,BENIGN
-0.34253213,BENIGN
-0.3459964,BENIGN
-0.3630815,BENIGN
-0.44483334,BENIGN
-0.36961463,BENIGN
-0.34668466,BENIGN
-0.62862843,BENIGN
-0.34358802,BENIGN
-0.4491459,BENIGN
-0.4260248,BENIGN
-0.3375783,BENIGN
-0.36491683,BENIGN
-0.4314429,BENIGN
-0.48649085,BENIGN
-0.36759382,BENIGN
-0.5549361,BENIGN
-0.33738285,BENIGN
-0.37138724,BENIGN
-0.3786703,BENIGN
-0.4343057,BENIGN
-0.34971467,BENIGN
-0.33778825,BENIGN
-0.39581633,BENIGN
-0.33995038,BENIGN
-0.4232233,BENIGN
-0.36167315,BENIGN
-0.39370948,BENIGN
-0.4490387,BENIGN
-0.34864423,BENIGN
-0.44475436,BENIGN
-0.39389908,BENIGN
-0.41253716,BENIGN
-0.38309687,BENIGN
-0.33839858,BENIGN
-0.4539515,BENIGN
-0.3682348,BENIGN
-0.3438162,BENIGN
-0.3409424,BENIGN
-0.44818953,BENIGN
-0.37116498,BENIGN
-0.6205716,BENIGN
-0.36746502,BENIGN
-0.37921566,BENIGN
-0.41035247,BENIGN
-0.37618637,BENIGN
-0.35214314,BENIGN
-0.54328346,BENIGN
-0.48117012,BENIGN
-0.33538386,BENIGN
-0.37197375,BENIGN
-0.4173782,BENIGN
-0.36714676,BENIGN
-0.53907514,BENIGN
-0.35405862,BENIGN
-0.33430833,BENIGN
-0.3503538,BENIGN
-0.42502394,BENIGN
-0.51466703,BENIGN
-0.3601221,BENIGN
-0.400089,BENIGN
-0.36828226,BENIGN
-0.34479502,BENIGN
-0.3397483,BENIGN
-0.36763594,BENIGN
-0.4776491,BENIGN
-0.5681781,BENIGN
-0.34508562,BENIGN
-0.63003117,BENIGN
-0.34226432,BENIGN
-0.4462462,BENIGN
-0.33695853,BENIGN
-0.33304864,BENIGN
-0.35423145,BENIGN
-0.5682465,BENIGN
-0.34298313,BENIGN
-0.3545436,BENIGN
-0.38667774,BENIGN
-0.3569641,BENIGN
-0.33788478,BENIGN
-0.5573355,BENIGN
-0.3655864,BENIGN
-0.3422847,BENIGN
-0.335463,BENIGN
-0.3891886,BENIGN
-0.42633918,BENIGN
-0.5229863,BENIGN
-0.33387205,BENIGN
-0.35223264,BENIGN
-0.38575867,BENIGN
-0.37880704,BENIGN
-0.36984918,BENIGN
-0.3466625,BENIGN
-0.3404906,BENIGN
-0.42016008,BENIGN
-0.40969428,BENIGN
-0.340372,BENIGN
-0.33839387,BENIGN
-0.3398123,BENIGN
-0.4206798,BENIGN
-0.34316477,BENIGN
-0.3880263,BENIGN
-0.39088514,BENIGN
-0.33801866,BENIGN
-0.35665035,BENIGN
-0.34556195,BENIGN
-0.39301127,BENIGN
-0.44390398,BENIGN
-0.34975275,BENIGN
-0.5536543,BENIGN
-0.66646886,BENIGN
-0.3827715,BENIGN
-0.44964483,BENIGN
-0.34468237,BENIGN
-0.3349087,BENIGN
-0.39262563,BENIGN
-0.5753823,BENIGN
-0.42206386,BENIGN
-0.34104165,BENIGN
-0.5336744,BENIGN
-0.33574843,BENIGN
-0.3924448,BENIGN
-0.33933446,BENIGN
-0.44040263,BENIGN
-0.35391644,BENIGN
-0.52480817,BENIGN
-0.34057438,BENIGN
-0.33869758,BENIGN
-0.3477107,BENIGN
-0.34491843,BENIGN
-0.45017114,BENIGN
-0.342416,BENIGN
-0.33695853,BENIGN
-0.38910255,BENIGN
-0.34968928,BENIGN
-0.52798164,BENIGN
-0.6429605,BENIGN
-0.48233122,BENIGN
-0.5039824,BENIGN
-0.39463755,BENIGN
-0.35489574,BENIGN
-0.3361868,BENIGN
-0.6997832,BENIGN
-0.38777924,BENIGN
-0.5757135,BENIGN
-0.34802017,BENIGN
-0.38137314,BENIGN
-0.3396366,BENIGN
-0.5126836,BENIGN
-0.35049754,BENIGN
-0.35084358,BENIGN
-0.33995345,BENIGN
-0.338084,BENIGN
-0.40263882,BENIGN
-0.5376309,BENIGN
-0.36334202,BENIGN
-0.43180487,BENIGN
-0.37544012,BENIGN
-0.39630866,BENIGN
-0.48471564,BENIGN
-0.3570969,BENIGN
-0.34067717,BENIGN
-0.37530032,BENIGN
-0.34436962,BENIGN
-0.4418457,BENIGN
-0.39044666,BENIGN
-0.37337565,BENIGN
-0.3710157,BENIGN
-0.3445975,BENIGN
-0.52754307,BENIGN
-0.37496048,BENIGN
-0.34767872,BENIGN
-0.37146956,BENIGN
-0.35830832,BENIGN
-0.49412772,BENIGN
-0.45029178,BENIGN
-0.4497239,BENIGN
-0.37135416,BENIGN
-0.6530875,BENIGN
-0.39021993,BENIGN
-0.37995204,BENIGN
-0.3708804,BENIGN
-0.34872076,BENIGN
-0.4614932,BENIGN
-0.5228881,BENIGN
-0.3533802,BENIGN
-0.34331816,BENIGN
-0.33484253,BENIGN
-0.36574402,BENIGN
-0.39170247,BENIGN
-0.3368442,BENIGN
-0.34057593,BENIGN
-0.34324127,BENIGN
-0.35005543,BENIGN
-0.34817567,BENIGN
-0.35087785,BENIGN
-0.4474299,BENIGN
-0.36904067,BENIGN
-0.37656128,BENIGN
-0.34867927,BENIGN
-0.33490583,BENIGN
-0.3496978,BENIGN
-0.3483333,BENIGN
-0.6776372,BENIGN
-0.37118283,BENIGN
-0.51652586,BENIGN
-0.44862318,BENIGN
-0.39653367,BENIGN
-0.33984858,BENIGN
-0.4714852,BENIGN
-0.3420597,BENIGN
-0.3380545,BENIGN
-0.37423357,BENIGN
-0.36819285,BENIGN
-0.39073664,BENIGN
-0.36513153,BENIGN
-0.33614752,BENIGN
-0.3402733,BENIGN
-0.37312016,BENIGN
-0.345486,BENIGN
-0.36743537,BENIGN
-0.42080233,BENIGN
-0.33197013,BENIGN
-0.35190237,BENIGN
-0.34187633,BENIGN
-0.41597906,BENIGN
-0.3991614,BENIGN
-0.34110236,BENIGN
-0.35869217,BENIGN
-0.36773527,BENIGN
-0.34401512,BENIGN
-0.37063152,BENIGN
-0.34027603,BENIGN
-0.3316894,BENIGN
-0.3678204,BENIGN
-0.42938203,BENIGN
-0.4318592,BENIGN
-0.33849025,BENIGN
-0.342349,BENIGN
-0.34213004,BENIGN
-0.4708709,BENIGN
-0.3414421,BENIGN
-0.34650528,BENIGN
-0.37197405,BENIGN
-0.36844182,BENIGN
-0.35298663,BENIGN
-0.390591,BENIGN
-0.36887595,BENIGN
-0.35012227,BENIGN
-0.36574125,BENIGN
-0.62968594,BENIGN
-0.34116277,BENIGN
-0.56979614,BENIGN
-0.33971316,BENIGN
-0.37065417,BENIGN
-0.3511964,BENIGN
-0.4052142,BENIGN
-0.39073083,BENIGN
-0.46904355,BENIGN
-0.36896122,BENIGN
-0.37323782,BENIGN
-0.3334697,BENIGN
-0.33376008,BENIGN
-0.3592328,BENIGN
-0.37430108,BENIGN
-0.33972383,BENIGN
-0.4859528,BENIGN
-0.3483333,BENIGN
-0.36863953,BENIGN
-0.345345,BENIGN
-0.3966257,BENIGN
-0.36712438,BENIGN
-0.35495955,BENIGN
-0.3703881,BENIGN
-0.33718872,BENIGN
-0.4583887,BENIGN
-0.3482608,BENIGN
-0.33672643,BENIGN
-0.4867279,BENIGN
-0.335454,BENIGN
-0.4245406,BENIGN
-0.44664812,BENIGN
-0.34542522,BENIGN
-0.3510242,BENIGN
-0.42272455,BENIGN
-0.3334817,BENIGN
-0.3680666,BENIGN
-0.34853554,BENIGN
-0.35118854,BENIGN
-0.3982579,BENIGN
-0.3492957,BENIGN
-0.41212046,BENIGN
-0.398469,BENIGN
-0.37092245,BENIGN
-0.35760155,BENIGN
-0.361203,BENIGN
-0.3439953,BENIGN
-0.33896327,BENIGN
-0.34277576,BENIGN
-0.48025444,BENIGN
-0.34229788,BENIGN
-0.34792313,BENIGN
-0.34038132,BENIGN
-0.36562204,BENIGN
-0.41894025,BENIGN
-0.45695642,BENIGN
-0.34696272,BENIGN
-0.4007022,BENIGN
-0.355013,BENIGN
-0.33312863,BENIGN
-0.35686183,BENIGN
-0.33553192,BENIGN
-0.34882358,BENIGN
-0.34347844,BENIGN
-0.644515,BENIGN
-0.3404564,BENIGN
-0.4403468,BENIGN
-0.33917108,BENIGN
-0.34816304,BENIGN
-0.3342186,BENIGN
-0.36993453,BENIGN
-0.39145166,BENIGN
-0.45915672,BENIGN
-0.39419484,BENIGN
-0.34267333,BENIGN
-0.3979924,BENIGN
-0.36599374,BENIGN
-0.3883033,BENIGN
-0.35102904,BENIGN
-0.41481268,BENIGN
-0.34711692,BENIGN
-0.43673465,BENIGN
-0.3686637,BENIGN
-0.44665107,BENIGN
-0.52258444,BENIGN
-0.6475146,BENIGN
-0.36567265,BENIGN
-0.34288704,BENIGN
-0.39859167,BENIGN
-0.61114913,BENIGN
-0.3397275,BENIGN
-0.36886796,BENIGN
-0.36553675,BENIGN
-0.43821478,BENIGN
-0.3447993,BENIGN
-0.3539743,BENIGN
-0.61492234,BENIGN
-0.35066977,BENIGN
-0.33869076,BENIGN
-0.33394375,BENIGN
-0.43662947,BENIGN
-0.3369936,BENIGN
-0.3570598,BENIGN
-0.46703318,BENIGN
-0.34919986,BENIGN
-0.37853205,BENIGN
-0.3343338,BENIGN
-0.3712607,BENIGN
-0.34488538,BENIGN
-0.4807421,BENIGN
-0.4456641,BENIGN
-0.34801662,BENIGN
-0.3858528,BENIGN
-0.35331613,BENIGN
-0.46376002,BENIGN
-0.38120824,BENIGN
-0.33979493,BENIGN
-0.3789372,BENIGN
-0.34648028,BENIGN
-0.39010897,BENIGN
-0.39298177,BENIGN
-0.5755341,BENIGN
-0.3444712,BENIGN
-0.33292815,BENIGN
-0.3537965,BENIGN
-0.36736578,BENIGN
-0.55232465,BENIGN
-0.33226526,BENIGN
-0.3397475,BENIGN
-0.34552395,BENIGN
-0.37029997,BENIGN
-0.49064735,BENIGN
-0.37102082,BENIGN
-0.35492104,BENIGN
-0.3514334,BENIGN
-0.34456065,BENIGN
-0.4519642,BENIGN
-0.3546638,BENIGN
-0.3398295,BENIGN
-0.33809146,BENIGN
-0.38654166,BENIGN
-0.39112818,BENIGN
-0.60099226,BENIGN
-0.53172064,BENIGN
-0.41085517,BENIGN
-0.3914334,BENIGN
-0.3687239,BENIGN
-0.36080068,BENIGN
-0.3510431,BENIGN
-0.38181823,BENIGN
-0.33869475,BENIGN
-0.3346593,BENIGN
-0.33155277,BENIGN
-0.33211306,BENIGN
-0.3714744,BENIGN
-0.39219907,BENIGN
-0.33535567,BENIGN
-0.36882067,BENIGN
-0.34354913,BENIGN
-0.3898504,BENIGN
-0.37435946,BENIGN
-0.49460974,BENIGN
-0.34508798,BENIGN
-0.40606323,BENIGN
-0.34013793,BENIGN
-0.48415148,BENIGN
-0.36682782,BENIGN
-0.37688574,BENIGN
-0.34493956,BENIGN
-0.40758047,BENIGN
-0.4569753,BENIGN
-0.3731746,BENIGN
-0.37930337,BENIGN
-0.55336463,BENIGN
-0.38581097,BENIGN
-0.34419516,BENIGN
-0.4586146,BENIGN
-0.36777514,BENIGN
-0.3443005,BENIGN
-0.46671718,BENIGN
-0.3538788,BENIGN
-0.38060832,BENIGN
-0.342349,BENIGN
-0.34547308,BENIGN
-0.37247294,BENIGN
-0.33282393,BENIGN
-0.3449704,BENIGN
-0.34282714,BENIGN
-0.4920244,BENIGN
-0.53128284,BENIGN
-0.34573174,BENIGN
-0.34026122,BENIGN
-0.38753933,BENIGN
-0.45908937,BENIGN
-0.39444914,BENIGN
-0.42872337,BENIGN
-0.33590397,BENIGN
-0.3473064,BENIGN
-0.34252077,BENIGN
-0.36076865,BENIGN
-0.3489385,BENIGN
-0.3370434,BENIGN
-0.55384684,BENIGN
-0.38928363,BENIGN
-0.580081,BENIGN
-0.35418934,BENIGN
-0.38331327,BENIGN
-0.34253213,BENIGN
-0.3390763,BENIGN
-0.5039694,BENIGN
-0.46121892,BENIGN
-0.34005126,BENIGN
-0.4268754,BENIGN
-0.348449,BENIGN
-0.42845196,BENIGN
-0.33814263,BENIGN
-0.33592147,BENIGN
-0.34433,BENIGN
-0.40374622,BENIGN
-0.3456159,BENIGN
-0.3898305,BENIGN
-0.33319315,BENIGN
-0.35912755,BENIGN
-0.52923083,BENIGN
-0.42054236,BENIGN
-0.5431261,BENIGN
-0.33604905,BENIGN
-0.47352713,BENIGN
-0.41067657,BENIGN
-0.41136837,BENIGN
-0.39041576,BENIGN
-0.35894078,BENIGN
-0.3565046,BENIGN
-0.57977283,BENIGN
-0.37162194,BENIGN
-0.40466523,BENIGN
-0.34912547,BENIGN
-0.36467546,BENIGN
-0.45951593,BENIGN
-0.3410101,BENIGN
-0.33888814,BENIGN
-0.33772242,BENIGN
-0.36935583,BENIGN
-0.5773241,BENIGN
-0.33681235,BENIGN
-0.4002893,BENIGN
-0.33341047,BENIGN
-0.33968014,BENIGN
-0.38726172,BENIGN
-0.34900102,BENIGN
-0.37198344,BENIGN
-0.39548576,BENIGN
-0.3374248,BENIGN
-0.37103775,BENIGN
-0.34503525,BENIGN
-0.35775468,BENIGN
-0.3407471,BENIGN
-0.3868583,BENIGN
-0.3751146,BENIGN
-0.35694715,BENIGN
-0.3468614,BENIGN
-0.3358922,BENIGN
-0.38651925,BENIGN
-0.36035165,BENIGN
-0.33340865,BENIGN
-0.35278526,BENIGN
-0.3483233,BENIGN
-0.3402629,BENIGN
-0.37699714,BENIGN
-0.3417038,BENIGN
-0.35488355,BENIGN
-0.34866107,BENIGN
-0.39934522,BENIGN
-0.39548576,BENIGN
-0.37357447,BENIGN
-0.34035936,BENIGN
-0.36221328,BENIGN
-0.37428206,BENIGN
-0.33869946,BENIGN
-0.34440368,BENIGN
-0.40071315,BENIGN
-0.3517857,BENIGN
-0.45091218,BENIGN
-0.36588812,BENIGN
-0.33741125,BENIGN
-0.40477866,BENIGN
-0.4613618,BENIGN
-0.39288816,BENIGN
-0.5678026,BENIGN
-0.36676815,BENIGN
-0.356555,BENIGN
-0.4930169,BENIGN
-0.39282164,BENIGN
-0.51939374,BENIGN
-0.52678686,BENIGN
-0.3898518,BENIGN
-0.3905588,BENIGN
-0.33605188,BENIGN
-0.41691005,BENIGN
-0.34457305,BENIGN
-0.41000858,BENIGN
-0.33382818,BENIGN
-0.33921668,BENIGN
-0.45067716,BENIGN
-0.4618503,BENIGN
-0.3989014,BENIGN
-0.37409452,BENIGN
-0.34142658,BENIGN
-0.33776575,BENIGN
-0.34107843,BENIGN
-0.5329567,BENIGN
-0.445466,BENIGN
-0.3888227,BENIGN
-0.34709364,BENIGN
-0.3424405,BENIGN
-0.5794532,BENIGN
-0.34193274,BENIGN
-0.33895516,BENIGN
-0.3829844,BENIGN
-0.34832624,BENIGN
-0.4613834,BENIGN
-0.3917223,BENIGN
-0.3334861,BENIGN
-0.66669375,BENIGN
-0.33739403,BENIGN
-0.39181858,BENIGN
-0.66011053,BENIGN
-0.3695583,BENIGN
-0.3379695,BENIGN
-0.33837622,BENIGN
-0.348365,BENIGN
-0.5115047,BENIGN
-0.40084553,BENIGN
-0.38462332,BENIGN
-0.4195743,BENIGN
-0.33799022,BENIGN
-0.45573828,BENIGN
-0.348449,BENIGN
-0.38246864,BENIGN
-0.35140407,BENIGN
-0.3433608,BENIGN
-0.33930892,BENIGN
-0.37186524,BENIGN
-0.35073945,BENIGN
-0.3751196,BENIGN
-0.39493832,BENIGN
-0.35290834,BENIGN
-0.34516382,BENIGN
-0.5109565,BENIGN
-0.4251395,BENIGN
-0.5631359,BENIGN
-0.35122043,BENIGN
-0.37911183,BENIGN
-0.3684937,BENIGN
-0.39512905,BENIGN
-0.36400253,BENIGN
-0.35410622,BENIGN
-0.49629465,BENIGN
-0.33993816,BENIGN
-0.38389525,BENIGN
-0.49752933,BENIGN
-0.3514374,BENIGN
-0.41184893,BENIGN
-0.49968952,BENIGN
-0.34794214,BENIGN
-0.37247294,BENIGN
-0.554329,BENIGN
-0.51705706,BENIGN
-0.39039505,BENIGN
-0.49018204,BENIGN
-0.33645138,BENIGN
-0.3894855,BENIGN
-0.35726672,BENIGN
-0.37901944,BENIGN
-0.33766156,BENIGN
-0.40409148,BENIGN
-0.4200443,BENIGN
-0.39170012,BENIGN
-0.34453452,BENIGN
-0.5287939,BENIGN
-0.3632873,BENIGN
-0.39403605,BENIGN
-0.42734286,BENIGN
-0.33377174,BENIGN
-0.39196184,BENIGN
-0.35384157,BENIGN
-0.35812542,BENIGN
-0.41428757,BENIGN
-0.3938964,BENIGN
-0.3633055,BENIGN
-0.6651438,BENIGN
-0.44065627,BENIGN
-0.3317856,BENIGN
-0.37060514,BENIGN
-0.34738216,BENIGN
-0.35633656,BENIGN
-0.3354921,BENIGN
-0.35012084,BENIGN
-0.45105332,BENIGN
-0.37008446,BENIGN
-0.35162643,BENIGN
-0.35091302,BENIGN
-0.346062,BENIGN
-0.35467586,BENIGN
-0.34593397,BENIGN
-0.37704542,BENIGN
-0.3503442,BENIGN
-0.3548488,BENIGN
-0.34210062,BENIGN
-0.34351632,BENIGN
-0.45359126,BENIGN
-0.33242902,BENIGN
-0.4547594,BENIGN
-0.3357014,BENIGN
-0.33592853,BENIGN
-0.335782,BENIGN
-0.35484135,BENIGN
-0.43445507,BENIGN
-0.34341463,BENIGN
-0.34945476,BENIGN
-0.41015837,BENIGN
-0.3920635,BENIGN
-0.39859274,BENIGN
-0.3358896,BENIGN
-0.3392333,BENIGN
-0.33329383,BENIGN
-0.37041748,BENIGN
-0.34237438,BENIGN
-0.40152463,BENIGN
-0.34551305,BENIGN
-0.3336492,BENIGN
-0.39857528,BENIGN
-0.6060101,BENIGN
-0.34890017,BENIGN
-0.34386158,BENIGN
-0.34417754,BENIGN
-0.339256,BENIGN
-0.3459964,BENIGN
-0.39882746,BENIGN
-0.36889848,BENIGN
-0.3875473,BENIGN
-0.33564076,BENIGN
-0.34010774,BENIGN
-0.37682208,BENIGN
-0.5280761,BENIGN
-0.56849545,BENIGN
-0.35225555,BENIGN
-0.33631763,BENIGN
-0.33510298,BENIGN
-0.5763162,BENIGN
-0.34810963,BENIGN
-0.33409372,BENIGN
-0.36601114,BENIGN
-0.39301047,BENIGN
-0.37008664,BENIGN
-0.45837852,BENIGN
-0.36212438,BENIGN
-0.39117774,BENIGN
-0.39657462,BENIGN
-0.3311858,BENIGN
-0.33982837,BENIGN
-0.39612082,BENIGN
-0.33567628,BENIGN
-0.39123777,BENIGN
-0.34344172,BENIGN
-0.53912663,BENIGN
-0.33719745,BENIGN
-0.45734432,BENIGN
-0.4346731,BENIGN
-0.52459717,BENIGN
-0.36743057,BENIGN
-0.45043695,BENIGN
-0.3409676,BENIGN
-0.33447444,BENIGN
-0.3687635,BENIGN
-0.3927761,BENIGN
-0.4160094,BENIGN
-0.33160147,BENIGN
-0.4104752,BENIGN
-0.33497447,BENIGN
-0.37761685,BENIGN
-0.3356352,BENIGN
-0.3388511,BENIGN
-0.36865285,BENIGN
-0.35812032,BENIGN
-0.3368228,BENIGN
-0.39377344,BENIGN
-0.34237957,BENIGN
-0.36790812,BENIGN
-0.3703846,BENIGN
-0.39112306,BENIGN
-0.35103986,BENIGN
-0.34488538,BENIGN
-0.3465149,BENIGN
-0.3782251,BENIGN
-0.3682923,BENIGN
-0.3890259,BENIGN
-0.36842942,BENIGN
-0.34686685,BENIGN
-0.38960615,BENIGN
-0.558073,BENIGN
-0.44261262,BENIGN
-0.38821355,BENIGN
-0.33835316,BENIGN
-0.35286796,BENIGN
-0.41002882,BENIGN
-0.4796258,BENIGN
-0.47369054,BENIGN
-0.4938728,BENIGN
-0.33950046,BENIGN
-0.33888343,BENIGN
-0.38439956,BENIGN
-0.34600767,BENIGN
-0.37143815,BENIGN
-0.5613687,BENIGN
-0.39494273,BENIGN
-0.36367995,BENIGN
-0.38531741,BENIGN
-0.3389995,BENIGN
-0.41926938,BENIGN
-0.3312214,BENIGN
-0.4270785,BENIGN
-0.40372506,BENIGN
-0.3528554,BENIGN
-0.38600552,BENIGN
-0.34433344,BENIGN
-0.37167287,BENIGN
-0.37609953,BENIGN
-0.5951426,BENIGN
-0.64814734,BENIGN
-0.42383614,BENIGN
-0.35774404,BENIGN
-0.3651043,BENIGN
-0.47330153,BENIGN
-0.3492436,BENIGN
-0.34551147,BENIGN
-0.39173815,BENIGN
-0.3343765,BENIGN
-0.37508297,BENIGN
-0.42791882,BENIGN
-0.5081816,BENIGN
-0.455584,BENIGN
-0.3740587,BENIGN
-0.57254,BENIGN
-0.55276924,BENIGN
-0.4019441,BENIGN
-0.34618506,BENIGN
-0.3869391,BENIGN
-0.37374365,BENIGN
-0.35370356,BENIGN
-0.48290417,BENIGN
-0.44173652,BENIGN
-0.40451536,BENIGN
-0.33164892,BENIGN
-0.34033665,BENIGN
-0.33557788,BENIGN
-0.36951324,BENIGN
-0.36781207,BENIGN
-0.52670276,BENIGN
-0.45527932,BENIGN
-0.3547032,BENIGN
-0.39235145,BENIGN
-0.34695792,BENIGN
-0.38146582,BENIGN
-0.3417991,BENIGN
-0.3352842,BENIGN
-0.39191833,BENIGN
-0.34783465,BENIGN
-0.34716594,BENIGN
-0.33450726,BENIGN
-0.3461218,BENIGN
-0.33660594,BENIGN
-0.3801757,BENIGN
-0.53179926,BENIGN
-0.33716318,BENIGN
-0.33872232,BENIGN
-0.39011526,BENIGN
-0.34562993,BENIGN
-0.42157274,BENIGN
-0.35442623,BENIGN
-0.35369796,BENIGN
-0.3713674,BENIGN
-0.38149422,BENIGN
-0.35033295,BENIGN
-0.5041315,BENIGN
-0.34180447,BENIGN
-0.49645692,BENIGN
-0.36400253,BENIGN
-0.4046616,BENIGN
-0.3450257,BENIGN
-0.3910541,BENIGN
-0.5218644,BENIGN
-0.34048033,BENIGN
-0.35759425,BENIGN
-0.38238037,BENIGN
-0.35934725,BENIGN
-0.36984286,BENIGN
-0.45469618,BENIGN
-0.36327174,BENIGN
-0.34436324,BENIGN
-0.38130546,BENIGN
-0.37022322,BENIGN
-0.40010795,BENIGN
-0.3335423,BENIGN
-0.39336997,BENIGN
-0.37619746,BENIGN
-0.4109303,BENIGN
-0.3554896,BENIGN
-0.41187128,BENIGN
-0.3507526,BENIGN
-0.34003004,BENIGN
-0.36613128,BENIGN
-0.37295946,BENIGN
-0.3345089,BENIGN
-0.33587506,BENIGN
-0.47388083,BENIGN
-0.40928787,BENIGN
-0.3352619,BENIGN
-0.44605127,BENIGN
-0.33645737,BENIGN
-0.34781587,BENIGN
-0.34028724,BENIGN
-0.5961167,BENIGN
-0.3358358,BENIGN
-0.44324425,BENIGN
-0.37849635,BENIGN
-0.39385363,BENIGN
-0.35013655,BENIGN
-0.33752418,BENIGN
-0.37002754,BENIGN
-0.5570654,BENIGN
-0.53328407,BENIGN
-0.33604062,BENIGN
-0.36977562,BENIGN
-0.3391279,BENIGN
-0.3815041,BENIGN
-0.34197226,BENIGN
-0.37273988,BENIGN
-0.36746004,BENIGN
-0.3576651,BENIGN
-0.34958497,BENIGN
-0.38763455,BENIGN
-0.47682446,BENIGN
-0.3412482,BENIGN
-0.39917803,BENIGN
-0.34563836,BENIGN
-0.37008446,BENIGN
-0.41564047,BENIGN
-0.335437,BENIGN
-0.35535684,BENIGN
-0.45170003,BENIGN
-0.34243965,BENIGN
-0.542458,BENIGN
-0.3680758,BENIGN
-0.459333,BENIGN
-0.6417061,BENIGN
-0.44712445,BENIGN
-0.36875552,BENIGN
-0.36875552,BENIGN
-0.33974442,BENIGN
-0.3334145,BENIGN
-0.3541501,BENIGN
-0.35354832,BENIGN
-0.38864088,BENIGN
-0.37051246,BENIGN
-0.36588585,BENIGN
-0.44255593,BENIGN
-0.34574598,BENIGN
-0.36200398,BENIGN
-0.49975616,BENIGN
-0.35931227,BENIGN
-0.44267026,BENIGN
-0.37003475,BENIGN
-0.34851512,BENIGN
-0.3448958,BENIGN
-0.35778722,BENIGN
-0.39186338,BENIGN
-0.5573385,BENIGN
-0.46146822,BENIGN
-0.37297833,BENIGN
-0.34005174,BENIGN
-0.334257,BENIGN
-0.48318538,BENIGN
-0.33397174,BENIGN
-0.3678877,BENIGN
-0.35130656,BENIGN
-0.382102,BENIGN
-0.4662137,BENIGN
-0.63205266,BENIGN
-0.3520076,BENIGN
-0.3515132,BENIGN
-0.333807,BENIGN
-0.41591886,BENIGN
-0.37658757,BENIGN
-0.4764565,BENIGN
-0.3375324,BENIGN
-0.35032055,BENIGN
-0.35181907,BENIGN
-0.3740416,BENIGN
-0.35948047,BENIGN
-0.37831834,BENIGN
-0.33905882,BENIGN
-0.3880263,BENIGN
-0.46153617,BENIGN
-0.33984917,BENIGN
-0.6348128,BENIGN
-0.3325568,BENIGN
-0.3558521,BENIGN
-0.34324273,BENIGN
-0.35059062,BENIGN
-0.3379506,BENIGN
-0.37746638,BENIGN
-0.36651143,BENIGN
-0.35411447,BENIGN
-0.43933925,BENIGN
-0.3646316,BENIGN
-0.38829878,BENIGN
-0.34362122,BENIGN
-0.35183161,BENIGN
-0.34877598,BENIGN
-0.33862877,BENIGN
-0.4593287,BENIGN
-0.39340746,BENIGN
-0.35714006,BENIGN
-0.3518353,BENIGN
-0.33694157,BENIGN
-0.35162562,BENIGN
-0.36530685,BENIGN
-0.516661,BENIGN
-0.50725526,BENIGN
-0.3389527,BENIGN
-0.40618342,BENIGN
-0.33444476,BENIGN
-0.4889211,BENIGN
-0.34371528,BENIGN
-0.34654137,BENIGN
-0.45981485,BENIGN
-0.3522546,BENIGN
-0.6923091,BENIGN
-0.39105964,BENIGN
-0.36561128,BENIGN
-0.38667205,BENIGN
-0.4182616,BENIGN
-0.3686994,BENIGN
-0.34092855,BENIGN
-0.33379012,BENIGN
-0.39250368,BENIGN
-0.35484037,BENIGN
-0.350872,BENIGN
-0.42039582,BENIGN
-0.4022724,BENIGN
-0.37142608,BENIGN
-0.54979295,BENIGN
-0.3881656,BENIGN
-0.37927327,BENIGN
-0.37604034,BENIGN
-0.33665407,BENIGN
-0.33589485,BENIGN
-0.3341202,BENIGN
-0.35130998,BENIGN
-0.33572856,BENIGN
-0.34040394,BENIGN
-0.39167514,BENIGN
-0.342838,BENIGN
-0.34990168,BENIGN
-0.41634208,BENIGN
-0.3723233,BENIGN
-0.43909293,BENIGN
-0.37878737,BENIGN
-0.33240172,BENIGN
-0.3373499,BENIGN
-0.38414675,BENIGN
-0.59973603,BENIGN
-0.36676815,BENIGN
-0.39006394,BENIGN
-0.38884476,BENIGN
-0.34238613,BENIGN
-0.37418443,BENIGN
-0.3528039,BENIGN
-0.373399,BENIGN
-0.3704484,BENIGN
-0.34671342,BENIGN
-0.46457613,BENIGN
-0.34794214,BENIGN
-0.3748797,BENIGN
-0.64497685,BENIGN
-0.34018436,BENIGN
-0.33916777,BENIGN
-0.33819535,BENIGN
-0.3438802,BENIGN
-0.3587986,BENIGN
-0.33554694,BENIGN
-0.33273175,BENIGN
-0.4816918,BENIGN
-0.3483333,BENIGN
-0.3854779,BENIGN
-0.36697963,BENIGN
-0.3581902,BENIGN
-0.3508217,BENIGN
-0.3762425,BENIGN
-0.39028007,BENIGN
-0.53861046,BENIGN
-0.415334,BENIGN
-0.3401524,BENIGN
-0.3409676,BENIGN
-0.3364216,BENIGN
-0.4092692,BENIGN
-0.36863953,BENIGN
-0.38869563,BENIGN
-0.38366377,BENIGN
-0.35525247,BENIGN
-0.33282158,BENIGN
-0.3734381,BENIGN
-0.33586267,BENIGN
-0.41109592,BENIGN
-0.38649717,BENIGN
-0.3439953,BENIGN
-0.36321396,BENIGN
-0.67744285,BENIGN
-0.36161005,BENIGN
-0.3383614,BENIGN
-0.34160852,BENIGN
-0.3910811,BENIGN
-0.38388857,BENIGN
-0.39892316,BENIGN
-0.36574402,BENIGN
-0.3574735,BENIGN
-0.36259666,BENIGN
-0.342619,BENIGN
-0.33284977,BENIGN
-0.5697139,BENIGN
-0.34817725,BENIGN
-0.3922036,BENIGN
-0.5597259,BENIGN
-0.37063012,BENIGN
-0.42378798,BENIGN
-0.36889517,BENIGN
-0.33598256,BENIGN
-0.36950758,BENIGN
-0.61413234,BENIGN
-0.36766943,BENIGN
-0.33971944,BENIGN
-0.36412886,BENIGN
-0.35226375,BENIGN
-0.3793613,BENIGN
-0.36626062,BENIGN
-0.3401376,BENIGN
-0.5790093,BENIGN
-0.3932413,BENIGN
-0.40436321,BENIGN
-0.37418443,BENIGN
-0.47433254,BENIGN
-0.38506842,BENIGN
-0.57447684,BENIGN
-0.34550387,BENIGN
-0.33519426,BENIGN
-0.39537865,BENIGN
-0.3631485,BENIGN
-0.39579812,BENIGN
-0.37821782,BENIGN
-0.4552221,BENIGN
-0.34033972,BENIGN
-0.43410504,BENIGN
-0.37166876,BENIGN
-0.34616292,BENIGN
-0.3687404,BENIGN
-0.33620557,BENIGN
-0.3925812,BENIGN
-0.38759297,BENIGN
-0.4056293,BENIGN
-0.33783752,BENIGN
-0.34651783,BENIGN
-0.3366923,BENIGN
-0.5503933,BENIGN
-0.3398592,BENIGN
-0.38382745,BENIGN
-0.3505532,BENIGN
-0.3557027,BENIGN
-0.3342186,BENIGN
-0.33556956,BENIGN
-0.46158713,BENIGN
-0.3668805,BENIGN
-0.33692247,BENIGN
-0.4467732,BENIGN
-0.6170733,BENIGN
-0.41208628,BENIGN
-0.36049515,BENIGN
-0.35616645,BENIGN
-0.33288088,BENIGN
-0.35108918,BENIGN
-0.3448725,BENIGN
-0.4380038,BENIGN
-0.34751657,BENIGN
-0.35486734,BENIGN
-0.36596882,BENIGN
-0.34063047,BENIGN
-0.36867258,BENIGN
-0.3390909,BENIGN
-0.33274588,BENIGN
-0.4780145,BENIGN
-0.40673923,BENIGN
-0.3355728,BENIGN
-0.39071763,BENIGN
-0.3456775,BENIGN
-0.5522792,BENIGN
-0.35290685,BENIGN
-0.4616951,BENIGN
-0.34616452,BENIGN
-0.3693279,BENIGN
-0.34860402,BENIGN
-0.33934748,BENIGN
-0.34331888,BENIGN
-0.3609342,BENIGN
-0.33590764,BENIGN
-0.4154295,BENIGN
-0.43133822,BENIGN
-0.3426348,BENIGN
-0.39035133,BENIGN
-0.34759417,BENIGN
-0.39404073,BENIGN
-0.3489034,BENIGN
-0.4712218,BENIGN
-0.4664837,BENIGN
-0.44158366,BENIGN
-0.3451015,BENIGN
-0.39010897,BENIGN
-0.45582467,BENIGN
-0.3602154,BENIGN
-0.4320018,BENIGN
-0.34856933,BENIGN
-0.37434098,BENIGN
-0.40148902,BENIGN
-0.34036803,BENIGN
-0.3489362,BENIGN
-0.3908643,BENIGN
-0.36599156,BENIGN
-0.44521442,BENIGN
-0.33319414,BENIGN
-0.33738285,BENIGN
-0.3450265,BENIGN
-0.3908643,BENIGN
-0.50886273,BENIGN
-0.34801662,BENIGN
-0.35464373,BENIGN
-0.40156725,BENIGN
-0.3523056,BENIGN
-0.34226507,BENIGN
-0.3964642,BENIGN
-0.4591905,BENIGN
-0.4064119,BENIGN
-0.44834596,BENIGN
-0.41388327,BENIGN
-0.46362212,BENIGN
-0.34696946,BENIGN
-0.38033715,BENIGN
-0.35286787,BENIGN
-0.3694541,BENIGN
-0.35063836,BENIGN
-0.54481864,BENIGN
-0.3428059,BENIGN
-0.40539515,BENIGN
-0.38192582,BENIGN
-0.34440607,BENIGN
-0.51583827,BENIGN
-0.4452666,BENIGN
-0.5365476,BENIGN
-0.34519485,BENIGN
-0.3406884,BENIGN
-0.3855419,BENIGN
-0.3518364,BENIGN
-0.33413965,BENIGN
-0.49699035,BENIGN
-0.36605862,BENIGN
-0.47157156,BENIGN
-0.34711,BENIGN
-0.3509066,BENIGN
-0.36712438,BENIGN
-0.34297538,BENIGN
-0.64599264,BENIGN
-0.33391988,BENIGN
-0.34026366,BENIGN
-0.50938785,BENIGN
-0.5045909,BENIGN
-0.38032225,BENIGN
-0.61655146,BENIGN
-0.35877693,BENIGN
-0.39328763,BENIGN
-0.3967088,BENIGN
-0.456381,BENIGN
-0.34709364,BENIGN
-0.4116705,BENIGN
-0.34447265,BENIGN
-0.45028093,BENIGN
-0.37973502,BENIGN
-0.37691233,BENIGN
-0.42011973,BENIGN
-0.34569672,BENIGN
-0.5590548,BENIGN
-0.5002185,BENIGN
-0.4504022,BENIGN
-0.39113247,BENIGN
-0.33848852,BENIGN
-0.37309852,BENIGN
-0.3730413,BENIGN
-0.3492436,BENIGN
-0.34511533,BENIGN
-0.41463467,BENIGN
-0.3971272,BENIGN
-0.33590955,BENIGN
-0.3431538,BENIGN
-0.34403595,BENIGN
-0.3382801,BENIGN
-0.33723298,BENIGN
-0.3535619,BENIGN
-0.34475112,BENIGN
-0.36836925,BENIGN
-0.35637954,BENIGN
-0.33734044,BENIGN
-0.40819448,BENIGN
-0.33381096,BENIGN
-0.3913176,BENIGN
-0.35551268,BENIGN
-0.40089068,BENIGN
-0.51751196,BENIGN
-0.3670849,BENIGN
-0.33551654,BENIGN
-0.34198874,BENIGN
-0.35071486,BENIGN
-0.369668,BENIGN
-0.545586,BENIGN
-0.3701929,BENIGN
-0.3956623,BENIGN
-0.4013073,BENIGN
-0.41469204,BENIGN
-0.33108672,BENIGN
-0.3719566,BENIGN
-0.33194563,BENIGN
-0.38596776,BENIGN
-0.34755293,BENIGN
-0.58649516,BENIGN
-0.3530021,BENIGN
-0.66795623,BENIGN
-0.43431526,BENIGN
-0.46557376,BENIGN
-0.34947053,BENIGN
-0.3751077,BENIGN
-0.38107195,BENIGN
-0.3904916,BENIGN
-0.33987278,BENIGN
-0.37310264,BENIGN
-0.5510605,BENIGN
-0.39149138,BENIGN
-0.3866463,BENIGN
-0.36522466,BENIGN
-0.35828963,BENIGN
-0.34685364,BENIGN
-0.364763,BENIGN
-0.34294447,BENIGN
-0.35583422,BENIGN
-0.34574652,BENIGN
-0.42346832,BENIGN
-0.35443583,BENIGN
-0.36806306,BENIGN
-0.36965853,BENIGN
-0.3459635,BENIGN
-0.4425266,BENIGN
-0.40047607,BENIGN
-0.37333393,BENIGN
-0.44570348,BENIGN
-0.3374018,BENIGN
-0.3400973,BENIGN
-0.5293568,BENIGN
-0.461986,BENIGN
-0.3678597,BENIGN
-0.33545512,BENIGN
-0.34470144,BENIGN
-0.38870138,BENIGN
-0.3912666,BENIGN
-0.37254894,BENIGN
-0.3452565,BENIGN
-0.35012555,BENIGN
-0.36724833,BENIGN
-0.3525148,BENIGN
-0.47337228,BENIGN
-0.41690442,BENIGN
-0.37948054,BENIGN
-0.36916107,BENIGN
-0.4310127,BENIGN
-0.3513443,BENIGN
-0.37554714,BENIGN
-0.4628578,BENIGN
-0.3654371,BENIGN
-0.37084925,BENIGN
-0.38798657,BENIGN
-0.34698507,BENIGN
-0.4046935,BENIGN
-0.3508217,BENIGN
-0.5372674,BENIGN
-0.34978464,BENIGN
-0.3978326,BENIGN
-0.36605045,BENIGN
-0.33387366,BENIGN
-0.424164,BENIGN
-0.50664294,BENIGN
-0.37932923,BENIGN
-0.40155384,BENIGN
-0.39568943,BENIGN
-0.46331456,BENIGN
-0.33301088,BENIGN
-0.34176657,BENIGN
-0.3572468,BENIGN
-0.38630143,BENIGN
-0.44860467,BENIGN
-0.36416987,BENIGN
-0.39025855,BENIGN
-0.3763549,BENIGN
-0.36801103,BENIGN
-0.35280985,BENIGN
-0.36265028,BENIGN
-0.33818933,BENIGN
-0.36743525,BENIGN
-0.3773246,BENIGN
-0.37652528,BENIGN
-0.34177196,BENIGN
-0.41835538,BENIGN
-0.42870146,BENIGN
-0.38884476,BENIGN
-0.3506553,BENIGN
-0.35324705,BENIGN
-0.36763594,BENIGN
-0.34917483,BENIGN
-0.37940064,BENIGN
-0.33683443,BENIGN
-0.35007975,BENIGN
-0.3691431,BENIGN
-0.34090537,BENIGN
-0.368937,BENIGN
-0.5432016,BENIGN
-0.39617485,BENIGN
-0.4743466,BENIGN
-0.4608057,BENIGN
-0.53165805,BENIGN
-0.395055,BENIGN
-0.4187978,BENIGN
-0.33465084,BENIGN
-0.35281047,BENIGN
-0.36599156,BENIGN
-0.37230003,BENIGN
-0.34892735,BENIGN
-0.53560746,BENIGN
-0.33749223,BENIGN
-0.35008106,BENIGN
-0.3713674,BENIGN
-0.41506672,BENIGN
-0.33516952,BENIGN
-0.33997855,BENIGN
-0.45458767,BENIGN
-0.3503566,BENIGN
-0.40964836,BENIGN
-0.36759433,BENIGN
-0.3488839,BENIGN
-0.33373103,BENIGN
-0.34991473,BENIGN
-0.33938408,BENIGN
-0.3432542,BENIGN
-0.5729133,BENIGN
-0.38789508,BENIGN
-0.54588455,BENIGN
-0.3413844,BENIGN
-0.38041562,BENIGN
-0.38041347,BENIGN
-0.5126524,BENIGN
-0.36969358,BENIGN
-0.33855352,BENIGN
-0.3492188,BENIGN
-0.35815305,BENIGN
-0.5167276,BENIGN
-0.34587395,BENIGN
-0.36943617,BENIGN
-0.3608061,BENIGN
-0.47229078,BENIGN
-0.34413746,BENIGN
-0.3650678,BENIGN
-0.33831254,BENIGN
-0.3998518,BENIGN
-0.3539886,BENIGN
-0.3507112,BENIGN
-0.40741435,BENIGN
-0.3501601,BENIGN
-0.66806495,BENIGN
-0.46031594,BENIGN
-0.3883237,BENIGN
-0.37507683,BENIGN
-0.34608456,BENIGN
-0.3883294,BENIGN
-0.41600785,BENIGN
-0.3401421,BENIGN
-0.34469154,BENIGN
-0.3361948,BENIGN
-0.3558846,BENIGN
-0.3713674,BENIGN
-0.3678339,BENIGN
-0.38777637,BENIGN
-0.34043205,BENIGN
-0.35228336,BENIGN
-0.37268114,BENIGN
-0.45898056,BENIGN
-0.35589018,BENIGN
-0.6099711,BENIGN
-0.58367693,BENIGN
-0.43421966,BENIGN
-0.3751325,BENIGN
-0.3440409,BENIGN
-0.38686717,BENIGN
-0.33192042,BENIGN
-0.39214057,BENIGN
-0.38814503,BENIGN
-0.43281922,BENIGN
-0.43261066,BENIGN
-0.33737925,BENIGN
-0.37587956,BENIGN
-0.36820292,BENIGN
-0.3907459,BENIGN
-0.4681621,BENIGN
-0.38036123,BENIGN
-0.35234806,BENIGN
-0.34342232,BENIGN
-0.38916335,BENIGN
-0.34081766,BENIGN
-0.35415787,BENIGN
-0.3863729,BENIGN
-0.38768938,BENIGN
-0.37023062,BENIGN
-0.34522977,BENIGN
-0.336323,BENIGN
-0.43942648,BENIGN
-0.33673415,BENIGN
-0.418366,BENIGN
-0.562884,BENIGN
-0.5709965,BENIGN
-0.3406992,BENIGN
-0.3525196,BENIGN
-0.3407283,BENIGN
-0.5042144,BENIGN
-0.3372128,BENIGN
-0.39086643,BENIGN
-0.33319208,BENIGN
-0.51760787,BENIGN
-0.36973506,BENIGN
-0.37189427,BENIGN
-0.53503406,BENIGN
-0.6784426,BENIGN
-0.391871,BENIGN
-0.33412567,BENIGN
-0.3585447,BENIGN
-0.41310155,BENIGN
-0.33870038,BENIGN
-0.37110478,BENIGN
-0.3351514,BENIGN
-0.3476299,BENIGN
-0.37619525,BENIGN
-0.35968146,BENIGN
-0.45491692,BENIGN
-0.44853312,BENIGN
-0.34320742,BENIGN
-0.39544275,BENIGN
-0.43214792,BENIGN
-0.54452837,BENIGN
-0.48178953,BENIGN
-0.3678877,BENIGN
-0.3518016,BENIGN
-0.46103877,BENIGN
-0.38322014,BENIGN
-0.42778683,BENIGN
-0.40859604,BENIGN
-0.4006405,BENIGN
-0.42707303,BENIGN
-0.34801662,BENIGN
-0.45359778,BENIGN
-0.3386252,BENIGN
-0.37047172,BENIGN
-0.3672399,BENIGN
-0.4493875,BENIGN
-0.33423203,BENIGN
-0.36792344,BENIGN
-0.34974802,BENIGN
-0.5002251,BENIGN
-0.3755252,BENIGN
-0.4259923,BENIGN
-0.38356024,BENIGN
-0.44100428,BENIGN
-0.35354638,BENIGN
-0.34575123,BENIGN
-0.33408663,BENIGN
-0.35760456,BENIGN
-0.36754125,BENIGN
-0.34945336,BENIGN
-0.3695936,BENIGN
-0.39071763,BENIGN
-0.38444832,BENIGN
-0.4084725,BENIGN
-0.33847108,BENIGN
-0.35271728,BENIGN
-0.34794214,BENIGN
-0.34932098,BENIGN
-0.36830443,BENIGN
-0.61657494,BENIGN
-0.43152383,BENIGN
-0.37044972,BENIGN
-0.3424014,BENIGN
-0.3441767,BENIGN
-0.3608591,BENIGN
-0.3378934,BENIGN
-0.35206294,BENIGN
-0.3450705,BENIGN
-0.33381647,BENIGN
-0.44561103,BENIGN
-0.37878323,BENIGN
-0.366988,BENIGN
-0.35585585,BENIGN
-0.5554937,BENIGN
-0.39305726,BENIGN
-0.44940346,BENIGN
-0.48700657,BENIGN
-0.36469188,BENIGN
-0.34555277,BENIGN
-0.33567694,BENIGN
-0.36965078,BENIGN
-0.41949257,BENIGN
-0.34035674,BENIGN
-0.5564515,BENIGN
-0.34083945,BENIGN
-0.46082422,BENIGN
-0.3949416,BENIGN
-0.4612134,BENIGN
-0.44819605,BENIGN
-0.42485192,BENIGN
-0.34937432,BENIGN
-0.34271088,BENIGN
-0.3624562,BENIGN
-0.38912776,BENIGN
-0.4268729,BENIGN
-0.4136363,BENIGN
-0.3778405,BENIGN
-0.4131586,BENIGN
-0.5126762,BENIGN
-0.46511808,BENIGN
-0.3422244,BENIGN
-0.37228933,BENIGN
-0.37880382,BENIGN
-0.50306314,BENIGN
-0.34385416,BENIGN
-0.3556318,BENIGN
-0.33760324,BENIGN
-0.36996698,BENIGN
-0.3416043,BENIGN
-0.3773896,BENIGN
-0.35287943,BENIGN
-0.34852177,BENIGN
-0.38716465,BENIGN
-0.3742704,BENIGN
-0.33880314,BENIGN
-0.3624256,BENIGN
-0.3715215,BENIGN
-0.33278665,BENIGN
-0.34914568,BENIGN
-0.4069773,BENIGN
-0.3537373,BENIGN
-0.34905905,BENIGN
-0.4381767,BENIGN
-0.3510001,BENIGN
-0.6600375,BENIGN
-0.3406719,BENIGN
-0.3959398,BENIGN
-0.4483439,BENIGN
-0.38838604,BENIGN
-0.33818933,BENIGN
-0.535645,BENIGN
-0.3532008,BENIGN
-0.36455172,BENIGN
-0.3704479,BENIGN
-0.3746157,BENIGN
-0.34586245,BENIGN
-0.39394018,BENIGN
-0.39176646,BENIGN
-0.34309635,BENIGN
-0.37003186,BENIGN
-0.572464,BENIGN
-0.43490842,BENIGN
-0.34754947,BENIGN
-0.5335183,BENIGN
-0.36751002,BENIGN
-0.33536395,BENIGN
-0.35027093,BENIGN
-0.39461803,BENIGN
-0.43721485,BENIGN
-0.401778,BENIGN
-0.38648492,BENIGN
-0.36813903,BENIGN
-0.35826707,BENIGN
-0.5184895,BENIGN
-0.3658082,BENIGN
-0.36837462,BENIGN
-0.46611878,BENIGN
-0.37386057,BENIGN
-0.36798164,BENIGN
-0.35296333,BENIGN
-0.3338525,BENIGN
-0.3394222,BENIGN
-0.33309907,BENIGN
-0.5242793,BENIGN
-0.35689664,BENIGN
-0.45715445,BENIGN
-0.3467853,BENIGN
-0.38221794,BENIGN
-0.37357974,BENIGN
-0.3634598,BENIGN
-0.345021,BENIGN
-0.38397506,BENIGN
-0.35379922,BENIGN
-0.37852994,BENIGN
-0.33529785,BENIGN
-0.35430542,BENIGN
-0.3482989,BENIGN
-0.3352257,BENIGN
-0.5080802,BENIGN
-0.3365134,BENIGN
-0.35290727,BENIGN
-0.3984357,BENIGN
-0.33802578,BENIGN
-0.4797305,BENIGN
-0.4521265,BENIGN
-0.33340138,BENIGN
-0.33456472,BENIGN
-0.36653107,BENIGN
-0.3861796,BENIGN
-0.42081106,BENIGN
-0.36626062,BENIGN
-0.35529342,BENIGN
-0.52662814,BENIGN
-0.3365367,BENIGN
-0.35181907,BENIGN
-0.35029414,BENIGN
-0.34844756,BENIGN
-0.504522,BENIGN
-0.34309256,BENIGN
-0.34957013,BENIGN
-0.37440348,BENIGN
-0.34138703,BENIGN
-0.33802053,BENIGN
-0.38597068,BENIGN
-0.5443519,BENIGN
-0.4759956,BENIGN
-0.4125047,BENIGN
-0.3827347,BENIGN
-0.37263706,BENIGN
-0.50583917,BENIGN
-0.33816049,BENIGN
-0.34116903,BENIGN
-0.3666385,BENIGN
-0.37201428,BENIGN
-0.38907105,BENIGN
-0.44881403,BENIGN
-0.36863953,BENIGN
-0.4127062,BENIGN
-0.37780887,BENIGN
-0.43512696,BENIGN
-0.33334646,BENIGN
-0.37398523,BENIGN
-0.55878174,BENIGN
-0.39118317,BENIGN
-0.38353053,BENIGN
-0.37209257,BENIGN
-0.39523926,BENIGN
-0.34585226,BENIGN
-0.5230924,BENIGN
-0.42138177,BENIGN
-0.5147719,BENIGN
-0.60588026,BENIGN
-0.40627965,BENIGN
-0.33608782,BENIGN
-0.3640518,BENIGN
-0.3413139,BENIGN
-0.35003594,BENIGN
-0.36676815,BENIGN
-0.3324351,BENIGN
-0.3427801,BENIGN
-0.38554946,BENIGN
-0.34277767,BENIGN
-0.35262692,BENIGN
-0.3329266,BENIGN
-0.34905106,BENIGN
-0.33420753,BENIGN
-0.36853483,BENIGN
-0.42633036,BENIGN
-0.37141788,BENIGN
-0.38196963,BENIGN
-0.36932844,BENIGN
-0.5181399,BENIGN
-0.468355,BENIGN
-0.42620397,BENIGN
-0.38803968,BENIGN
-0.34108883,BENIGN
-0.3520215,BENIGN
-0.42352656,BENIGN
-0.3972079,BENIGN
-0.3314703,BENIGN
-0.5914936,BENIGN
-0.34945366,BENIGN
-0.43174228,BENIGN
-0.34630132,BENIGN
-0.37707797,BENIGN
-0.37900808,BENIGN
-0.38096082,BENIGN
-0.34357604,BENIGN
-0.37397662,BENIGN
-0.52771586,BENIGN
-0.3785104,BENIGN
-0.39890298,BENIGN
-0.36776084,BENIGN
-0.3736728,BENIGN
-0.35827506,BENIGN
-0.3420597,BENIGN
-0.36890477,BENIGN
-0.5663913,BENIGN
-0.39940137,BENIGN
-0.34015575,BENIGN
-0.3455565,BENIGN
-0.45452505,BENIGN
-0.36363453,BENIGN
-0.39609507,BENIGN
-0.34530422,BENIGN
-0.5399517,BENIGN
-0.46652445,BENIGN
-0.38173783,BENIGN
-0.37063783,BENIGN
-0.36304045,BENIGN
-0.3395228,BENIGN
-0.37680745,BENIGN
-0.34978333,BENIGN
-0.38103834,BENIGN
-0.4074436,BENIGN
-0.5607017,BENIGN
-0.47923225,BENIGN
-0.3915157,BENIGN
-0.3652509,BENIGN
-0.33328635,BENIGN
-0.3477498,BENIGN
-0.34988898,BENIGN
-0.57775044,BENIGN
-0.48300278,BENIGN
-0.47570482,BENIGN
-0.3503416,BENIGN
-0.37567466,BENIGN
-0.5856673,BENIGN
-0.36447003,BENIGN
-0.35495093,BENIGN
-0.33432832,BENIGN
-0.5559263,BENIGN
-0.36711186,BENIGN
-0.35342354,BENIGN
-0.3549194,BENIGN
-0.3533552,BENIGN
-0.33959597,BENIGN
-0.49057803,BENIGN
-0.34225073,BENIGN
-0.33538622,BENIGN
-0.43908256,BENIGN
-0.42268765,BENIGN
-0.3700914,BENIGN
-0.39059204,BENIGN
-0.6179726,BENIGN
-0.3659689,BENIGN
-0.3483233,BENIGN
-0.41523796,BENIGN
-0.4545966,BENIGN
-0.34532622,BENIGN
-0.4510491,BENIGN
-0.46592754,BENIGN
-0.3701929,BENIGN
-0.40330595,BENIGN
-0.33729038,BENIGN
-0.38163126,BENIGN
-0.39721832,BENIGN
-0.33179536,BENIGN
-0.34379867,BENIGN
-0.3440519,BENIGN
-0.3463083,BENIGN
-0.36829498,BENIGN
-0.35564026,BENIGN
-0.33352104,BENIGN
-0.4048915,BENIGN
-0.34397346,BENIGN
-0.3533524,BENIGN
-0.3536203,BENIGN
-0.34161183,BENIGN
-0.3792383,BENIGN
-0.45638698,BENIGN
-0.37493816,BENIGN
-0.34180462,BENIGN
-0.36985222,BENIGN
-0.40071315,BENIGN
-0.5251052,BENIGN
-0.5169762,BENIGN
-0.3485709,BENIGN
-0.36827058,BENIGN
-0.37587923,BENIGN
-0.4023674,BENIGN
-0.333575,BENIGN
-0.34673452,BENIGN
-0.5541253,BENIGN
-0.3599811,BENIGN
-0.3531688,BENIGN
-0.48303133,BENIGN
-0.34422523,BENIGN
-0.40912166,BENIGN
-0.388746,BENIGN
-0.3413438,BENIGN
-0.35142443,BENIGN
-0.34537646,BENIGN
-0.42092663,BENIGN
-0.44822636,BENIGN
-0.33597252,BENIGN
-0.4348372,BENIGN
-0.3894155,BENIGN
-0.38020512,BENIGN
-0.6710872,BENIGN
-0.33795044,BENIGN
-0.3762791,BENIGN
-0.3956295,BENIGN
-0.36805704,BENIGN
-0.4111075,BENIGN
-0.4037882,BENIGN
-0.5356426,BENIGN
-0.3785529,BENIGN
-0.3356977,BENIGN
-0.4011917,BENIGN
-0.4010675,BENIGN
-0.35601103,BENIGN
-0.35431445,BENIGN
-0.36733392,BENIGN
-0.41007796,BENIGN
-0.3682348,BENIGN
-0.4380747,BENIGN
-0.33958712,BENIGN
-0.37318128,BENIGN
-0.3988525,BENIGN
-0.49619645,BENIGN
-0.428621,BENIGN
-0.3871826,BENIGN
-0.3561728,BENIGN
-0.36781338,BENIGN
-0.35230932,BENIGN
-0.33321986,BENIGN
-0.3328331,BENIGN
-0.3358887,BENIGN
-0.3670959,BENIGN
-0.38098198,BENIGN
-0.5313598,BENIGN
-0.3786027,BENIGN
-0.34709364,BENIGN
-0.401768,BENIGN
-0.34654778,BENIGN
-0.45028874,BENIGN
-0.49551526,BENIGN
-0.4005386,BENIGN
-0.3714038,BENIGN
-0.34036088,BENIGN
-0.54577893,BENIGN
-0.3458654,BENIGN
-0.33940238,BENIGN
-0.33328494,BENIGN
-0.36792737,BENIGN
-0.37760076,BENIGN
-0.4994364,BENIGN
-0.37548262,BENIGN
-0.33361703,BENIGN
-0.43134722,BENIGN
-0.391608,BENIGN
-0.33968797,BENIGN
-0.3608164,BENIGN
-0.35876074,BENIGN
-0.3410313,BENIGN
-0.34091192,BENIGN
-0.35237122,BENIGN
-0.33864012,BENIGN
-0.40048546,BENIGN
-0.34454268,BENIGN
-0.33771837,BENIGN
-0.38806102,BENIGN
-0.5293513,BENIGN
-0.34808552,BENIGN
-0.35067514,BENIGN
-0.47220007,BENIGN
-0.470742,BENIGN
-0.39161634,BENIGN
-0.3398295,BENIGN
-0.35511646,BENIGN
-0.33339193,BENIGN
-0.66660076,BENIGN
-0.34984553,BENIGN
-0.364397,BENIGN
-0.33692697,BENIGN
-0.3783737,BENIGN
-0.3734146,BENIGN
-0.33905238,BENIGN
-0.38972023,BENIGN
-0.6194256,BENIGN
-0.34360033,BENIGN
-0.43234465,BENIGN
-0.45001242,BENIGN
-0.3394442,BENIGN
-0.3464903,BENIGN
-0.37372956,BENIGN
-0.39433613,BENIGN
-0.46755356,BENIGN
-0.33390057,BENIGN
-0.34119764,BENIGN
-0.453011,BENIGN
-0.36959067,BENIGN
-0.5554217,BENIGN
-0.38951302,BENIGN
-0.44911474,BENIGN
-0.3483333,BENIGN
-0.3440668,BENIGN
-0.38885882,BENIGN
-0.3703881,BENIGN
-0.41359732,BENIGN
-0.3534923,BENIGN
-0.3377103,BENIGN
-0.33427623,BENIGN
-0.33583948,BENIGN
-0.4784299,BENIGN
-0.3596106,BENIGN
-0.3427379,BENIGN
-0.3420376,BENIGN
-0.34048018,BENIGN
-0.3760844,BENIGN
-0.35696235,BENIGN
-0.36969358,BENIGN
-0.36744753,BENIGN
-0.3508217,BENIGN
-0.34599474,BENIGN
-0.373716,BENIGN
-0.40661818,BENIGN
-0.34046212,BENIGN
-0.55008185,BENIGN
-0.45211712,BENIGN
-0.36676815,BENIGN
-0.3428915,BENIGN
-0.33656847,BENIGN
-0.38445058,BENIGN
-0.34272563,BENIGN
-0.3389206,BENIGN
-0.37101182,BENIGN
-0.33519235,BENIGN
-0.36677918,BENIGN
-0.4568931,BENIGN
-0.44804174,BENIGN
-0.34423324,BENIGN
-0.35457975,BENIGN
-0.33778933,BENIGN
-0.35027143,BENIGN
-0.3815909,BENIGN
-0.37722185,BENIGN
-0.37517437,BENIGN
-0.37293255,BENIGN
-0.38704792,BENIGN
-0.41912255,BENIGN
-0.3940183,BENIGN
-0.5535606,BENIGN
-0.45341837,BENIGN
-0.37882093,BENIGN
-0.34778613,BENIGN
-0.38891685,BENIGN
-0.36651763,BENIGN
-0.39385363,BENIGN
-0.3355453,BENIGN
-0.33394548,BENIGN
-0.346123,BENIGN
-0.41215864,BENIGN
-0.367482,BENIGN
-0.6372654,BENIGN
-0.40802953,BENIGN
-0.33992803,BENIGN
-0.37188417,BENIGN
-0.3705836,BENIGN
-0.43655857,BENIGN
-0.66981906,BENIGN
-0.37232247,BENIGN
-0.3691934,BENIGN
-0.44189996,BENIGN
-0.471021,BENIGN
-0.46319038,BENIGN
-0.33946985,BENIGN
-0.34055138,BENIGN
-0.4011917,BENIGN
-0.3465993,BENIGN
-0.458163,BENIGN
-0.41359732,BENIGN
-0.35841405,BENIGN
-0.34998485,BENIGN
-0.4988895,BENIGN
-0.3356599,BENIGN
-0.54141027,BENIGN
-0.3705961,BENIGN
-0.38899243,BENIGN
-0.33542815,BENIGN
-0.39932272,BENIGN
-0.3989,BENIGN
-0.3740371,BENIGN
-0.4322462,BENIGN
-0.35343516,BENIGN
-0.3505337,BENIGN
-0.4773602,BENIGN
-0.3362826,BENIGN
-0.38505593,BENIGN
-0.35810837,BENIGN
-0.3671167,BENIGN
-0.34693563,BENIGN
-0.3652064,BENIGN
-0.35661688,BENIGN
-0.6160937,BENIGN
-0.3992577,BENIGN
-0.34608456,BENIGN
-0.33366597,BENIGN
-0.39173475,BENIGN
-0.38877913,BENIGN
-0.40323466,BENIGN
-0.39620787,BENIGN
-0.3551151,BENIGN
-0.36496267,BENIGN
-0.5147719,BENIGN
-0.37359756,BENIGN
-0.34992346,BENIGN
-0.3711748,BENIGN
-0.3766674,BENIGN
-0.34728006,BENIGN
-0.3743054,BENIGN
-0.38441604,BENIGN
-0.38170215,BENIGN
-0.52909976,BENIGN
-0.37643626,BENIGN
-0.39069188,BENIGN
-0.39698327,BENIGN
-0.34917805,BENIGN
-0.3566797,BENIGN
-0.3340749,BENIGN
-0.45123345,BENIGN
-0.35307756,BENIGN
-0.35227603,BENIGN
-0.45551965,BENIGN
-0.3708928,BENIGN
-0.35755482,BENIGN
-0.45453468,BENIGN
-0.6710077,BENIGN
-0.3382214,BENIGN
-0.46341553,BENIGN
-0.3496866,BENIGN
-0.39045334,BENIGN
-0.38855886,BENIGN
-0.37237915,BENIGN
-0.39880565,BENIGN
-0.35730797,BENIGN
-0.3347874,BENIGN
-0.40006557,BENIGN
-0.3582314,BENIGN
-0.44152358,BENIGN
-0.37325186,BENIGN
-0.5655339,BENIGN
-0.4546382,BENIGN
-0.41600657,BENIGN
-0.34207273,BENIGN
-0.34553897,BENIGN
-0.38498068,BENIGN
-0.3364748,BENIGN
-0.33308566,BENIGN
-0.37838545,BENIGN
-0.34646785,BENIGN
-0.37418443,BENIGN
-0.34985918,BENIGN
-0.45524862,BENIGN
-0.36681288,BENIGN
-0.40112042,BENIGN
-0.35198575,BENIGN
-0.35396403,BENIGN
-0.35072806,BENIGN
-0.36721283,BENIGN
-0.565821,BENIGN
-0.3797281,BENIGN
-0.3713674,BENIGN
-0.34575623,BENIGN
-0.3967088,BENIGN
-0.37213254,BENIGN
-0.38760716,BENIGN
-0.3417852,BENIGN
-0.48332524,BENIGN
-0.34003714,BENIGN
-0.33194578,BENIGN
-0.3366818,BENIGN
-0.44125387,BENIGN
-0.3835659,BENIGN
-0.36098856,BENIGN
-0.6868724,BENIGN
-0.3594156,BENIGN
-0.38597763,BENIGN
-0.3406775,BENIGN
-0.45014083,BENIGN
-0.34017482,BENIGN
-0.33976614,BENIGN
-0.46323577,BENIGN
-0.33282924,BENIGN
-0.3463182,BENIGN
-0.5133417,BENIGN
-0.507403,BENIGN
-0.33469552,BENIGN
-0.33272508,BENIGN
-0.34766543,BENIGN
-0.36571336,BENIGN
-0.3478895,BENIGN
-0.37027228,BENIGN
-0.34356248,BENIGN
-0.3948227,BENIGN
-0.38731006,BENIGN
-0.39235246,BENIGN
-0.33596608,BENIGN
-0.33997917,BENIGN
-0.3360751,BENIGN
-0.46438354,BENIGN
-0.34010056,BENIGN
-0.59421414,BENIGN
-0.37077498,BENIGN
-0.33171096,BENIGN
-0.52222234,BENIGN
-0.38063556,BENIGN
-0.4589149,BENIGN
-0.34006432,BENIGN
-0.3515006,BENIGN
-0.35297668,BENIGN
-0.6301021,BENIGN
-0.34005883,BENIGN
-0.45436338,BENIGN
-0.35168597,BENIGN
-0.33957505,BENIGN
-0.3693441,BENIGN
-0.38944194,BENIGN
-0.35710979,BENIGN
-0.35790196,BENIGN
-0.36898202,BENIGN
-0.33711013,BENIGN
-0.34556794,BENIGN
-0.33572707,BENIGN
-0.33436683,BENIGN
-0.33817706,BENIGN
-0.34206003,BENIGN
-0.36676815,BENIGN
-0.3730635,BENIGN
-0.42676446,BENIGN
-0.37008107,BENIGN
-0.3997883,BENIGN
-0.3325029,BENIGN
-0.33640772,BENIGN
-0.34409192,BENIGN
-0.4237199,BENIGN
-0.35966253,BENIGN
-0.35087806,BENIGN
-0.36809176,BENIGN
-0.3602612,BENIGN
-0.3467993,BENIGN
-0.36173934,BENIGN
-0.37219885,BENIGN
-0.45976907,BENIGN
-0.3430079,BENIGN
-0.33689722,BENIGN
-0.39858538,BENIGN
-0.33519235,BENIGN
-0.3542163,BENIGN
-0.36419937,BENIGN
-0.33746862,BENIGN
-0.39139932,BENIGN
-0.35039014,BENIGN
-0.34820494,BENIGN
-0.37636295,BENIGN
-0.34453058,BENIGN
-0.33693713,BENIGN
-0.34587395,BENIGN
-0.45685595,BENIGN
-0.37559777,BENIGN
-0.3312761,BENIGN
-0.4758948,BENIGN
-0.3509774,BENIGN
-0.3640976,BENIGN
-0.3480964,BENIGN
-0.39725286,BENIGN
-0.3492902,BENIGN
-0.48696077,BENIGN
-0.37972665,BENIGN
-0.34525943,BENIGN
-0.5563885,BENIGN
-0.39620122,BENIGN
-0.354544,BENIGN
-0.3524,BENIGN
-0.348902,BENIGN
-0.3337424,BENIGN
-0.43462092,BENIGN
-0.38121977,BENIGN
-0.33151206,BENIGN
-0.36128598,BENIGN
-0.41572598,BENIGN
-0.3700372,BENIGN
-0.361212,BENIGN
-0.34449515,BENIGN
-0.34533888,BENIGN
-0.3339914,BENIGN
-0.3560988,BENIGN
-0.33261696,BENIGN
-0.3888893,BENIGN
-0.3459167,BENIGN
-0.37220025,BENIGN
-0.35358647,BENIGN
-0.5166584,BENIGN
-0.34533498,BENIGN
-0.34316716,BENIGN
-0.3885447,BENIGN
-0.382742,BENIGN
-0.3422712,BENIGN
-0.553904,BENIGN
-0.36810791,BENIGN
-0.34237495,BENIGN
-0.37106675,BENIGN
-0.52869296,BENIGN
-0.3699803,BENIGN
-0.33459854,BENIGN
-0.38040107,BENIGN
-0.38921532,BENIGN
-0.644774,BENIGN
-0.36969656,BENIGN
-0.37275153,BENIGN
-0.3397693,BENIGN
-0.43319258,BENIGN
-0.3452489,BENIGN
-0.3505337,BENIGN
-0.5609881,BENIGN
-0.39986685,BENIGN
-0.33421957,BENIGN
-0.39159885,BENIGN
-0.35366222,BENIGN
-0.4502255,BENIGN
-0.36185858,BENIGN
-0.36991277,BENIGN
-0.36384863,BENIGN
-0.3710059,BENIGN
-0.34568867,BENIGN
-0.34992346,BENIGN
-0.34213498,BENIGN
-0.3387392,BENIGN
-0.59134454,BENIGN
-0.34639928,BENIGN
-0.34935698,BENIGN
-0.3707238,BENIGN
-0.3998518,BENIGN
-0.3502498,BENIGN
-0.43121403,BENIGN
-0.4084725,BENIGN
-0.34391588,BENIGN
-0.5225524,BENIGN
-0.3796931,BENIGN
-0.3843905,BENIGN
-0.33340082,BENIGN
-0.3669706,BENIGN
-0.4278706,BENIGN
-0.41208628,BENIGN
-0.34782678,BENIGN
-0.36552852,BENIGN
-0.4276456,BENIGN
-0.42079073,BENIGN
-0.41610467,BENIGN
-0.35924208,BENIGN
-0.3844337,BENIGN
-0.38510782,BENIGN
-0.3444884,BENIGN
-0.34394094,BENIGN
-0.3765933,BENIGN
-0.37631744,BENIGN
-0.34501028,BENIGN
-0.36447003,BENIGN
-0.3459964,BENIGN
-0.39300203,BENIGN
-0.36654517,BENIGN
-0.3710626,BENIGN
-0.38899243,BENIGN
-0.3517111,BENIGN
-0.35716638,BENIGN
-0.44122288,BENIGN
-0.46559578,BENIGN
-0.509378,BENIGN
-0.3953654,BENIGN
-0.42854825,BENIGN
-0.406189,BENIGN
-0.3698059,BENIGN
-0.37919906,BENIGN
-0.522748,BENIGN
-0.3429066,BENIGN
-0.45591673,BENIGN
-0.34679547,BENIGN
-0.69510955,BENIGN
-0.45336047,BENIGN
-0.37054467,BENIGN
-0.33931127,BENIGN
-0.3685139,BENIGN
-0.37149292,BENIGN
-0.34349743,BENIGN
-0.37937692,BENIGN
-0.3502597,BENIGN
-0.3350049,BENIGN
-0.47919542,BENIGN
-0.35513327,BENIGN
-0.3937484,BENIGN
-0.3496889,BENIGN
-0.38681215,BENIGN
-0.33514956,BENIGN
-0.37782058,BENIGN
-0.36806586,BENIGN
-0.5417806,BENIGN
-0.36635098,BENIGN
-0.34538698,BENIGN
-0.34553057,BENIGN
-0.40032604,BENIGN
-0.36991277,BENIGN
-0.43137062,BENIGN
-0.34482175,BENIGN
-0.36493275,BENIGN
-0.3753633,BENIGN
-0.43709534,BENIGN
-0.38953894,BENIGN
-0.34054887,BENIGN
-0.45067564,BENIGN
-0.33911237,BENIGN
-0.56628734,BENIGN
-0.35177925,BENIGN
-0.5670556,BENIGN
-0.3928164,BENIGN
-0.35545862,BENIGN
-0.3508662,BENIGN
-0.38614368,BENIGN
-0.38646045,BENIGN
-0.3446276,BENIGN
-0.37003577,BENIGN
-0.5993265,BENIGN
-0.43697646,BENIGN
-0.35868406,BENIGN
-0.3509933,BENIGN
-0.36758488,BENIGN
-0.5037372,BENIGN
-0.35366237,BENIGN
-0.37006143,BENIGN
-0.34528804,BENIGN
-0.3558775,BENIGN
-0.41257212,BENIGN
-0.43089375,BENIGN
-0.37520924,BENIGN
-0.37440142,BENIGN
-0.34230688,BENIGN
-0.5312355,BENIGN
-0.37568256,BENIGN
-0.35423076,BENIGN
-0.34978333,BENIGN
-0.36426002,BENIGN
-0.41217843,BENIGN
-0.33304596,BENIGN
-0.54689115,BENIGN
-0.47953564,BENIGN
-0.5217105,BENIGN
-0.35160476,BENIGN
-0.36759672,BENIGN
-0.37232685,BENIGN
-0.34403265,BENIGN
-0.3509934,BENIGN
-0.39137232,BENIGN
-0.41906244,BENIGN
-0.43266258,BENIGN
-0.7031333,BENIGN
-0.3439379,BENIGN
-0.34410706,BENIGN
-0.34688392,BENIGN
-0.40324292,BENIGN
-0.35278103,BENIGN
-0.34463245,BENIGN
-0.550763,BENIGN
-0.34468946,BENIGN
-0.36676815,BENIGN
-0.4125047,BENIGN
-0.34059337,BENIGN
-0.38579693,BENIGN
-0.34908268,BENIGN
-0.3993757,BENIGN
-0.3432891,BENIGN
-0.36773127,BENIGN
-0.37037915,BENIGN
-0.34635952,BENIGN
-0.33500072,BENIGN
-0.33200723,BENIGN
-0.3631338,BENIGN
-0.40041655,BENIGN
-0.34222582,BENIGN
-0.39523545,BENIGN
-0.42030588,BENIGN
-0.35674772,BENIGN
-0.3779288,BENIGN
-0.498793,BENIGN
-0.40872806,BENIGN
-0.3430699,BENIGN
-0.35613695,BENIGN
-0.44328228,BENIGN
-0.44711912,BENIGN
-0.3458654,BENIGN
-0.37380844,BENIGN
-0.38467437,BENIGN
-0.5173531,BENIGN
-0.35024402,BENIGN
-0.33561704,BENIGN
-0.37015542,BENIGN
-0.5805187,BENIGN
-0.34160876,BENIGN
-0.33343536,BENIGN
-0.41084743,BENIGN
-0.33773527,BENIGN
-0.3952517,BENIGN
-0.35529342,BENIGN
-0.33862507,BENIGN
-0.412679,BENIGN
-0.33191156,BENIGN
-0.3420617,BENIGN
-0.34355062,BENIGN
-0.35448685,BENIGN
-0.34681317,BENIGN
-0.40191865,BENIGN
-0.36879012,BENIGN
-0.38143274,BENIGN
-0.3468952,BENIGN
-0.38627467,BENIGN
-0.3679527,BENIGN
-0.4323127,BENIGN
-0.5847229,BENIGN
-0.35867092,BENIGN
-0.39033237,BENIGN
-0.33847114,BENIGN
-0.47780445,BENIGN
-0.37602705,BENIGN
-0.37175238,BENIGN
-0.34659722,BENIGN
-0.35861292,BENIGN
-0.33490193,BENIGN
-0.4001782,BENIGN
-0.4554921,BENIGN
-0.36673683,BENIGN
-0.359921,BENIGN
-0.3983758,BENIGN
-0.3526917,BENIGN
-0.47518653,BENIGN
-0.35887432,BENIGN
-0.3348536,BENIGN
-0.4161813,BENIGN
-0.33389586,BENIGN
-0.39271402,BENIGN
-0.3434458,BENIGN
-0.3478808,BENIGN
-0.37006706,BENIGN
-0.48921296,BENIGN
-0.3503943,BENIGN
-0.40887415,BENIGN
-0.34321436,BENIGN
-0.4964632,BENIGN
-0.33410478,BENIGN
-0.36197767,BENIGN
-0.3820717,BENIGN
-0.3911773,BENIGN
-0.45848542,BENIGN
-0.3444119,BENIGN
-0.36180946,BENIGN
-0.38245845,BENIGN
-0.38713884,BENIGN
-0.36555132,BENIGN
-0.3401786,BENIGN
-0.3448049,BENIGN
-0.37010846,BENIGN
-0.35211903,BENIGN
-0.34005633,BENIGN
-0.34694627,BENIGN
-0.40729955,BENIGN
-0.34788623,BENIGN
-0.34754947,BENIGN
-0.40559578,BENIGN
-0.540763,BENIGN
-0.42850897,BENIGN
-0.39088887,BENIGN
-0.346684,BENIGN
-0.3442211,BENIGN
-0.44712922,BENIGN
-0.5491332,BENIGN
-0.39126262,BENIGN
-0.33474815,BENIGN
-0.51997507,BENIGN
-0.37984458,BENIGN
-0.5035314,BENIGN
-0.38823336,BENIGN
-0.37250528,BENIGN
-0.38251805,BENIGN
-0.33872727,BENIGN
-0.51506406,BENIGN
-0.38685212,BENIGN
-0.3506386,BENIGN
-0.36213022,BENIGN
-0.34946322,BENIGN
-0.3456078,BENIGN
-0.3376659,BENIGN
-0.37258875,BENIGN
-0.48036408,BENIGN
-0.3330194,BENIGN
-0.33326718,BENIGN
-0.45491967,BENIGN
-0.36969358,BENIGN
-0.39011827,BENIGN
-0.39465043,BENIGN
-0.3695172,BENIGN
-0.39541104,BENIGN
-0.3416017,BENIGN
-0.3692023,BENIGN
-0.38838345,BENIGN
-0.35326606,BENIGN
-0.46000174,BENIGN
-0.37697688,BENIGN
-0.5218612,BENIGN
-0.3400407,BENIGN
-0.36966658,BENIGN
-0.4168758,BENIGN
-0.40870887,BENIGN
-0.45884782,BENIGN
-0.34440368,BENIGN
-0.33874983,BENIGN
-0.36654273,BENIGN
-0.3699051,BENIGN
-0.50040424,BENIGN
-0.39033124,BENIGN
-0.33279768,BENIGN
-0.54985774,BENIGN
-0.3947047,BENIGN
-0.3854779,BENIGN
-0.3688531,BENIGN
-0.35186467,BENIGN
-0.57090837,BENIGN
-0.50521016,BENIGN
-0.3565385,BENIGN
-0.33902135,BENIGN
-0.4125047,BENIGN
-0.36503118,BENIGN
-0.36759672,BENIGN
-0.3486851,BENIGN
-0.340973,BENIGN
-0.46778318,BENIGN
-0.3762791,BENIGN
-0.3968704,BENIGN
-0.340702,BENIGN
-0.3430027,BENIGN
-0.34191155,BENIGN
-0.41163987,BENIGN
-0.37085274,BENIGN
-0.37300184,BENIGN
-0.33875436,BENIGN
-0.3354281,BENIGN
-0.6170751,BENIGN
-0.38163516,BENIGN
-0.3681986,BENIGN
-0.33589575,BENIGN
-0.33959544,BENIGN
-0.35840735,BENIGN
-0.3451257,BENIGN
-0.34265682,BENIGN
-0.3456344,BENIGN
-0.37129128,BENIGN
-0.4354089,BENIGN
-0.39118293,BENIGN
-0.33969542,BENIGN
-0.33639252,BENIGN
-0.33402434,BENIGN
-0.42320922,BENIGN
-0.33957484,BENIGN
-0.3672746,BENIGN
-0.40745014,BENIGN
-0.3731793,BENIGN
-0.33342436,BENIGN
-0.34618494,BENIGN
-0.35479754,BENIGN
-0.3584163,BENIGN
-0.3568082,BENIGN
-0.3546889,BENIGN
-0.45349738,BENIGN
-0.5995787,BENIGN
-0.38869306,BENIGN
-0.34992346,BENIGN
-0.45007694,BENIGN
-0.3428732,BENIGN
-0.3378193,BENIGN
-0.3435111,BENIGN
-0.33413774,BENIGN
-0.33657405,BENIGN
-0.35468844,BENIGN
-0.41054597,BENIGN
-0.38218763,BENIGN
-0.3727437,BENIGN
-0.3823252,BENIGN
-0.33962274,BENIGN
-0.33684012,BENIGN
-0.4676856,BENIGN
-0.43422687,BENIGN
-0.33634436,BENIGN
-0.3531499,BENIGN
-0.3904824,BENIGN
-0.388447,BENIGN
-0.33514434,BENIGN
-0.4179477,BENIGN
-0.4795319,BENIGN
-0.33723775,BENIGN
-0.40790254,BENIGN
-0.35876912,BENIGN
-0.3363254,BENIGN
-0.3425198,BENIGN
-0.3723542,BENIGN
-0.3486437,BENIGN
-0.38944614,BENIGN
-0.34048244,BENIGN
-0.35786942,BENIGN
-0.41726047,BENIGN
-0.7273725,BENIGN
-0.39476013,BENIGN
-0.38317055,BENIGN
-0.38723916,BENIGN
-0.54191124,BENIGN
-0.38182408,BENIGN
-0.37291372,BENIGN
-0.33721018,BENIGN
-0.39422017,BENIGN
-0.3777659,BENIGN
-0.5705735,BENIGN
-0.3426028,BENIGN
-0.36908576,BENIGN
-0.3401146,BENIGN
-0.4330474,BENIGN
-0.33667958,BENIGN
-0.38961914,BENIGN
-0.39292258,BENIGN
-0.3510696,BENIGN
-0.35342336,BENIGN
-0.3731224,BENIGN
-0.36315542,BENIGN
-0.42480817,BENIGN
-0.43801033,BENIGN
-0.4259832,BENIGN
-0.39513785,BENIGN
-0.3529549,BENIGN
-0.3943353,BENIGN
-0.34176025,BENIGN
-0.34535134,BENIGN
-0.37049857,BENIGN
-0.36574402,BENIGN
-0.42261723,BENIGN
-0.33726123,BENIGN
-0.35434794,BENIGN
-0.3960054,BENIGN
-0.69472164,BENIGN
-0.40042496,BENIGN
-0.37108257,BENIGN
-0.3458654,BENIGN
-0.37176022,BENIGN
-0.3426489,BENIGN
-0.33530578,BENIGN
-0.35705876,BENIGN
-0.4546914,BENIGN
-0.36236915,BENIGN
-0.40703142,BENIGN
-0.36138856,BENIGN
-0.35259512,BENIGN
-0.39530313,BENIGN
-0.3558725,BENIGN
-0.37304765,BENIGN
-0.349682,BENIGN
-0.34110934,BENIGN
-0.38815913,BENIGN
-0.35263848,BENIGN
-0.33883256,BENIGN
-0.33128688,BENIGN
-0.3448781,BENIGN
-0.34322187,BENIGN
-0.35257167,BENIGN
-0.4000132,BENIGN
-0.3473719,BENIGN
-0.4128695,BENIGN
-0.36567265,BENIGN
-0.55040663,BENIGN
-0.36258814,BENIGN
-0.35804158,BENIGN
-0.38105837,BENIGN
-0.45602974,BENIGN
-0.35326666,BENIGN
-0.47142276,BENIGN
-0.4078138,BENIGN
-0.49341822,BENIGN
-0.33555165,BENIGN
-0.34748557,BENIGN
-0.37400594,BENIGN
-0.45561007,BENIGN
-0.37212777,BENIGN
-0.44968605,BENIGN
-0.46665046,BENIGN
-0.38429877,BENIGN
-0.38009822,BENIGN
-0.3385303,BENIGN
-0.5084129,BENIGN
-0.41620126,BENIGN
-0.34691945,BENIGN
-0.34360552,BENIGN
-0.342183,BENIGN
-0.5901959,BENIGN
-0.42121822,BENIGN
-0.3933786,BENIGN
-0.34562823,BENIGN
-0.4550277,BENIGN
-0.39094347,BENIGN
-0.37828454,BENIGN
-0.35515448,BENIGN
-0.34123847,BENIGN
-0.3814661,BENIGN
-0.36504447,BENIGN
-0.39247698,BENIGN
-0.36689225,BENIGN
-0.3706326,BENIGN
-0.5393812,BENIGN
-0.33815765,BENIGN
-0.34058648,BENIGN
-0.35340443,BENIGN
-0.34405747,BENIGN
-0.34519815,BENIGN
-0.43455306,BENIGN
-0.3428089,BENIGN
-0.33745763,BENIGN
-0.6024352,BENIGN
-0.3666735,BENIGN
-0.38522917,BENIGN
-0.38899243,BENIGN
-0.33765596,BENIGN
-0.58871096,BENIGN
-0.39510638,BENIGN
-0.34587395,BENIGN
-0.40153405,BENIGN
-0.3452023,BENIGN
-0.38996357,BENIGN
-0.3916185,BENIGN
-0.5060231,BENIGN
-0.6986413,BENIGN
-0.3374139,BENIGN
-0.4188191,BENIGN
-0.33511755,BENIGN
-0.3609527,BENIGN
-0.37132198,BENIGN
-0.33885738,BENIGN
-0.42696896,BENIGN
-0.3686994,BENIGN
-0.41359732,BENIGN
-0.53669506,BENIGN
-0.351136,BENIGN
-0.4417115,BENIGN
-0.390232,BENIGN
-0.4604216,BENIGN
-0.559244,BENIGN
-0.33278665,BENIGN
-0.34796777,BENIGN
-0.35064793,BENIGN
-0.3321764,BENIGN
-0.37909117,BENIGN
-0.41467172,BENIGN
-0.39062497,BENIGN
-0.4163965,BENIGN
-0.5214476,BENIGN
-0.340765,BENIGN
-0.33961543,BENIGN
-0.34783465,BENIGN
-0.3362051,BENIGN
-0.3817797,BENIGN
-0.38784724,BENIGN
-0.40516424,BENIGN
-0.66637534,BENIGN
-0.4669992,BENIGN
-0.3849734,BENIGN
-0.48276,BENIGN
-0.3723681,BENIGN
-0.55053586,BENIGN
-0.6722428,BENIGN
-0.35131064,BENIGN
-0.3846351,BENIGN
-0.3355621,BENIGN
-0.39300242,BENIGN
-0.36709934,BENIGN
-0.45490006,BENIGN
-0.37006688,BENIGN
-0.44214383,BENIGN
-0.52657473,BENIGN
-0.39788425,BENIGN
-0.40073794,BENIGN
-0.3843643,BENIGN
-0.45339447,BENIGN
-0.39349625,BENIGN
-0.40520623,BENIGN
-0.35460702,BENIGN
-0.34582675,BENIGN
-0.37675944,BENIGN
-0.56016976,BENIGN
-0.3693261,BENIGN
-0.3904916,BENIGN
-0.3378424,BENIGN
-0.36091155,BENIGN
-0.35464767,BENIGN
-0.37948698,BENIGN
-0.39396542,BENIGN
-0.3467654,BENIGN
-0.4124943,BENIGN
-0.45630085,BENIGN
-0.33447963,BENIGN
-0.38788038,BENIGN
-0.36149734,BENIGN
-0.5049309,BENIGN
-0.47985178,BENIGN
-0.4073058,BENIGN
-0.35370246,BENIGN
-0.38969737,BENIGN
-0.33695906,BENIGN
-0.37058377,BENIGN
-0.4278108,BENIGN
-0.3717558,BENIGN
-0.679014,BENIGN
-0.343029,BENIGN
-0.36167687,BENIGN
-0.4350054,BENIGN
-0.54406893,BENIGN
-0.3514183,BENIGN
-0.349601,BENIGN
-0.34877333,BENIGN
-0.40354997,BENIGN
-0.33990845,BENIGN
-0.38468212,BENIGN
-0.37033403,BENIGN
-0.3871426,BENIGN
-0.5670823,BENIGN
-0.3507296,BENIGN
-0.39276835,BENIGN
-0.3404541,BENIGN
-0.33841237,BENIGN
-0.4425379,BENIGN
-0.44113335,BENIGN
-0.3589706,BENIGN
-0.33763814,BENIGN
-0.3907087,BENIGN
-0.38812315,BENIGN
-0.3372742,BENIGN
-0.33900046,BENIGN
-0.34176025,BENIGN
-0.39152092,BENIGN
-0.40626365,BENIGN
-0.36092943,BENIGN
-0.38098657,BENIGN
-0.39042035,BENIGN
-0.47517142,BENIGN
-0.39103478,BENIGN
-0.3341353,BENIGN
-0.34173983,BENIGN
-0.4380322,BENIGN
-0.39654464,BENIGN
-0.5284824,BENIGN
-0.3534667,BENIGN
-0.3395645,BENIGN
-0.5693738,BENIGN
-0.3911585,BENIGN
-0.37049526,BENIGN
-0.34239042,BENIGN
-0.3684935,BENIGN
-0.34360552,BENIGN
-0.34026054,BENIGN
-0.33537027,BENIGN
-0.34178364,BENIGN
-0.47003248,BENIGN
-0.4586799,BENIGN
-0.34486634,BENIGN
-0.3876049,BENIGN
-0.5273971,BENIGN
-0.46886182,BENIGN
-0.33578733,BENIGN
-0.4119469,BENIGN
-0.34854856,BENIGN
-0.39507523,BENIGN
-0.36858594,BENIGN
-0.33783197,BENIGN
-0.5806159,BENIGN
-0.37432617,BENIGN
-0.47755605,BENIGN
-0.44396073,BENIGN
-0.3749098,BENIGN
-0.35691038,BENIGN
-0.3918758,BENIGN
-0.3448251,BENIGN
-0.36316836,BENIGN
-0.3456834,BENIGN
-0.48487407,BENIGN
-0.36958045,BENIGN
-0.3538671,BENIGN
-0.34148568,BENIGN
-0.3593684,BENIGN
-0.3504737,BENIGN
-0.35540152,BENIGN
-0.37222058,BENIGN
-0.43317375,BENIGN
-0.33946407,BENIGN
-0.371262,BENIGN
-0.33909887,BENIGN
-0.35915223,BENIGN
-0.34609008,BENIGN
-0.34491152,BENIGN
-0.3401001,BENIGN
-0.39224225,BENIGN
-0.33958042,BENIGN
-0.42172518,BENIGN
-0.34938374,BENIGN
-0.34532195,BENIGN
-0.35743415,BENIGN
-0.6754559,BENIGN
-0.37798437,BENIGN
-0.36771497,BENIGN
-0.36939785,BENIGN
-0.39186248,BENIGN
-0.35254526,BENIGN
-0.5923295,BENIGN
-0.34971514,BENIGN
-0.3365951,BENIGN
-0.3972006,BENIGN
-0.40609217,BENIGN
-0.450322,BENIGN
-0.33753037,BENIGN
-0.43451318,BENIGN
-0.35037106,BENIGN
-0.346801,BENIGN
-0.37485412,BENIGN
-0.45214036,BENIGN
-0.37625676,BENIGN
-0.35046932,BENIGN
-0.35523614,BENIGN
-0.34375274,BENIGN
-0.39298177,BENIGN
-0.3792675,BENIGN
-0.38107044,BENIGN
-0.4585036,BENIGN
-0.39167514,BENIGN
-0.36852872,BENIGN
-0.4236809,BENIGN
-0.38554522,BENIGN
-0.38986513,BENIGN
-0.69331217,BENIGN
-0.36007842,BENIGN
-0.5658418,BENIGN
-0.42039582,BENIGN
-0.4857381,BENIGN
-0.4560891,BENIGN
-0.3461218,BENIGN
-0.35635805,BENIGN
-0.35157132,BENIGN
-0.34566754,BENIGN
-0.4165221,BENIGN
-0.3382952,BENIGN
-0.39581633,BENIGN
-0.33495134,BENIGN
-0.3903924,BENIGN
-0.3933577,BENIGN
-0.49980468,BENIGN
-0.5514577,BENIGN
-0.34591657,BENIGN
-0.43281958,BENIGN
-0.37175238,BENIGN
-0.49071804,BENIGN
-0.35037106,BENIGN
-0.39762238,BENIGN
-0.37455657,BENIGN
-0.3889962,BENIGN
-0.39832082,BENIGN
-0.34064704,BENIGN
-0.34098816,BENIGN
-0.36613128,BENIGN
-0.3658583,BENIGN
-0.38063556,BENIGN
-0.36574402,BENIGN
-0.47800657,BENIGN
-0.34485754,BENIGN
-0.531008,BENIGN
-0.35316893,BENIGN
-0.46120185,BENIGN
-0.33746228,BENIGN
-0.47489205,BENIGN
-0.34314767,BENIGN
-0.33791876,BENIGN
-0.4352645,BENIGN
-0.45617592,BENIGN
-0.4443516,BENIGN
-0.38872954,BENIGN
-0.41493636,BENIGN
-0.37611523,BENIGN
-0.34546164,BENIGN
-0.40718728,BENIGN
-0.37084323,BENIGN
-0.34139597,BENIGN
-0.36795956,BENIGN
-0.34626812,BENIGN
-0.37950873,BENIGN
-0.34298128,BENIGN
-0.5753241,BENIGN
-0.38780272,BENIGN
-0.52228713,BENIGN
-0.3348096,BENIGN
-0.34048247,BENIGN
-0.50514776,BENIGN
-0.49006373,BENIGN
-0.36453786,BENIGN
-0.38099098,BENIGN
-0.3528956,BENIGN
-0.34200603,BENIGN
-0.51079637,BENIGN
-0.38763455,BENIGN
-0.37139803,BENIGN
-0.33937195,BENIGN
-0.36713818,BENIGN
-0.3561171,BENIGN
-0.3456391,BENIGN
-0.37054914,BENIGN
-0.34440443,BENIGN
-0.34978333,BENIGN
-0.38952905,BENIGN
-0.4338218,BENIGN
-0.3770036,BENIGN
-0.3426025,BENIGN
-0.3973746,BENIGN
-0.34901646,BENIGN
-0.34828758,BENIGN
-0.4034699,BENIGN
-0.33656916,BENIGN
-0.42852134,BENIGN
-0.33381125,BENIGN
-0.33507794,BENIGN
-0.47310278,BENIGN
-0.36933842,BENIGN
-0.6283365,BENIGN
-0.37468728,BENIGN
-0.33777872,BENIGN
-0.40026084,BENIGN
-0.40959194,BENIGN
-0.37068525,BENIGN
-0.37277246,BENIGN
-0.39226747,BENIGN
-0.4481779,BENIGN
-0.38036096,BENIGN
-0.46485138,BENIGN
-0.34495756,BENIGN
-0.3909703,BENIGN
-0.36316308,BENIGN
-0.37470242,BENIGN
-0.37380797,BENIGN
-0.33985192,BENIGN
-0.38524383,BENIGN
-0.4422305,BENIGN
-0.34766534,BENIGN
-0.39024445,BENIGN
-0.40262073,BENIGN
-0.3981047,BENIGN
-0.6719551,BENIGN
-0.47212952,BENIGN
-0.36848342,BENIGN
-0.3755983,BENIGN
-0.34318244,BENIGN
-0.3447756,BENIGN
-0.39316794,BENIGN
-0.3417791,BENIGN
-0.33603472,BENIGN
-0.407303,BENIGN
-0.37542892,BENIGN
-0.46565485,BENIGN
-0.3753649,BENIGN
-0.47115695,BENIGN
-0.35687009,BENIGN
-0.37950975,BENIGN
-0.33435577,BENIGN
-0.55983114,BENIGN
-0.37163183,BENIGN
-0.39162415,BENIGN
-0.39502,BENIGN
-0.3713674,BENIGN
-0.3432626,BENIGN
-0.3594698,BENIGN
-0.48625332,BENIGN
-0.38293004,BENIGN
-0.34085748,BENIGN
-0.33276293,BENIGN
-0.33714408,BENIGN
-0.45958197,BENIGN
-0.37051132,BENIGN
-0.34203812,BENIGN
-0.3655042,BENIGN
-0.3899116,BENIGN
-0.34978333,BENIGN
-0.3452257,BENIGN
-0.49197474,BENIGN
-0.3435846,BENIGN
-0.34092945,BENIGN
-0.42908064,BENIGN
-0.3644549,BENIGN
-0.37381253,BENIGN
-0.34743136,BENIGN
-0.34158152,BENIGN
-0.46165183,BENIGN
-0.49313095,BENIGN
-0.3461597,BENIGN
-0.3721421,BENIGN
-0.33339354,BENIGN
-0.37211302,BENIGN
-0.36587968,BENIGN
-0.38843113,BENIGN
-0.39990807,BENIGN
-0.3488493,BENIGN
-0.49663118,BENIGN
-0.40902567,BENIGN
-0.4634366,BENIGN
-0.4485693,BENIGN
-0.33775327,BENIGN
-0.5614413,BENIGN
-0.3458654,BENIGN
-0.33990383,BENIGN
-0.586986,BENIGN
-0.34310573,BENIGN
-0.38681215,BENIGN
-0.45215186,BENIGN
-0.40973052,BENIGN
-0.34778166,BENIGN
-0.33753973,BENIGN
-0.38825357,BENIGN
-0.35903245,BENIGN
-0.36096734,BENIGN
-0.36931625,BENIGN
-0.43697268,BENIGN
-0.37124416,BENIGN
-0.34113672,BENIGN
-0.33776578,BENIGN
-0.36753857,BENIGN
-0.35161594,BENIGN
-0.37913856,BENIGN
-0.36861682,BENIGN
-0.37384742,BENIGN
-0.3507897,BENIGN
-0.38924867,BENIGN
-0.46644995,BENIGN
-0.3874601,BENIGN
-0.36990422,BENIGN
-0.3854436,BENIGN
-0.36495617,BENIGN
-0.3744021,BENIGN
-0.52857876,BENIGN
-0.37331954,BENIGN
-0.49200854,BENIGN
-0.34971797,BENIGN
-0.34186265,BENIGN
-0.36842903,BENIGN
-0.45667696,BENIGN
-0.4963614,BENIGN
-0.35117465,BENIGN
-0.35031223,BENIGN
-0.376486,BENIGN
-0.33410478,BENIGN
-0.35760155,BENIGN
-0.35315567,BENIGN
-0.38225433,BENIGN
-0.4556087,BENIGN
-0.41928422,BENIGN
-0.3345271,BENIGN
-0.3369511,BENIGN
-0.3437145,BENIGN
-0.39590892,BENIGN
-0.34949616,BENIGN
-0.3409318,BENIGN
-0.36834607,BENIGN
-0.36969814,BENIGN
-0.34127882,BENIGN
-0.34176657,BENIGN
-0.39655045,BENIGN
-0.38651925,BENIGN
-0.38836607,BENIGN
-0.33304378,BENIGN
-0.4852457,BENIGN
-0.6411041,BENIGN
-0.3433605,BENIGN
-0.34308055,BENIGN
-0.35378706,BENIGN
-0.33316478,BENIGN
-0.34860486,BENIGN
-0.3422197,BENIGN
-0.5673066,BENIGN
-0.4066885,BENIGN
-0.35417998,BENIGN
-0.37000817,BENIGN
-0.3324351,BENIGN
-0.36592016,BENIGN
-0.37141132,BENIGN
-0.38762614,BENIGN
-0.35038584,BENIGN
-0.39007849,BENIGN
-0.34005633,BENIGN
-0.39948586,BENIGN
-0.33577353,BENIGN
-0.37041867,BENIGN
-0.33583197,BENIGN
-0.42803174,BENIGN
-0.37710857,BENIGN
-0.40942508,BENIGN
-0.36800295,BENIGN
-0.36846554,BENIGN
-0.5546321,BENIGN
-0.37460104,BENIGN
-0.38069603,BENIGN
-0.41744018,BENIGN
-0.34042656,BENIGN
-0.351498,BENIGN
-0.335609,BENIGN
-0.43046713,BENIGN
-0.4169084,BENIGN
-0.3925962,BENIGN
-0.4347529,BENIGN
-0.33971632,BENIGN
-0.40159583,BENIGN
-0.46962416,BENIGN
-0.44115862,BENIGN
-0.3600593,BENIGN
-0.5644323,BENIGN
-0.3668047,BENIGN
-0.43158665,BENIGN
-0.35562956,BENIGN
-0.3459964,BENIGN
-0.35446352,BENIGN
-0.34839383,BENIGN
-0.39271402,BENIGN
-0.37162015,BENIGN
-0.33378026,BENIGN
-0.33756897,BENIGN
-0.35540912,BENIGN
-0.33993804,BENIGN
-0.4188682,BENIGN
-0.37380415,BENIGN
-0.36549374,BENIGN
-0.44133645,BENIGN
-0.3372248,BENIGN
-0.36960205,BENIGN
-0.5474462,BENIGN
-0.37620524,BENIGN
-0.36440346,BENIGN
-0.42227376,BENIGN
-0.37152088,BENIGN
-0.36515188,BENIGN
-0.34801662,BENIGN
-0.3897528,BENIGN
-0.342705,BENIGN
-0.3742568,BENIGN
-0.36830443,BENIGN
-0.36607224,BENIGN
-0.3427751,BENIGN
-0.347838,BENIGN
-0.49299976,BENIGN
-0.36182627,BENIGN
-0.33673453,BENIGN
-0.4555926,BENIGN
-0.49324307,BENIGN
-0.3713674,BENIGN
-0.3758579,BENIGN
-0.34254453,BENIGN
-0.34397346,BENIGN
-0.37147552,BENIGN
-0.3422513,BENIGN
-0.37976065,BENIGN
-0.3886636,BENIGN
-0.3384361,BENIGN
-0.3535125,BENIGN
-0.34049037,BENIGN
-0.3713141,BENIGN
-0.35943893,BENIGN
-0.33867323,BENIGN
-0.38353908,BENIGN
-0.40073794,BENIGN
-0.3615479,BENIGN
-0.37357447,BENIGN
-0.33977717,BENIGN
-0.35994443,BENIGN
-0.3899175,BENIGN
-0.34901446,BENIGN
-0.369457,BENIGN
-0.39695737,BENIGN
-0.35505143,BENIGN
-0.45416668,BENIGN
-0.43540066,BENIGN
-0.38692296,BENIGN
-0.370871,BENIGN
-0.5379095,BENIGN
-0.3410001,BENIGN
-0.39103884,BENIGN
-0.44020754,BENIGN
-0.39383382,BENIGN
-0.35815188,BENIGN
-0.5373347,BENIGN
-0.350582,BENIGN
-0.41441444,BENIGN
-0.62448484,BENIGN
-0.4798697,BENIGN
-0.44449618,BENIGN
-0.39545986,BENIGN
-0.36447003,BENIGN
-0.35006073,BENIGN
-0.37021503,BENIGN
-0.34987295,BENIGN
-0.33318117,BENIGN
-0.3385178,BENIGN
-0.33334646,BENIGN
-0.37995732,BENIGN
-0.36299068,BENIGN
-0.33415842,BENIGN
-0.37229395,BENIGN
-0.36931416,BENIGN
-0.44158635,BENIGN
-0.3366756,BENIGN
-0.5271136,BENIGN
-0.33351,BENIGN
-0.3809143,BENIGN
-0.33120152,BENIGN
-0.34709364,BENIGN
-0.5478614,BENIGN
-0.3414365,BENIGN
-0.36469188,BENIGN
-0.58897436,BENIGN
-0.39548576,BENIGN
-0.5352521,BENIGN
-0.39638618,BENIGN
-0.3353112,BENIGN
-0.35291722,BENIGN
-0.4482672,BENIGN
-0.4314429,BENIGN
-0.51757705,BENIGN
-0.38751057,BENIGN
-0.33477288,BENIGN
-0.33385566,BENIGN
-0.34974113,BENIGN
-0.42160663,BENIGN
-0.35060498,BENIGN
-0.39551708,BENIGN
-0.33307895,BENIGN
-0.33719993,BENIGN
-0.373745,BENIGN
-0.40785435,BENIGN
-0.3417691,BENIGN
-0.4315554,BENIGN
-0.3712258,BENIGN
-0.38057062,BENIGN
-0.36915517,BENIGN
-0.37629658,BENIGN
-0.6866694,BENIGN
-0.3712318,BENIGN
-0.57471573,BENIGN
-0.57311326,BENIGN
-0.3679343,BENIGN
-0.33131436,BENIGN
-0.368814,BENIGN
-0.37964574,BENIGN
-0.35558072,BENIGN
-0.37662658,BENIGN
-0.355526,BENIGN
-0.3711594,BENIGN
-0.43480825,BENIGN
-0.3351731,BENIGN
-0.50644326,BENIGN
-0.33173105,BENIGN
-0.40282074,BENIGN
-0.34855,BENIGN
-0.60790616,BENIGN
-0.3464135,BENIGN
-0.3393878,BENIGN
-0.3696241,BENIGN
-0.3333715,BENIGN
-0.3392862,BENIGN
-0.33690602,BENIGN
-0.37144357,BENIGN
-0.35534957,BENIGN
-0.34612966,BENIGN
-0.39952838,BENIGN
-0.46855897,BENIGN
-0.3558938,BENIGN
-0.37552723,BENIGN
-0.3458595,BENIGN
-0.3761064,BENIGN
-0.34105846,BENIGN
-0.38965988,BENIGN
-0.3416223,BENIGN
-0.36813906,BENIGN
-0.36892104,BENIGN
-0.3542047,BENIGN
-0.3713674,BENIGN
-0.5056302,BENIGN
-0.3434993,BENIGN
-0.5455594,BENIGN
-0.34965026,BENIGN
-0.33891988,BENIGN
-0.3490725,BENIGN
-0.34908044,BENIGN
-0.43980712,BENIGN
-0.46752357,BENIGN
-0.39614636,BENIGN
-0.39977458,BENIGN
-0.34055611,BENIGN
-0.33874872,BENIGN
-0.34491605,BENIGN
-0.35886714,BENIGN
-0.3457371,BENIGN
-0.35374996,BENIGN
-0.45513073,BENIGN
-0.39609286,BENIGN
-0.37715432,BENIGN
-0.36907345,BENIGN
-0.43546653,BENIGN
-0.36989748,BENIGN
-0.3581055,BENIGN
-0.46237934,BENIGN
-0.41145408,BENIGN
-0.36146024,BENIGN
-0.39136314,BENIGN
-0.36292425,BENIGN
-0.3627854,BENIGN
-0.3394757,BENIGN
-0.4337458,BENIGN
-0.37295946,BENIGN
-0.38435352,BENIGN
-0.3362914,BENIGN
-0.33373946,BENIGN
-0.34815046,BENIGN
-0.3729418,BENIGN
-0.4072247,BENIGN
-0.34322768,BENIGN
-0.3447373,BENIGN
-0.3831072,BENIGN
-0.3385001,BENIGN
-0.34833542,BENIGN
-0.3458243,BENIGN
-0.69227624,BENIGN
-0.3691934,BENIGN
-0.38154408,BENIGN
-0.35374996,BENIGN
-0.36625513,BENIGN
-0.42800748,BENIGN
-0.47542727,BENIGN
-0.36617073,BENIGN
-0.35136223,BENIGN
-0.5474829,BENIGN
-0.35183796,BENIGN
-0.38271424,BENIGN
-0.33719993,BENIGN
-0.35843486,BENIGN
-0.38048336,BENIGN
-0.4028245,BENIGN
-0.40434682,BENIGN
-0.39032403,BENIGN
-0.38486883,BENIGN
-0.42364705,BENIGN
-0.40270355,BENIGN
-0.34698507,BENIGN
-0.33985192,BENIGN
-0.37632123,BENIGN
-0.3788845,BENIGN
-0.33479086,BENIGN
-0.4166272,BENIGN
-0.3592912,BENIGN
-0.3615316,BENIGN
-0.4595426,BENIGN
-0.3769159,BENIGN
-0.36933243,BENIGN
-0.3949563,BENIGN
-0.34104416,BENIGN
-0.42450255,BENIGN
-0.33779776,BENIGN
-0.3713674,BENIGN
-0.38810325,BENIGN
-0.34650132,BENIGN
-0.36724806,BENIGN
-0.35010585,BENIGN
-0.36959067,BENIGN
-0.35757974,BENIGN
-0.33568013,BENIGN
-0.5042031,BENIGN
-0.3468509,BENIGN
-0.39865905,BENIGN
-0.3617034,BENIGN
-0.47547027,BENIGN
-0.36740452,BENIGN
-0.4071122,BENIGN
-0.33471784,BENIGN
-0.4056695,BENIGN
-0.59256285,BENIGN
-0.35370308,BENIGN
-0.35131788,BENIGN
-0.36920282,BENIGN
-0.39154416,BENIGN
-0.398469,BENIGN
-0.34345365,BENIGN
-0.36048084,BENIGN
-0.35163328,BENIGN
-0.39191833,BENIGN
-0.66529584,BENIGN
-0.3586171,BENIGN
-0.38058135,BENIGN
-0.33956707,BENIGN
-0.34033972,BENIGN
-0.36991277,BENIGN
-0.38551268,BENIGN
-0.3940158,BENIGN
-0.3386624,BENIGN
-0.3743054,BENIGN
-0.3717853,BENIGN
-0.46284205,BENIGN
-0.4351321,BENIGN
-0.35622114,BENIGN
-0.34752905,BENIGN
-0.38953403,BENIGN
-0.34846526,BENIGN
-0.33530056,BENIGN
-0.33935654,BENIGN
-0.3389216,BENIGN
-0.3900383,BENIGN
-0.35484287,BENIGN
-0.3399364,BENIGN
-0.34749606,BENIGN
-0.38280275,BENIGN
-0.3756206,BENIGN
-0.40218037,BENIGN
-0.45976514,BENIGN
-0.36336845,BENIGN
-0.47638622,BENIGN
-0.34072915,BENIGN
-0.39087725,BENIGN
-0.3548775,BENIGN
-0.43770853,BENIGN
-0.50658464,BENIGN
-0.3927825,BENIGN
-0.3715684,BENIGN
-0.6013576,BENIGN
-0.34311494,BENIGN
-0.3402629,BENIGN
-0.38922068,BENIGN
-0.34943312,BENIGN
-0.34316537,BENIGN
-0.4352561,BENIGN
-0.35407448,BENIGN
-0.3629898,BENIGN
-0.35805547,BENIGN
-0.44896415,BENIGN
-0.36804572,BENIGN
-0.34010765,BENIGN
-0.35849753,BENIGN
-0.63177276,BENIGN
-0.36679262,BENIGN
-0.33863315,BENIGN
-0.33854195,BENIGN
-0.33353865,BENIGN
-0.35168597,BENIGN
-0.38657448,BENIGN
-0.43334132,BENIGN
-0.5409125,BENIGN
-0.5569183,BENIGN
-0.393543,BENIGN
-0.46267116,BENIGN
-0.34513992,BENIGN
-0.34771886,BENIGN
-0.38646904,BENIGN
-0.33179292,BENIGN
-0.39096305,BENIGN
-0.35871068,BENIGN
-0.37504795,BENIGN
-0.40845785,BENIGN
-0.35825568,BENIGN
-0.41067684,BENIGN
-0.35303777,BENIGN
-0.3418993,BENIGN
-0.40802804,BENIGN
-0.34588215,BENIGN
-0.33798495,BENIGN
-0.45643058,BENIGN
-0.34767872,BENIGN
-0.44011527,BENIGN
-0.34567925,BENIGN
-0.36424315,BENIGN
-0.5622412,BENIGN
-0.4493209,BENIGN
-0.34896132,BENIGN
-0.40989012,BENIGN
-0.36789873,BENIGN
-0.35778442,BENIGN
-0.4517716,BENIGN
-0.42331588,BENIGN
-0.36921158,BENIGN
-0.33679834,BENIGN
-0.37885055,BENIGN
-0.34210968,BENIGN
-0.37796214,BENIGN
-0.40829408,BENIGN
-0.37377393,BENIGN
-0.3573223,BENIGN
-0.39885846,BENIGN
-0.36003703,BENIGN
-0.38576317,BENIGN
-0.40937826,BENIGN
-0.4125047,BENIGN
-0.34215298,BENIGN
-0.33615905,BENIGN
-0.5349499,BENIGN
-0.4043519,BENIGN
-0.3398295,BENIGN
-0.35844448,BENIGN
-0.34750322,BENIGN
-0.35748988,BENIGN
-0.3875473,BENIGN
-0.36946207,BENIGN
-0.33740202,BENIGN
-0.33368814,BENIGN
-0.34511727,BENIGN
-0.4033711,BENIGN
-0.68331057,BENIGN
-0.3870103,BENIGN
-0.37094322,BENIGN
-0.40977386,BENIGN
-0.33717626,BENIGN
-0.33784217,BENIGN
-0.3354888,BENIGN
-0.34714696,BENIGN
-0.33175263,BENIGN
-0.37358516,BENIGN
-0.35038462,BENIGN
-0.39112163,BENIGN
-0.51126456,BENIGN
-0.3863633,BENIGN
-0.33725503,BENIGN
-0.3942263,BENIGN
-0.34999955,BENIGN
-0.3732681,BENIGN
-0.45852408,BENIGN
-0.34042764,BENIGN
-0.4490667,BENIGN
-0.47249895,BENIGN
-0.34903672,BENIGN
-0.41285956,BENIGN
-0.34389615,BENIGN
-0.3360693,BENIGN
-0.45814696,BENIGN
-0.33774406,BENIGN
-0.36676815,BENIGN
-0.3348401,BENIGN
-0.3349867,BENIGN
-0.33153847,BENIGN
-0.41665143,BENIGN
-0.5276537,BENIGN
-0.5139953,BENIGN
-0.3421383,BENIGN
-0.5891227,BENIGN
-0.37482288,BENIGN
-0.38884476,BENIGN
-0.34946322,BENIGN
-0.3536143,BENIGN
-0.46177313,BENIGN
-0.4569228,BENIGN
-0.33915648,BENIGN
-0.3371143,BENIGN
-0.40168065,BENIGN
-0.36768368,BENIGN
-0.40975076,BENIGN
-0.37646008,BENIGN
-0.37822703,BENIGN
-0.34353915,BENIGN
-0.3475019,BENIGN
-0.3890561,BENIGN
-0.33602333,BENIGN
-0.4314429,BENIGN
-0.42510337,BENIGN
-0.38093966,BENIGN
-0.34729916,BENIGN
-0.4794475,BENIGN
-0.33171207,BENIGN
-0.3899175,BENIGN
-0.52503973,BENIGN
-0.35653597,BENIGN
-0.3444492,BENIGN
-0.4867913,BENIGN
-0.3558903,BENIGN
-0.41701624,BENIGN
-0.45436975,BENIGN
-0.6984546,BENIGN
-0.35336524,BENIGN
-0.37034237,BENIGN
-0.5044133,BENIGN
-0.3434458,BENIGN
-0.44667017,BENIGN
-0.39150998,BENIGN
-0.34185666,BENIGN
-0.34265786,BENIGN
-0.35724345,BENIGN
-0.40843672,BENIGN
-0.5762491,BENIGN
-0.3693566,BENIGN
-0.35079482,BENIGN
-0.36099458,BENIGN
-0.39605227,BENIGN
-0.36907944,BENIGN
-0.44600293,BENIGN
-0.59289575,BENIGN
-0.46790415,BENIGN
-0.3427682,BENIGN
-0.35885972,BENIGN
-0.34371528,BENIGN
-0.36820507,BENIGN
-0.3649957,BENIGN
-0.33322978,BENIGN
-0.37015986,BENIGN
-0.36437455,BENIGN
-0.37468728,BENIGN
-0.6941384,BENIGN
-0.3498375,BENIGN
-0.35586068,BENIGN
-0.3523304,BENIGN
-0.39259762,BENIGN
-0.38804743,BENIGN
-0.55994695,BENIGN
-0.34646112,BENIGN
-0.40814224,BENIGN
-0.667052,BENIGN
-0.3502886,BENIGN
-0.42760286,BENIGN
-0.35088083,BENIGN
-0.41931647,BENIGN
-0.37946707,BENIGN
-0.37866628,BENIGN
-0.35005242,BENIGN
-0.3379696,BENIGN
-0.35143316,BENIGN
-0.46776378,BENIGN
-0.36685577,BENIGN
-0.34502423,BENIGN
-0.3956546,BENIGN
-0.6143829,BENIGN
-0.33557606,BENIGN
-0.36000642,BENIGN
-0.4126589,BENIGN
-0.3642306,BENIGN
-0.3556276,BENIGN
-0.3829844,BENIGN
-0.33725527,BENIGN
-0.40380704,BENIGN
-0.37031814,BENIGN
-0.45125863,BENIGN
-0.3899175,BENIGN
-0.3993019,BENIGN
-0.36186683,BENIGN
-0.34901646,BENIGN
-0.33818933,BENIGN
-0.36792737,BENIGN
-0.36944294,BENIGN
-0.34537858,BENIGN
-0.35410565,BENIGN
-0.34295794,BENIGN
-0.36092943,BENIGN
-0.39974785,BENIGN
-0.34616905,BENIGN
-0.3817575,BENIGN
-0.36881736,BENIGN
-0.3677008,BENIGN
-0.4355836,BENIGN
-0.37845945,BENIGN
-0.35338712,BENIGN
-0.39004675,BENIGN
-0.33207312,BENIGN
-0.396651,BENIGN
-0.38963708,BENIGN
-0.34471875,BENIGN
-0.34411454,BENIGN
-0.684341,BENIGN
-0.4116705,BENIGN
-0.3949563,BENIGN
-0.33788863,BENIGN
-0.33803707,BENIGN
-0.34389907,BENIGN
-0.3886429,BENIGN
-0.4109388,BENIGN
-0.35185295,BENIGN
-0.37994146,BENIGN
-0.34365058,BENIGN
-0.3624559,BENIGN
-0.33919162,BENIGN
-0.34779677,BENIGN
-0.46216947,BENIGN
-0.34350756,BENIGN
-0.53469837,BENIGN
-0.3620697,BENIGN
-0.3785801,BENIGN
-0.39787686,BENIGN
-0.40552074,BENIGN
-0.3458654,BENIGN
-0.35195616,BENIGN
-0.34205964,BENIGN
-0.33482853,BENIGN
-0.35181907,BENIGN
-0.4546891,BENIGN
-0.34476718,BENIGN
-0.52301925,BENIGN
-0.4143001,BENIGN
-0.33144066,BENIGN
-0.36784053,BENIGN
-0.4543751,BENIGN
-0.36649984,BENIGN
-0.38403758,BENIGN
-0.38310522,BENIGN
-0.33282942,BENIGN
-0.33856913,BENIGN
-0.34502319,BENIGN
-0.61462337,BENIGN
-0.3511594,BENIGN
-0.35553017,BENIGN
-0.3416008,BENIGN
-0.33873817,BENIGN
-0.3455737,BENIGN
-0.37026504,BENIGN
-0.34562838,BENIGN
-0.37046242,BENIGN
-0.4668498,BENIGN
-0.363149,BENIGN
-0.34010872,BENIGN
-0.34153512,BENIGN
-0.51102823,BENIGN
-0.35664585,BENIGN
-0.47263592,BENIGN
-0.34530422,BENIGN
-0.36547512,BENIGN
-0.33617365,BENIGN
-0.36763594,BENIGN
-0.4547699,BENIGN
-0.33990383,BENIGN
-0.33478826,BENIGN
-0.4730879,BENIGN
-0.34381533,BENIGN
-0.43019593,BENIGN
-0.34106794,BENIGN
-0.6671456,BENIGN
-0.37423486,BENIGN
-0.3793967,BENIGN
-0.3691857,BENIGN
-0.34616232,BENIGN
-0.3444182,BENIGN
-0.41552576,BENIGN
-0.3928081,BENIGN
-0.36035374,BENIGN
-0.43615338,BENIGN
-0.37033403,BENIGN
-0.37288606,BENIGN
-0.37174696,BENIGN
-0.5443488,BENIGN
-0.35492098,BENIGN
-0.37261942,BENIGN
-0.6382484,BENIGN
-0.37164214,BENIGN
-0.44176915,BENIGN
-0.37300184,BENIGN
-0.5887495,BENIGN
-0.37608102,BENIGN
-0.36633283,BENIGN
-0.3374044,BENIGN
-0.3970821,BENIGN
-0.34588844,BENIGN
-0.51896274,BENIGN
-0.34057808,BENIGN
-0.37881947,BENIGN
-0.34429285,BENIGN
-0.43117607,BENIGN
-0.3882766,BENIGN
-0.36231157,BENIGN
-0.36172676,BENIGN
-0.34191996,BENIGN
-0.3345357,BENIGN
-0.3395039,BENIGN
-0.37372574,BENIGN
-0.3346231,BENIGN
-0.34313133,BENIGN
-0.33883256,BENIGN
-0.34888697,BENIGN
-0.35511646,BENIGN
-0.3424652,BENIGN
-0.34436837,BENIGN
-0.39493832,BENIGN
-0.37277246,BENIGN
-0.35627818,BENIGN
-0.34912202,BENIGN
-0.3620033,BENIGN
-0.34004468,BENIGN
-0.35300192,BENIGN
-0.37232512,BENIGN
-0.3555533,BENIGN
-0.4172738,BENIGN
-0.44553062,BENIGN
-0.50147325,BENIGN
-0.450585,BENIGN
-0.3332366,BENIGN
-0.4754478,BENIGN
-0.34990883,BENIGN
-0.3539752,BENIGN
-0.34751937,BENIGN
-0.34132484,BENIGN
-0.33913484,BENIGN
-0.34348395,BENIGN
-0.37289622,BENIGN
-0.35111728,BENIGN
-0.62531084,BENIGN
-0.33577797,BENIGN
-0.48029917,BENIGN
-0.33515596,BENIGN
-0.33562008,BENIGN
-0.3378139,BENIGN
-0.3899288,BENIGN
-0.4561815,BENIGN
-0.4027918,BENIGN
-0.37578544,BENIGN
-0.34731108,BENIGN
-0.41331437,BENIGN
-0.49293756,BENIGN
-0.35716218,BENIGN
-0.57436776,BENIGN
-0.39135638,BENIGN
-0.38651565,BENIGN
-0.3671167,BENIGN
-0.36982888,BENIGN
-0.53438914,BENIGN
-0.34524423,BENIGN
-0.38034418,BENIGN
-0.3681367,BENIGN
-0.34343195,BENIGN
-0.34201834,BENIGN
-0.35428768,BENIGN
-0.38438463,BENIGN
-0.36273175,BENIGN
-0.37683168,BENIGN
-0.34908268,BENIGN
-0.33839595,BENIGN
-0.393958,BENIGN
-0.39785242,BENIGN
-0.33429262,BENIGN
-0.3768938,BENIGN
-0.37078705,BENIGN
-0.45138955,BENIGN
-0.33429232,BENIGN
-0.45434186,BENIGN
-0.3721874,BENIGN
-0.3520479,BENIGN
-0.39177528,BENIGN
-0.36982888,BENIGN
-0.3393671,BENIGN
-0.33878785,BENIGN
-0.35537407,BENIGN
-0.51205957,BENIGN
-0.38165227,BENIGN
-0.46109802,BENIGN
-0.34141716,BENIGN
-0.546108,BENIGN
-0.33773088,BENIGN
-0.3593431,BENIGN
-0.42171344,BENIGN
-0.36889848,BENIGN
-0.3939017,BENIGN
-0.38959402,BENIGN
-0.34095308,BENIGN
-0.37454623,BENIGN
-0.34088635,BENIGN
-0.33831784,BENIGN
-0.34709364,BENIGN
-0.42208046,BENIGN
-0.33827236,BENIGN
-0.38385385,BENIGN
-0.3995014,BENIGN
-0.3424177,BENIGN
-0.3691934,BENIGN
-0.41320628,BENIGN
-0.39641124,BENIGN
-0.33562624,BENIGN
-0.4613011,BENIGN
-0.4113903,BENIGN
-0.34528574,BENIGN
-0.37109312,BENIGN
-0.40130803,BENIGN
-0.3352257,BENIGN
-0.51177406,BENIGN
-0.4249708,BENIGN
-0.37255707,BENIGN
-0.371021,BENIGN
-0.34396031,BENIGN
-0.37279198,BENIGN
-0.34629712,BENIGN
-0.38468212,BENIGN
-0.39293393,BENIGN
-0.4242987,BENIGN
-0.43691835,BENIGN
-0.3347977,BENIGN
-0.6912329,BENIGN
-0.4149985,BENIGN
-0.35091302,BENIGN
-0.37025556,BENIGN
-0.35590574,BENIGN
-0.44152415,BENIGN
-0.3650221,BENIGN
-0.4109528,BENIGN
-0.48558918,BENIGN
-0.3788092,BENIGN
-0.3824415,BENIGN
-0.3673125,BENIGN
-0.40657258,BENIGN
-0.5147719,BENIGN
-0.3355172,BENIGN
-0.3893478,BENIGN
-0.33994475,BENIGN
-0.39180383,BENIGN
-0.39655045,BENIGN
-0.35180813,BENIGN
-0.3493199,BENIGN
-0.35289198,BENIGN
-0.39640692,BENIGN
-0.37796614,BENIGN
-0.35097322,BENIGN
-0.37340248,BENIGN
-0.36774918,BENIGN
-0.4006333,BENIGN
-0.35057873,BENIGN
-0.38042456,BENIGN
-0.35719648,BENIGN
-0.3365628,BENIGN
-0.34998688,BENIGN
-0.45120814,BENIGN
-0.37530032,BENIGN
-0.36973506,BENIGN
-0.340064,BENIGN
-0.34253213,BENIGN
-0.34600908,BENIGN
-0.44326013,BENIGN
-0.46680173,BENIGN
-0.34737268,BENIGN
-0.49629465,BENIGN
-0.4206539,BENIGN
-0.39987653,BENIGN
-0.40036947,BENIGN
-0.44493857,BENIGN
-0.33643746,BENIGN
-0.42491218,BENIGN
-0.3460014,BENIGN
-0.38097253,BENIGN
-0.54906,BENIGN
-0.42214087,BENIGN
-0.38092494,BENIGN
-0.36973125,BENIGN
-0.33225,BENIGN
-0.34058234,BENIGN
-0.4155585,BENIGN
-0.34208718,BENIGN
-0.37256292,BENIGN
-0.37007353,BENIGN
-0.50154823,BENIGN
-0.36996883,BENIGN
-0.3547873,BENIGN
-0.332867,BENIGN
-0.5197956,BENIGN
-0.34397346,BENIGN
-0.33718368,BENIGN
-0.34469926,BENIGN
-0.37166876,BENIGN
-0.33709916,BENIGN
-0.368126,BENIGN
-0.3361384,BENIGN
-0.3458654,BENIGN
-0.37094015,BENIGN
-0.37904721,BENIGN
-0.40975255,BENIGN
-0.33607835,BENIGN
-0.4783763,BENIGN
-0.33970115,BENIGN
-0.55981183,BENIGN
-0.33641747,BENIGN
-0.38661572,BENIGN
-0.348449,BENIGN
-0.36766735,BENIGN
-0.34548968,BENIGN
-0.34442917,BENIGN
-0.49235004,BENIGN
-0.33773088,BENIGN
-0.6444825,BENIGN
-0.34091955,BENIGN
-0.38018122,BENIGN
-0.5439054,BENIGN
-0.3446118,BENIGN
-0.34197077,BENIGN
-0.34271103,BENIGN
-0.60591835,BENIGN
-0.51697403,BENIGN
-0.373716,BENIGN
-0.33107919,BENIGN
-0.44327453,BENIGN
-0.35704872,BENIGN
-0.34342086,BENIGN
-0.5463589,BENIGN
-0.35925952,BENIGN
-0.38444206,BENIGN
-0.55196434,BENIGN
-0.37188807,BENIGN
-0.33226186,BENIGN
-0.36925894,BENIGN
-0.35703924,BENIGN
-0.4178403,BENIGN
-0.34109047,BENIGN
-0.3883351,BENIGN
-0.34500745,BENIGN
-0.34146208,BENIGN
-0.3381923,BENIGN
-0.3664399,BENIGN
-0.34630132,BENIGN
-0.3946852,BENIGN
-0.5613637,BENIGN
-0.38891807,BENIGN
-0.3655864,BENIGN
-0.3850042,BENIGN
-0.5798123,BENIGN
-0.3361859,BENIGN
-0.33679536,BENIGN
-0.4149916,BENIGN
-0.38960978,BENIGN
-0.5652767,BENIGN
-0.34135774,BENIGN
-0.33339193,BENIGN
-0.34659722,BENIGN
-0.3798701,BENIGN
-0.3459964,BENIGN
-0.3426313,BENIGN
-0.35156673,BENIGN
-0.3466112,BENIGN
-0.38570565,BENIGN
-0.6470353,BENIGN
-0.34801662,BENIGN
-0.33759284,BENIGN
-0.3719553,BENIGN
-0.33840388,BENIGN
-0.3534156,BENIGN
-0.5141463,BENIGN
-0.3727272,BENIGN
-0.34999454,BENIGN
-0.34501594,BENIGN
-0.35407946,BENIGN
-0.357551,BENIGN
-0.6776891,BENIGN
-0.3423468,BENIGN
-0.59498864,BENIGN
-0.3416696,BENIGN
-0.36985222,BENIGN
-0.42455196,BENIGN
-0.42425045,BENIGN
-0.33569166,BENIGN
-0.3715239,BENIGN
-0.3929858,BENIGN
-0.33288088,BENIGN
-0.33804446,BENIGN
-0.38038167,BENIGN
-0.36132726,BENIGN
-0.38992858,BENIGN
-0.34970796,BENIGN
-0.3823856,BENIGN
-0.3750829,BENIGN
-0.39389104,BENIGN
-0.40874895,BENIGN
-0.35247275,BENIGN
-0.3452959,BENIGN
-0.34001508,BENIGN
-0.37922946,BENIGN
-0.38950783,BENIGN
-0.3475404,BENIGN
-0.33443645,BENIGN
-0.421017,BENIGN
-0.34968197,BENIGN
-0.3434293,BENIGN
-0.3672399,BENIGN
-0.3398401,BENIGN
-0.39494258,BENIGN
-0.39295378,BENIGN
-0.35316637,BENIGN
-0.35259512,BENIGN
-0.39358333,BENIGN
-0.34271246,BENIGN
-0.3552759,BENIGN
-0.33449334,BENIGN
-0.34715495,BENIGN
-0.3480656,BENIGN
-0.3416791,BENIGN
-0.34945336,BENIGN
-0.34646785,BENIGN
-0.40087408,BENIGN
-0.34188756,BENIGN
-0.33365184,BENIGN
-0.35553116,BENIGN
-0.3382641,BENIGN
-0.4320018,BENIGN
-0.47952724,BENIGN
-0.40326226,BENIGN
-0.46440256,BENIGN
-0.37269893,BENIGN
-0.58392066,BENIGN
-0.34489757,BENIGN
-0.33610964,BENIGN
-0.42366135,BENIGN
-0.3390909,BENIGN
-0.34503525,BENIGN
-0.44088206,BENIGN
-0.5554644,BENIGN
-0.38737053,BENIGN
-0.47132325,BENIGN
-0.50708807,BENIGN
-0.33520964,BENIGN
-0.38344637,BENIGN
-0.36643568,BENIGN
-0.37463796,BENIGN
-0.34582573,BENIGN
-0.3439066,BENIGN
-0.38044065,BENIGN
-0.34661776,BENIGN
-0.44400862,BENIGN
-0.33872002,BENIGN
-0.3429396,BENIGN
-0.3330683,BENIGN
-0.35570768,BENIGN
-0.35678512,BENIGN
-0.45546848,BENIGN
-0.37940064,BENIGN
-0.3358602,BENIGN
-0.38632426,BENIGN
-0.3678339,BENIGN
-0.33452764,BENIGN
-0.36877373,BENIGN
-0.6539058,BENIGN
-0.34371206,BENIGN
-0.34929216,BENIGN
-0.39916074,BENIGN
-0.34830657,BENIGN
-0.36940438,BENIGN
-0.33743268,BENIGN
-0.4301881,BENIGN
-0.35035753,BENIGN
-0.39542294,BENIGN
-0.40199453,BENIGN
-0.5537611,BENIGN
-0.36858803,BENIGN
-0.3372591,BENIGN
-0.3894327,BENIGN
-0.34758776,BENIGN
-0.34071755,BENIGN
-0.35030305,BENIGN
-0.46754548,BENIGN
-0.53603286,BENIGN
-0.37026387,BENIGN
-0.3390918,BENIGN
-0.39097077,BENIGN
-0.33893386,BENIGN
-0.36830443,BENIGN
-0.3556071,BENIGN
-0.34369534,BENIGN
-0.348278,BENIGN
-0.34842056,BENIGN
-0.33590138,BENIGN
-0.39316234,BENIGN
-0.36063078,BENIGN
-0.34820604,BENIGN
-0.35173112,BENIGN
-0.5035595,BENIGN
-0.36574402,BENIGN
-0.3362877,BENIGN
-0.42726204,BENIGN
-0.41320628,BENIGN
-0.35353523,BENIGN
-0.33500072,BENIGN
-0.54488474,BENIGN
-0.38754174,BENIGN
-0.36820507,BENIGN
-0.3605808,BENIGN
-0.3827081,BENIGN
-0.34948063,BENIGN
-0.39020875,BENIGN
-0.37481424,BENIGN
-0.3831701,BENIGN
-0.33919105,BENIGN
-0.39998665,BENIGN
-0.391995,BENIGN
-0.40598738,BENIGN
-0.36909217,BENIGN
-0.33450872,BENIGN
-0.3927579,BENIGN
-0.34816375,BENIGN
-0.35760155,BENIGN
-0.40336475,BENIGN
-0.52028996,BENIGN
-0.5842833,BENIGN
-0.3537779,BENIGN
-0.33128688,BENIGN
-0.34440017,BENIGN
-0.4178403,BENIGN
-0.3396181,BENIGN
-0.3352406,BENIGN
-0.36248216,BENIGN
-0.3754015,BENIGN
-0.3710698,BENIGN
-0.47423124,BENIGN
-0.33658978,BENIGN
-0.36889848,BENIGN
-0.35341984,BENIGN
-0.5853233,BENIGN
-0.3533332,BENIGN
-0.34531516,BENIGN
-0.33334646,BENIGN
-0.37174696,BENIGN
-0.39506438,BENIGN
-0.38039145,BENIGN
-0.6129128,BENIGN
-0.3901899,BENIGN
-0.3671715,BENIGN
-0.3383065,BENIGN
-0.3777904,BENIGN
-0.33595166,BENIGN
-0.33776742,BENIGN
-0.34507892,BENIGN
-0.46594676,BENIGN
-0.45981336,BENIGN
-0.45526913,BENIGN
-0.34176025,BENIGN
-0.34481624,BENIGN
-0.3884135,BENIGN
-0.4257439,BENIGN
-0.33181536,BENIGN
-0.60309374,BENIGN
-0.3413416,BENIGN
-0.39058006,BENIGN
-0.55897564,BENIGN
-0.33538336,BENIGN
-0.3392892,BENIGN
-0.38391253,BENIGN
-0.45888406,BENIGN
-0.35706306,BENIGN
-0.37000376,BENIGN
-0.35278055,BENIGN
-0.40630224,BENIGN
-0.45610166,BENIGN
-0.3439268,BENIGN
-0.37550855,BENIGN
-0.48926088,BENIGN
-0.34253213,BENIGN
-0.33128688,BENIGN
-0.34026366,BENIGN
-0.4463656,BENIGN
-0.34517574,BENIGN
-0.4119469,BENIGN
-0.4769074,BENIGN
-0.45976886,BENIGN
-0.39123264,BENIGN
-0.4137535,BENIGN
-0.58639914,BENIGN
-0.3460517,BENIGN
-0.36949638,BENIGN
-0.67700166,BENIGN
-0.42429194,BENIGN
-0.45091802,BENIGN
-0.36819285,BENIGN
-0.33680877,BENIGN
-0.3331116,BENIGN
-0.33470535,BENIGN
-0.34616905,BENIGN
-0.40980682,BENIGN
-0.58228403,BENIGN
-0.41188365,BENIGN
-0.39559075,BENIGN
-0.37108752,BENIGN
-0.34082863,BENIGN
-0.39923218,BENIGN
-0.49668124,BENIGN
-0.45073462,BENIGN
-0.37687472,BENIGN
-0.339599,BENIGN
-0.3772693,BENIGN
-0.37322888,BENIGN
-0.49160466,BENIGN
-0.3394602,BENIGN
-0.39547247,BENIGN
-0.37678802,BENIGN
-0.41972092,BENIGN
-0.39704952,BENIGN
-0.34640947,BENIGN
-0.35363162,BENIGN
-0.4601647,BENIGN
-0.3350756,BENIGN
-0.3823214,BENIGN
-0.3428476,BENIGN
-0.4035585,BENIGN
-0.3942379,BENIGN
-0.37096438,BENIGN
-0.386928,BENIGN
-0.36374277,BENIGN
-0.41522026,BENIGN
-0.33924386,BENIGN
-0.34189424,BENIGN
-0.3444947,BENIGN
-0.51182705,BENIGN
-0.37007353,BENIGN
-0.38547906,BENIGN
-0.35778907,BENIGN
-0.38906652,BENIGN
-0.39672697,BENIGN
-0.45295683,BENIGN
-0.36899653,BENIGN
-0.3699706,BENIGN
-0.38955435,BENIGN
-0.35519364,BENIGN
-0.36753747,BENIGN
-0.34470144,BENIGN
-0.41349122,BENIGN
-0.3608834,BENIGN
-0.34762833,BENIGN
-0.3809816,BENIGN
-0.33516276,BENIGN
-0.35854092,BENIGN
-0.5330581,BENIGN
-0.33976558,BENIGN
-0.34171864,BENIGN
-0.34635225,BENIGN
-0.38223124,BENIGN
-0.37733388,BENIGN
-0.34720853,BENIGN
-0.3896709,BENIGN
-0.43122843,BENIGN
-0.3402607,BENIGN
-0.34929323,BENIGN
-0.3371303,BENIGN
-0.33236027,BENIGN
-0.35405463,BENIGN
-0.4553725,BENIGN
-0.37254745,BENIGN
-0.5633152,BENIGN
-0.3686476,BENIGN
-0.3441297,BENIGN
-0.36993453,BENIGN
-0.35672575,BENIGN
-0.3392838,BENIGN
-0.3328195,BENIGN
-0.34645128,BENIGN
-0.45551205,BENIGN
-0.40173078,BENIGN
-0.39267755,BENIGN
-0.5871612,BENIGN
-0.36964214,BENIGN
-0.39479777,BENIGN
-0.38524053,BENIGN
-0.5654153,BENIGN
-0.37277246,BENIGN
-0.4585317,BENIGN
-0.35117888,BENIGN
-0.6523095,BENIGN
-0.34343958,BENIGN
-0.34526545,BENIGN
-0.34086025,BENIGN
-0.35550818,BENIGN
-0.59681565,BENIGN
-0.3742414,BENIGN
-0.33985367,BENIGN
-0.34060663,BENIGN
-0.33426905,BENIGN
-0.42287543,BENIGN
-0.35493544,BENIGN
-0.4767229,BENIGN
-0.37385803,BENIGN
-0.34797543,BENIGN
-0.34010297,BENIGN
-0.40087354,BENIGN
-0.33851042,BENIGN
-0.35973582,BENIGN
-0.36684513,BENIGN
-0.36756736,BENIGN
-0.3424154,BENIGN
-0.36626062,BENIGN
-0.37990692,BENIGN
-0.43938497,BENIGN
-0.4270038,BENIGN
-0.34035674,BENIGN
-0.3541824,BENIGN
-0.45259967,BENIGN
-0.532482,BENIGN
-0.3506574,BENIGN
-0.59105504,BENIGN
-0.34677804,BENIGN
-0.3551668,BENIGN
-0.33446765,BENIGN
-0.39208686,BENIGN
-0.37831092,BENIGN
-0.34260345,BENIGN
-0.33899495,BENIGN
-0.3350157,BENIGN
-0.37699714,BENIGN
-0.3418133,BENIGN
-0.37170202,BENIGN
-0.35389277,BENIGN
-0.4052142,BENIGN
-0.34135228,BENIGN
-0.34470168,BENIGN
-0.37369046,BENIGN
-0.33645058,BENIGN
-0.44759658,BENIGN
-0.367029,BENIGN
-0.3690218,BENIGN
-0.34865257,BENIGN
-0.33767503,BENIGN
-0.40472898,BENIGN
-0.39976814,BENIGN
-0.48381478,BENIGN
-0.4119469,BENIGN
-0.340798,BENIGN
-0.33913434,BENIGN
-0.3364916,BENIGN
-0.37680253,BENIGN
-0.43036586,BENIGN
-0.5673165,BENIGN
-0.3321964,BENIGN
-0.34340766,BENIGN
-0.34398314,BENIGN
-0.3454395,BENIGN
-0.33426905,BENIGN
-0.3440929,BENIGN
-0.37075996,BENIGN
-0.40349805,BENIGN
-0.3993505,BENIGN
-0.3531805,BENIGN
-0.46171165,BENIGN
-0.3377674,BENIGN
-0.37423387,BENIGN
-0.61153996,BENIGN
-0.3466937,BENIGN
-0.34366748,BENIGN
-0.5984612,BENIGN
-0.4430525,BENIGN
-0.45098895,BENIGN
-0.3391546,BENIGN
-0.48078352,BENIGN
-0.53316647,BENIGN
-0.38271075,BENIGN
-0.42851567,BENIGN
-0.39202976,BENIGN
-0.35739118,BENIGN
-0.3685341,BENIGN
-0.46017238,BENIGN
-0.3762791,BENIGN
-0.3392862,BENIGN
-0.39976066,BENIGN
-0.3888823,BENIGN
-0.34734342,BENIGN
-0.343996,BENIGN
-0.4761517,BENIGN
-0.33779815,BENIGN
-0.3849634,BENIGN
-0.39643735,BENIGN
-0.34659714,BENIGN
-0.39442188,BENIGN
-0.4875858,BENIGN
-0.38745925,BENIGN
-0.40398452,BENIGN
-0.36079118,BENIGN
-0.38564658,BENIGN
-0.43259922,BENIGN
-0.34484273,BENIGN
-0.69218284,BENIGN
-0.386822,BENIGN
-0.38515332,BENIGN
-0.43292004,BENIGN
-0.34266195,BENIGN
-0.40354997,BENIGN
-0.42781243,BENIGN
-0.34292775,BENIGN
-0.34449625,BENIGN
-0.38806215,BENIGN
-0.36445397,BENIGN
-0.42537355,BENIGN
-0.34180832,BENIGN
-0.36729178,BENIGN
-0.38902313,BENIGN
-0.3333898,BENIGN
-0.38213423,BENIGN
-0.3745623,BENIGN
-0.35450423,BENIGN
-0.35650298,BENIGN
-0.45931372,BENIGN
-0.43385735,BENIGN
-0.4348349,BENIGN
-0.3307405,BENIGN
-0.33532348,BENIGN
-0.36544183,BENIGN
-0.4923065,BENIGN
-0.35192785,BENIGN
-0.34833542,BENIGN
-0.33470553,BENIGN
-0.37496048,BENIGN
-0.3455974,BENIGN
-0.37391385,BENIGN
-0.47686547,BENIGN
-0.39515463,BENIGN
-0.35338902,BENIGN
-0.37022597,BENIGN
-0.34988898,BENIGN
-0.35318688,BENIGN
-0.35644498,BENIGN
-0.3753926,BENIGN
-0.34113157,BENIGN
-0.45948553,BENIGN
-0.35635754,BENIGN
-0.34859574,BENIGN
-0.33741218,BENIGN
-0.36828238,BENIGN
-0.3378371,BENIGN
-0.40306613,BENIGN
-0.5069835,BENIGN
-0.47069252,BENIGN
-0.3641146,BENIGN
-0.33568317,BENIGN
-0.33910447,BENIGN
-0.557687,BENIGN
-0.33541507,BENIGN
-0.45139298,BENIGN
-0.38363838,BENIGN
-0.36367655,BENIGN
-0.37209854,BENIGN
-0.42951185,BENIGN
-0.3440668,BENIGN
-0.43114272,BENIGN
-0.35939807,BENIGN
-0.39254636,BENIGN
-0.3732751,BENIGN
-0.34723166,BENIGN
-0.36710474,BENIGN
-0.46779555,BENIGN
-0.47758234,BENIGN
-0.34573042,BENIGN
-0.45724937,BENIGN
-0.36242056,BENIGN
-0.3434042,BENIGN
-0.35053805,BENIGN
-0.36676502,BENIGN
-0.43550602,BENIGN
-0.3479613,BENIGN
-0.3307405,BENIGN
-0.331673,BENIGN
-0.3702767,BENIGN
-0.41914457,BENIGN
-0.37865904,BENIGN
-0.5126988,BENIGN
-0.33459365,BENIGN
-0.35096183,BENIGN
-0.43468878,BENIGN
-0.33757445,BENIGN
-0.49234363,BENIGN
-0.36820507,BENIGN
-0.34358153,BENIGN
-0.5161371,BENIGN
-0.3875732,BENIGN
-0.38689885,BENIGN
-0.36791295,BENIGN
-0.44627115,BENIGN
-0.3577277,BENIGN
-0.38134554,BENIGN
-0.33923307,BENIGN
-0.37145758,BENIGN
-0.33360156,BENIGN
-0.34833953,BENIGN
-0.34411648,BENIGN
-0.34005174,BENIGN
-0.3602723,BENIGN
-0.34648612,BENIGN
-0.3604631,BENIGN
-0.35024402,BENIGN
-0.3519861,BENIGN
-0.41412336,BENIGN
-0.36879662,BENIGN
-0.36524823,BENIGN
-0.33260477,BENIGN
-0.37364393,BENIGN
-0.47621173,BENIGN
-0.35076576,BENIGN
-0.34296033,BENIGN
-0.45443866,BENIGN
-0.33371252,BENIGN
-0.47045416,BENIGN
-0.35280958,BENIGN
-0.35493994,BENIGN
-0.35734937,BENIGN
-0.36836565,BENIGN
-0.3566052,BENIGN
-0.34060702,BENIGN
-0.3410988,BENIGN
-0.40353093,BENIGN
-0.36759433,BENIGN
-0.35113785,BENIGN
-0.45445067,BENIGN
-0.3802176,BENIGN
-0.37148145,BENIGN
-0.3399127,BENIGN
-0.34690905,BENIGN
-0.34005547,BENIGN
-0.3762572,BENIGN
-0.37033403,BENIGN
-0.35076576,BENIGN
-0.35215586,BENIGN
-0.33594313,BENIGN
-0.3912648,BENIGN
-0.33723375,BENIGN
-0.3668032,BENIGN
-0.3981525,BENIGN
-0.3892056,BENIGN
-0.3508096,BENIGN
-0.34355083,BENIGN
-0.33538863,BENIGN
-0.33282942,BENIGN
-0.35188624,BENIGN
-0.3583044,BENIGN
-0.53666973,BENIGN
-0.47065037,BENIGN
-0.3410725,BENIGN
-0.33788478,BENIGN
-0.3679108,BENIGN
-0.34375083,BENIGN
-0.40299794,BENIGN
-0.3861873,BENIGN
-0.37607148,BENIGN
-0.34763205,BENIGN
-0.3476791,BENIGN
-0.36947754,BENIGN
-0.37141094,BENIGN
-0.37178236,BENIGN
-0.44857064,BENIGN
-0.34432068,BENIGN
-0.33819306,BENIGN
-0.33343828,BENIGN
-0.4665344,BENIGN
-0.34030142,BENIGN
-0.34517097,BENIGN
-0.37332684,BENIGN
-0.33563244,BENIGN
-0.3967088,BENIGN
-0.33805138,BENIGN
-0.45094615,BENIGN
-0.38165176,BENIGN
-0.40918538,BENIGN
-0.34012237,BENIGN
-0.36168972,BENIGN
-0.40914163,BENIGN
-0.3764004,BENIGN
-0.3502529,BENIGN
-0.45434293,BENIGN
-0.3325734,BENIGN
-0.39478946,BENIGN
-0.3367076,BENIGN
-0.39270604,BENIGN
-0.39248472,BENIGN
-0.37236524,BENIGN
-0.3339914,BENIGN
-0.3785666,BENIGN
-0.49576518,BENIGN
-0.4435558,BENIGN
-0.33429348,BENIGN
-0.37050617,BENIGN
-0.4368963,BENIGN
-0.3591428,BENIGN
-0.3692077,BENIGN
-0.49714684,BENIGN
-0.3759845,BENIGN
-0.47552043,BENIGN
-0.43931988,BENIGN
-0.42351925,BENIGN
-0.35201287,BENIGN
-0.34565702,BENIGN
-0.52210546,BENIGN
-0.33757043,BENIGN
-0.3573543,BENIGN
-0.33637077,BENIGN
-0.5477499,BENIGN
-0.36491677,BENIGN
-0.36509064,BENIGN
-0.3425056,BENIGN
-0.34043133,BENIGN
-0.33510098,BENIGN
-0.34090734,BENIGN
-0.3506798,BENIGN
-0.34741214,BENIGN
-0.37786737,BENIGN
-0.45192042,BENIGN
-0.3707238,BENIGN
-0.34856042,BENIGN
-0.33330518,BENIGN
-0.36094734,BENIGN
-0.34532407,BENIGN
-0.34915364,BENIGN
-0.5642828,BENIGN
-0.33636174,BENIGN
-0.5843278,BENIGN
-0.34354177,BENIGN
-0.3797791,BENIGN
-0.38941404,BENIGN
-0.33120152,BENIGN
-0.3394658,BENIGN
-0.42777348,BENIGN
-0.33312392,BENIGN
-0.3910367,BENIGN
-0.33990383,BENIGN
-0.35133412,BENIGN
-0.3678877,BENIGN
-0.3847596,BENIGN
-0.36776328,BENIGN
-0.37318283,BENIGN
-0.35205966,BENIGN
-0.33788994,BENIGN
-0.34162554,BENIGN
-0.38006845,BENIGN
-0.37149513,BENIGN
-0.3459964,BENIGN
-0.38125443,BENIGN
-0.3881648,BENIGN
-0.3729418,BENIGN
-0.36825928,BENIGN
-0.35641482,BENIGN
-0.34276727,BENIGN
-0.4704718,BENIGN
-0.46511403,BENIGN
-0.33577204,BENIGN
-0.35602754,BENIGN
-0.35012555,BENIGN
-0.35407546,BENIGN
-0.3937472,BENIGN
-0.3881652,BENIGN
-0.54566485,BENIGN
-0.33970115,BENIGN
-0.37068012,BENIGN
-0.33687332,BENIGN
-0.36768764,BENIGN
-0.3422791,BENIGN
-0.3444088,BENIGN
-0.3393616,BENIGN
-0.34483802,BENIGN
-0.36417076,BENIGN
-0.45986456,BENIGN
-0.43317664,BENIGN
-0.43966877,BENIGN
-0.3849291,BENIGN
-0.44220713,BENIGN
-0.38449576,BENIGN
-0.37187234,BENIGN
-0.37141907,BENIGN
-0.3337845,BENIGN
-0.4037735,BENIGN
-0.34990168,BENIGN
-0.4504877,BENIGN
-0.5199807,BENIGN
-0.38899243,BENIGN
-0.33496252,BENIGN
-0.4593266,BENIGN
-0.35583416,BENIGN
-0.39195424,BENIGN
-0.40644422,BENIGN
-0.45624846,BENIGN
-0.6716217,BENIGN
-0.34517738,BENIGN
-0.37403524,BENIGN
-0.3879783,BENIGN
-0.3386822,BENIGN
-0.36063844,BENIGN
-0.40789992,BENIGN
-0.45293123,BENIGN
-0.3321388,BENIGN
-0.34780636,BENIGN
-0.3798524,BENIGN
-0.343815,BENIGN
-0.3761615,BENIGN
-0.37589166,BENIGN
-0.34772164,BENIGN
-0.33546048,BENIGN
-0.4309215,BENIGN
-0.3416692,BENIGN
-0.342374,BENIGN
-0.447693,BENIGN
-0.35577425,BENIGN
-0.3921101,BENIGN
-0.34181255,BENIGN
-0.4745876,BENIGN
-0.5983529,BENIGN
-0.37499848,BENIGN
-0.38338038,BENIGN
-0.47602406,BENIGN
-0.59396917,BENIGN
-0.34627876,BENIGN
-0.3781631,BENIGN
-0.5897219,BENIGN
-0.39647913,BENIGN
-0.35105953,BENIGN
-0.43149012,BENIGN
-0.38869885,BENIGN
-0.36689225,BENIGN
-0.41615263,BENIGN
-0.3446764,BENIGN
-0.40284705,BENIGN
-0.37710053,BENIGN
-0.40525803,BENIGN
-0.35703582,BENIGN
-0.370764,BENIGN
-0.33423316,BENIGN
-0.34096426,BENIGN
-0.37590122,BENIGN
-0.34611702,BENIGN
-0.34644005,BENIGN
-0.37665048,BENIGN
-0.4084007,BENIGN
-0.34018883,BENIGN
-0.43265894,BENIGN
-0.5140237,BENIGN
-0.34401587,BENIGN
-0.4545094,BENIGN
-0.46953067,BENIGN
-0.3793935,BENIGN
-0.43698516,BENIGN
-0.4263145,BENIGN
-0.35598028,BENIGN
-0.33774042,BENIGN
-0.6037178,BENIGN
-0.48749885,BENIGN
-0.5800226,BENIGN
-0.33978567,BENIGN
-0.3357087,BENIGN
-0.34725234,BENIGN
-0.36916107,BENIGN
-0.38564658,BENIGN
-0.34153616,BENIGN
-0.45251033,BENIGN
-0.4566954,BENIGN
-0.35724598,BENIGN
-0.38500637,BENIGN
-0.34377474,BENIGN
-0.37915242,BENIGN
-0.34646052,BENIGN
-0.35507065,BENIGN
-0.3713303,BENIGN
-0.37810418,BENIGN
-0.33441734,BENIGN
-0.34998444,BENIGN
-0.35245803,BENIGN
-0.3733075,BENIGN
-0.33327052,BENIGN
-0.43697813,BENIGN
-0.53407615,BENIGN
-0.3361976,BENIGN
-0.4128695,BENIGN
-0.34030628,BENIGN
-0.358456,BENIGN
-0.6717881,BENIGN
-0.35652593,BENIGN
-0.34110075,BENIGN
-0.3845314,BENIGN
-0.38382658,BENIGN
-0.38348746,BENIGN
-0.43980274,BENIGN
-0.34264624,BENIGN
-0.40932554,BENIGN
-0.3318399,BENIGN
-0.35572493,BENIGN
-0.37621564,BENIGN
-0.5355442,BENIGN
-0.43685737,BENIGN
-0.4104027,BENIGN
-0.54332274,BENIGN
-0.48795572,BENIGN
-0.35705125,BENIGN
-0.4021639,BENIGN
-0.3483233,BENIGN
-0.34654096,BENIGN
-0.37126973,BENIGN
-0.33654115,BENIGN
-0.36586207,BENIGN
-0.35716987,BENIGN
-0.43130362,BENIGN
-0.4355227,BENIGN
-0.38204154,BENIGN
-0.34919164,BENIGN
-0.34804103,BENIGN
-0.33729756,BENIGN
-0.6968719,BENIGN
-0.37438738,BENIGN
-0.3708715,BENIGN
-0.3908048,BENIGN
-0.37084395,BENIGN
-0.33398512,BENIGN
-0.3768791,BENIGN
-0.34021825,BENIGN
-0.36259654,BENIGN
-0.41863853,BENIGN
-0.34432968,BENIGN
-0.45218056,BENIGN
-0.48646376,BENIGN
-0.36879662,BENIGN
-0.33328027,BENIGN
-0.34833542,BENIGN
-0.34094697,BENIGN
-0.36146024,BENIGN
-0.43899578,BENIGN
-0.3958839,BENIGN
-0.346873,BENIGN
-0.34206724,BENIGN
-0.33695033,BENIGN
-0.35168597,BENIGN
-0.3949416,BENIGN
-0.33967787,BENIGN
-0.53114796,BENIGN
-0.36773527,BENIGN
-0.48982435,BENIGN
-0.38289917,BENIGN
-0.34908268,BENIGN
-0.39528736,BENIGN
-0.33772093,BENIGN
-0.37481,BENIGN
-0.38292673,BENIGN
-0.36008516,BENIGN
-0.35362038,BENIGN
-0.34632358,BENIGN
-0.38151744,BENIGN
-0.3392104,BENIGN
-0.36898494,BENIGN
-0.3453852,BENIGN
-0.38756505,BENIGN
-0.3381954,BENIGN
-0.37217757,BENIGN
-0.33785307,BENIGN
-0.35078084,BENIGN
-0.44373187,BENIGN
-0.4570942,BENIGN
-0.36863932,BENIGN
-0.34431106,BENIGN
-0.33919144,BENIGN
-0.38055325,BENIGN
-0.3973746,BENIGN
-0.3582424,BENIGN
-0.3395569,BENIGN
-0.3944924,BENIGN
-0.3427407,BENIGN
-0.3668656,BENIGN
-0.3749682,BENIGN
-0.3508217,BENIGN
-0.34887907,BENIGN
-0.3485843,BENIGN
-0.34793052,BENIGN
-0.3713171,BENIGN
-0.3459964,BENIGN
-0.3759722,BENIGN
-0.37178636,BENIGN
-0.38036096,BENIGN
-0.4803871,BENIGN
-0.35123205,BENIGN
-0.3452565,BENIGN
-0.3546984,BENIGN
-0.40243462,BENIGN
-0.36567265,BENIGN
-0.3713945,BENIGN
-0.39430803,BENIGN
-0.33409855,BENIGN
-0.34173164,BENIGN
-0.35136005,BENIGN
-0.34399423,BENIGN
-0.39185247,BENIGN
-0.3706998,BENIGN
-0.3455309,BENIGN
-0.33538613,BENIGN
-0.3435703,BENIGN
-0.3391178,BENIGN
-0.39570743,BENIGN
-0.3328888,BENIGN
-0.38160738,BENIGN
-0.37501827,BENIGN
-0.35034528,BENIGN
-0.373506,BENIGN
-0.37154186,BENIGN
-0.35241488,BENIGN
-0.35090038,BENIGN
-0.40192065,BENIGN
-0.4234819,BENIGN
-0.33817077,BENIGN
-0.37004533,BENIGN
-0.34854698,BENIGN
-0.44413495,BENIGN
-0.33556053,BENIGN
-0.365464,BENIGN
-0.33174,BENIGN
-0.3349215,BENIGN
-0.35319793,BENIGN
-0.37601873,BENIGN
-0.39182168,BENIGN
-0.33301687,BENIGN
-0.36936688,BENIGN
-0.4355276,BENIGN
-0.46360898,BENIGN
-0.33426195,BENIGN
-0.3426002,BENIGN
-0.34209505,BENIGN
-0.39470062,BENIGN
-0.3374071,BENIGN
-0.51888067,BENIGN
-0.3315418,BENIGN
-0.3602153,BENIGN
-0.36675182,BENIGN
-0.35088924,BENIGN
-0.3331006,BENIGN
-0.376936,BENIGN
-0.3934814,BENIGN
-0.45189705,BENIGN
-0.34908268,BENIGN
-0.3838051,BENIGN
-0.51391757,BENIGN
-0.47669533,BENIGN
-0.48789304,BENIGN
-0.4775369,BENIGN
-0.36602482,BENIGN
-0.4930931,BENIGN
-0.37734765,BENIGN
-0.3371127,BENIGN
-0.3685798,BENIGN
-0.39988264,BENIGN
-0.4125047,BENIGN
-0.39060834,BENIGN
-0.33806702,BENIGN
-0.47365573,BENIGN
-0.35664538,BENIGN
-0.3729135,BENIGN
-0.36596933,BENIGN
-0.37266976,BENIGN
-0.3748913,BENIGN
-0.5196937,BENIGN
-0.57611173,BENIGN
-0.3685341,BENIGN
-0.37140906,BENIGN
-0.3444033,BENIGN
-0.37462035,BENIGN
-0.43096334,BENIGN
-0.35560128,BENIGN
-0.5564515,BENIGN
-0.427223,BENIGN
-0.36107448,BENIGN
-0.4005386,BENIGN
-0.49038467,BENIGN
-0.4249957,BENIGN
-0.36406717,BENIGN
-0.34875616,BENIGN
-0.33478132,BENIGN
-0.3932825,BENIGN
-0.3488422,BENIGN
-0.33411837,BENIGN
-0.59723735,BENIGN
-0.44501674,BENIGN
-0.3691137,BENIGN
-0.3501847,BENIGN
-0.4086764,BENIGN
-0.37453213,BENIGN
-0.36896804,BENIGN
-0.34540677,BENIGN
-0.5708927,BENIGN
-0.34369534,BENIGN
-0.37614557,BENIGN
-0.4123652,BENIGN
-0.3870235,BENIGN
-0.67199594,BENIGN
-0.4121756,BENIGN
-0.37434363,BENIGN
-0.34357396,BENIGN
-0.57178605,BENIGN
-0.35471925,BENIGN
-0.36702257,BENIGN
-0.35655576,BENIGN
-0.701945,BENIGN
-0.4128695,BENIGN
-0.551135,BENIGN
-0.39867902,BENIGN
-0.5806261,BENIGN
-0.36884028,BENIGN
-0.37127748,BENIGN
-0.33959475,BENIGN
-0.37119794,BENIGN
-0.35114893,BENIGN
-0.34450638,BENIGN
-0.34601006,BENIGN
-0.3669686,BENIGN
-0.37627164,BENIGN
-0.3913833,BENIGN
-0.3535674,BENIGN
-0.51968324,BENIGN
-0.4029973,BENIGN
-0.3321539,BENIGN
-0.35025528,BENIGN
-0.37277246,BENIGN
-0.34135014,BENIGN
-0.34669593,BENIGN
-0.38158575,BENIGN
-0.40977585,BENIGN
-0.39370358,BENIGN
-0.41661543,BENIGN
-0.3884465,BENIGN
-0.4220593,BENIGN
-0.36118203,BENIGN
-0.37750843,BENIGN
-0.41734928,BENIGN
-0.35393742,BENIGN
-0.35011134,BENIGN
-0.39182213,BENIGN
-0.3459964,BENIGN
-0.5238308,BENIGN
-0.5274708,BENIGN
-0.52242106,BENIGN
-0.40350756,BENIGN
-0.37379766,BENIGN
-0.38845867,BENIGN
-0.37173736,BENIGN
-0.3652701,BENIGN
-0.39191833,BENIGN
-0.58580124,BENIGN
-0.3674178,BENIGN
-0.37936017,BENIGN
-0.40831968,BENIGN
-0.41432282,BENIGN
-0.34612802,BENIGN
-0.3422958,BENIGN
-0.50910974,BENIGN
-0.56958497,BENIGN
-0.34038436,BENIGN
-0.36965343,BENIGN
-0.37404913,BENIGN
-0.34068188,BENIGN
-0.3743061,BENIGN
-0.450686,BENIGN
-0.34257948,BENIGN
-0.3543717,BENIGN
-0.33592924,BENIGN
-0.37876067,BENIGN
-0.3481651,BENIGN
-0.34761992,BENIGN
-0.40144375,BENIGN
-0.3361976,BENIGN
-0.51558846,BENIGN
-0.37139148,BENIGN
-0.3706338,BENIGN
-0.3710022,BENIGN
-0.44659922,BENIGN
-0.38565508,BENIGN
-0.39538544,BENIGN
-0.37510744,BENIGN
-0.49125132,BENIGN
-0.4647895,BENIGN
-0.37018362,BENIGN
-0.33698976,BENIGN
-0.33757097,BENIGN
-0.46276832,BENIGN
-0.5790906,BENIGN
-0.3390598,BENIGN
-0.36976254,BENIGN
-0.4000259,BENIGN
-0.34347445,BENIGN
-0.33986476,BENIGN
-0.37593165,BENIGN
-0.38073325,BENIGN
-0.3385297,BENIGN
-0.3650568,BENIGN
-0.33900106,BENIGN
-0.38040423,BENIGN
-0.3370722,BENIGN
-0.35059062,BENIGN
-0.48043025,BENIGN
-0.34469235,BENIGN
-0.3458875,BENIGN
-0.3805689,BENIGN
-0.34485498,BENIGN
-0.3537827,BENIGN
-0.37168288,BENIGN
-0.37033403,BENIGN
-0.35154328,BENIGN
-0.345256,BENIGN
-0.35984698,BENIGN
-0.3941733,BENIGN
-0.45588675,BENIGN
-0.36752078,BENIGN
-0.37033403,BENIGN
-0.33227018,BENIGN
-0.39304325,BENIGN
-0.3345089,BENIGN
-0.46145165,BENIGN
-0.39785114,BENIGN
-0.4553501,BENIGN
-0.39710638,BENIGN
-0.3885526,BENIGN
-0.37193102,BENIGN
-0.41986766,BENIGN
-0.33400458,BENIGN
-0.34006527,BENIGN
-0.43946904,BENIGN
-0.34443694,BENIGN
-0.5008034,BENIGN
-0.37062612,BENIGN
-0.3409332,BENIGN
-0.35189542,BENIGN
-0.34641352,BENIGN
-0.3542454,BENIGN
-0.7019977,BENIGN
-0.6409393,BENIGN
-0.34202707,BENIGN
-0.4102096,BENIGN
-0.34559375,BENIGN
-0.40306613,BENIGN
-0.3744611,BENIGN
-0.38317704,BENIGN
-0.36197966,BENIGN
-0.36978468,BENIGN
-0.38619873,BENIGN
-0.34977213,BENIGN
-0.36987397,BENIGN
-0.34474653,BENIGN
-0.35812283,BENIGN
-0.41021287,BENIGN
-0.4648518,BENIGN
-0.35059527,BENIGN
-0.35571417,BENIGN
-0.3551079,BENIGN
-0.33629367,BENIGN
-0.33216256,BENIGN
-0.3491787,BENIGN
-0.37078163,BENIGN
-0.43363392,BENIGN
-0.38514268,BENIGN
-0.37920296,BENIGN
-0.33745423,BENIGN
-0.3922067,BENIGN
-0.3459999,BENIGN
-0.34016764,BENIGN
-0.37450033,BENIGN
-0.34839588,BENIGN
-0.39268878,BENIGN
-0.34168372,BENIGN
-0.39573014,BENIGN
-0.642131,BENIGN
-0.34872034,BENIGN
-0.3352964,BENIGN
-0.34049144,BENIGN
-0.4010408,BENIGN
-0.33867452,BENIGN
-0.34850505,BENIGN
-0.37184978,BENIGN
-0.35740316,BENIGN
-0.393543,BENIGN
-0.46415883,BENIGN
-0.37606585,BENIGN
-0.5574556,BENIGN
-0.3408951,BENIGN
-0.37862256,BENIGN
-0.40301406,BENIGN
-0.372041,BENIGN
-0.34130397,BENIGN
-0.36773527,BENIGN
-0.33734843,BENIGN
-0.34399453,BENIGN
-0.35418552,BENIGN
-0.38344637,BENIGN
-0.41050115,BENIGN
-0.3957085,BENIGN
-0.35689804,BENIGN
-0.39941588,BENIGN
-0.40357643,BENIGN
-0.3952517,BENIGN
-0.48741555,BENIGN
-0.3386885,BENIGN
-0.48788455,BENIGN
-0.35093135,BENIGN
-0.35281712,BENIGN
-0.37192038,BENIGN
-0.46955606,BENIGN
-0.42721683,BENIGN
-0.33333072,BENIGN
-0.36960205,BENIGN
-0.3372934,BENIGN
-0.54162395,BENIGN
-0.39369622,BENIGN
-0.38885722,BENIGN
-0.33711198,BENIGN
-0.34526286,BENIGN
-0.3979814,BENIGN
-0.36745733,BENIGN
-0.372426,BENIGN
-0.35793278,BENIGN
-0.37228313,BENIGN
-0.3458654,BENIGN
-0.33846554,BENIGN
-0.34641674,BENIGN
-0.3649969,BENIGN
-0.35158387,BENIGN
-0.34068263,BENIGN
-0.338382,BENIGN
-0.38335577,BENIGN
-0.39225993,BENIGN
-0.34239468,BENIGN
-0.3996885,BENIGN
-0.34500033,BENIGN
-0.3604268,BENIGN
-0.3719067,BENIGN
-0.3706031,BENIGN
-0.41030976,BENIGN
-0.38702774,BENIGN
-0.35813543,BENIGN
-0.40374622,BENIGN
-0.3327214,BENIGN
-0.3549905,BENIGN
-0.38581452,BENIGN
-0.34935585,BENIGN
-0.36982217,BENIGN
-0.3774615,BENIGN
-0.3385394,BENIGN
-0.37004295,BENIGN
-0.3687828,BENIGN
-0.3789611,BENIGN
-0.33968014,BENIGN
-0.37026387,BENIGN
-0.53971875,BENIGN
-0.44413823,BENIGN
-0.4039494,BENIGN
-0.5394684,BENIGN
-0.34284195,BENIGN
-0.42309314,BENIGN
-0.34073168,BENIGN
-0.3733685,BENIGN
-0.3313067,BENIGN
-0.6924056,BENIGN
-0.5384545,BENIGN
-0.3450322,BENIGN
-0.3384826,BENIGN
-0.34694508,BENIGN
-0.33675855,BENIGN
-0.39651433,BENIGN
-0.40036646,BENIGN
-0.4314429,BENIGN
-0.40595046,BENIGN
-0.334361,BENIGN
-0.5838734,BENIGN
-0.35265622,BENIGN
-0.35091302,BENIGN
-0.33314207,BENIGN
-0.37334487,BENIGN
-0.34794313,BENIGN
-0.3891786,BENIGN
-0.38598582,BENIGN
-0.37680745,BENIGN
-0.34390354,BENIGN
-0.48153117,BENIGN
-0.34908268,BENIGN
-0.34734464,BENIGN
-0.34658712,BENIGN
-0.33802623,BENIGN
-0.36775723,BENIGN
-0.3413944,BENIGN
-0.34917566,BENIGN
-0.41391802,BENIGN
-0.34871432,BENIGN
-0.34119955,BENIGN
-0.34407204,BENIGN
-0.35418552,BENIGN
-0.33075145,BENIGN
-0.45671642,BENIGN
-0.35683125,BENIGN
-0.35945585,BENIGN
-0.35320324,BENIGN
-0.33371046,BENIGN
-0.44862318,BENIGN
-0.3575633,BENIGN
-0.3499876,BENIGN
-0.38410786,BENIGN
-0.39617816,BENIGN
-0.4642455,BENIGN
-0.39199662,BENIGN
-0.3716682,BENIGN
-0.34920818,BENIGN
-0.54619324,BENIGN
-0.38098863,BENIGN
-0.34982535,BENIGN
-0.3458654,BENIGN
-0.37255654,BENIGN
-0.37558895,BENIGN
-0.3549061,BENIGN
-0.34012496,BENIGN
-0.41110414,BENIGN
-0.5693931,BENIGN
-0.3587986,BENIGN
-0.5366833,BENIGN
-0.37481606,BENIGN
-0.3406029,BENIGN
-0.36313364,BENIGN
-0.3440894,BENIGN
-0.46291485,BENIGN
-0.5636445,BENIGN
-0.39463067,BENIGN
-0.48855367,BENIGN
-0.3603804,BENIGN
-0.3317856,BENIGN
-0.3459999,BENIGN
-0.34567663,BENIGN
-0.42971194,BENIGN
-0.46004555,BENIGN
-0.5137444,BENIGN
-0.33750972,BENIGN
-0.43258682,BENIGN
-0.3389412,BENIGN
-0.37532827,BENIGN
-0.33716726,BENIGN
-0.37209377,BENIGN
-0.355944,BENIGN
-0.36562788,BENIGN
-0.36161926,BENIGN
-0.37461108,BENIGN
-0.36608213,BENIGN
-0.34057096,BENIGN
-0.3725372,BENIGN
-0.36085963,BENIGN
-0.33309364,BENIGN
-0.37110478,BENIGN
-0.42475182,BENIGN
-0.34240937,BENIGN
-0.40759227,BENIGN
-0.333807,BENIGN
-0.33379012,BENIGN
-0.33771133,BENIGN
-0.3531029,BENIGN
-0.41516644,BENIGN
-0.41281763,BENIGN
-0.42351422,BENIGN
-0.3339245,BENIGN
-0.36981484,BENIGN
-0.4686691,BENIGN
-0.37621507,BENIGN
-0.42791882,BENIGN
-0.36005488,BENIGN
-0.40965632,BENIGN
-0.3840129,BENIGN
-0.40493703,BENIGN
-0.38859934,BENIGN
-0.3875138,BENIGN
-0.43749613,BENIGN
-0.33610964,BENIGN
-0.501526,BENIGN
-0.41655147,BENIGN
-0.6249633,BENIGN
-0.3353293,BENIGN
-0.36626062,BENIGN
-0.3405061,BENIGN
-0.41002882,BENIGN
-0.3588639,BENIGN
-0.35000503,BENIGN
-0.37547776,BENIGN
-0.350872,BENIGN
-0.40214673,BENIGN
-0.34172076,BENIGN
-0.35254923,BENIGN
-0.42011884,BENIGN
-0.51945174,BENIGN
-0.37978128,BENIGN
-0.3340583,BENIGN
-0.5731686,BENIGN
-0.35826412,BENIGN
-0.3508217,BENIGN
-0.35898766,BENIGN
-0.47316343,BENIGN
-0.36633277,BENIGN
-0.33801693,BENIGN
-0.33456308,BENIGN
-0.45696032,BENIGN
-0.34318948,BENIGN
-0.54255843,BENIGN
-0.59008193,BENIGN
-0.34044182,BENIGN
-0.34105235,BENIGN
-0.37250528,BENIGN
-0.33886868,BENIGN
-0.38912663,BENIGN
-0.33870587,BENIGN
-0.3355756,BENIGN
-0.54448915,BENIGN
-0.3528887,BENIGN
-0.38952455,BENIGN
-0.45680562,BENIGN
-0.36955175,BENIGN
-0.4480229,BENIGN
-0.34652293,BENIGN
-0.34872985,BENIGN
-0.35075635,BENIGN
-0.34358016,BENIGN
-0.33445802,BENIGN
-0.3500208,BENIGN
-0.34004685,BENIGN
-0.34181318,BENIGN
-0.4023098,BENIGN
-0.3474303,BENIGN
-0.36503717,BENIGN
-0.33656365,BENIGN
-0.40076634,BENIGN
-0.5222338,BENIGN
-0.34524238,BENIGN
-0.39520073,BENIGN
-0.33596078,BENIGN
-0.34537154,BENIGN
-0.34709364,BENIGN
-0.36736578,BENIGN
-0.34278852,BENIGN
-0.3409161,BENIGN
-0.33790237,BENIGN
-0.3900118,BENIGN
-0.46561223,BENIGN
-0.3438761,BENIGN
-0.34320673,BENIGN
-0.33357385,BENIGN
-0.46129483,BENIGN
-0.4349029,BENIGN
-0.45298752,BENIGN
-0.36671528,BENIGN
-0.36662558,BENIGN
-0.4249343,BENIGN
-0.36904067,BENIGN
-0.55598295,BENIGN
-0.4044475,BENIGN
-0.35061672,BENIGN
-0.42795235,BENIGN
-0.44332793,BENIGN
-0.5161789,BENIGN
-0.41807243,BENIGN
-0.38405666,BENIGN
-0.34392026,BENIGN
-0.35198554,BENIGN
-0.37033126,BENIGN
-0.42350164,BENIGN
-0.45049736,BENIGN
-0.36776692,BENIGN
-0.5809506,BENIGN
-0.33351427,BENIGN
-0.3960492,BENIGN
-0.3374686,BENIGN
-0.53287774,BENIGN
-0.42791358,BENIGN
-0.40036947,BENIGN
-0.41199633,BENIGN
-0.3386419,BENIGN
-0.39117724,BENIGN
-0.34679794,BENIGN
-0.36022118,BENIGN
-0.39370358,BENIGN
-0.43628722,BENIGN
-0.41484636,BENIGN
-0.3720566,BENIGN
-0.48837653,BENIGN
-0.47725028,BENIGN
-0.40436321,BENIGN
-0.37072137,BENIGN
-0.34976485,BENIGN
-0.40000537,BENIGN
-0.34081253,BENIGN
-0.48824608,BENIGN
-0.34490797,BENIGN
-0.33261454,BENIGN
-0.33704603,BENIGN
-0.3473886,BENIGN
-0.6700054,BENIGN
-0.33396158,BENIGN
-0.3793125,BENIGN
-0.3382102,BENIGN
-0.37113512,BENIGN
-0.36114234,BENIGN
-0.3515061,BENIGN
-0.3974276,BENIGN
-0.46615604,BENIGN
-0.35823813,BENIGN
-0.3691934,BENIGN
-0.3907367,BENIGN
-0.33684644,BENIGN
-0.3440668,BENIGN
-0.3435094,BENIGN
-0.47742504,BENIGN
-0.3875473,BENIGN
-0.33330518,BENIGN
-0.39765033,BENIGN
-0.37114576,BENIGN
-0.33446062,BENIGN
-0.38839296,BENIGN
-0.3459887,BENIGN
-0.34759843,BENIGN
-0.61389947,BENIGN
-0.5709956,BENIGN
-0.35368147,BENIGN
-0.4828137,BENIGN
-0.38816985,BENIGN
-0.34129986,BENIGN
-0.34855616,BENIGN
-0.46436754,BENIGN
-0.339454,BENIGN
-0.33312392,BENIGN
-0.33543774,BENIGN
-0.68648654,BENIGN
-0.34493288,BENIGN
-0.4013243,BENIGN
-0.34091955,BENIGN
-0.42561954,BENIGN
-0.3743054,BENIGN
-0.3398295,BENIGN
-0.3713141,BENIGN
-0.3469613,BENIGN
-0.3516,BENIGN
-0.45509017,BENIGN
-0.6724507,BENIGN
-0.34912547,BENIGN
-0.39772034,BENIGN
-0.3466528,BENIGN
-0.4024836,BENIGN
-0.34185225,BENIGN
-0.40460604,BENIGN
-0.35604915,BENIGN
-0.4465506,BENIGN
-0.40232992,BENIGN
-0.45231494,BENIGN
-0.3385497,BENIGN
-0.35144913,BENIGN
-0.4572045,BENIGN
-0.34543282,BENIGN
-0.396673,BENIGN
-0.41067174,BENIGN
-0.36454532,BENIGN
-0.36291522,BENIGN
-0.33713827,BENIGN
-0.33804086,BENIGN
-0.36452007,BENIGN
-0.38712755,BENIGN
-0.34809467,BENIGN
-0.3691934,BENIGN
-0.34908497,BENIGN
-0.54817116,BENIGN
-0.3833958,BENIGN
-0.4384536,BENIGN
-0.34873867,BENIGN
-0.35336334,BENIGN
-0.37308857,BENIGN
-0.3402304,BENIGN
-0.42043957,BENIGN
-0.4109303,BENIGN
-0.37083423,BENIGN
-0.53337556,BENIGN
-0.4229313,BENIGN
-0.38524878,BENIGN
-0.3935236,BENIGN
-0.34470144,BENIGN
-0.34248996,BENIGN
-0.34430054,BENIGN
-0.44698513,BENIGN
-0.40324357,BENIGN
-0.35702214,BENIGN
-0.41475308,BENIGN
-0.39721832,BENIGN
-0.44283107,BENIGN
-0.34213287,BENIGN
-0.39463755,BENIGN
-0.33658066,BENIGN
-0.37497094,BENIGN
-0.35924765,BENIGN
-0.388084,BENIGN
-0.43834063,BENIGN
-0.350981,BENIGN
-0.40942952,BENIGN
-0.39492217,BENIGN
-0.33279768,BENIGN
-0.38168475,BENIGN
-0.34546614,BENIGN
-0.3459333,BENIGN
-0.57090837,BENIGN
-0.33562788,BENIGN
-0.348169,BENIGN
-0.67754704,BENIGN
-0.37113512,BENIGN
-0.38719434,BENIGN
-0.33854258,BENIGN
-0.3368773,BENIGN
-0.33747438,BENIGN
-0.4166272,BENIGN
-0.34457487,BENIGN
-0.3669258,BENIGN
-0.3386923,BENIGN
-0.34224698,BENIGN
-0.39207208,BENIGN
-0.36828434,BENIGN
-0.34998864,BENIGN
-0.35642183,BENIGN
-0.35195866,BENIGN
-0.36684513,BENIGN
-0.39669773,BENIGN
-0.39491534,BENIGN
-0.62279147,BENIGN
-0.34330192,BENIGN
-0.38122573,BENIGN
-0.47255588,BENIGN
-0.38636944,BENIGN
-0.5034494,BENIGN
-0.33518127,BENIGN
-0.34735173,BENIGN
-0.472978,BENIGN
-0.36991277,BENIGN
-0.4321701,BENIGN
-0.37649134,BENIGN
-0.4909279,BENIGN
-0.36821228,BENIGN
-0.36567265,BENIGN
-0.33899778,BENIGN
-0.34094134,BENIGN
-0.37766758,BENIGN
-0.333143,BENIGN
-0.37150723,BENIGN
-0.47324187,BENIGN
-0.36246163,BENIGN
-0.3796322,BENIGN
-0.34630242,BENIGN
-0.33964252,BENIGN
-0.51742965,BENIGN
-0.36965397,BENIGN
-0.3686637,BENIGN
-0.36221787,BENIGN
-0.47587344,BENIGN
-0.55897564,BENIGN
-0.34317693,BENIGN
-0.36700466,BENIGN
-0.46184516,BENIGN
-0.33462358,BENIGN
-0.38646868,BENIGN
-0.36736748,BENIGN
-0.3358359,BENIGN
-0.34820062,BENIGN
-0.3477468,BENIGN
-0.54391766,BENIGN
-0.35833398,BENIGN
-0.6132353,BENIGN
-0.37699714,BENIGN
-0.34599984,BENIGN
-0.5129493,BENIGN
-0.38838944,BENIGN
-0.3695919,BENIGN
-0.3808827,BENIGN
-0.48721823,BENIGN
-0.34897664,BENIGN
-0.36662868,BENIGN
-0.34415898,BENIGN
-0.34917155,BENIGN
-0.3329308,BENIGN
-0.39205316,BENIGN
-0.33503214,BENIGN
-0.5644375,BENIGN
-0.34040752,BENIGN
-0.3459118,BENIGN
-0.3574563,BENIGN
-0.3353331,BENIGN
-0.4730203,BENIGN
-0.35373983,BENIGN
-0.52250814,BENIGN
-0.3840803,BENIGN
-0.5905626,BENIGN
-0.44755995,BENIGN
-0.34358984,BENIGN
-0.45431256,BENIGN
-0.35010818,BENIGN
-0.349953,BENIGN
-0.37658384,BENIGN
-0.33681053,BENIGN
-0.3688114,BENIGN
-0.37954372,BENIGN
-0.35071918,BENIGN
-0.34653994,BENIGN
-0.44815442,BENIGN
-0.4235773,BENIGN
-0.68005216,BENIGN
-0.33798495,BENIGN
-0.36933243,BENIGN
-0.46745506,BENIGN
-0.33254582,BENIGN
-0.5015526,BENIGN
-0.33906412,BENIGN
-0.3378529,BENIGN
-0.39167514,BENIGN
-0.41561452,BENIGN
-0.3652509,BENIGN
-0.4204277,BENIGN
-0.52677804,BENIGN
-0.33816832,BENIGN
-0.37339047,BENIGN
-0.64227283,BENIGN
-0.4048821,BENIGN
-0.39542457,BENIGN
-0.38648683,BENIGN
-0.3621515,BENIGN
-0.43259922,BENIGN
-0.39036518,BENIGN
-0.37134105,BENIGN
-0.3434293,BENIGN
-0.3415012,BENIGN
-0.6346813,BENIGN
-0.41721293,BENIGN
-0.33209866,BENIGN
-0.3458654,BENIGN
-0.3527788,BENIGN
-0.39776272,BENIGN
-0.5196374,BENIGN
-0.38173324,BENIGN
-0.38041216,BENIGN
-0.37357447,BENIGN
-0.33578733,BENIGN
-0.33339193,BENIGN
-0.34980512,BENIGN
-0.36054856,BENIGN
-0.34419373,BENIGN
-0.35066062,BENIGN
-0.37396064,BENIGN
-0.3347549,BENIGN
-0.6038933,BENIGN
-0.55845934,BENIGN
-0.36777514,BENIGN
-0.3400625,BENIGN
-0.39135158,BENIGN
-0.33663738,BENIGN
-0.3403127,BENIGN
-0.6093848,BENIGN
-0.36856952,BENIGN
-0.3943597,BENIGN
-0.33392265,BENIGN
-0.34489754,BENIGN
-0.39397374,BENIGN
-0.3324876,BENIGN
-0.39119005,BENIGN
-0.35265583,BENIGN
-0.3494862,BENIGN
-0.37416315,BENIGN
-0.33699846,BENIGN
-0.3346593,BENIGN
-0.3719851,BENIGN
-0.53785604,BENIGN
-0.34261093,BENIGN
-0.5042881,BENIGN
-0.53078806,BENIGN
-0.36807758,BENIGN
-0.34239823,BENIGN
-0.5080011,BENIGN
-0.36912265,BENIGN
-0.3582544,BENIGN
-0.46217898,BENIGN
-0.35209495,BENIGN
-0.3907612,BENIGN
-0.33816296,BENIGN
-0.34747103,BENIGN
-0.34411362,BENIGN
-0.34330544,BENIGN
-0.35717005,BENIGN
-0.39672333,BENIGN
-0.37030494,BENIGN
-0.39479202,BENIGN
-0.3458654,BENIGN
-0.4484524,BENIGN
-0.3796338,BENIGN
-0.37560976,BENIGN
-0.34811473,BENIGN
-0.69229347,BENIGN
-0.33673018,BENIGN
-0.333807,BENIGN
-0.35171363,BENIGN
-0.36781198,BENIGN
-0.33731326,BENIGN
-0.37212062,BENIGN
-0.34734973,BENIGN
-0.3758433,BENIGN
-0.36057666,BENIGN
-0.40732452,BENIGN
-0.36773527,BENIGN
-0.36903766,BENIGN
-0.36803257,BENIGN
-0.4664316,BENIGN
-0.37942854,BENIGN
-0.47483617,BENIGN
-0.37277246,BENIGN
-0.38207012,BENIGN
-0.420833,BENIGN
-0.42883116,BENIGN
-0.34041947,BENIGN
-0.35344666,BENIGN
-0.34934157,BENIGN
-0.35252643,BENIGN
-0.3620722,BENIGN
-0.5768024,BENIGN
-0.3926892,BENIGN
-0.33229214,BENIGN
-0.4857989,BENIGN
-0.34341872,BENIGN
-0.34153146,BENIGN
-0.35208642,BENIGN
-0.35640675,BENIGN
-0.36574402,BENIGN
-0.34159788,BENIGN
-0.39058545,BENIGN
-0.35024402,BENIGN
-0.33904284,BENIGN
-0.39317095,BENIGN
-0.35560748,BENIGN
-0.37610546,BENIGN
-0.41208628,BENIGN
-0.36898494,BENIGN
-0.33940268,BENIGN
-0.40283453,BENIGN
-0.44775823,BENIGN
-0.3680758,BENIGN
-0.44579953,BENIGN
-0.46542314,BENIGN
-0.37352872,BENIGN
-0.40989012,BENIGN
-0.36218494,BENIGN
-0.3376483,BENIGN
-0.34272563,BENIGN
-0.4320018,BENIGN
-0.34158242,BENIGN
-0.36250785,BENIGN
-0.3775317,BENIGN
-0.39511406,BENIGN
-0.34448949,BENIGN
-0.5041808,BENIGN
-0.36574402,BENIGN
-0.53848726,BENIGN
-0.4178705,BENIGN
-0.33668143,BENIGN
-0.3710841,BENIGN
-0.34293228,BENIGN
-0.33602643,BENIGN
-0.3370722,BENIGN
-0.3434458,BENIGN
-0.34047323,BENIGN
-0.3890577,BENIGN
-0.36185285,BENIGN
-0.38803503,BENIGN
-0.37242314,BENIGN
-0.33312392,BENIGN
-0.37460804,BENIGN
-0.3690359,BENIGN
-0.3323592,BENIGN
-0.46071017,BENIGN
-0.35282665,BENIGN
-0.38867068,BENIGN
-0.40361252,BENIGN
-0.35027188,BENIGN
-0.37440866,BENIGN
-0.35492104,BENIGN
-0.3854779,BENIGN
-0.35604805,BENIGN
-0.35050988,BENIGN
-0.34093857,BENIGN
-0.56937057,BENIGN
-0.5081746,BENIGN
-0.35549712,BENIGN
-0.65104216,BENIGN
-0.3583404,BENIGN
-0.33831784,BENIGN
-0.34701642,BENIGN
-0.39202735,BENIGN
-0.3377489,BENIGN
-0.33792168,BENIGN
-0.38684016,BENIGN
-0.37041757,BENIGN
-0.34080762,BENIGN
-0.45075136,BENIGN
-0.35395163,BENIGN
-0.3328888,BENIGN
-0.34122035,BENIGN
-0.37371013,BENIGN
-0.3898518,BENIGN
-0.4601249,BENIGN
-0.352353,BENIGN
-0.5751409,BENIGN
-0.39614493,BENIGN
-0.39360416,BENIGN
-0.5590988,BENIGN
-0.36617345,BENIGN
-0.3660372,BENIGN
-0.41152665,BENIGN
-0.36325526,BENIGN
-0.4223693,BENIGN
-0.4448802,BENIGN
-0.33364534,BENIGN
-0.33631963,BENIGN
-0.3370757,BENIGN
-0.33289728,BENIGN
-0.37716165,BENIGN
-0.35166267,BENIGN
-0.4349244,BENIGN
-0.3440432,BENIGN
-0.35374227,BENIGN
-0.37587923,BENIGN
-0.3336789,BENIGN
-0.33617452,BENIGN
-0.36015075,BENIGN
-0.42023057,BENIGN
-0.39195424,BENIGN
-0.34248278,BENIGN
-0.33584192,BENIGN
-0.40521148,BENIGN
-0.33421835,BENIGN
-0.47606358,BENIGN
-0.37338412,BENIGN
-0.3367243,BENIGN
-0.33421582,BENIGN
-0.44608513,BENIGN
-0.46443865,BENIGN
-0.38964614,BENIGN
-0.39246288,BENIGN
-0.39357713,BENIGN
-0.3377821,BENIGN
-0.6021645,BENIGN
-0.3557581,BENIGN
-0.33342963,BENIGN
-0.35749424,BENIGN
-0.35095543,BENIGN
-0.35257185,BENIGN
-0.35397685,BENIGN
-0.36778453,BENIGN
-0.36574402,BENIGN
-0.43288022,BENIGN
-0.39563683,BENIGN
-0.34391016,BENIGN
-0.38633278,BENIGN
-0.37956977,BENIGN
-0.34184095,BENIGN
-0.43971345,BENIGN
-0.36221835,BENIGN
-0.44318038,BENIGN
-0.35809624,BENIGN
-0.340598,BENIGN
-0.34065303,BENIGN
-0.3360274,BENIGN
-0.33815604,BENIGN
-0.34351632,BENIGN
-0.34528434,BENIGN
-0.36388266,BENIGN
-0.3811596,BENIGN
-0.35336715,BENIGN
-0.34046987,BENIGN
-0.41359732,BENIGN
-0.39511406,BENIGN
-0.4531595,BENIGN
-0.47466862,BENIGN
-0.4038772,BENIGN
-0.33422363,BENIGN
-0.33437988,BENIGN
-0.36186683,BENIGN
-0.44529822,BENIGN
-0.6777079,BENIGN
-0.37620583,BENIGN
-0.3946068,BENIGN
-0.3416696,BENIGN
-0.36637256,BENIGN
-0.33601147,BENIGN
-0.47247905,BENIGN
-0.33310673,BENIGN
-0.42861506,BENIGN
-0.39162073,BENIGN
-0.46001682,BENIGN
-0.34992346,BENIGN
-0.3620373,BENIGN
-0.38624424,BENIGN
-0.44844532,BENIGN
-0.5412718,BENIGN
-0.38989982,BENIGN
-0.34510592,BENIGN
-0.35520726,BENIGN
-0.3478034,BENIGN
-0.33373562,BENIGN
-0.3542457,BENIGN
-0.34638545,BENIGN
-0.45924804,BENIGN
-0.3440668,BENIGN
-0.3866783,BENIGN
-0.34273833,BENIGN
-0.38242844,BENIGN
-0.34746358,BENIGN
-0.34467775,BENIGN
-0.3381268,BENIGN
-0.3397843,BENIGN
-0.34696308,BENIGN
-0.38800353,BENIGN
-0.37417313,BENIGN
-0.41065234,BENIGN
-0.39313066,BENIGN
-0.3399119,BENIGN
-0.3624322,BENIGN
-0.33712587,BENIGN
-0.34105602,BENIGN
-0.3713231,BENIGN
-0.33741885,BENIGN
-0.36700088,BENIGN
-0.44627115,BENIGN
-0.4602444,BENIGN
-0.41276735,BENIGN
-0.44075093,BENIGN
-0.33994484,BENIGN
-0.36993453,BENIGN
-0.40989012,BENIGN
-0.34777522,BENIGN
-0.5194832,BENIGN
-0.38995376,BENIGN
-0.41689503,BENIGN
-0.33524817,BENIGN
-0.35642055,BENIGN
-0.36820507,BENIGN
-0.34668705,BENIGN
-0.48219642,BENIGN
-0.4667662,BENIGN
-0.33524063,BENIGN
-0.68278414,BENIGN
-0.6008043,BENIGN
-0.40718776,BENIGN
-0.3333257,BENIGN
-0.34785518,BENIGN
-0.43129697,BENIGN
-0.33794734,BENIGN
-0.3695972,BENIGN
-0.39205316,BENIGN
-0.34602055,BENIGN
-0.34661776,BENIGN
-0.34504882,BENIGN
-0.3580785,BENIGN
-0.36863953,BENIGN
-0.3452091,BENIGN
-0.5564064,BENIGN
-0.3424395,BENIGN
-0.5755973,BENIGN
-0.5267889,BENIGN
-0.34987026,BENIGN
-0.33922756,BENIGN
-0.58364964,BENIGN
-0.37393975,BENIGN
-0.4271414,BENIGN
-0.35090664,BENIGN
-0.6204879,BENIGN
-0.3733171,BENIGN
-0.35364813,BENIGN
-0.3353124,BENIGN
-0.3415754,BENIGN
-0.5760974,BENIGN
-0.35356107,BENIGN
-0.52161145,BENIGN
-0.39191833,BENIGN
-0.34809446,BENIGN
-0.3820462,BENIGN
-0.39079794,BENIGN
-0.371383,BENIGN
-0.51347256,BENIGN
-0.58542836,BENIGN
-0.59795016,BENIGN
-0.37336135,BENIGN
-0.35876286,BENIGN
-0.3960549,BENIGN
-0.37034476,BENIGN
-0.39114177,BENIGN
-0.33632246,BENIGN
-0.36190322,BENIGN
-0.3499594,BENIGN
-0.3389503,BENIGN
-0.33574203,BENIGN
-0.33985293,BENIGN
-0.39210612,BENIGN
-0.37383828,BENIGN
-0.493036,BENIGN
-0.36336562,BENIGN
-0.34859726,BENIGN
-0.37116867,BENIGN
-0.34432068,BENIGN
-0.3560541,BENIGN
-0.3671038,BENIGN
-0.33721834,BENIGN
-0.3406564,BENIGN
-0.48241052,BENIGN
-0.35122374,BENIGN
-0.38021716,BENIGN
-0.4033711,BENIGN
-0.39612117,BENIGN
-0.35395476,BENIGN
-0.34074107,BENIGN
-0.38653374,BENIGN
-0.38637492,BENIGN
-0.33574218,BENIGN
-0.34866452,BENIGN
-0.3950566,BENIGN
-0.36898202,BENIGN
-0.34508562,BENIGN
-0.3736529,BENIGN
-0.3322275,BENIGN
-0.4727061,BENIGN
-0.4802067,BENIGN
-0.33743566,BENIGN
-0.5487262,BENIGN
-0.3365929,BENIGN
-0.3378193,BENIGN
-0.37585837,BENIGN
-0.33255264,BENIGN
-0.33923638,BENIGN
-0.40779892,BENIGN
-0.40777883,BENIGN
-0.36883405,BENIGN
-0.39535683,BENIGN
-0.40137914,BENIGN
-0.389702,BENIGN
-0.38005427,BENIGN
-0.3594999,BENIGN
-0.44863343,BENIGN
-0.3489846,BENIGN
-0.4267727,BENIGN
-0.34971797,BENIGN
-0.39070323,BENIGN
-0.35046107,BENIGN
-0.36079487,BENIGN
-0.4086107,BENIGN
-0.3904647,BENIGN
-0.3880388,BENIGN
-0.3335365,BENIGN
-0.3555361,BENIGN
-0.46309987,BENIGN
-0.37073052,BENIGN
-0.35233012,BENIGN
-0.4042656,BENIGN
-0.46875307,BENIGN
-0.34875253,BENIGN
-0.34373453,BENIGN
-0.35910347,BENIGN
-0.39474732,BENIGN
-0.37262407,BENIGN
-0.53524476,BENIGN
-0.3363648,BENIGN
-0.4121816,BENIGN
-0.36779028,BENIGN
-0.3928215,BENIGN
-0.41522026,BENIGN
-0.3526903,BENIGN
-0.33991238,BENIGN
-0.40800485,BENIGN
-0.44465724,BENIGN
-0.34308133,BENIGN
-0.41168675,BENIGN
-0.33720282,BENIGN
-0.34754744,BENIGN
-0.38895127,BENIGN
-0.36676815,BENIGN
-0.34855106,BENIGN
-0.33986476,BENIGN
-0.62553537,BENIGN
-0.39670348,BENIGN
-0.34030437,BENIGN
-0.34376204,BENIGN
-0.45448473,BENIGN
-0.43557873,BENIGN
-0.3511777,BENIGN
-0.3413844,BENIGN
-0.416327,BENIGN
-0.4050626,BENIGN
-0.3636964,BENIGN
-0.33713272,BENIGN
-0.44545814,BENIGN
-0.348449,BENIGN
-0.35229418,BENIGN
-0.6816209,BENIGN
-0.37023193,BENIGN
-0.50540185,BENIGN
-0.37219477,BENIGN
-0.45142943,BENIGN
-0.46477884,BENIGN
-0.45673,BENIGN
-0.35696068,BENIGN
-0.38400543,BENIGN
-0.3876961,BENIGN
-0.3394479,BENIGN
-0.35213375,BENIGN
-0.33925453,BENIGN
-0.4724401,BENIGN
-0.40993053,BENIGN
-0.337633,BENIGN
-0.44985858,BENIGN
-0.39275056,BENIGN
-0.35143468,BENIGN
-0.6659714,BENIGN
-0.34095556,BENIGN
-0.34996194,BENIGN
-0.36377463,BENIGN
-0.34121418,BENIGN
-0.33621427,BENIGN
-0.33818105,BENIGN
-0.4015949,BENIGN
-0.34946322,BENIGN
-0.39590645,BENIGN
-0.37918645,BENIGN
-0.456654,BENIGN
-0.4619702,BENIGN
-0.34552768,BENIGN
-0.357024,BENIGN
-0.3475479,BENIGN
-0.5248272,BENIGN
-0.66092026,BENIGN
-0.58055454,BENIGN
-0.34111297,BENIGN
-0.37217447,BENIGN
-0.67991805,BENIGN
-0.3521592,BENIGN
-0.35749638,BENIGN
-0.42044598,BENIGN
-0.40942708,BENIGN
-0.5063915,BENIGN
-0.33677614,BENIGN
-0.34338415,BENIGN
-0.40197602,BENIGN
-0.37506765,BENIGN
-0.3895018,BENIGN
-0.35062814,BENIGN
-0.40464702,BENIGN
-0.36371413,BENIGN
-0.35658208,BENIGN
-0.42034426,BENIGN
-0.41564047,BENIGN
-0.36574402,BENIGN
-0.4419833,BENIGN
-0.38725746,BENIGN
-0.393958,BENIGN
-0.39220864,BENIGN
-0.36963305,BENIGN
-0.34043577,BENIGN
-0.35112044,BENIGN
-0.38213375,BENIGN
-0.35492104,BENIGN
-0.33375058,BENIGN
-0.33629078,BENIGN
-0.337633,BENIGN
-0.40963945,BENIGN
-0.3452563,BENIGN
-0.37568468,BENIGN
-0.39025232,BENIGN
-0.4195125,BENIGN
-0.3359832,BENIGN
-0.36900404,BENIGN
-0.39078382,BENIGN
-0.41877136,BENIGN
-0.3515731,BENIGN
-0.37068012,BENIGN
-0.3696241,BENIGN
-0.43896484,BENIGN
-0.36084166,BENIGN
-0.39121023,BENIGN
-0.33629414,BENIGN
-0.36972806,BENIGN
-0.40422118,BENIGN
-0.34201536,BENIGN
-0.33816037,BENIGN
-0.46325216,BENIGN
-0.34621647,BENIGN
-0.35028103,BENIGN
-0.6463734,BENIGN
-0.35206735,BENIGN
-0.5763929,BENIGN
-0.33406052,BENIGN
-0.40197682,BENIGN
-0.39129367,BENIGN
-0.34551603,BENIGN
-0.4813188,BENIGN
-0.4461306,BENIGN
-0.6686142,BENIGN
-0.46078256,BENIGN
-0.35760155,BENIGN
-0.35379583,BENIGN
-0.45294,BENIGN
-0.35948706,BENIGN
-0.3595672,BENIGN
-0.35070008,BENIGN
-0.41541782,BENIGN
-0.3963567,BENIGN
-0.38956115,BENIGN
-0.378989,BENIGN
-0.39749375,BENIGN
-0.3687828,BENIGN
-0.5409726,BENIGN
-0.42267224,BENIGN
-0.36753058,BENIGN
-0.3356739,BENIGN
-0.39853856,BENIGN
-0.33456522,BENIGN
-0.36574402,BENIGN
-0.34946322,BENIGN
-0.4015429,BENIGN
-0.3381439,BENIGN
-0.3459596,BENIGN
-0.3428503,BENIGN
-0.42766702,BENIGN
-0.33858812,BENIGN
-0.3821419,BENIGN
-0.39282164,BENIGN
-0.4902501,BENIGN
-0.37196755,BENIGN
-0.41611934,BENIGN
-0.40979463,BENIGN
-0.35678113,BENIGN
-0.3348368,BENIGN
-0.5188069,BENIGN
-0.34694543,BENIGN
-0.39567676,BENIGN
-0.34574717,BENIGN
-0.34673834,BENIGN
-0.47028664,BENIGN
-0.34709364,BENIGN
-0.44738302,BENIGN
-0.34105697,BENIGN
-0.4559325,BENIGN
-0.35638297,BENIGN
-0.33683342,BENIGN
-0.33652872,BENIGN
-0.34803036,BENIGN
-0.3613817,BENIGN
-0.5355364,BENIGN
-0.40327254,BENIGN
-0.47082284,BENIGN
-0.34339172,BENIGN
-0.34646022,BENIGN
-0.3711707,BENIGN
-0.35156673,BENIGN
-0.34269878,BENIGN
-0.37058103,BENIGN
-0.34900936,BENIGN
-0.36396518,BENIGN
-0.36558804,BENIGN
-0.3374604,BENIGN
-0.38433507,BENIGN
-0.3621353,BENIGN
-0.3458654,BENIGN
-0.33917108,BENIGN
-0.35454816,BENIGN
-0.34154734,BENIGN
-0.34709364,BENIGN
-0.34975412,BENIGN
-0.4084272,BENIGN
-0.38968304,BENIGN
-0.42140782,BENIGN
-0.3463143,BENIGN
-0.5084711,BENIGN
-0.45167395,BENIGN
-0.3549021,BENIGN
-0.3584069,BENIGN
-0.3981634,BENIGN
-0.54889125,BENIGN
-0.34245223,BENIGN
-0.67632914,BENIGN
-0.37323388,BENIGN
-0.36951324,BENIGN
-0.41059616,BENIGN
-0.5478332,BENIGN
-0.37006673,BENIGN
-0.37136447,BENIGN
-0.38783875,BENIGN
-0.38905492,BENIGN
-0.34487438,BENIGN
-0.33997834,BENIGN
-0.6044345,BENIGN
-0.4508938,BENIGN
-0.34587747,BENIGN
-0.3391182,BENIGN
-0.34323078,BENIGN
-0.3550546,BENIGN
-0.3381881,BENIGN
-0.3948227,BENIGN
-0.36613712,BENIGN
-0.3394865,BENIGN
-0.44299304,BENIGN
-0.3715931,BENIGN
-0.45629618,BENIGN
-0.6004325,BENIGN
-0.35800895,BENIGN
-0.4400902,BENIGN
-0.38739374,BENIGN
-0.37986398,BENIGN
-0.39362466,BENIGN
-0.34337717,BENIGN
-0.37064636,BENIGN
-0.3458751,BENIGN
-0.3634598,BENIGN
-0.34201068,BENIGN
-0.33486536,BENIGN
-0.42489612,BENIGN
-0.35580155,BENIGN
-0.34980512,BENIGN
-0.5191968,BENIGN
-0.38344637,BENIGN
-0.3686994,BENIGN
-0.33725032,BENIGN
-0.37166876,BENIGN
-0.37057528,BENIGN
-0.34593403,BENIGN
-0.35506085,BENIGN
-0.46979892,BENIGN
-0.38569537,BENIGN
-0.346221,BENIGN
-0.36329535,BENIGN
-0.35877565,BENIGN
-0.4547737,BENIGN
-0.3471484,BENIGN
-0.38780615,BENIGN
-0.34249505,BENIGN
-0.53015685,BENIGN
-0.34425315,BENIGN
-0.35012555,BENIGN
-0.6027541,BENIGN
-0.36010662,BENIGN
-0.3696224,BENIGN
-0.35097322,BENIGN
-0.39226595,BENIGN
-0.37828454,BENIGN
-0.3378424,BENIGN
-0.3553806,BENIGN
-0.37113643,BENIGN
-0.5538502,BENIGN
-0.3423614,BENIGN
-0.3576048,BENIGN
-0.34376526,BENIGN
-0.33711013,BENIGN
-0.33384022,BENIGN
-0.40005475,BENIGN
-0.4189508,BENIGN
-0.3454344,BENIGN
-0.3345271,BENIGN
-0.33787712,BENIGN
-0.4693678,BENIGN
-0.44569647,BENIGN
-0.37022442,BENIGN
-0.37058342,BENIGN
-0.38304433,BENIGN
-0.33583948,BENIGN
-0.34064254,BENIGN
-0.37657198,BENIGN
-0.38572228,BENIGN
-0.3456775,BENIGN
-0.35113087,BENIGN
-0.34228483,BENIGN
-0.36996067,BENIGN
-0.38037175,BENIGN
-0.37078005,BENIGN
-0.33167973,BENIGN
-0.39693087,BENIGN
-0.36807758,BENIGN
-0.38166618,BENIGN
-0.3698658,BENIGN
-0.4687121,BENIGN
-0.59469074,BENIGN
-0.35613492,BENIGN
-0.34529468,BENIGN
-0.3415561,BENIGN
-0.371129,BENIGN
-0.42082065,BENIGN
-0.39264292,BENIGN
-0.33917108,BENIGN
-0.42472398,BENIGN
-0.350417,BENIGN
-0.35246593,BENIGN
-0.371262,BENIGN
-0.3985679,BENIGN
-0.34593707,BENIGN
-0.36172298,BENIGN
-0.34068272,BENIGN
-0.44989526,BENIGN
-0.364348,BENIGN
-0.3382412,BENIGN
-0.45566463,BENIGN
-0.33856842,BENIGN
-0.38530162,BENIGN
-0.5064617,BENIGN
-0.34572232,BENIGN
-0.39926022,BENIGN
-0.43241975,BENIGN
-0.4147544,BENIGN
-0.3753633,BENIGN
-0.37740445,BENIGN
-0.47151357,BENIGN
-0.37201607,BENIGN
-0.3357754,BENIGN
-0.34352493,BENIGN
-0.4734033,BENIGN
-0.5365875,BENIGN
-0.3846446,BENIGN
-0.38421476,BENIGN
-0.5619205,BENIGN
-0.49245766,BENIGN
-0.3483333,BENIGN
-0.342696,BENIGN
-0.36960205,BENIGN
-0.34470809,BENIGN
-0.37264648,BENIGN
-0.4515593,BENIGN
-0.4128695,BENIGN
-0.3803777,BENIGN
-0.54327905,BENIGN
-0.42950025,BENIGN
-0.37981942,BENIGN
-0.5427954,BENIGN
-0.48803404,BENIGN
-0.3401339,BENIGN
-0.34294763,BENIGN
-0.63423926,BENIGN
-0.3597488,BENIGN
-0.34082705,BENIGN
-0.42096952,BENIGN
-0.3737437,BENIGN
-0.364947,BENIGN
-0.45644286,BENIGN
-0.45971712,BENIGN
-0.52974325,BENIGN
-0.36879662,BENIGN
-0.41706195,BENIGN
-0.3451419,BENIGN
-0.4559864,BENIGN
-0.338208,BENIGN
-0.3339093,BENIGN
-0.41264427,BENIGN
-0.35621905,BENIGN
-0.3442836,BENIGN
-0.34470603,BENIGN
-0.3530533,BENIGN
-0.35277516,BENIGN
-0.34010112,BENIGN
-0.3395592,BENIGN
-0.34218648,BENIGN
-0.48471206,BENIGN
-0.33618516,BENIGN
-0.3670651,BENIGN
-0.34530014,BENIGN
-0.3523218,BENIGN
-0.48922697,BENIGN
-0.34599394,BENIGN
-0.37584978,BENIGN
-0.36963305,BENIGN
-0.54395837,BENIGN
-0.5508668,BENIGN
-0.38930526,BENIGN
-0.38015404,BENIGN
-0.34445062,BENIGN
-0.3925108,BENIGN
-0.40283453,BENIGN
-0.36263043,BENIGN
-0.3436625,BENIGN
-0.38833657,BENIGN
-0.36915225,BENIGN
-0.36804572,BENIGN
-0.3913833,BENIGN
-0.4050132,BENIGN
-0.38958722,BENIGN
-0.33935973,BENIGN
-0.37278518,BENIGN
-0.38096082,BENIGN
-0.402112,BENIGN
-0.35445553,BENIGN
-0.34771594,BENIGN
-0.38678616,BENIGN
-0.3395228,BENIGN
-0.3396025,BENIGN
-0.55776805,BENIGN
-0.40123934,BENIGN
-0.35960647,BENIGN
-0.3519405,BENIGN
-0.3984665,BENIGN
-0.3446862,BENIGN
-0.36832806,BENIGN
-0.5871767,BENIGN
-0.33966014,BENIGN
-0.37312317,BENIGN
-0.4940287,BENIGN
-0.49131447,BENIGN
-0.34032968,BENIGN
-0.3901,BENIGN
-0.36950758,BENIGN
-0.3380146,BENIGN
-0.39216316,BENIGN
-0.38578886,BENIGN
-0.33834755,BENIGN
-0.3481903,BENIGN
-0.42390513,BENIGN
-0.34081265,BENIGN
-0.34587118,BENIGN
-0.4774342,BENIGN
-0.3812689,BENIGN
-0.34908268,BENIGN
-0.34401134,BENIGN
-0.3811087,BENIGN
-0.3408061,BENIGN
-0.37749398,BENIGN
-0.43349752,BENIGN
-0.39140338,BENIGN
-0.3740371,BENIGN
-0.41153887,BENIGN
-0.3704917,BENIGN
-0.33685845,BENIGN
-0.36820507,BENIGN
-0.34404594,BENIGN
-0.33777875,BENIGN
-0.338425,BENIGN
-0.42277882,BENIGN
-0.3685739,BENIGN
-0.598884,BENIGN
-0.34669593,BENIGN
-0.6793623,BENIGN
-0.3510696,BENIGN
-0.33573973,BENIGN
-0.5297107,BENIGN
-0.40160528,BENIGN
-0.38183764,BENIGN
-0.3386816,BENIGN
-0.5240014,BENIGN
-0.41971835,BENIGN
-0.38947436,BENIGN
-0.45902908,BENIGN
-0.34689578,BENIGN
-0.38111162,BENIGN
-0.34423608,BENIGN
-0.34059322,BENIGN
-0.52601695,BENIGN
-0.3315011,BENIGN
-0.39975464,BENIGN
-0.348709,BENIGN
-0.3579884,BENIGN
-0.37085274,BENIGN
-0.3373133,BENIGN
-0.33567885,BENIGN
-0.3825518,BENIGN
-0.40310717,BENIGN
-0.5481095,BENIGN
-0.34381026,BENIGN
-0.5444244,BENIGN
-0.4455948,BENIGN
-0.38754255,BENIGN
-0.38681215,BENIGN
-0.45735708,BENIGN
-0.6206939,BENIGN
-0.37118283,BENIGN
-0.36432463,BENIGN
-0.34414902,BENIGN
-0.35534957,BENIGN
-0.49227923,BENIGN
-0.36541724,BENIGN
-0.41359732,BENIGN
-0.41013747,BENIGN
-0.35761312,BENIGN
-0.36126417,BENIGN
-0.35499704,BENIGN
-0.34377116,BENIGN
-0.34019327,BENIGN
-0.42990917,BENIGN
-0.34195116,BENIGN
-0.3357754,BENIGN
-0.6506763,BENIGN
-0.36957192,BENIGN
-0.45849097,BENIGN
-0.33124942,BENIGN
-0.3489019,BENIGN
-0.33281967,BENIGN
-0.3750678,BENIGN
-0.3856859,BENIGN
-0.34908268,BENIGN
-0.36416057,BENIGN
-0.37979358,BENIGN
-0.39038387,BENIGN
-0.37214032,BENIGN
-0.4656052,BENIGN
-0.3442162,BENIGN
-0.3431396,BENIGN
-0.3407159,BENIGN
-0.34443477,BENIGN
-0.39500386,BENIGN
-0.4551193,BENIGN
-0.34238562,BENIGN
-0.36777928,BENIGN
-0.3424735,BENIGN
-0.38626024,BENIGN
-0.39519814,BENIGN
-0.34407935,BENIGN
-0.40742904,BENIGN
-0.34136465,BENIGN
-0.36315984,BENIGN
-0.37032002,BENIGN
-0.39520055,BENIGN
-0.3750343,BENIGN
-0.3348198,BENIGN
-0.37994394,BENIGN
-0.4044887,BENIGN
-0.34066778,BENIGN
-0.4940889,BENIGN
-0.5090908,BENIGN
-0.39580518,BENIGN
-0.4107913,BENIGN
-0.35600707,BENIGN
-0.36936852,BENIGN
-0.45285857,BENIGN
-0.3426608,BENIGN
-0.33852103,BENIGN
-0.37432617,BENIGN
-0.36252028,BENIGN
-0.3706685,BENIGN
-0.3377821,BENIGN
-0.37257007,BENIGN
-0.33401936,BENIGN
-0.37003556,BENIGN
-0.35159072,BENIGN
-0.5690178,BENIGN
-0.40982294,BENIGN
-0.39342302,BENIGN
-0.340776,BENIGN
-0.5511048,BENIGN
-0.46658555,BENIGN
-0.3421927,BENIGN
-0.35545596,BENIGN
-0.40087354,BENIGN
-0.46850905,BENIGN
-0.36965343,BENIGN
-0.3421106,BENIGN
-0.3932825,BENIGN
-0.3458487,BENIGN
-0.4568305,BENIGN
-0.38854456,BENIGN
-0.3517114,BENIGN
-0.37915117,BENIGN
-0.59017354,BENIGN
-0.37003672,BENIGN
-0.5142664,BENIGN
-0.46652257,BENIGN
-0.3499508,BENIGN
-0.5256834,BENIGN
-0.38634184,BENIGN
-0.35242406,BENIGN
-0.45574677,BENIGN
-0.34740287,BENIGN
-0.35474914,BENIGN
-0.3414207,BENIGN
-0.3463367,BENIGN
-0.33512518,BENIGN
-0.39236644,BENIGN
-0.45909822,BENIGN
-0.34490106,BENIGN
-0.3395059,BENIGN
-0.5388585,BENIGN
-0.45209038,BENIGN
-0.36378795,BENIGN
-0.43234062,BENIGN
-0.42219627,BENIGN
-0.34345114,BENIGN
-0.37378672,BENIGN
-0.33820906,BENIGN
-0.3667595,BENIGN
-0.35642686,BENIGN
-0.45205036,BENIGN
-0.37341738,BENIGN
-0.5297938,BENIGN
-0.3701102,BENIGN
-0.33593786,BENIGN
-0.37041265,BENIGN
-0.35401237,BENIGN
-0.33155063,BENIGN
-0.452054,BENIGN
-0.36880767,BENIGN
-0.40857857,BENIGN
-0.35435414,BENIGN
-0.45642033,BENIGN
-0.3585083,BENIGN
-0.3664399,BENIGN
-0.36700088,BENIGN
-0.47636566,BENIGN
-0.33917,BENIGN
-0.34080762,BENIGN
-0.35344973,BENIGN
-0.56240445,BENIGN
-0.39135265,BENIGN
-0.6239479,BENIGN
-0.34553057,BENIGN
-0.37132567,BENIGN
-0.46066368,BENIGN
-0.3629731,BENIGN
-0.33667803,BENIGN
-0.38456354,BENIGN
-0.35366464,BENIGN
-0.38915932,BENIGN
-0.36738166,BENIGN
-0.37060165,BENIGN
-0.35862547,BENIGN
-0.42751694,BENIGN
-0.41936424,BENIGN
-0.56417835,BENIGN
-0.34536406,BENIGN
-0.40324357,BENIGN
-0.33359155,BENIGN
-0.3959847,BENIGN
-0.44483966,BENIGN
-0.4525524,BENIGN
-0.34949023,BENIGN
-0.34095758,BENIGN
-0.52925384,BENIGN
-0.46428013,BENIGN
-0.33290517,BENIGN
-0.3588132,BENIGN
-0.33935288,BENIGN
-0.42655385,BENIGN
-0.4206781,BENIGN
-0.38437992,BENIGN
-0.34962502,BENIGN
-0.3407256,BENIGN
-0.33126512,BENIGN
-0.36795756,BENIGN
-0.50713027,BENIGN
-0.3712047,BENIGN
-0.3524032,BENIGN
-0.3369525,BENIGN
-0.34034294,BENIGN
-0.45689893,BENIGN
-0.4233502,BENIGN
-0.46732384,BENIGN
-0.37185258,BENIGN
-0.44086045,BENIGN
-0.5484374,BENIGN
-0.39032874,BENIGN
-0.44578576,BENIGN
-0.33228663,BENIGN
-0.43130362,BENIGN
-0.3508217,BENIGN
-0.35981432,BENIGN
-0.3931854,BENIGN
-0.47313675,BENIGN
-0.33751506,BENIGN
-0.55819005,BENIGN
-0.3659957,BENIGN
-0.33593863,BENIGN
-0.48174044,BENIGN
-0.37005502,BENIGN
-0.3378924,BENIGN
-0.34307614,BENIGN
-0.33411735,BENIGN
-0.5781137,BENIGN
-0.454819,BENIGN
-0.37739998,BENIGN
-0.36744946,BENIGN
-0.34009686,BENIGN
-0.36925358,BENIGN
-0.36633936,BENIGN
-0.35655826,BENIGN
-0.3337595,BENIGN
-0.34813207,BENIGN
-0.34343573,BENIGN
-0.36059302,BENIGN
-0.34042314,BENIGN
-0.36371753,BENIGN
-0.33817562,BENIGN
-0.38813025,BENIGN
-0.35644713,BENIGN
-0.4010231,BENIGN
-0.38568404,BENIGN
-0.3391805,BENIGN
-0.5297873,BENIGN
-0.3484656,BENIGN
-0.3377319,BENIGN
-0.33573288,BENIGN
-0.3687395,BENIGN
-0.36574093,BENIGN
-0.36991277,BENIGN
-0.33487505,BENIGN
-0.41167736,BENIGN
-0.3766933,BENIGN
-0.36913404,BENIGN
-0.51444715,BENIGN
-0.3660925,BENIGN
-0.45512214,BENIGN
-0.3442376,BENIGN
-0.39247707,BENIGN
-0.36183,BENIGN
-0.4921833,BENIGN
-0.46683827,BENIGN
-0.41440898,BENIGN
-0.36304834,BENIGN
-0.34508562,BENIGN
-0.36457884,BENIGN
-0.38883802,BENIGN
-0.36864156,BENIGN
-0.339766,BENIGN
-0.33974025,BENIGN
-0.37904367,BENIGN
-0.35188514,BENIGN
-0.36596882,BENIGN
-0.5408405,BENIGN
-0.35503548,BENIGN
-0.44579566,BENIGN
-0.41320452,BENIGN
-0.40831968,BENIGN
-0.34249425,BENIGN
-0.34255248,BENIGN
-0.36955005,BENIGN
-0.39071763,BENIGN
-0.47525862,BENIGN
-0.3922737,BENIGN
-0.6317158,BENIGN
-0.33304864,BENIGN
-0.35750717,BENIGN
-0.3436625,BENIGN
-0.5639206,BENIGN
-0.39002177,BENIGN
-0.3504824,BENIGN
-0.34193885,BENIGN
-0.33836418,BENIGN
-0.33703732,BENIGN
-0.37250528,BENIGN
-0.36274147,BENIGN
-0.33552855,BENIGN
-0.34124362,BENIGN
-0.3745046,BENIGN
-0.33903578,BENIGN
-0.3340229,BENIGN
-0.33398512,BENIGN
-0.37268114,BENIGN
-0.46566737,BENIGN
-0.36490613,BENIGN
-0.38121143,BENIGN
-0.3425794,BENIGN
-0.39463755,BENIGN
-0.37794173,BENIGN
-0.35143316,BENIGN
-0.42001352,BENIGN
-0.35118824,BENIGN
-0.37364247,BENIGN
-0.34555054,BENIGN
-0.5523581,BENIGN
-0.5037762,BENIGN
-0.36515218,BENIGN
-0.36605933,BENIGN
-0.43030354,BENIGN
-0.33850282,BENIGN
-0.39130965,BENIGN
-0.3900684,BENIGN
-0.35525462,BENIGN
-0.33840948,BENIGN
-0.3737387,BENIGN
-0.39372528,BENIGN
-0.50505227,BENIGN
-0.4134926,BENIGN
-0.38886935,BENIGN
-0.50227267,BENIGN
-0.4418638,BENIGN
-0.6597402,BENIGN
-0.34585273,BENIGN
-0.3362819,BENIGN
-0.41252443,BENIGN
-0.37198222,BENIGN
-0.42220148,BENIGN
-0.37024632,BENIGN
-0.35029984,BENIGN
-0.4684168,BENIGN
-0.35153946,BENIGN
-0.3728578,BENIGN
-0.33847582,BENIGN
-0.37114576,BENIGN
-0.34234613,BENIGN
-0.33823764,BENIGN
-0.57347137,BENIGN
-0.33806401,BENIGN
-0.5596404,BENIGN
-0.37710688,BENIGN
-0.4105738,BENIGN
-0.40818158,BENIGN
-0.38573253,BENIGN
-0.6064507,BENIGN
-0.4580295,BENIGN
-0.36254865,BENIGN
-0.34897536,BENIGN
-0.33868784,BENIGN
-0.3919929,BENIGN
-0.36763504,BENIGN
-0.3939609,BENIGN
-0.38242644,BENIGN
-0.34592623,BENIGN
-0.39667314,BENIGN
-0.5073648,BENIGN
-0.36753982,BENIGN
-0.37038463,BENIGN
-0.394351,BENIGN
-0.45292276,BENIGN
-0.35057437,BENIGN
-0.3367506,BENIGN
-0.33935723,BENIGN
-0.43425983,BENIGN
-0.3962116,BENIGN
-0.44044867,BENIGN
-0.44968653,BENIGN
-0.41839325,BENIGN
-0.3792057,BENIGN
-0.36177438,BENIGN
-0.41124085,BENIGN
-0.33511192,BENIGN
-0.36959457,BENIGN
-0.3393078,BENIGN
-0.3397354,BENIGN
-0.34058234,BENIGN
-0.36626062,BENIGN
-0.33926392,BENIGN
-0.3696241,BENIGN
-0.41390267,BENIGN
-0.35751086,BENIGN
-0.38963276,BENIGN
-0.34142885,BENIGN
-0.357144,BENIGN
-0.36283827,BENIGN
-0.34184292,BENIGN
-0.3383773,BENIGN
-0.3641146,BENIGN
-0.33533636,BENIGN
-0.33896947,BENIGN
-0.3546117,BENIGN
-0.35665807,BENIGN
-0.4721572,BENIGN
-0.3443673,BENIGN
-0.37710294,BENIGN
-0.34654376,BENIGN
-0.45985162,BENIGN
-0.33435577,BENIGN
-0.46176642,BENIGN
-0.3377849,BENIGN
-0.38293248,BENIGN
-0.37638944,BENIGN
-0.35141093,BENIGN
-0.33593276,BENIGN
-0.40512323,BENIGN
-0.35519364,BENIGN
-0.35192394,BENIGN
-0.34443912,BENIGN
-0.467935,BENIGN
-0.34856418,BENIGN
-0.33659485,BENIGN
-0.37497723,BENIGN
-0.36158502,BENIGN
-0.3453723,BENIGN
-0.35613212,BENIGN
-0.37133226,BENIGN
-0.34943312,BENIGN
-0.3369313,BENIGN
-0.34005752,BENIGN
-0.36295623,BENIGN
-0.37432617,BENIGN
-0.38884476,BENIGN
-0.34371892,BENIGN
-0.37211326,BENIGN
-0.3375472,BENIGN
-0.47279218,BENIGN
-0.36709082,BENIGN
-0.35657513,BENIGN
-0.33330518,BENIGN
-0.3522391,BENIGN
-0.36103877,BENIGN
-0.3324351,BENIGN
-0.3457191,BENIGN
-0.3681374,BENIGN
-0.3824665,BENIGN
-0.37046707,BENIGN
-0.3668364,BENIGN
-0.39345124,BENIGN
-0.3793593,BENIGN
-0.3865116,BENIGN
-0.34558955,BENIGN
-0.53415924,BENIGN
-0.3498753,BENIGN
-0.3592318,BENIGN
-0.35082337,BENIGN
-0.36723915,BENIGN
-0.35443792,BENIGN
-0.38885686,BENIGN
-0.41208443,BENIGN
-0.36413863,BENIGN
-0.40876123,BENIGN
-0.3546168,BENIGN
-0.37193653,BENIGN
-0.34587112,BENIGN
-0.3461879,BENIGN
-0.37490106,BENIGN
-0.3802276,BENIGN
-0.38174367,BENIGN
-0.3562097,BENIGN
-0.57739323,BENIGN
-0.3434458,BENIGN
-0.5530741,BENIGN
-0.35645416,BENIGN
-0.5563408,BENIGN
-0.33233035,BENIGN
-0.3815954,BENIGN
-0.33775887,BENIGN
-0.33665955,BENIGN
-0.3568662,BENIGN
-0.34837425,BENIGN
-0.33230284,BENIGN
-0.33316717,BENIGN
-0.37977782,BENIGN
-0.34474653,BENIGN
-0.402112,BENIGN
-0.35173565,BENIGN
-0.34522733,BENIGN
-0.46969247,BENIGN
-0.35624206,BENIGN
-0.39634,BENIGN
-0.50626236,BENIGN
-0.33752376,BENIGN
-0.4597648,BENIGN
-0.39278394,BENIGN
-0.38900495,BENIGN
-0.3809636,BENIGN
-0.36363283,BENIGN
-0.43149447,BENIGN
-0.51991874,BENIGN
-0.45876452,BENIGN
-0.45634788,BENIGN
-0.34123018,BENIGN
-0.3724509,BENIGN
-0.34348258,BENIGN
-0.38974878,BENIGN
-0.37785077,BENIGN
-0.33602005,BENIGN
-0.37349826,BENIGN
-0.4678197,BENIGN
-0.3394332,BENIGN
-0.3916685,BENIGN
-0.4351645,BENIGN
-0.34752008,BENIGN
-0.35778907,BENIGN
-0.3673548,BENIGN
-0.34041202,BENIGN
-0.46613717,BENIGN
-0.38317215,BENIGN
-0.34106034,BENIGN
-0.3778057,BENIGN
-0.3664399,BENIGN
-0.44748875,BENIGN
-0.3992267,BENIGN
-0.41697478,BENIGN
-0.38994437,BENIGN
-0.35212475,BENIGN
-0.39795974,BENIGN
-0.34517097,BENIGN
-0.36830443,BENIGN
-0.5383276,BENIGN
-0.359429,BENIGN
-0.3436431,BENIGN
-0.3789633,BENIGN
-0.35168177,BENIGN
-0.37317285,BENIGN
-0.38912892,BENIGN
-0.3950597,BENIGN
-0.34709364,BENIGN
-0.34094548,BENIGN
-0.36158946,BENIGN
-0.33860916,BENIGN
-0.33587283,BENIGN
-0.39153102,BENIGN
-0.37295946,BENIGN
-0.34018263,BENIGN
-0.33870614,BENIGN
-0.60260993,BENIGN
-0.38303754,BENIGN
-0.411974,BENIGN
-0.34424892,BENIGN
-0.34239218,BENIGN
-0.5621108,BENIGN
-0.34752458,BENIGN
-0.3434966,BENIGN
-0.36774477,BENIGN
-0.4007537,BENIGN
-0.4732137,BENIGN
-0.35654747,BENIGN
-0.36991766,BENIGN
-0.34548673,BENIGN
-0.44314614,BENIGN
-0.4591831,BENIGN
-0.37839746,BENIGN
-0.3827152,BENIGN
-0.35163477,BENIGN
-0.34794214,BENIGN
-0.34776235,BENIGN
-0.36565885,BENIGN
-0.4995995,BENIGN
-0.35737878,BENIGN
-0.5381877,BENIGN
-0.38323873,BENIGN
-0.40455496,BENIGN
-0.35294646,BENIGN
-0.37150612,BENIGN
-0.39417696,BENIGN
-0.3501385,BENIGN
-0.3439873,BENIGN
-0.33616814,BENIGN
-0.3469421,BENIGN
-0.334711,BENIGN
-0.3333206,BENIGN
-0.6442847,BENIGN
-0.34338912,BENIGN
-0.35273153,BENIGN
-0.354637,BENIGN
-0.37287992,BENIGN
-0.37440166,BENIGN
-0.3455944,BENIGN
-0.34102318,BENIGN
-0.4069368,BENIGN
-0.43662935,BENIGN
-0.35198575,BENIGN
-0.34672478,BENIGN
-0.334786,BENIGN
-0.35357022,BENIGN
-0.5561518,BENIGN
-0.3724059,BENIGN
-0.34534708,BENIGN
-0.35340378,BENIGN
-0.44381505,BENIGN
-0.40785286,BENIGN
-0.5553999,BENIGN
-0.3633653,BENIGN
-0.34389192,BENIGN
-0.3563712,BENIGN
-0.37335306,BENIGN
-0.34030855,BENIGN
-0.3622364,BENIGN
-0.35509416,BENIGN
-0.37065962,BENIGN
-0.4679103,BENIGN
-0.36532086,BENIGN
-0.33362633,BENIGN
-0.38481167,BENIGN
-0.34158054,BENIGN
-0.4742798,BENIGN
-0.3933529,BENIGN
-0.3545452,BENIGN
-0.39119428,BENIGN
-0.3416506,BENIGN
-0.36820033,BENIGN
-0.3408266,BENIGN
-0.35514536,BENIGN
-0.39075297,BENIGN
-0.34780475,BENIGN
-0.34176013,BENIGN
-0.5622002,BENIGN
-0.34731108,BENIGN
-0.34303495,BENIGN
-0.37878516,BENIGN
-0.37101844,BENIGN
-0.37940064,BENIGN
-0.36700088,BENIGN
-0.4983894,BENIGN
-0.37418443,BENIGN
-0.43697724,BENIGN
-0.42529145,BENIGN
-0.40532652,BENIGN
-0.40726086,BENIGN
-0.37815663,BENIGN
-0.3437102,BENIGN
-0.3638965,BENIGN
-0.3773246,BENIGN
-0.33379692,BENIGN
-0.34758946,BENIGN
-0.36648637,BENIGN
-0.435213,BENIGN
-0.3645677,BENIGN
-0.35014555,BENIGN
-0.40015784,BENIGN
-0.3398295,BENIGN
-0.367951,BENIGN
-0.3757368,BENIGN
-0.35677335,BENIGN
-0.33719835,BENIGN
-0.54154015,BENIGN
-0.37350014,BENIGN
-0.3617326,BENIGN
-0.34709364,BENIGN
-0.38961506,BENIGN
-0.5723109,BENIGN
-0.3334427,BENIGN
-0.35005948,BENIGN
-0.34926638,BENIGN
-0.33823243,BENIGN
-0.36762506,BENIGN
-0.37357447,BENIGN
-0.43311924,BENIGN
-0.36719713,BENIGN
-0.57947606,BENIGN
-0.38993263,BENIGN
-0.34957469,BENIGN
-0.5610854,BENIGN
-0.34090772,BENIGN
-0.36599156,BENIGN
-0.45007223,BENIGN
-0.4613277,BENIGN
-0.33890286,BENIGN
-0.36515495,BENIGN
-0.38541147,BENIGN
-0.38774914,BENIGN
-0.4133233,BENIGN
-0.54981446,BENIGN
-0.43650347,BENIGN
-0.36991593,BENIGN
-0.33320916,BENIGN
-0.3430025,BENIGN
-0.33420753,BENIGN
-0.3901294,BENIGN
-0.5403805,BENIGN
-0.46665302,BENIGN
-0.46525362,BENIGN
-0.35019073,BENIGN
-0.3631198,BENIGN
-0.39087725,BENIGN
-0.38564378,BENIGN
-0.3688611,BENIGN
-0.3867111,BENIGN
-0.45894843,BENIGN
-0.39010897,BENIGN
-0.34738648,BENIGN
-0.43259922,BENIGN
-0.68215597,BENIGN
-0.3708232,BENIGN
-0.3765641,BENIGN
-0.5240316,BENIGN
-0.3822847,BENIGN
-0.3517288,BENIGN
-0.37129736,BENIGN
-0.5934849,BENIGN
-0.33120152,BENIGN
-0.3559315,BENIGN
-0.37163183,BENIGN
-0.34978333,BENIGN
-0.33960104,BENIGN
-0.5087964,BENIGN
-0.45153362,BENIGN
-0.37277246,BENIGN
-0.37707484,BENIGN
-0.40264738,BENIGN
-0.34409192,BENIGN
-0.34544027,BENIGN
-0.3710072,BENIGN
-0.5117218,BENIGN
-0.36584958,BENIGN
-0.33763814,BENIGN
-0.33195913,BENIGN
-0.391054,BENIGN
-0.36669123,BENIGN
-0.38928363,BENIGN
-0.34992838,BENIGN
-0.34813997,BENIGN
-0.38412058,BENIGN
-0.6466364,BENIGN
-0.48137107,BENIGN
-0.33988485,BENIGN
-0.39230305,BENIGN
-0.38262036,BENIGN
-0.39410377,BENIGN
-0.3760558,BENIGN
-0.34203693,BENIGN
-0.35060513,BENIGN
-0.45688114,BENIGN
-0.34949824,BENIGN
-0.3469025,BENIGN
-0.37374258,BENIGN
-0.36787254,BENIGN
-0.3653166,BENIGN
-0.42423025,BENIGN
-0.5068062,BENIGN
-0.335265,BENIGN
-0.37435946,BENIGN
-0.35379776,BENIGN
-0.37317738,BENIGN
-0.42121822,BENIGN
-0.44519967,BENIGN
-0.3824336,BENIGN
-0.35674953,BENIGN
-0.35443792,BENIGN
-0.3350839,BENIGN
-0.37110952,BENIGN
-0.3554244,BENIGN
-0.39639807,BENIGN
-0.58432716,BENIGN
-0.3689155,BENIGN
-0.36783472,BENIGN
-0.33308566,BENIGN
-0.37680387,BENIGN
-0.38606712,BENIGN
-0.33485046,BENIGN
-0.3379491,BENIGN
-0.34130183,BENIGN
-0.3370198,BENIGN
-0.37342376,BENIGN
-0.517248,BENIGN
-0.662111,BENIGN
-0.34573174,BENIGN
-0.34100458,BENIGN
-0.33853385,BENIGN
-0.3393258,BENIGN
-0.4519548,BENIGN
-0.418366,BENIGN
-0.3448323,BENIGN
-0.4070802,BENIGN
-0.46293882,BENIGN
-0.43736184,BENIGN
-0.34899795,BENIGN
-0.33499023,BENIGN
-0.4699415,BENIGN
-0.35066274,BENIGN
-0.34621024,BENIGN
-0.36262596,BENIGN
-0.3973946,BENIGN
-0.34184292,BENIGN
-0.584593,BENIGN
-0.3367743,BENIGN
-0.4105032,BENIGN
-0.33282685,BENIGN
-0.36099428,BENIGN
-0.33448565,BENIGN
-0.3482132,BENIGN
-0.36830443,BENIGN
-0.50414884,BENIGN
-0.37357447,BENIGN
-0.35680932,BENIGN
-0.37359208,BENIGN
-0.3541505,BENIGN
-0.39388564,BENIGN
-0.37610942,BENIGN
-0.6465376,BENIGN
-0.5929438,BENIGN
-0.33295694,BENIGN
-0.33614707,BENIGN
-0.47652677,BENIGN
-0.4147544,BENIGN
-0.34302938,BENIGN
-0.350715,BENIGN
-0.33913922,BENIGN
-0.3578703,BENIGN
-0.35218868,BENIGN
-0.33666766,BENIGN
-0.34531492,BENIGN
-0.41605085,BENIGN
-0.48420724,BENIGN
-0.34971467,BENIGN
-0.35213992,BENIGN
-0.35356322,BENIGN
-0.37760687,BENIGN
-0.35276115,BENIGN
-0.3529521,BENIGN
-0.34912547,BENIGN
-0.3461298,BENIGN
-0.46915507,BENIGN
-0.3440182,BENIGN
-0.33781865,BENIGN
-0.67632914,BENIGN
-0.40357322,BENIGN
-0.53470486,BENIGN
-0.40195096,BENIGN
-0.52267593,BENIGN
-0.34935465,BENIGN
-0.3713674,BENIGN
-0.47388107,BENIGN
-0.38368383,BENIGN
-0.47044578,BENIGN
-0.34922647,BENIGN
-0.38148594,BENIGN
-0.4036074,BENIGN
-0.3389412,BENIGN
-0.37766597,BENIGN
-0.34954345,BENIGN
-0.34301075,BENIGN
-0.34052902,BENIGN
-0.3413522,BENIGN
-0.3448251,BENIGN
-0.37231344,BENIGN
-0.33195913,BENIGN
-0.34342256,BENIGN
-0.35212064,BENIGN
-0.3742197,BENIGN
-0.6896074,BENIGN
-0.3394373,BENIGN
-0.42250848,BENIGN
-0.41642585,BENIGN
-0.33485046,BENIGN
-0.36057708,BENIGN
-0.47751737,BENIGN
-0.45218545,BENIGN
-0.35344252,BENIGN
-0.4552586,BENIGN
-0.3504645,BENIGN
-0.3430184,BENIGN
-0.36437026,BENIGN
-0.3883966,BENIGN
-0.3661946,BENIGN
-0.33795872,BENIGN
-0.34616792,BENIGN
-0.3338873,BENIGN
-0.34718505,BENIGN
-0.34192976,BENIGN
-0.39378923,BENIGN
-0.4427,BENIGN
-0.33328447,BENIGN
-0.36289743,BENIGN
-0.35255286,BENIGN
-0.5147719,BENIGN
-0.41585442,BENIGN
-0.35101807,BENIGN
-0.3483588,BENIGN
-0.35730222,BENIGN
-0.44743562,BENIGN
-0.36773527,BENIGN
-0.3415562,BENIGN
-0.33901772,BENIGN
-0.36913997,BENIGN
-0.3680078,BENIGN
-0.44213855,BENIGN
-0.4107346,BENIGN
-0.39681104,BENIGN
-0.34420037,BENIGN
-0.4418251,BENIGN
-0.39266205,BENIGN
-0.3426719,BENIGN
-0.40132195,BENIGN
-0.3505095,BENIGN
-0.39955845,BENIGN
-0.34928912,BENIGN
-0.34155956,BENIGN
-0.37084323,BENIGN
-0.36848795,BENIGN
-0.43109432,BENIGN
-0.3789385,BENIGN
-0.34581628,BENIGN
-0.37254483,BENIGN
-0.34261018,BENIGN
-0.36244243,BENIGN
-0.3727536,BENIGN
-0.34699914,BENIGN
-0.46374494,BENIGN
-0.36933243,BENIGN
-0.38890553,BENIGN
-0.3430079,BENIGN
-0.36766294,BENIGN
-0.34316537,BENIGN
-0.37332374,BENIGN
-0.37534907,BENIGN
-0.34013534,BENIGN
-0.35653356,BENIGN
-0.33162907,BENIGN
-0.33387452,BENIGN
-0.44063306,BENIGN
-0.3361976,BENIGN
-0.4495255,BENIGN
-0.33521327,BENIGN
-0.3365819,BENIGN
-0.4031827,BENIGN
-0.3372019,BENIGN
-0.53704894,BENIGN
-0.33788973,BENIGN
-0.39375094,BENIGN
-0.46894258,BENIGN
-0.5890253,BENIGN
-0.33916217,BENIGN
-0.36107314,BENIGN
-0.39365253,BENIGN
-0.33853105,BENIGN
-0.37454915,BENIGN
-0.43004712,BENIGN
-0.38924545,BENIGN
-0.40538833,BENIGN
-0.46169475,BENIGN
-0.3461929,BENIGN
-0.35205323,BENIGN
-0.33460438,BENIGN
-0.37468728,BENIGN
-0.40513104,BENIGN
-0.4330056,BENIGN
-0.37431353,BENIGN
-0.4128695,BENIGN
-0.33410686,BENIGN
-0.35967296,BENIGN
-0.37966946,BENIGN
-0.5320646,BENIGN
-0.3726682,BENIGN
-0.3690843,BENIGN
-0.3488891,BENIGN
-0.41759157,BENIGN
-0.4244743,BENIGN
-0.35180086,BENIGN
-0.34301147,BENIGN
-0.33879766,BENIGN
-0.38447267,BENIGN
-0.35374907,BENIGN
-0.40447533,BENIGN
-0.39645067,BENIGN
-0.3489803,BENIGN
-0.35354564,BENIGN
-0.43042317,BENIGN
-0.3421776,BENIGN
-0.5022516,BENIGN
-0.33764756,BENIGN
-0.38549602,BENIGN
-0.38199183,BENIGN
-0.38405684,BENIGN
-0.3411761,BENIGN
-0.38706377,BENIGN
-0.38967434,BENIGN
-0.37940064,BENIGN
-0.373716,BENIGN
-0.41555327,BENIGN
-0.39808232,BENIGN
-0.33910167,BENIGN
-0.3894097,BENIGN
-0.34980512,BENIGN
-0.37940064,BENIGN
-0.33776218,BENIGN
-0.3657407,BENIGN
-0.38781595,BENIGN
-0.3447945,BENIGN
-0.36959067,BENIGN
-0.39523926,BENIGN
-0.37105796,BENIGN
-0.36429772,BENIGN
-0.35170108,BENIGN
-0.37150612,BENIGN
-0.33979493,BENIGN
-0.35501447,BENIGN
-0.35435414,BENIGN
-0.337348,BENIGN
-0.38677552,BENIGN
-0.34084207,BENIGN
-0.34117132,BENIGN
-0.34685364,BENIGN
-0.39076692,BENIGN
-0.6637862,BENIGN
-0.34460217,BENIGN
-0.3725936,BENIGN
-0.35466558,BENIGN
-0.37705576,BENIGN
-0.3395039,BENIGN
-0.4616487,BENIGN
-0.33197013,BENIGN
-0.33941928,BENIGN
-0.48397347,BENIGN
-0.37365597,BENIGN
-0.38522598,BENIGN
-0.34058234,BENIGN
-0.35627204,BENIGN
-0.45150435,BENIGN
-0.42340115,BENIGN
-0.6691135,BENIGN
-0.37418443,BENIGN
-0.3504098,BENIGN
-0.3802679,BENIGN
-0.38356933,BENIGN
-0.34174186,BENIGN
-0.5259711,BENIGN
-0.4448034,BENIGN
-0.3802953,BENIGN
-0.3506617,BENIGN
-0.35396737,BENIGN
-0.3685791,BENIGN
-0.5997237,BENIGN
-0.4497225,BENIGN
-0.34164724,BENIGN
-0.39719406,BENIGN
-0.34464198,BENIGN
-0.51448756,BENIGN
-0.40197602,BENIGN
-0.34552503,BENIGN
-0.3654516,BENIGN
-0.41523033,BENIGN
-0.36745772,BENIGN
-0.58952546,BENIGN
-0.44609424,BENIGN
-0.47411644,BENIGN
-0.3396862,BENIGN
-0.5018404,BENIGN
-0.37972903,BENIGN
-0.39477465,BENIGN
-0.34120843,BENIGN
-0.36405584,BENIGN
-0.41313276,BENIGN
-0.51212347,BENIGN
-0.34323627,BENIGN
-0.33983105,BENIGN
-0.35031354,BENIGN
-0.33229318,BENIGN
-0.38490945,BENIGN
-0.33887798,BENIGN
-0.39591527,BENIGN
-0.3734381,BENIGN
-0.5880624,BENIGN
-0.4169405,BENIGN
-0.44844636,BENIGN
-0.50343317,BENIGN
-0.38505593,BENIGN
-0.3563107,BENIGN
-0.67572683,BENIGN
-0.58321035,BENIGN
-0.3922536,BENIGN
-0.3459964,BENIGN
-0.43129697,BENIGN
-0.41163987,BENIGN
-0.35720086,BENIGN
-0.3393463,BENIGN
-0.36878458,BENIGN
-0.38463995,BENIGN
-0.35562956,BENIGN
-0.33304864,BENIGN
-0.5218759,BENIGN
-0.4008964,BENIGN
-0.38460985,BENIGN
-0.34438968,BENIGN
-0.38522598,BENIGN
-0.39011526,BENIGN
-0.33876765,BENIGN
-0.3818245,BENIGN
-0.34033972,BENIGN
-0.37784657,BENIGN
-0.34818122,BENIGN
-0.4741253,BENIGN
-0.45924613,BENIGN
-0.39760253,BENIGN
-0.38815284,BENIGN
-0.35507053,BENIGN
-0.3444367,BENIGN
-0.41996652,BENIGN
-0.33449212,BENIGN
-0.3332369,BENIGN
-0.33138216,BENIGN
-0.3551411,BENIGN
-0.568421,BENIGN
-0.34154236,BENIGN
-0.35362956,BENIGN
-0.38607562,BENIGN
-0.33913237,BENIGN
-0.40250048,BENIGN
-0.43440557,BENIGN
-0.37796214,BENIGN
-0.3942783,BENIGN
-0.3715286,BENIGN
-0.34638962,BENIGN
-0.36898723,BENIGN
-0.38301077,BENIGN
-0.46222997,BENIGN
-0.3614107,BENIGN
-0.5050513,BENIGN
-0.34101588,BENIGN
-0.47779012,BENIGN
-0.3741757,BENIGN
-0.35111544,BENIGN
-0.46081728,BENIGN
-0.55862564,BENIGN
-0.3924177,BENIGN
-0.3414045,BENIGN
-0.5435712,BENIGN
-0.39113677,BENIGN
-0.4548508,BENIGN
-0.34228817,BENIGN
-0.4386488,BENIGN
-0.36749303,BENIGN
-0.3451705,BENIGN
-0.46031392,BENIGN
-0.3582505,BENIGN
-0.344206,BENIGN
-0.34316537,BENIGN
-0.39515367,BENIGN
-0.37372082,BENIGN
-0.37114576,BENIGN
-0.38836548,BENIGN
-0.3556318,BENIGN
-0.3482703,BENIGN
-0.36137325,BENIGN
-0.34203893,BENIGN
-0.33574536,BENIGN
-0.34591842,BENIGN
-0.45589206,BENIGN
-0.33682138,BENIGN
-0.338738,BENIGN
-0.39265892,BENIGN
-0.5611406,BENIGN
-0.38841018,BENIGN
-0.4011832,BENIGN
-0.43852386,BENIGN
-0.33866602,BENIGN
-0.34586903,BENIGN
-0.38232663,BENIGN
-0.43054798,BENIGN
-0.35382706,BENIGN
-0.3922536,BENIGN
-0.3907459,BENIGN
-0.34413883,BENIGN
-0.3754558,BENIGN
-0.35567424,BENIGN
-0.34788933,BENIGN
-0.40787175,BENIGN
-0.34547362,BENIGN
-0.34150565,BENIGN
-0.5951426,BENIGN
-0.3402629,BENIGN
-0.34408346,BENIGN
-0.3757369,BENIGN
-0.3611739,BENIGN
-0.34508562,BENIGN
-0.3814313,BENIGN
-0.35796466,BENIGN
-0.3364216,BENIGN
-0.36921912,BENIGN
-0.38331935,BENIGN
-0.3905624,BENIGN
-0.35104322,BENIGN
-0.33404374,BENIGN
-0.3864485,BENIGN
-0.35552388,BENIGN
-0.34851602,BENIGN
-0.33163366,BENIGN
-0.58069295,BENIGN
-0.35367948,BENIGN
-0.6298893,BENIGN
-0.35654852,BENIGN
-0.34106925,BENIGN
-0.43500972,BENIGN
-0.4252314,BENIGN
-0.5015995,BENIGN
-0.3875035,BENIGN
-0.3650678,BENIGN
-0.34321332,BENIGN
-0.3539214,BENIGN
-0.345562,BENIGN
-0.34587902,BENIGN
-0.34174147,BENIGN
-0.35028985,BENIGN
-0.47122315,BENIGN
-0.3915157,BENIGN
-0.33126512,BENIGN
-0.33836418,BENIGN
-0.3651727,BENIGN
-0.37074608,BENIGN
-0.34168097,BENIGN
-0.48710662,BENIGN
-0.35935995,BENIGN
-0.33594117,BENIGN
-0.36915454,BENIGN
-0.45225936,BENIGN
-0.5371698,BENIGN
-0.37575775,BENIGN
-0.364374,BENIGN
-0.37932318,BENIGN
-0.39418575,BENIGN
-0.35117888,BENIGN
-0.4371232,BENIGN
-0.3362604,BENIGN
-0.33511573,BENIGN
-0.33512518,BENIGN
-0.34307733,BENIGN
-0.3332023,BENIGN
-0.35882115,BENIGN
-0.37078285,BENIGN
-0.47666362,BENIGN
-0.34778756,BENIGN
-0.39383218,BENIGN
-0.3565117,BENIGN
-0.34245566,BENIGN
-0.3567996,BENIGN
-0.36714676,BENIGN
-0.37165353,BENIGN
-0.6838074,BENIGN
-0.34154537,BENIGN
-0.61091584,BENIGN
-0.3461883,BENIGN
-0.3419919,BENIGN
-0.34678683,BENIGN
-0.34150872,BENIGN
-0.36574402,BENIGN
-0.39142606,BENIGN
-0.39001966,BENIGN
-0.38768938,BENIGN
-0.36601758,BENIGN
-0.4558145,BENIGN
-0.48742652,BENIGN
-0.43044853,BENIGN
-0.3378616,BENIGN
-0.38565403,BENIGN
-0.38375434,BENIGN
-0.570706,BENIGN
-0.40777102,BENIGN
-0.34626165,BENIGN
-0.34494713,BENIGN
-0.67250323,BENIGN
-0.37355754,BENIGN
-0.35763043,BENIGN
-0.3724063,BENIGN
-0.354487,BENIGN
-0.33770207,BENIGN
-0.35024402,BENIGN
-0.35266006,BENIGN
-0.51116896,BENIGN
-0.33269772,BENIGN
-0.3413876,BENIGN
-0.35084873,BENIGN
-0.57797176,BENIGN
-0.3400951,BENIGN
-0.3383323,BENIGN
-0.49082664,BENIGN
-0.3414311,BENIGN
-0.40022874,BENIGN
-0.3857335,BENIGN
-0.34474233,BENIGN
-0.35335246,BENIGN
-0.34020805,BENIGN
-0.34060082,BENIGN
-0.4732939,BENIGN
-0.60069185,BENIGN
-0.54133266,BENIGN
-0.34818956,BENIGN
-0.6155235,BENIGN
-0.42716494,BENIGN
-0.42862254,BENIGN
-0.3362596,BENIGN
-0.3680758,BENIGN
-0.3370959,BENIGN
-0.4392297,BENIGN
-0.3554896,BENIGN
-0.47358173,BENIGN
-0.34669593,BENIGN
-0.3758928,BENIGN
-0.34280467,BENIGN
-0.40293083,BENIGN
-0.5445413,BENIGN
-0.33459896,BENIGN
-0.38273975,BENIGN
-0.34507135,BENIGN
-0.5410364,BENIGN
-0.61669457,BENIGN
-0.35811454,BENIGN
-0.45853874,BENIGN
-0.36916107,BENIGN
-0.34247655,BENIGN
-0.33201012,BENIGN
-0.33858836,BENIGN
-0.43453088,BENIGN
-0.37309605,BENIGN
-0.3551152,BENIGN
-0.42708915,BENIGN
-0.40744415,BENIGN
-0.3527642,BENIGN
-0.5382312,BENIGN
-0.3905209,BENIGN
-0.35113087,BENIGN
-0.6024243,BENIGN
-0.38654226,BENIGN
-0.33346775,BENIGN
-0.47071162,BENIGN
-0.33964276,BENIGN
-0.34208187,BENIGN
-0.6758717,BENIGN
-0.3959311,BENIGN
-0.35181004,BENIGN
-0.3502398,BENIGN
-0.38980168,BENIGN
-0.37153935,BENIGN
-0.37940064,BENIGN
-0.33566052,BENIGN
-0.3429414,BENIGN
-0.337571,BENIGN
-0.3336489,BENIGN
-0.36436906,BENIGN
-0.34012654,BENIGN
-0.43130362,BENIGN
-0.3490932,BENIGN
-0.33454233,BENIGN
-0.5612732,BENIGN
-0.64167947,BENIGN
-0.33790743,BENIGN
-0.428433,BENIGN
-0.34388953,BENIGN
-0.3900344,BENIGN
-0.42693686,BENIGN
-0.71806693,BENIGN
-0.3667487,BENIGN
-0.36124536,BENIGN
-0.34780452,BENIGN
-0.3561385,BENIGN
-0.5007853,BENIGN
-0.34158036,BENIGN
-0.38103122,BENIGN
-0.36857736,BENIGN
-0.33115897,BENIGN
-0.37090632,BENIGN
-0.37162152,BENIGN
-0.37065005,BENIGN
-0.35101125,BENIGN
-0.37850547,BENIGN
-0.36946565,BENIGN
-0.5739715,BENIGN
-0.34755063,BENIGN
-0.34617016,BENIGN
-0.47064123,BENIGN
-0.33990383,BENIGN
-0.36005107,BENIGN
-0.33854198,BENIGN
-0.36717737,BENIGN
-0.33575225,BENIGN
-0.3873194,BENIGN
-0.35015184,BENIGN
-0.4251922,BENIGN
-0.36764106,BENIGN
-0.33617693,BENIGN
-0.50979006,BENIGN
-0.412679,BENIGN
-0.40006557,BENIGN
-0.33957633,BENIGN
-0.3727298,BENIGN
-0.33430833,BENIGN
-0.38244236,BENIGN
-0.37123895,BENIGN
-0.37273708,BENIGN
-0.51849174,BENIGN
-0.38301438,BENIGN
-0.38070697,BENIGN
-0.3714678,BENIGN
-0.36337617,BENIGN
-0.33489996,BENIGN
-0.46134758,BENIGN
-0.37010512,BENIGN
-0.4125047,BENIGN
-0.48608527,BENIGN
-0.39005187,BENIGN
-0.34461537,BENIGN
-0.33979562,BENIGN
-0.38329875,BENIGN
-0.35279286,BENIGN
-0.34883657,BENIGN
-0.5768286,BENIGN
-0.39775622,BENIGN
-0.5683721,BENIGN
-0.3510779,BENIGN
-0.37177137,BENIGN
-0.46252385,BENIGN
-0.33916777,BENIGN
-0.34617016,BENIGN
-0.35555622,BENIGN
-0.38884476,BENIGN
-0.33875376,BENIGN
-0.37277246,BENIGN
-0.34261796,BENIGN
-0.38951594,BENIGN
-0.3746844,BENIGN
-0.3813824,BENIGN
-0.43426645,BENIGN
-0.52308875,BENIGN
-0.36388877,BENIGN
-0.3617596,BENIGN
-0.33917108,BENIGN
-0.3729155,BENIGN
-0.34129265,BENIGN
-0.3569572,BENIGN
-0.34858274,BENIGN
-0.37014264,BENIGN
-0.40075997,BENIGN
-0.34414357,BENIGN
-0.34355304,BENIGN
-0.47037137,BENIGN
-0.40211916,BENIGN
-0.33597252,BENIGN
-0.36744753,BENIGN
-0.40185383,BENIGN
-0.37465155,BENIGN
-0.4050403,BENIGN
-0.34361637,BENIGN
-0.39518222,BENIGN
-0.35757342,BENIGN
-0.45584604,BENIGN
-0.33537644,BENIGN
-0.357676,BENIGN
-0.37492815,BENIGN
-0.34294066,BENIGN
-0.3370561,BENIGN
-0.4519758,BENIGN
-0.36420304,BENIGN
-0.36766943,BENIGN
-0.37601796,BENIGN
-0.52480215,BENIGN
-0.4054339,BENIGN
-0.51348054,BENIGN
-0.4396755,BENIGN
-0.33736354,BENIGN
-0.45721054,BENIGN
-0.5799761,BENIGN
-0.6382394,BENIGN
-0.37173316,BENIGN
-0.42989025,BENIGN
-0.33645073,BENIGN
-0.34394413,BENIGN
-0.34929636,BENIGN
-0.35633177,BENIGN
-0.34620374,BENIGN
-0.35083506,BENIGN
-0.40436256,BENIGN
-0.379821,BENIGN
-0.33809504,BENIGN
-0.33981574,BENIGN
-0.6880841,BENIGN
-0.3512221,BENIGN
-0.36268532,BENIGN
-0.3438801,BENIGN
-0.4402749,BENIGN
-0.3594999,BENIGN
-0.3439971,BENIGN
-0.61480945,BENIGN
-0.35382003,BENIGN
-0.57140756,BENIGN
-0.35936314,BENIGN
-0.4478781,BENIGN
-0.33648598,BENIGN
-0.3534902,BENIGN
-0.3925055,BENIGN
-0.34275687,BENIGN
-0.37332672,BENIGN
-0.36358222,BENIGN
-0.35390776,BENIGN
-0.45393652,BENIGN
-0.35091302,BENIGN
-0.38992387,BENIGN
-0.38411212,BENIGN
-0.41864803,BENIGN
-0.3439816,BENIGN
-0.33538452,BENIGN
-0.35427406,BENIGN
-0.3509304,BENIGN
-0.47815543,BENIGN
-0.33894455,BENIGN
-0.34321886,BENIGN
-0.3698974,BENIGN
-0.3356898,BENIGN
-0.37232992,BENIGN
-0.47057676,BENIGN
-0.4125047,BENIGN
-0.45330563,BENIGN
-0.33118084,BENIGN
-0.46630487,BENIGN
-0.36978033,BENIGN
-0.53143555,BENIGN
-0.3490995,BENIGN
-0.34099716,BENIGN
-0.34392542,BENIGN
-0.3957246,BENIGN
-0.33449495,BENIGN
-0.39454585,BENIGN
-0.5929417,BENIGN
-0.39884415,BENIGN
-0.5850931,BENIGN
-0.6509559,BENIGN
-0.33730078,BENIGN
-0.37481424,BENIGN
-0.37749103,BENIGN
-0.57573676,BENIGN
-0.33551177,BENIGN
-0.35459706,BENIGN
-0.649291,BENIGN
-0.38642138,BENIGN
-0.35490444,BENIGN
-0.3310364,BENIGN
-0.5026132,BENIGN
-0.34918827,BENIGN
-0.39036754,BENIGN
-0.35511813,BENIGN
-0.36754563,BENIGN
-0.35600966,BENIGN
-0.37171456,BENIGN
-0.4373892,BENIGN
-0.47919542,BENIGN
-0.36834198,BENIGN
-0.41325504,BENIGN
-0.3623661,BENIGN
-0.38055888,BENIGN
-0.3979089,BENIGN
-0.33614308,BENIGN
-0.37435582,BENIGN
-0.40999097,BENIGN
-0.49567726,BENIGN
-0.3348524,BENIGN
-0.3746215,BENIGN
-0.33818495,BENIGN
-0.35372624,BENIGN
-0.37043145,BENIGN
-0.36944002,BENIGN
-0.33598015,BENIGN
-0.38777947,BENIGN
-0.33691075,BENIGN
-0.36837003,BENIGN
-0.36715087,BENIGN
-0.33770004,BENIGN
-0.44311956,BENIGN
-0.34036803,BENIGN
-0.34702873,BENIGN
-0.36820507,BENIGN
-0.34370127,BENIGN
-0.3504457,BENIGN
-0.34912547,BENIGN
-0.38335338,BENIGN
-0.46051612,BENIGN
-0.37957934,BENIGN
-0.36710113,BENIGN
-0.38035586,BENIGN
-0.37220025,BENIGN
-0.4673173,BENIGN
-0.3753633,BENIGN
-0.3672399,BENIGN
-0.37426847,BENIGN
-0.45154837,BENIGN
-0.401275,BENIGN
-0.33820117,BENIGN
-0.350264,BENIGN
-0.37807566,BENIGN
-0.3400792,BENIGN
-0.3386091,BENIGN
-0.3422514,BENIGN
-0.42367002,BENIGN
-0.336565,BENIGN
-0.47989252,BENIGN
-0.374988,BENIGN
-0.34025875,BENIGN
-0.33361757,BENIGN
-0.44574243,BENIGN
-0.36841044,BENIGN
-0.35024402,BENIGN
-0.3731621,BENIGN
-0.33174515,BENIGN
-0.39609286,BENIGN
-0.37240437,BENIGN
-0.36287716,BENIGN
-0.37967744,BENIGN
-0.35542434,BENIGN
-0.56344795,BENIGN
-0.51464045,BENIGN
-0.3714721,BENIGN
-0.384846,BENIGN
-0.35209337,BENIGN
-0.34371206,BENIGN
-0.34780636,BENIGN
-0.40514117,BENIGN
-0.34331816,BENIGN
-0.3354108,BENIGN
-0.37391508,BENIGN
-0.5004272,BENIGN
-0.3892303,BENIGN
-0.4139738,BENIGN
-0.34625462,BENIGN
-0.39496788,BENIGN
-0.33174515,BENIGN
-0.33632132,BENIGN
-0.35487574,BENIGN
-0.346767,BENIGN
-0.59235257,BENIGN
-0.3831022,BENIGN
-0.38784,BENIGN
-0.36904034,BENIGN
-0.33171207,BENIGN
-0.40819827,BENIGN
-0.3455309,BENIGN
-0.36196876,BENIGN
-0.4408612,BENIGN
-0.48748204,BENIGN
-0.37277246,BENIGN
-0.33930674,BENIGN
-0.34600532,BENIGN
-0.34955043,BENIGN
-0.36982578,BENIGN
-0.35093534,BENIGN
-0.33566895,BENIGN
-0.37558794,BENIGN
-0.5402665,BENIGN
-0.35110816,BENIGN
-0.36701322,BENIGN
-0.39224064,BENIGN
-0.41140524,BENIGN
-0.3677085,BENIGN
-0.37515476,BENIGN
-0.33840495,BENIGN
-0.37615895,BENIGN
-0.35327515,BENIGN
-0.53694755,BENIGN
-0.46309987,BENIGN
-0.41827384,BENIGN
-0.34299514,BENIGN
-0.3539878,BENIGN
-0.36596882,BENIGN
-0.5317912,BENIGN
-0.38103834,BENIGN
-0.35210082,BENIGN
-0.393204,BENIGN
-0.3325029,BENIGN
-0.36595574,BENIGN
-0.3455517,BENIGN
-0.3861538,BENIGN
-0.343007,BENIGN
-0.37574753,BENIGN
-0.46950084,BENIGN
-0.3967005,BENIGN
-0.35546917,BENIGN
-0.3794468,BENIGN
-0.38769788,BENIGN
-0.33594653,BENIGN
-0.40566587,BENIGN
-0.37051323,BENIGN
-0.3866463,BENIGN
-0.33826065,BENIGN
-0.33917108,BENIGN
-0.33818895,BENIGN
-0.3567393,BENIGN
-0.4120113,BENIGN
-0.390232,BENIGN
-0.3658153,BENIGN
-0.34523073,BENIGN
-0.36502746,BENIGN
-0.36875635,BENIGN
-0.6380972,BENIGN
-0.36574402,BENIGN
-0.53354055,BENIGN
-0.39301735,BENIGN
-0.36346784,BENIGN
-0.35223264,BENIGN
-0.3333827,BENIGN
-0.3406172,BENIGN
-0.33691192,BENIGN
-0.34477895,BENIGN
-0.37324968,BENIGN
-0.34203607,BENIGN
-0.33715692,BENIGN
-0.64770013,BENIGN
-0.3411501,BENIGN
-0.3641146,BENIGN
-0.375532,BENIGN
-0.7107723,BENIGN
-0.37924886,BENIGN
-0.36785132,BENIGN
-0.344033,BENIGN
-0.33760875,BENIGN
-0.3483048,BENIGN
-0.3484144,BENIGN
-0.3382473,BENIGN
-0.47133908,BENIGN
-0.34012878,BENIGN
-0.41953462,BENIGN
-0.37833643,BENIGN
-0.34328508,BENIGN
-0.3672399,BENIGN
-0.44908786,BENIGN
-0.34714836,BENIGN
-0.36523172,BENIGN
-0.66977876,BENIGN
-0.3790508,BENIGN
-0.45568138,BENIGN
-0.36428615,BENIGN
-0.36781704,BENIGN
-0.3718287,BENIGN
-0.41835538,BENIGN
-0.3383829,BENIGN
-0.4123948,BENIGN
-0.5056206,BENIGN
-0.37557736,BENIGN
-0.45704406,BENIGN
-0.33532113,BENIGN
-0.37457025,BENIGN
-0.4004222,BENIGN
-0.48321733,BENIGN
-0.34430975,BENIGN
-0.351776,BENIGN
-0.35103804,BENIGN
-0.43554378,BENIGN
-0.58699226,BENIGN
-0.34190902,BENIGN
-0.4114786,BENIGN
-0.3426105,BENIGN
-0.3505337,BENIGN
-0.4121971,BENIGN
-0.34434512,BENIGN
-0.45552555,BENIGN
-0.41822475,BENIGN
-0.34257197,BENIGN
-0.38555214,BENIGN
-0.6803824,BENIGN
-0.6827729,BENIGN
-0.47117808,BENIGN
-0.33488703,BENIGN
-0.33192393,BENIGN
-0.36848795,BENIGN
-0.3563712,BENIGN
-0.38953492,BENIGN
-0.38680613,BENIGN
-0.36613038,BENIGN
-0.3379063,BENIGN
-0.51270777,BENIGN
-0.3327922,BENIGN
-0.5646278,BENIGN
-0.36776605,BENIGN
-0.6666944,BENIGN
-0.37206128,BENIGN
-0.3839512,BENIGN
-0.36928937,BENIGN
-0.57089746,BENIGN
-0.38825035,BENIGN
-0.3629915,BENIGN
-0.33365184,BENIGN
-0.37339267,BENIGN
-0.48119134,BENIGN
-0.37104872,BENIGN
-0.34677726,BENIGN
-0.4168113,BENIGN
-0.4123652,BENIGN
-0.39205316,BENIGN
-0.34412444,BENIGN
-0.3403392,BENIGN
-0.3705961,BENIGN
-0.34498674,BENIGN
-0.48078668,BENIGN
-0.6839918,BENIGN
-0.53276724,BENIGN
-0.35826555,BENIGN
-0.36550042,BENIGN
-0.36447003,BENIGN
-0.33317304,BENIGN
-0.36954486,BENIGN
-0.5665568,BENIGN
-0.40747938,BENIGN
-0.33679473,BENIGN
-0.5526042,BENIGN
-0.35659727,BENIGN
-0.33547875,BENIGN
-0.3855241,BENIGN
-0.44886696,BENIGN
-0.4278592,BENIGN
-0.3824314,BENIGN
-0.35766897,BENIGN
-0.34533674,BENIGN
-0.47034264,BENIGN
-0.33865476,BENIGN
-0.38036096,BENIGN
-0.33677837,BENIGN
-0.40073794,BENIGN
-0.3547426,BENIGN
-0.33751142,BENIGN
-0.38582382,BENIGN
-0.45786828,BENIGN
-0.3372583,BENIGN
-0.33831784,BENIGN
-0.39383528,BENIGN
-0.377174,BENIGN
-0.4727069,BENIGN
-0.34640968,BENIGN
-0.34129614,BENIGN
-0.33745384,BENIGN
-0.37064636,BENIGN
-0.53544396,BENIGN
-0.3694524,BENIGN
-0.40284455,BENIGN
-0.33886686,BENIGN
-0.522561,BENIGN
-0.5726829,BENIGN
-0.38117918,BENIGN
-0.3973858,BENIGN
-0.34023947,BENIGN
-0.3807188,BENIGN
-0.39728442,BENIGN
-0.34968928,BENIGN
-0.36913404,BENIGN
-0.40041655,BENIGN
-0.47664428,BENIGN
-0.4450307,BENIGN
-0.55320567,BENIGN
-0.3556371,BENIGN
-0.3713674,BENIGN
-0.5092833,BENIGN
-0.3456391,BENIGN
-0.36827058,BENIGN
-0.3362062,BENIGN
-0.3772693,BENIGN
-0.34094024,BENIGN
-0.37449446,BENIGN
-0.37154174,BENIGN
-0.37896046,BENIGN
-0.37940732,BENIGN
-0.3818488,BENIGN
-0.34010652,BENIGN
-0.47144315,BENIGN
-0.6206402,BENIGN
-0.35216546,BENIGN
-0.34763104,BENIGN
-0.37227833,BENIGN
-0.33458102,BENIGN
-0.5456882,BENIGN
-0.34239274,BENIGN
-0.33179292,BENIGN
-0.34363028,BENIGN
-0.34968197,BENIGN
-0.3483747,BENIGN
-0.3886101,BENIGN
-0.33871126,BENIGN
-0.58034337,BENIGN
-0.39010897,BENIGN
-0.33851033,BENIGN
-0.35739505,BENIGN
-0.4515893,BENIGN
-0.36403924,BENIGN
-0.36737716,BENIGN
-0.39312515,BENIGN
-0.3784658,BENIGN
-0.37103623,BENIGN
-0.46821225,BENIGN
-0.35661283,BENIGN
-0.34856182,BENIGN
-0.5876203,BENIGN
-0.4253473,BENIGN
-0.4171851,BENIGN
-0.3477481,BENIGN
-0.50515085,BENIGN
-0.47891527,BENIGN
-0.33885682,BENIGN
-0.3370266,BENIGN
-0.36626062,BENIGN
-0.5803675,BENIGN
-0.4918279,BENIGN
-0.34426838,BENIGN
-0.3490251,BENIGN
-0.34181318,BENIGN
-0.38179907,BENIGN
-0.57908857,BENIGN
-0.34503898,BENIGN
-0.44952884,BENIGN
-0.34450042,BENIGN
-0.39201918,BENIGN
-0.45327893,BENIGN
-0.3417038,BENIGN
-0.56161386,BENIGN
-0.33435577,BENIGN
-0.63413745,BENIGN
-0.580165,BENIGN
-0.3364596,BENIGN
-0.37087536,BENIGN
-0.39189932,BENIGN
-0.4229313,BENIGN
-0.33714363,BENIGN
-0.34833542,BENIGN
-0.5327793,BENIGN
-0.34156054,BENIGN
-0.3718184,BENIGN
-0.46967036,BENIGN
-0.33155477,BENIGN
-0.35427937,BENIGN
-0.3459964,BENIGN
-0.3468716,BENIGN
-0.37146956,BENIGN
-0.37535718,BENIGN
-0.3989849,BENIGN
-0.35620946,BENIGN
-0.33344638,BENIGN
-0.33709168,BENIGN
-0.4063471,BENIGN
-0.35632765,BENIGN
-0.38352853,BENIGN
-0.37178636,BENIGN
-0.33990383,BENIGN
-0.39195773,BENIGN
-0.42989168,BENIGN
-0.38651925,BENIGN
-0.3948227,BENIGN
-0.34222582,BENIGN
-0.37239012,BENIGN
-0.34163335,BENIGN
-0.3949416,BENIGN
-0.40526998,BENIGN
-0.45484453,BENIGN
-0.3533802,BENIGN
-0.64904636,BENIGN
-0.35320762,BENIGN
-0.38176736,BENIGN
-0.33308917,BENIGN
-0.4662847,BENIGN
-0.3700372,BENIGN
-0.40547282,BENIGN
-0.33788973,BENIGN
-0.46170244,BENIGN
-0.39405793,BENIGN
-0.56560135,BENIGN
-0.46497387,BENIGN
-0.4790442,BENIGN
-0.3361926,BENIGN
-0.397165,BENIGN
-0.45185703,BENIGN
-0.37252071,BENIGN
-0.33876014,BENIGN
-0.35157418,BENIGN
-0.348449,BENIGN
-0.3452239,BENIGN
-0.39546248,BENIGN
-0.390593,BENIGN
-0.3340367,BENIGN
-0.38450092,BENIGN
-0.38625675,BENIGN
-0.36930996,BENIGN
-0.37707484,BENIGN
-0.37081796,BENIGN
-0.400054,BENIGN
-0.4015142,BENIGN
-0.34004185,BENIGN
-0.34356552,BENIGN
-0.38071603,BENIGN
-0.34282395,BENIGN
-0.3407974,BENIGN
-0.38187715,BENIGN
-0.3653802,BENIGN
-0.3471861,BENIGN
-0.412679,BENIGN
-0.3660925,BENIGN
-0.34826097,BENIGN
-0.34524852,BENIGN
-0.39145678,BENIGN
-0.5388212,BENIGN
-0.43551183,BENIGN
-0.36603957,BENIGN
-0.3367088,BENIGN
-0.34665933,BENIGN
-0.33290386,BENIGN
-0.33712685,BENIGN
-0.36676815,BENIGN
-0.37129736,BENIGN
-0.33260557,BENIGN
-0.342349,BENIGN
-0.38187146,BENIGN
-0.33725128,BENIGN
-0.45982194,BENIGN
-0.5108768,BENIGN
-0.36683515,BENIGN
-0.5807861,BENIGN
-0.33827996,BENIGN
-0.4660968,BENIGN
-0.3618721,BENIGN
-0.3722099,BENIGN
-0.39020684,BENIGN
-0.39622617,BENIGN
-0.36965865,BENIGN
-0.3794447,BENIGN
-0.36995098,BENIGN
-0.37128624,BENIGN
-0.38904497,BENIGN
-0.37917867,BENIGN
-0.34148568,BENIGN
-0.33066723,BENIGN
-0.37468,BENIGN
-0.34171203,BENIGN
-0.4009253,BENIGN
-0.34920928,BENIGN
-0.40421435,BENIGN
-0.33884114,BENIGN
-0.33549547,BENIGN
-0.36911196,BENIGN
-0.35535485,BENIGN
-0.34511727,BENIGN
-0.33601245,BENIGN
-0.35667247,BENIGN
-0.3452661,BENIGN
-0.3441685,BENIGN
-0.38584283,BENIGN
-0.34228832,BENIGN
-0.37176028,BENIGN
-0.36593485,BENIGN
-0.345562,BENIGN
-0.34863213,BENIGN
-0.35362956,BENIGN
-0.34786287,BENIGN
-0.65171295,BENIGN
-0.39262748,BENIGN
-0.346527,BENIGN
-0.50253457,BENIGN
-0.4563658,BENIGN
-0.38599458,BENIGN
-0.33486405,BENIGN
-0.40623444,BENIGN
-0.38591975,BENIGN
-0.39066133,BENIGN
-0.35756302,BENIGN
-0.36733973,BENIGN
-0.3538595,BENIGN
-0.4932663,BENIGN
-0.44414675,BENIGN
-0.33889934,BENIGN
-0.34984103,BENIGN
-0.3451273,BENIGN
-0.42401323,BENIGN
-0.43185073,BENIGN
-0.41690657,BENIGN
-0.5546467,BENIGN
-0.5658276,BENIGN
-0.56914073,BENIGN
-0.45232067,BENIGN
-0.3884527,BENIGN
-0.3428189,BENIGN
-0.3458654,BENIGN
-0.3467116,BENIGN
-0.36705792,BENIGN
-0.3554208,BENIGN
-0.3649998,BENIGN
-0.40265894,BENIGN
-0.38833946,BENIGN
-0.4643717,BENIGN
-0.38169262,BENIGN
-0.4122257,BENIGN
-0.39418676,BENIGN
-0.33690602,BENIGN
-0.36916107,BENIGN
-0.5484294,BENIGN
-0.46491003,BENIGN
-0.57550734,BENIGN
-0.33724996,BENIGN
-0.34547484,BENIGN
-0.5460241,BENIGN
-0.34650612,BENIGN
-0.34698582,BENIGN
-0.35248673,BENIGN
-0.44897094,BENIGN
-0.37286133,BENIGN
-0.33989224,BENIGN
-0.37284863,BENIGN
-0.3451752,BENIGN
-0.49266914,BENIGN
-0.67922425,BENIGN
-0.40399352,BENIGN
-0.36434695,BENIGN
-0.33997855,BENIGN
-0.38251805,BENIGN
-0.44094765,BENIGN
-0.38983303,BENIGN
-0.35519364,BENIGN
-0.34339553,BENIGN
-0.34236005,BENIGN
-0.4129635,BENIGN
-0.44631496,BENIGN
-0.51448435,BENIGN
-0.48199904,BENIGN
-0.5159962,BENIGN
-0.3434534,BENIGN
-0.34538004,BENIGN
-0.6693257,BENIGN
-0.41427413,BENIGN
-0.36167735,BENIGN
-0.36399147,BENIGN
-0.3603867,BENIGN
-0.5424734,BENIGN
-0.34634492,BENIGN
-0.36990297,BENIGN
-0.36456358,BENIGN
-0.34767905,BENIGN
-0.36626062,BENIGN
-0.38164145,BENIGN
-0.35294744,BENIGN
-0.48253044,BENIGN
-0.34862202,BENIGN
-0.33415893,BENIGN
-0.3324525,BENIGN
-0.37690008,BENIGN
-0.3691924,BENIGN
-0.38069767,BENIGN
-0.37561888,BENIGN
-0.3901962,BENIGN
-0.6810478,BENIGN
-0.3680345,BENIGN
-0.38020152,BENIGN
-0.39581633,BENIGN
-0.39774573,BENIGN
-0.3603708,BENIGN
-0.3706031,BENIGN
-0.3392917,BENIGN
-0.35654852,BENIGN
-0.39137006,BENIGN
-0.34888834,BENIGN
-0.34099573,BENIGN
-0.33957177,BENIGN
-0.36946207,BENIGN
-0.56594086,BENIGN
-0.45642504,BENIGN
-0.36587408,BENIGN
-0.3729135,BENIGN
-0.33668652,BENIGN
-0.6825805,BENIGN
-0.3459477,BENIGN
-0.44634718,BENIGN
-0.33961293,BENIGN
-0.3655807,BENIGN
-0.35009974,BENIGN
-0.62858903,BENIGN
-0.36457673,BENIGN
-0.3401402,BENIGN
-0.39581633,BENIGN
-0.3716022,BENIGN
-0.4264728,BENIGN
-0.52227485,BENIGN
-0.34936112,BENIGN
-0.4005174,BENIGN
-0.35229394,BENIGN
-0.38032958,BENIGN
-0.3544243,BENIGN
-0.39205676,BENIGN
-0.36851826,BENIGN
-0.37206128,BENIGN
-0.33723637,BENIGN
-0.48923573,BENIGN
-0.54408395,BENIGN
-0.35359827,BENIGN
-0.43788394,BENIGN
-0.34543037,BENIGN
-0.36959457,BENIGN
-0.56950384,BENIGN
-0.39846635,BENIGN
-0.4981551,BENIGN
-0.33974543,BENIGN
-0.39294383,BENIGN
-0.3740087,BENIGN
-0.43922615,BENIGN
-0.39033902,BENIGN
-0.34279072,BENIGN
-0.47647086,BENIGN
-0.3484656,BENIGN
-0.524629,BENIGN
-0.4320018,BENIGN
-0.3792553,BENIGN
-0.4081786,BENIGN
-0.38967857,BENIGN
-0.54960126,BENIGN
-0.35881442,BENIGN
-0.3336835,BENIGN
-0.38815817,BENIGN
-0.33866185,BENIGN
-0.343029,BENIGN
-0.5505744,BENIGN
-0.3633375,BENIGN
-0.35237026,BENIGN
-0.3361934,BENIGN
-0.38448888,BENIGN
-0.402112,BENIGN
-0.5648033,BENIGN
-0.3404096,BENIGN
-0.39412022,BENIGN
-0.34592977,BENIGN
-0.33442315,BENIGN
-0.36916107,BENIGN
-0.36509916,BENIGN
-0.3859611,BENIGN
-0.41000694,BENIGN
-0.33960077,BENIGN
-0.3914637,BENIGN
-0.3389198,BENIGN
-0.45376685,BENIGN
-0.39498636,BENIGN
-0.48414028,BENIGN
-0.3854779,BENIGN
-0.4156198,BENIGN
-0.39144048,BENIGN
-0.34075147,BENIGN
-0.35638377,BENIGN
-0.37142336,BENIGN
-0.34686813,BENIGN
-0.42169824,BENIGN
-0.51678175,BENIGN
-0.34182546,BENIGN
-0.52962536,BENIGN
-0.35093272,BENIGN
-0.347331,BENIGN
-0.34440148,BENIGN
-0.36992544,BENIGN
-0.37118262,BENIGN
-0.34941447,BENIGN
-0.33895326,BENIGN
-0.3373417,BENIGN
-0.43367448,BENIGN
-0.40819448,BENIGN
-0.39807338,BENIGN
-0.40935552,BENIGN
-0.37522614,BENIGN
-0.36675274,BENIGN
-0.42862254,BENIGN
-0.3723616,BENIGN
-0.48121208,BENIGN
-0.3458654,BENIGN
-0.37391058,BENIGN
-0.34320047,BENIGN
-0.3666148,BENIGN
-0.41773057,BENIGN
-0.44766518,BENIGN
-0.43319744,BENIGN
-0.33745766,BENIGN
-0.34763595,BENIGN
-0.37087876,BENIGN
-0.36340037,BENIGN
-0.34469417,BENIGN
-0.37088868,BENIGN
-0.3397054,BENIGN
-0.33704138,BENIGN
-0.5504606,BENIGN
-0.3405094,BENIGN
-0.55973715,BENIGN
-0.46296954,BENIGN
-0.34067005,BENIGN
-0.34063202,BENIGN
-0.38057813,BENIGN
-0.41130194,BENIGN
-0.33621046,BENIGN
-0.3941715,BENIGN
-0.36010262,BENIGN
-0.37089798,BENIGN
-0.33713737,BENIGN
-0.39614636,BENIGN
-0.37428376,BENIGN
-0.3853742,BENIGN
-0.37615895,BENIGN
-0.3965226,BENIGN
-0.3347535,BENIGN
-0.3386795,BENIGN
-0.37413368,BENIGN
-0.3910367,BENIGN
-0.3338853,BENIGN
-0.33507505,BENIGN
-0.39209443,BENIGN
-0.38356024,BENIGN
-0.37110478,BENIGN
-0.3423786,BENIGN
-0.3588566,BENIGN
-0.33629328,BENIGN
-0.336788,BENIGN
-0.3802984,BENIGN
-0.34835973,BENIGN
-0.34347445,BENIGN
-0.33578908,BENIGN
-0.55237573,BENIGN
-0.48471093,BENIGN
-0.42403105,BENIGN
-0.40592363,BENIGN
-0.38889176,BENIGN
-0.44427684,BENIGN
-0.33989283,BENIGN
-0.339183,BENIGN
-0.33482504,BENIGN
-0.41024652,BENIGN
-0.3997416,BENIGN
-0.45716396,BENIGN
-0.5307938,BENIGN
-0.39609507,BENIGN
-0.37687224,BENIGN
-0.33329445,BENIGN
-0.4377616,BENIGN
-0.4297645,BENIGN
-0.3732901,BENIGN
-0.34222764,BENIGN
-0.33681434,BENIGN
-0.369292,BENIGN
-0.4407979,BENIGN
-0.71224827,BENIGN
-0.37397367,BENIGN
-0.35037106,BENIGN
-0.6010923,BENIGN
-0.35527992,BENIGN
-0.4037735,BENIGN
-0.33568323,BENIGN
-0.6380989,BENIGN
-0.4679072,BENIGN
-0.33732322,BENIGN
-0.43208373,BENIGN
-0.4651267,BENIGN
-0.3704288,BENIGN
-0.35570812,BENIGN
-0.39820048,BENIGN
-0.3724379,BENIGN
-0.43561417,BENIGN
-0.3691456,BENIGN
-0.45579767,BENIGN
-0.3423561,BENIGN
-0.33925956,BENIGN
-0.37134403,BENIGN
-0.3348247,BENIGN
-0.44709376,BENIGN
-0.37940064,BENIGN
-0.40834835,BENIGN
-0.34675094,BENIGN
-0.46291015,BENIGN
-0.38621014,BENIGN
-0.34388715,BENIGN
-0.34958187,BENIGN
-0.3573543,BENIGN
-0.37267128,BENIGN
-0.36255553,BENIGN
-0.43129697,BENIGN
-0.3472356,BENIGN
-0.39191833,BENIGN
-0.55515724,BENIGN
-0.36766353,BENIGN
-0.39972487,BENIGN
-0.33349174,BENIGN
-0.34751347,BENIGN
-0.530349,BENIGN
-0.5208359,BENIGN
-0.6733613,BENIGN
-0.38971397,BENIGN
-0.36914527,BENIGN
-0.63894653,BENIGN
-0.37690952,BENIGN
-0.561228,BENIGN
-0.3668058,BENIGN
-0.4278706,BENIGN
-0.36819285,BENIGN
-0.5594626,BENIGN
-0.4020376,BENIGN
-0.35328794,BENIGN
-0.35796466,BENIGN
-0.35019073,BENIGN
-0.339146,BENIGN
-0.4206863,BENIGN
-0.41322005,BENIGN
-0.33701786,BENIGN
-0.34191173,BENIGN
-0.35928127,BENIGN
-0.367934,BENIGN
-0.64248645,BENIGN
-0.33999828,BENIGN
-0.3471625,BENIGN
-0.34036553,BENIGN
-0.36911392,BENIGN
-0.55522597,BENIGN
-0.342374,BENIGN
-0.37149057,BENIGN
-0.33291477,BENIGN
-0.36053056,BENIGN
-0.3413844,BENIGN
-0.33725843,BENIGN
-0.34094024,BENIGN
-0.33919162,BENIGN
-0.4447546,BENIGN
-0.36884028,BENIGN
-0.3350049,BENIGN
-0.54731935,BENIGN
-0.45652595,BENIGN
-0.56825644,BENIGN
-0.3428875,BENIGN
-0.3384247,BENIGN
-0.34000468,BENIGN
-0.3504286,BENIGN
-0.39722538,BENIGN
-0.36893472,BENIGN
-0.3922219,BENIGN
-0.34988067,BENIGN
-0.38759264,BENIGN
-0.38994852,BENIGN
-0.33471483,BENIGN
-0.36109534,BENIGN
-0.39090958,BENIGN
-0.34253213,BENIGN
-0.44821164,BENIGN
-0.358249,BENIGN
-0.59708184,BENIGN
-0.35955554,BENIGN
-0.337148,BENIGN
-0.4126001,BENIGN
-0.34395435,BENIGN
-0.39202031,BENIGN
-0.33346623,BENIGN
-0.33401236,BENIGN
-0.3417086,BENIGN
-0.3683858,BENIGN
-0.46895346,BENIGN
-0.39363754,BENIGN
-0.37935567,BENIGN
-0.3713674,BENIGN
-0.36904034,BENIGN
-0.45030507,BENIGN
-0.37514192,BENIGN
-0.45178324,BENIGN
-0.47215813,BENIGN
-0.3324711,BENIGN
-0.3935564,BENIGN
-0.3887252,BENIGN
-0.3346294,BENIGN
-0.36229557,BENIGN
-0.4238442,BENIGN
-0.3942959,BENIGN
-0.331673,BENIGN
-0.39442173,BENIGN
-0.4533666,BENIGN
-0.5717182,BENIGN
-0.37026387,BENIGN
-0.3397076,BENIGN
-0.3531751,BENIGN
-0.40525803,BENIGN
-0.3503772,BENIGN
-0.38758436,BENIGN
-0.5769951,BENIGN
-0.36684513,BENIGN
-0.36827058,BENIGN
-0.42879155,BENIGN
-0.35478795,BENIGN
-0.38934094,BENIGN
-0.3521672,BENIGN
-0.3506665,BENIGN
-0.34481815,BENIGN
-0.36858827,BENIGN
-0.52138215,BENIGN
-0.3506412,BENIGN
-0.38265136,BENIGN
-0.34290943,BENIGN
-0.33533442,BENIGN
-0.34540644,BENIGN
-0.35107437,BENIGN
-0.33559057,BENIGN
-0.681315,BENIGN
-0.3447143,BENIGN
-0.3442873,BENIGN
-0.3411295,BENIGN
-0.35988614,BENIGN
-0.34423098,BENIGN
-0.3354888,BENIGN
-0.34845242,BENIGN
-0.33898383,BENIGN
-0.3763584,BENIGN
-0.3544713,BENIGN
-0.34752902,BENIGN
-0.5023516,BENIGN
-0.48165682,BENIGN
-0.36186787,BENIGN
-0.39521804,BENIGN
-0.3348229,BENIGN
-0.3523271,BENIGN
-0.352353,BENIGN
-0.38899243,BENIGN
-0.37771058,BENIGN
-0.5346019,BENIGN
-0.39361912,BENIGN
-0.33730942,BENIGN
-0.34824002,BENIGN
-0.57430613,BENIGN
-0.35558355,BENIGN
-0.34754744,BENIGN
-0.34977564,BENIGN
-0.33402517,BENIGN
-0.3393199,BENIGN
-0.4030997,BENIGN
-0.33463997,BENIGN
-0.38238037,BENIGN
-0.3369994,BENIGN
-0.34819824,BENIGN
-0.33802286,BENIGN
-0.4114181,BENIGN
-0.34012038,BENIGN
-0.43393555,BENIGN
-0.37823698,BENIGN
-0.37202707,BENIGN
-0.39303496,BENIGN
-0.36952907,BENIGN
-0.42299223,BENIGN
-0.335627,BENIGN
-0.38170698,BENIGN
-0.45071945,BENIGN
-0.41564047,BENIGN
-0.37813783,BENIGN
-0.46686044,BENIGN
-0.38802218,BENIGN
-0.4068727,BENIGN
-0.4093438,BENIGN
-0.33489874,BENIGN
-0.43967485,BENIGN
-0.34442446,BENIGN
-0.3318885,BENIGN
-0.34128702,BENIGN
-0.37109718,BENIGN
-0.38444206,BENIGN
-0.43413398,BENIGN
-0.33587283,BENIGN
-0.3705559,BENIGN
-0.35626316,BENIGN
-0.34886646,BENIGN
-0.3328888,BENIGN
-0.37195152,BENIGN
-0.37647983,BENIGN
-0.41208044,BENIGN
-0.40030155,BENIGN
-0.36475602,BENIGN
-0.35552555,BENIGN
-0.38782036,BENIGN
-0.33968014,BENIGN
-0.5025702,BENIGN
-0.49078944,BENIGN
-0.33746836,BENIGN
-0.34673002,BENIGN
-0.3906305,BENIGN
-0.3686994,BENIGN
-0.5271653,BENIGN
-0.3402629,BENIGN
-0.3470107,BENIGN
-0.4036103,BENIGN
-0.34506387,BENIGN
-0.35892197,BENIGN
-0.40233555,BENIGN
-0.33864063,BENIGN
-0.36730897,BENIGN
-0.34168437,BENIGN
-0.3429653,BENIGN
-0.37295946,BENIGN
-0.4400097,BENIGN
-0.3714185,BENIGN
-0.3759453,BENIGN
-0.4788222,BENIGN
-0.55307776,BENIGN
-0.6911327,BENIGN
-0.54424906,BENIGN
-0.37917903,BENIGN
-0.37109718,BENIGN
-0.70936275,BENIGN
-0.50934076,BENIGN
-0.37823752,BENIGN
-0.34543917,BENIGN
-0.38369408,BENIGN
-0.33803108,BENIGN
-0.3434414,BENIGN
-0.41093597,BENIGN
-0.5150324,BENIGN
-0.48633382,BENIGN
-0.5205595,BENIGN
-0.38611564,BENIGN
-0.45007223,BENIGN
-0.69529974,BENIGN
-0.4389261,BENIGN
-0.38583943,BENIGN
-0.33954844,BENIGN
-0.36923862,BENIGN
-0.36991277,BENIGN
-0.37202653,BENIGN
-0.36128503,BENIGN
-0.35912582,BENIGN
-0.36998823,BENIGN
-0.3723705,BENIGN
-0.59460855,BENIGN
-0.39707452,BENIGN
-0.33127096,BENIGN
-0.35089102,BENIGN
-0.3472549,BENIGN
-0.449788,BENIGN
-0.53284746,BENIGN
-0.33929336,BENIGN
-0.34241608,BENIGN
-0.45644563,BENIGN
-0.40963945,BENIGN
-0.34061858,BENIGN
-0.39730698,BENIGN
-0.35518137,BENIGN
-0.41616476,BENIGN
-0.3425704,BENIGN
-0.544363,BENIGN
-0.4255158,BENIGN
-0.3784075,BENIGN
-0.34912547,BENIGN
-0.36779118,BENIGN
-0.34936005,BENIGN
-0.36692902,BENIGN
-0.41278997,BENIGN
-0.45641568,BENIGN
-0.3721756,BENIGN
-0.38795075,BENIGN
-0.34845328,BENIGN
-0.3782392,BENIGN
-0.39511406,BENIGN
-0.37024376,BENIGN
-0.43789515,BENIGN
-0.33209243,BENIGN
-0.34082633,BENIGN
-0.34695646,BENIGN
-0.5157071,BENIGN
-0.51764363,BENIGN
-0.37331113,BENIGN
-0.37294835,BENIGN
-0.3366154,BENIGN
-0.38469142,BENIGN
-0.37277246,BENIGN
-0.44519967,BENIGN
-0.33143014,BENIGN
-0.3552149,BENIGN
-0.37011993,BENIGN
-0.33625254,BENIGN
-0.34542874,BENIGN
-0.33518127,BENIGN
-0.40942553,BENIGN
-0.37092245,BENIGN
-0.3454395,BENIGN
-0.34090444,BENIGN
-0.46338418,BENIGN
-0.33734438,BENIGN
-0.35517374,BENIGN
-0.38319612,BENIGN
-0.46531415,BENIGN
-0.40205714,BENIGN
-0.3671124,BENIGN
-0.33817986,BENIGN
-0.37221816,BENIGN
-0.3394827,BENIGN
-0.58699226,BENIGN
-0.5009216,BENIGN
-0.45824027,BENIGN
-0.36682218,BENIGN
-0.44929695,BENIGN
-0.3790365,BENIGN
-0.33458382,BENIGN
-0.34198177,BENIGN
-0.38400543,BENIGN
-0.53820306,BENIGN
-0.34040412,BENIGN
-0.44651338,BENIGN
-0.5109227,BENIGN
-0.45234203,BENIGN
-0.3826387,BENIGN
-0.46082106,BENIGN
-0.39618212,BENIGN
-0.43793455,BENIGN
-0.33712506,BENIGN
-0.3750477,BENIGN
-0.3452744,BENIGN
-0.37560505,BENIGN
-0.5859539,BENIGN
-0.34818313,BENIGN
-0.33298045,BENIGN
-0.35206118,BENIGN
-0.3581878,BENIGN
-0.36848795,BENIGN
-0.3659999,BENIGN
-0.36935583,BENIGN
-0.36599156,BENIGN
-0.34633905,BENIGN
-0.34999955,BENIGN
-0.45054063,BENIGN
-0.37418443,BENIGN
-0.33604938,BENIGN
-0.4429927,BENIGN
-0.39136034,BENIGN
-0.38291854,BENIGN
-0.3623757,BENIGN
-0.38036096,BENIGN
-0.33282393,BENIGN
-0.4098839,BENIGN
-0.3550549,BENIGN
-0.4866504,BENIGN
-0.36981484,BENIGN
-0.35431388,BENIGN
-0.37667242,BENIGN
-0.5887872,BENIGN
-0.5748301,BENIGN
-0.36943325,BENIGN
-0.3381902,BENIGN
-0.40469217,BENIGN
-0.35112715,BENIGN
-0.36762336,BENIGN
-0.36425018,BENIGN
-0.35104883,BENIGN
-0.33955392,BENIGN
-0.3863633,BENIGN
-0.34344417,BENIGN
-0.3959398,BENIGN
-0.34651327,BENIGN
-0.3954896,BENIGN
-0.34107003,BENIGN
-0.382647,BENIGN
-0.46725398,BENIGN
-0.3384782,BENIGN
-0.40820175,BENIGN
-0.37154186,BENIGN
-0.38922277,BENIGN
-0.34100905,BENIGN
-0.34470144,BENIGN
-0.34387794,BENIGN
-0.3861261,BENIGN
-0.33320916,BENIGN
-0.46904355,BENIGN
-0.39021814,BENIGN
-0.44631496,BENIGN
-0.67012566,BENIGN
-0.34547654,BENIGN
-0.34588215,BENIGN
-0.3443657,BENIGN
-0.47298267,BENIGN
-0.42958418,BENIGN
-0.3688202,BENIGN
-0.3382691,BENIGN
-0.5078547,BENIGN
-0.45939663,BENIGN
-0.3423908,BENIGN
-0.37179562,BENIGN
-0.35113,BENIGN
-0.394064,BENIGN
-0.39617163,BENIGN
-0.36890477,BENIGN
-0.359262,BENIGN
-0.45417896,BENIGN
-0.40524486,BENIGN
-0.34424403,BENIGN
-0.3762746,BENIGN
-0.3573223,BENIGN
-0.3948013,BENIGN
-0.38642442,BENIGN
-0.3408613,BENIGN
-0.4119469,BENIGN
-0.54350877,BENIGN
-0.36915922,BENIGN
-0.33748284,BENIGN
-0.45777598,BENIGN
-0.38855636,BENIGN
-0.34966716,BENIGN
-0.45517087,BENIGN
-0.42266485,BENIGN
-0.34913608,BENIGN
-0.36031,BENIGN
-0.67669237,BENIGN
-0.33177736,BENIGN
-0.35294592,BENIGN
-0.44230962,BENIGN
-0.49292982,BENIGN
-0.34406653,BENIGN
-0.5612983,BENIGN
-0.37807494,BENIGN
-0.45469192,BENIGN
-0.34958583,BENIGN
-0.3994381,BENIGN
-0.34672478,BENIGN
-0.3399244,BENIGN
-0.3867965,BENIGN
-0.34921622,BENIGN
-0.36940438,BENIGN
-0.36970568,BENIGN
-0.35912907,BENIGN
-0.33665618,BENIGN
-0.35170296,BENIGN
-0.39621085,BENIGN
-0.35874748,BENIGN
-0.36562875,BENIGN
-0.3472242,BENIGN
-0.34036803,BENIGN
-0.37373185,BENIGN
-0.3678877,BENIGN
-0.42135033,BENIGN
-0.3602225,BENIGN
-0.3475154,BENIGN
-0.39363557,BENIGN
-0.38287362,BENIGN
-0.381482,BENIGN
-0.41079682,BENIGN
-0.3356849,BENIGN
-0.3720119,BENIGN
-0.6092007,BENIGN
-0.3419621,BENIGN
-0.3613409,BENIGN
-0.3713141,BENIGN
-0.34600908,BENIGN
-0.5998298,BENIGN
-0.3678877,BENIGN
-0.3697229,BENIGN
-0.5219576,BENIGN
-0.339811,BENIGN
-0.4490152,BENIGN
-0.46344385,BENIGN
-0.39423817,BENIGN
-0.3696657,BENIGN
-0.34301078,BENIGN
-0.388238,BENIGN
-0.3430079,BENIGN
-0.36958045,BENIGN
-0.334612,BENIGN
-0.3371152,BENIGN
-0.38135114,BENIGN
-0.36030534,BENIGN
-0.3356977,BENIGN
-0.3394757,BENIGN
-0.43118495,BENIGN
-0.5449626,BENIGN
-0.37232247,BENIGN
-0.4318426,BENIGN
-0.34726435,BENIGN
-0.40646535,BENIGN
-0.33740753,BENIGN
-0.43024662,BENIGN
-0.34684128,BENIGN
-0.3434458,BENIGN
-0.34869555,BENIGN
-0.3680816,BENIGN
-0.34329513,BENIGN
-0.37127215,BENIGN
-0.42178723,BENIGN
-0.57311916,BENIGN
-0.47227907,BENIGN
-0.39997375,BENIGN
-0.6136099,BENIGN
-0.34430912,BENIGN
-0.3929588,BENIGN
-0.41027763,BENIGN
-0.47131416,BENIGN
-0.39758727,BENIGN
-0.5336774,BENIGN
-0.4119512,BENIGN
-0.4190938,BENIGN
-0.3424497,BENIGN
-0.45512217,BENIGN
-0.5356633,BENIGN
-0.639361,BENIGN
-0.36724833,BENIGN
-0.43258616,BENIGN
-0.41763654,BENIGN
-0.34253213,BENIGN
-0.5279008,BENIGN
-0.34769073,BENIGN
-0.40786225,BENIGN
-0.3427751,BENIGN
-0.34550387,BENIGN
-0.3837547,BENIGN
-0.36108315,BENIGN
-0.35925168,BENIGN
-0.59969616,BENIGN
-0.38058254,BENIGN
-0.42196846,BENIGN
-0.33424914,BENIGN
-0.3674549,BENIGN
-0.38175073,BENIGN
-0.5314482,BENIGN
-0.37828264,BENIGN
-0.44610524,BENIGN
-0.383852,BENIGN
-0.4436416,BENIGN
-0.37162152,BENIGN
-0.47639328,BENIGN
-0.34528995,BENIGN
-0.38316256,BENIGN
-0.36882344,BENIGN
-0.44531998,BENIGN
-0.38722277,BENIGN
-0.36795643,BENIGN
-0.3521056,BENIGN
-0.35680807,BENIGN
-0.3768914,BENIGN
-0.33844724,BENIGN
-0.39573216,BENIGN
-0.42032236,BENIGN
-0.3448958,BENIGN
-0.44073433,BENIGN
-0.34119368,BENIGN
-0.34646785,BENIGN
-0.35449722,BENIGN
-0.35883602,BENIGN
-0.5656882,BENIGN
-0.3632838,BENIGN
-0.39169598,BENIGN
-0.35994807,BENIGN
-0.37096187,BENIGN
-0.3502637,BENIGN
-0.44227973,BENIGN
-0.38985214,BENIGN
-0.3391448,BENIGN
-0.3404806,BENIGN
-0.45460764,BENIGN
-0.3675725,BENIGN
-0.36687797,BENIGN
-0.4953367,BENIGN
-0.3332451,BENIGN
-0.3396141,BENIGN
-0.3615257,BENIGN
-0.38609862,BENIGN
-0.332969,BENIGN
-0.46468788,BENIGN
-0.3803464,BENIGN
-0.33746216,BENIGN
-0.40831968,BENIGN
-0.36072007,BENIGN
-0.40049523,BENIGN
-0.338546,BENIGN
-0.37906694,BENIGN
-0.41177547,BENIGN
-0.41092563,BENIGN
-0.45232332,BENIGN
-0.3823089,BENIGN
-0.3701846,BENIGN
-0.41996372,BENIGN
-0.34801662,BENIGN
-0.44286555,BENIGN
-0.34037673,BENIGN
-0.47795177,BENIGN
-0.38953894,BENIGN
-0.35106763,BENIGN
-0.36622882,BENIGN
-0.35247725,BENIGN
-0.49757165,BENIGN
-0.34192383,BENIGN
-0.34262833,BENIGN
-0.34523052,BENIGN
-0.37090123,BENIGN
-0.33576632,BENIGN
-0.46213093,BENIGN
-0.40214068,BENIGN
-0.3713674,BENIGN
-0.34041095,BENIGN
-0.44669744,BENIGN
-0.34801662,BENIGN
-0.38955098,BENIGN
-0.4279136,BENIGN
-0.37182477,BENIGN
-0.511048,BENIGN
-0.33790097,BENIGN
-0.37163183,BENIGN
-0.33248457,BENIGN
-0.42266336,BENIGN
-0.33373174,BENIGN
-0.37671456,BENIGN
-0.36958593,BENIGN
-0.41096792,BENIGN
-0.46523306,BENIGN
-0.37068492,BENIGN
-0.33936077,BENIGN
-0.40481308,BENIGN
-0.3444753,BENIGN
-0.3880185,BENIGN
-0.33184054,BENIGN
-0.37883076,BENIGN
-0.37183085,BENIGN
-0.33909038,BENIGN
-0.38784525,BENIGN
-0.38481227,BENIGN
-0.51093113,BENIGN
-0.39041874,BENIGN
-0.3403174,BENIGN
-0.34224147,BENIGN
-0.39107242,BENIGN
-0.3469255,BENIGN
-0.34380957,BENIGN
-0.38120598,BENIGN
-0.33524066,BENIGN
-0.3652387,BENIGN
-0.41977078,BENIGN
-0.3552309,BENIGN
-0.520372,BENIGN
-0.37597802,BENIGN
-0.4920929,BENIGN
-0.35230982,BENIGN
-0.41865614,BENIGN
-0.3504829,BENIGN
-0.3678877,BENIGN
-0.3833958,BENIGN
-0.35892734,BENIGN
-0.37146732,BENIGN
-0.3369589,BENIGN
-0.67310005,BENIGN
-0.3661046,BENIGN
-0.3937484,BENIGN
-0.5398425,BENIGN
-0.3393218,BENIGN
-0.35422152,BENIGN
-0.33501348,BENIGN
-0.62591773,BENIGN
-0.34195286,BENIGN
-0.36741146,BENIGN
-0.36211827,BENIGN
-0.4094381,BENIGN
-0.37051246,BENIGN
-0.36248156,BENIGN
-0.34182766,BENIGN
-0.42861447,BENIGN
-0.33124095,BENIGN
-0.47348547,BENIGN
-0.34113154,BENIGN
-0.36022517,BENIGN
-0.35024402,BENIGN
-0.44366664,BENIGN
-0.6719817,BENIGN
-0.36460194,BENIGN
-0.4523989,BENIGN
-0.3517465,BENIGN
-0.47249895,BENIGN
-0.5296603,BENIGN
-0.38510492,BENIGN
-0.4123652,BENIGN
-0.38247752,BENIGN
-0.34371027,BENIGN
-0.36560497,BENIGN
-0.34206626,BENIGN
-0.40379187,BENIGN
-0.40282625,BENIGN
-0.36489657,BENIGN
-0.3817361,BENIGN
-0.39548576,BENIGN
-0.6707161,BENIGN
-0.449374,BENIGN
-0.3529521,BENIGN
-0.65832907,BENIGN
-0.3459964,BENIGN
-0.34596148,BENIGN
-0.5128989,BENIGN
-0.4129023,BENIGN
-0.42819715,BENIGN
-0.3675392,BENIGN
-0.3494572,BENIGN
-0.3345531,BENIGN
-0.5034632,BENIGN
-0.39746097,BENIGN
-0.37585768,BENIGN
-0.38315535,BENIGN
-0.33624783,BENIGN
-0.34929183,BENIGN
-0.34753442,BENIGN
-0.37610152,BENIGN
-0.44224408,BENIGN
-0.35726216,BENIGN
-0.34945336,BENIGN
-0.3447278,BENIGN
-0.3866463,BENIGN
-0.44011676,BENIGN
-0.3500155,BENIGN
-0.4228752,BENIGN
-0.39321527,BENIGN
-0.5406318,BENIGN
-0.40297082,BENIGN
-0.34737942,BENIGN
-0.41261905,BENIGN
-0.3517058,BENIGN
-0.35344255,BENIGN
-0.33241433,BENIGN
-0.35478994,BENIGN
-0.3495863,BENIGN
-0.53544235,BENIGN
-0.33905882,BENIGN
-0.3482104,BENIGN
-0.35640234,BENIGN
-0.4704264,BENIGN
-0.35467052,BENIGN
-0.3914304,BENIGN
-0.3923879,BENIGN
-0.33532348,BENIGN
-0.34960693,BENIGN
-0.34254283,BENIGN
-0.45385572,BENIGN
-0.3446554,BENIGN
-0.52091956,BENIGN
-0.43551496,BENIGN
-0.4566127,BENIGN
-0.34082612,BENIGN
-0.38256556,BENIGN
-0.33862877,BENIGN
-0.37418443,BENIGN
-0.39773378,BENIGN
-0.35601103,BENIGN
-0.3379769,BENIGN
-0.33171207,BENIGN
-0.35062218,BENIGN
-0.48104316,BENIGN
-0.35741365,BENIGN
-0.3899036,BENIGN
-0.34334686,BENIGN
-0.5696895,BENIGN
-0.3932825,BENIGN
-0.45506874,BENIGN
-0.3511533,BENIGN
-0.4301235,BENIGN
-0.36018825,BENIGN
-0.46270153,BENIGN
-0.4552954,BENIGN
-0.34274954,BENIGN
-0.34647375,BENIGN
-0.3429202,BENIGN
-0.35609835,BENIGN
-0.33621392,BENIGN
-0.35184354,BENIGN
-0.37146956,BENIGN
-0.41391802,BENIGN
-0.3428278,BENIGN
-0.3839197,BENIGN
-0.52701634,BENIGN
-0.34591842,BENIGN
-0.4519548,BENIGN
-0.43373245,BENIGN
-0.36548337,BENIGN
-0.5843032,BENIGN
-0.49321738,BENIGN
-0.3843636,BENIGN
-0.4258363,BENIGN
-0.3914628,BENIGN
-0.34969416,BENIGN
-0.33798495,BENIGN
-0.5844301,BENIGN
-0.33866373,BENIGN
-0.430545,BENIGN
-0.33142772,BENIGN
-0.41242298,BENIGN
-0.3330555,BENIGN
-0.35192552,BENIGN
-0.44220713,BENIGN
-0.35692838,BENIGN
-0.4125047,BENIGN
-0.34483546,BENIGN
-0.3515589,BENIGN
-0.39215505,BENIGN
-0.4497464,BENIGN
-0.39345703,BENIGN
-0.3672399,BENIGN
-0.34980544,BENIGN
-0.36883602,BENIGN
-0.3322273,BENIGN
-0.3369652,BENIGN
-0.34001508,BENIGN
-0.48104247,BENIGN
-0.5414697,BENIGN
-0.6307482,BENIGN
-0.41856328,BENIGN
-0.35943836,BENIGN
-0.43680602,BENIGN
-0.40300208,BENIGN
-0.37027037,BENIGN
-0.43703946,BENIGN
-0.34737942,BENIGN
-0.368751,BENIGN
-0.38782373,BENIGN
-0.40087408,BENIGN
-0.37305447,BENIGN
-0.33970067,BENIGN
-0.37116498,BENIGN
-0.44972277,BENIGN
-0.3396239,BENIGN
-0.34111407,BENIGN
-0.40614533,BENIGN
-0.454819,BENIGN
-0.3358424,BENIGN
-0.47796974,BENIGN
-0.37014008,BENIGN
-0.35230932,BENIGN
-0.33639655,BENIGN
-0.39176923,BENIGN
-0.34992346,BENIGN
-0.5191109,BENIGN
-0.34934103,BENIGN
-0.3491952,BENIGN
-0.3423478,BENIGN
-0.34678742,BENIGN
-0.39112258,BENIGN
-0.4445235,BENIGN
-0.36803484,BENIGN
-0.5560093,BENIGN
-0.5753035,BENIGN
-0.33401245,BENIGN
-0.3531682,BENIGN
-0.37209257,BENIGN
-0.3584603,BENIGN
-0.3397879,BENIGN
-0.33585715,BENIGN
-0.4667631,BENIGN
-0.3890426,BENIGN
-0.34266412,BENIGN
-0.62019664,BENIGN
-0.34203607,BENIGN
-0.55527014,BENIGN
-0.34913138,BENIGN
-0.34389123,BENIGN
-0.35830486,BENIGN
-0.3340406,BENIGN
-0.35169664,BENIGN
-0.34948376,BENIGN
-0.56019926,BENIGN
-0.4291539,BENIGN
-0.34966716,BENIGN
-0.3459367,BENIGN
-0.47845516,BENIGN
-0.39411148,BENIGN
-0.3716682,BENIGN
-0.34959304,BENIGN
-0.38600188,BENIGN
-0.33118084,BENIGN
-0.35412252,BENIGN
-0.34992802,BENIGN
-0.3459964,BENIGN
-0.3982157,BENIGN
-0.3768205,BENIGN
-0.3418796,BENIGN
-0.39386675,BENIGN
-0.3860615,BENIGN
-0.5905324,BENIGN
-0.44482788,BENIGN
-0.38012764,BENIGN
-0.3347977,BENIGN
-0.5412021,BENIGN
-0.34625852,BENIGN
-0.33601654,BENIGN
-0.3769411,BENIGN
-0.42862254,BENIGN
-0.4128695,BENIGN
-0.43905908,BENIGN
-0.3336649,BENIGN
-0.39671296,BENIGN
-0.40819448,BENIGN
-0.38899672,BENIGN
-0.3459964,BENIGN
-0.3358244,BENIGN
-0.40334532,BENIGN
-0.3398295,BENIGN
-0.38056618,BENIGN
-0.3619938,BENIGN
-0.38785854,BENIGN
-0.37725273,BENIGN
-0.3418796,BENIGN
-0.34690702,BENIGN
-0.35930878,BENIGN
-0.39215833,BENIGN
-0.3551309,BENIGN
-0.36304834,BENIGN
-0.37494898,BENIGN
-0.43119743,BENIGN
-0.3544039,BENIGN
-0.33521497,BENIGN
-0.3400956,BENIGN
-0.36138323,BENIGN
-0.33799124,BENIGN
-0.3581207,BENIGN
-0.36206052,BENIGN
-0.34998688,BENIGN
-0.38062355,BENIGN
-0.38546535,BENIGN
-0.3664399,BENIGN
-0.3525249,BENIGN
-0.34350166,BENIGN
-0.37942538,BENIGN
-0.36949012,BENIGN
-0.37300813,BENIGN
-0.34655312,BENIGN
-0.4549504,BENIGN
-0.38751185,BENIGN
-0.37034416,BENIGN
-0.40185383,BENIGN
-0.38128802,BENIGN
-0.35467878,BENIGN
-0.35494244,BENIGN
-0.35143316,BENIGN
-0.35290807,BENIGN
-0.4909764,BENIGN
-0.37929222,BENIGN
-0.37282938,BENIGN
-0.33503094,BENIGN
-0.3657938,BENIGN
-0.3586336,BENIGN
-0.53856874,BENIGN
-0.3572168,BENIGN
-0.41936135,BENIGN
-0.33273727,BENIGN
-0.38372695,BENIGN
-0.3459999,BENIGN
-0.33720165,BENIGN
-0.36300707,BENIGN
-0.3753707,BENIGN
-0.44495153,BENIGN
-0.57592744,BENIGN
-0.3647842,BENIGN
-0.34693283,BENIGN
-0.34146413,BENIGN
-0.68277484,BENIGN
-0.3886994,BENIGN
-0.39180383,BENIGN
-0.3368811,BENIGN
-0.38930526,BENIGN
-0.4242987,BENIGN
-0.44992208,BENIGN
-0.34391806,BENIGN
-0.5237453,BENIGN
-0.4724767,BENIGN
-0.3906839,BENIGN
-0.39021993,BENIGN
-0.37972564,BENIGN
-0.3396034,BENIGN
-0.4271452,BENIGN
-0.3569016,BENIGN
-0.36186683,BENIGN
-0.5179331,BENIGN
-0.37352824,BENIGN
-0.55660397,BENIGN
-0.3526363,BENIGN
-0.37323958,BENIGN
-0.34422037,BENIGN
-0.35300022,BENIGN
-0.3333827,BENIGN
-0.34830013,BENIGN
-0.3510094,BENIGN
-0.34015548,BENIGN
-0.34617016,BENIGN
-0.41208628,BENIGN
-0.34037673,BENIGN
-0.3366708,BENIGN
-0.36855417,BENIGN
-0.38211817,BENIGN
-0.3713629,BENIGN
-0.46086603,BENIGN
-0.5744588,BENIGN
-0.35443792,BENIGN
-0.33648527,BENIGN
-0.6516575,BENIGN
-0.38802776,BENIGN
-0.34371832,BENIGN
-0.6542167,BENIGN
-0.3954771,BENIGN
-0.38142797,BENIGN
-0.56933516,BENIGN
-0.69902086,BENIGN
-0.33672088,BENIGN
-0.3496601,BENIGN
-0.46944544,BENIGN
-0.33126011,BENIGN
-0.35050952,BENIGN
-0.37421897,BENIGN
-0.46643075,BENIGN
-0.3678877,BENIGN
-0.33706525,BENIGN
-0.63041985,BENIGN
-0.3422244,BENIGN
-0.4567372,BENIGN
-0.41030633,BENIGN
-0.34459475,BENIGN
-0.35377425,BENIGN
-0.34486315,BENIGN
-0.34404594,BENIGN
-0.38915983,BENIGN
-0.34881467,BENIGN
-0.34792987,BENIGN
-0.39336982,BENIGN
-0.34549412,BENIGN
-0.5531746,BENIGN
-0.38141346,BENIGN
-0.37386006,BENIGN
-0.36963704,BENIGN
-0.34134868,BENIGN
-0.42409027,BENIGN
-0.3548442,BENIGN
-0.34729224,BENIGN
-0.33387867,BENIGN
-0.35929865,BENIGN
-0.34270665,BENIGN
-0.41038138,BENIGN
-0.37749922,BENIGN
-0.5209298,BENIGN
-0.34211615,BENIGN
-0.36555132,BENIGN
-0.5785991,BENIGN
-0.35736513,BENIGN
-0.42149457,BENIGN
-0.3395062,BENIGN
-0.3904652,BENIGN
-0.33791274,BENIGN
-0.47467652,BENIGN
-0.37360522,BENIGN
-0.38869563,BENIGN
-0.39613256,BENIGN
-0.35202083,BENIGN
-0.3910529,BENIGN
-0.33709916,BENIGN
-0.36562055,BENIGN
-0.37235394,BENIGN
-0.33675697,BENIGN
-0.35401285,BENIGN
-0.3960496,BENIGN
-0.39334238,BENIGN
-0.55368364,BENIGN
-0.5563456,BENIGN
-0.4250496,BENIGN
-0.3563712,BENIGN
-0.4576373,BENIGN
-0.45768744,BENIGN
-0.35166514,BENIGN
-0.34917325,BENIGN
-0.3791749,BENIGN
-0.41757864,BENIGN
-0.3397434,BENIGN
-0.47214574,BENIGN
-0.4255108,BENIGN
-0.3606569,BENIGN
-0.33093846,BENIGN
-0.4544149,BENIGN
-0.34995535,BENIGN
-0.37341157,BENIGN
-0.34364405,BENIGN
-0.39420784,BENIGN
-0.3911585,BENIGN
-0.36749294,BENIGN
-0.33840173,BENIGN
-0.44594088,BENIGN
-0.40202066,BENIGN
-0.33935654,BENIGN
-0.34510216,BENIGN
-0.3719927,BENIGN
-0.38111025,BENIGN
-0.43289825,BENIGN
-0.37405077,BENIGN
-0.34698373,BENIGN
-0.33684734,BENIGN
-0.6163876,BENIGN
-0.33927965,BENIGN
-0.39986682,BENIGN
-0.38557354,BENIGN
-0.3361333,BENIGN
-0.34387532,BENIGN
-0.44585526,BENIGN
-0.6447051,BENIGN
-0.4046761,BENIGN
-0.3343618,BENIGN
-0.35751936,BENIGN
-0.3328575,BENIGN
-0.3534569,BENIGN
-0.4777345,BENIGN
-0.3658409,BENIGN
-0.36776328,BENIGN
-0.35578537,BENIGN
-0.37005574,BENIGN
-0.3590701,BENIGN
-0.52840775,BENIGN
-0.36601004,BENIGN
-0.34195623,BENIGN
-0.37213486,BENIGN
-0.40121296,BENIGN
-0.3750357,BENIGN
-0.37432128,BENIGN
-0.40152878,BENIGN
-0.38070846,BENIGN
-0.3459121,BENIGN
-0.4163699,BENIGN
-0.34765553,BENIGN
-0.5712098,BENIGN
-0.3442052,BENIGN
-0.57516986,BENIGN
-0.3505337,BENIGN
-0.3459999,BENIGN
-0.47084227,BENIGN
-0.43558446,BENIGN
-0.34116668,BENIGN
-0.3340406,BENIGN
-0.33674228,BENIGN
-0.46657863,BENIGN
-0.35567158,BENIGN
-0.4112056,BENIGN
-0.3964267,BENIGN
-0.34095564,BENIGN
-0.34007263,BENIGN
-0.37332863,BENIGN
-0.3744704,BENIGN
-0.34262165,BENIGN
-0.37207082,BENIGN
-0.34786433,BENIGN
-0.36004743,BENIGN
-0.34801662,BENIGN
-0.37831092,BENIGN
-0.39113697,BENIGN
-0.3687628,BENIGN
-0.36547616,BENIGN
-0.3415221,BENIGN
-0.35184103,BENIGN
-0.348406,BENIGN
-0.5700295,BENIGN
-0.3409085,BENIGN
-0.38641864,BENIGN
-0.39137006,BENIGN
-0.49006373,BENIGN
-0.3671021,BENIGN
-0.5030207,BENIGN
-0.5354414,BENIGN
-0.3444119,BENIGN
-0.3323223,BENIGN
-0.39253592,BENIGN
-0.6693257,BENIGN
-0.3948592,BENIGN
-0.41201946,BENIGN
-0.34614933,BENIGN
-0.35435414,BENIGN
-0.37527174,BENIGN
-0.5034445,BENIGN
-0.3636643,BENIGN
-0.367934,BENIGN
-0.4183206,BENIGN
-0.3520192,BENIGN
-0.38270372,BENIGN
-0.36277092,BENIGN
-0.42286655,BENIGN
-0.3884833,BENIGN
-0.36842418,BENIGN
-0.42862254,BENIGN
-0.35659173,BENIGN
-0.33947453,BENIGN
-0.6509383,BENIGN
-0.34475937,BENIGN
-0.460213,BENIGN
-0.34876478,BENIGN
-0.35481247,BENIGN
-0.45275155,BENIGN
-0.34498763,BENIGN
-0.33506033,BENIGN
-0.33750358,BENIGN
-0.33866698,BENIGN
-0.3391036,BENIGN
-0.38920495,BENIGN
-0.373682,BENIGN
-0.4966117,BENIGN
-0.33540782,BENIGN
-0.33284035,BENIGN
-0.42816192,BENIGN
-0.3613136,BENIGN
-0.35100335,BENIGN
-0.3810675,BENIGN
-0.34461758,BENIGN
-0.3588105,BENIGN
-0.3492436,BENIGN
-0.37850448,BENIGN
-0.33872598,BENIGN
-0.40020418,BENIGN
-0.35590553,BENIGN
-0.3810414,BENIGN
-0.348449,BENIGN
-0.41792208,BENIGN
-0.33362862,BENIGN
-0.34683293,BENIGN
-0.39992347,BENIGN
-0.38962904,BENIGN
-0.3682259,BENIGN
-0.3580019,BENIGN
-0.34801662,BENIGN
-0.4314429,BENIGN
-0.33957726,BENIGN
-0.3839167,BENIGN
-0.58699226,BENIGN
-0.3437218,BENIGN
-0.3884939,BENIGN
-0.3694541,BENIGN
-0.34336075,BENIGN
-0.3967088,BENIGN
-0.34536055,BENIGN
-0.3980641,BENIGN
-0.3994639,BENIGN
-0.37733462,BENIGN
-0.33943734,BENIGN
-0.3407041,BENIGN
-0.36057666,BENIGN
-0.34180778,BENIGN
-0.5627232,BENIGN
-0.3892046,BENIGN
-0.3525025,BENIGN
-0.3333257,BENIGN
-0.36523658,BENIGN
-0.39538544,BENIGN
-0.3425852,BENIGN
-0.44351023,BENIGN
-0.34783053,BENIGN
-0.34142697,BENIGN
-0.5160578,BENIGN
-0.36807758,BENIGN
-0.3833958,BENIGN
-0.46907005,BENIGN
-0.38727033,BENIGN
-0.33866748,BENIGN
-0.3948361,BENIGN
-0.35514548,BENIGN
-0.3668062,BENIGN
-0.3372157,BENIGN
-0.49363875,BENIGN
-0.44610524,BENIGN
-0.41090795,BENIGN
-0.383852,BENIGN
-0.37431908,BENIGN
-0.34506387,BENIGN
-0.34203607,BENIGN
-0.37808645,BENIGN
-0.44332975,BENIGN
-0.37316948,BENIGN
-0.4317922,BENIGN
-0.37196773,BENIGN
-0.39593405,BENIGN
-0.36764917,BENIGN
-0.37282863,BENIGN
-0.37328678,BENIGN
-0.60534793,BENIGN
-0.39083806,BENIGN
-0.35205078,BENIGN
-0.34483707,BENIGN
-0.34039378,BENIGN
-0.3751516,BENIGN
-0.36994103,BENIGN
-0.544159,BENIGN
-0.37980565,BENIGN
-0.38826266,BENIGN
-0.3754686,BENIGN
-0.34287488,BENIGN
-0.36025828,BENIGN
-0.50975204,BENIGN
-0.47120962,BENIGN
-0.40977496,BENIGN
-0.43070236,BENIGN
-0.43430594,BENIGN
-0.38668972,BENIGN
-0.38177842,BENIGN
-0.54534584,BENIGN
-0.36877373,BENIGN
-0.3448011,BENIGN
-0.36451912,BENIGN
-0.33950326,BENIGN
-0.35951847,BENIGN
-0.36574402,BENIGN
-0.459482,BENIGN
-0.3398195,BENIGN
-0.3457219,BENIGN
-0.3519942,BENIGN
-0.373716,BENIGN
-0.38588166,BENIGN
-0.34825283,BENIGN
-0.47167197,BENIGN
-0.43475783,BENIGN
-0.33675197,BENIGN
-0.43337396,BENIGN
-0.37509868,BENIGN
-0.33531803,BENIGN
-0.36107883,BENIGN
-0.35791042,BENIGN
-0.3498241,BENIGN
-0.33167973,BENIGN
-0.39243478,BENIGN
-0.37164044,BENIGN
-0.3365929,BENIGN
-0.39843425,BENIGN
-0.35798618,BENIGN
-0.36222252,BENIGN
-0.37093747,BENIGN
-0.33886686,BENIGN
-0.3558252,BENIGN
-0.33752,BENIGN
-0.343186,BENIGN
-0.33735475,BENIGN
-0.36889607,BENIGN
-0.39019176,BENIGN
-0.39497072,BENIGN
-0.39797175,BENIGN
-0.4033711,BENIGN
-0.33431306,BENIGN
-0.4744243,BENIGN
-0.5358976,BENIGN
-0.34854504,BENIGN
-0.3787944,BENIGN
-0.37365636,BENIGN
-0.348449,BENIGN
-0.36410713,BENIGN
-0.36798638,BENIGN
-0.4646848,BENIGN
-0.40505588,BENIGN
-0.34908268,BENIGN
-0.3793932,BENIGN
-0.35152844,BENIGN
-0.38045293,BENIGN
-0.33652872,BENIGN
-0.35432652,BENIGN
-0.35492104,BENIGN
-0.41816917,BENIGN
-0.43451318,BENIGN
-0.40036947,BENIGN
-0.34065837,BENIGN
-0.33450985,BENIGN
-0.38561893,BENIGN
-0.3392983,BENIGN
-0.3573492,BENIGN
-0.47246072,BENIGN
-0.38058135,BENIGN
-0.35012555,BENIGN
-0.3434487,BENIGN
-0.41531804,BENIGN
-0.3924041,BENIGN
-0.33355632,BENIGN
-0.34096175,BENIGN
-0.35506085,BENIGN
-0.4424341,BENIGN
-0.36985543,BENIGN
-0.34632385,BENIGN
-0.45153287,BENIGN
-0.34880018,BENIGN
-0.5002444,BENIGN
-0.37305865,BENIGN
-0.35347757,BENIGN
-0.34474325,BENIGN
-0.3509874,BENIGN
-0.47792915,BENIGN
-0.39771792,BENIGN
-0.33686003,BENIGN
-0.35373068,BENIGN
-0.50168556,BENIGN
-0.33895618,BENIGN
-0.36883602,BENIGN
-0.37450922,BENIGN
-0.34467283,BENIGN
-0.36923763,BENIGN
-0.38012746,BENIGN
-0.34450638,BENIGN
-0.37563312,BENIGN
-0.34117705,BENIGN
-0.35597947,BENIGN
-0.34704962,BENIGN
-0.34956467,BENIGN
-0.3394646,BENIGN
-0.3478581,BENIGN
-0.3460423,BENIGN
-0.4062531,BENIGN
-0.33343828,BENIGN
-0.33739856,BENIGN
-0.34389657,BENIGN
-0.37468728,BENIGN
-0.38996062,BENIGN
-0.66205007,BENIGN
-0.53218186,BENIGN
-0.34344542,BENIGN
-0.344729,BENIGN
-0.47108513,BENIGN
-0.38709578,BENIGN
-0.36651143,BENIGN
-0.36935586,BENIGN
-0.33091873,BENIGN
-0.35017994,BENIGN
-0.34211606,BENIGN
-0.34688544,BENIGN
-0.33736303,BENIGN
-0.39028573,BENIGN
-0.33654135,BENIGN
-0.3749403,BENIGN
-0.3695407,BENIGN
-0.35796466,BENIGN
-0.34131688,BENIGN
-0.34454465,BENIGN
-0.34556386,BENIGN
-0.3343167,BENIGN
-0.4528046,BENIGN
-0.38545913,BENIGN
-0.37562066,BENIGN
-0.33177617,BENIGN
-0.34714603,BENIGN
-0.34704506,BENIGN
-0.38971397,BENIGN
-0.37056482,BENIGN
-0.39305252,BENIGN
-0.33980408,BENIGN
-0.36549374,BENIGN
-0.45023516,BENIGN
-0.3431396,BENIGN
-0.48180506,BENIGN
-0.4013751,BENIGN
-0.47643661,BENIGN
-0.39038873,BENIGN
-0.33992654,BENIGN
-0.3792177,BENIGN
-0.35826412,BENIGN
-0.3571663,BENIGN
-0.36966467,BENIGN
-0.49006373,BENIGN
-0.5795485,BENIGN
-0.36989748,BENIGN
-0.33820584,BENIGN
-0.36807758,BENIGN
-0.66028243,BENIGN
-0.38803437,BENIGN
-0.35181198,BENIGN
-0.6351873,BENIGN
-0.3394012,BENIGN
-0.33851245,BENIGN
-0.36991277,BENIGN
-0.4119469,BENIGN
-0.52339804,BENIGN
-0.38885313,BENIGN
-0.35732484,BENIGN
-0.37365577,BENIGN
-0.40506044,BENIGN
-0.3910227,BENIGN
-0.409051,BENIGN
-0.39735833,BENIGN
-0.3471706,BENIGN
-0.34693563,BENIGN
-0.3712841,BENIGN
-0.3757892,BENIGN
-0.35975793,BENIGN
-0.37024376,BENIGN
-0.3489623,BENIGN
-0.3569423,BENIGN
-0.43835488,BENIGN
-0.33959553,BENIGN
-0.4161886,BENIGN
-0.3949563,BENIGN
-0.34410894,BENIGN
-0.3330194,BENIGN
-0.3495843,BENIGN
-0.3444088,BENIGN
-0.33873454,BENIGN
-0.46026576,BENIGN
-0.40584436,BENIGN
-0.38964498,BENIGN
-0.3826514,BENIGN
-0.34377488,BENIGN
-0.3482688,BENIGN
-0.38925636,BENIGN
-0.42040163,BENIGN
-0.33682004,BENIGN
-0.38055465,BENIGN
-0.34097043,BENIGN
-0.3846892,BENIGN
-0.39188847,BENIGN
-0.38163126,BENIGN
-0.37118283,BENIGN
-0.34510133,BENIGN
-0.42636892,BENIGN
-0.39123523,BENIGN
-0.38158447,BENIGN
-0.39038387,BENIGN
-0.3638571,BENIGN
-0.34140706,BENIGN
-0.34795916,BENIGN
-0.480232,BENIGN
-0.34090516,BENIGN
-0.38228244,BENIGN
-0.3964807,BENIGN
-0.41608948,BENIGN
-0.33260477,BENIGN
-0.3510786,BENIGN
-0.4481429,BENIGN
-0.3490712,BENIGN
-0.3452068,BENIGN
-0.40087408,BENIGN
-0.40169296,BENIGN
-0.40720692,BENIGN
-0.3914371,BENIGN
-0.3447379,BENIGN
-0.35382003,BENIGN
-0.33458683,BENIGN
-0.39795974,BENIGN
-0.3364216,BENIGN
-0.6122745,BENIGN
-0.43173206,BENIGN
-0.6383236,BENIGN
-0.36977994,BENIGN
-0.33922517,BENIGN
-0.336788,BENIGN
-0.3948228,BENIGN
-0.39041087,BENIGN
-0.40170452,BENIGN
-0.34565836,BENIGN
-0.3826822,BENIGN
-0.3533003,BENIGN
-0.66931236,BENIGN
-0.36637256,BENIGN
-0.47597346,BENIGN
-0.33992448,BENIGN
-0.3456509,BENIGN
-0.41048992,BENIGN
-0.3703542,BENIGN
-0.41663706,BENIGN
-0.34583837,BENIGN
-0.35224795,BENIGN
-0.3994627,BENIGN
-0.35963374,BENIGN
-0.39465326,BENIGN
-0.38441235,BENIGN
-0.5013854,BENIGN
-0.33930892,BENIGN
-0.34668282,BENIGN
-0.37075752,BENIGN
-0.3612459,BENIGN
-0.34065363,BENIGN
-0.40207106,BENIGN
-0.46743003,BENIGN
-0.34546164,BENIGN
-0.33625144,BENIGN
-0.33159867,BENIGN
-0.543183,BENIGN
-0.34318805,BENIGN
-0.3436442,BENIGN
-0.38570592,BENIGN
-0.3657674,BENIGN
-0.48717886,BENIGN
-0.34719294,BENIGN
-0.33686212,BENIGN
-0.4643605,BENIGN
-0.3539214,BENIGN
-0.3457326,BENIGN
-0.34858814,BENIGN
-0.3911406,BENIGN
-0.38240856,BENIGN
-0.4031935,BENIGN
-0.5116279,BENIGN
-0.5832396,BENIGN
-0.37098718,BENIGN
-0.35415572,BENIGN
-0.40794924,BENIGN
-0.35077095,BENIGN
-0.38108626,BENIGN
-0.4448611,BENIGN
-0.40455535,BENIGN
-0.4077447,BENIGN
-0.41169953,BENIGN
-0.3726595,BENIGN
-0.54650885,BENIGN
-0.39559075,BENIGN
-0.37612414,BENIGN
-0.45002308,BENIGN
-0.3486199,BENIGN
-0.33384085,BENIGN
-0.35935947,BENIGN
-0.36965078,BENIGN
-0.34988335,BENIGN
-0.38156563,BENIGN
-0.34329513,BENIGN
-0.38232893,BENIGN
-0.34550956,BENIGN
-0.3376289,BENIGN
-0.44042593,BENIGN
-0.3348745,BENIGN
-0.39023218,BENIGN
-0.41238236,BENIGN
-0.3491916,BENIGN
-0.4326164,BENIGN
-0.33965388,BENIGN
-0.5771164,BENIGN
-0.3333855,BENIGN
-0.33894894,BENIGN
-0.3727481,BENIGN
-0.35275343,BENIGN
-0.37819692,BENIGN
-0.34470144,BENIGN
-0.34124362,BENIGN
-0.44662368,BENIGN
-0.34845582,BENIGN
-0.33758694,BENIGN
-0.35933143,BENIGN
-0.56514025,BENIGN
-0.38964966,BENIGN
-0.38803884,BENIGN
-0.37820646,BENIGN
-0.5564128,BENIGN
-0.41136253,BENIGN
-0.36533347,BENIGN
-0.3486522,BENIGN
-0.41103366,BENIGN
-0.339184,BENIGN
-0.38520953,BENIGN
-0.3588022,BENIGN
-0.34992346,BENIGN
-0.5972734,BENIGN
-0.41962206,BENIGN
-0.35679188,BENIGN
-0.58741605,BENIGN
-0.33658904,BENIGN
-0.580486,BENIGN
-0.5106729,BENIGN
-0.35010585,BENIGN
-0.342705,BENIGN
-0.42484066,BENIGN
-0.36766294,BENIGN
-0.33648312,BENIGN
-0.36517048,BENIGN
-0.4342857,BENIGN
-0.39275682,BENIGN
-0.33928218,BENIGN
-0.33840495,BENIGN
-0.36522287,BENIGN
-0.37497932,BENIGN
-0.3331846,BENIGN
-0.40113243,BENIGN
-0.34905672,BENIGN
-0.45758694,BENIGN
-0.3424154,BENIGN
-0.3552813,BENIGN
-0.34115648,BENIGN
-0.3722376,BENIGN
-0.38422647,BENIGN
-0.39219692,BENIGN
-0.54944927,BENIGN
-0.34539446,BENIGN
-0.35002398,BENIGN
-0.4004426,BENIGN
-0.33741572,BENIGN
-0.41806906,BENIGN
-0.53772193,BENIGN
-0.49862298,BENIGN
-0.3568354,BENIGN
-0.45237336,BENIGN
-0.34745398,BENIGN
-0.40845785,BENIGN
-0.34681758,BENIGN
-0.36423445,BENIGN
-0.44624144,BENIGN
-0.35525718,BENIGN
-0.34076595,BENIGN
-0.43489203,BENIGN
-0.34751022,BENIGN
-0.5621545,BENIGN
-0.46313566,BENIGN
-0.3314703,BENIGN
-0.37075406,BENIGN
-0.3440668,BENIGN
-0.53626126,BENIGN
-0.3779659,BENIGN
-0.37216473,BENIGN
-0.33299235,BENIGN
-0.33810073,BENIGN
-0.34998688,BENIGN
-0.3458654,BENIGN
-0.42035028,BENIGN
-0.3725257,BENIGN
-0.34912547,BENIGN
-0.36736414,BENIGN
-0.39410603,BENIGN
-0.34698507,BENIGN
-0.36183172,BENIGN
-0.34637785,BENIGN
-0.41661948,BENIGN
-0.33556786,BENIGN
-0.34767872,BENIGN
-0.42696896,BENIGN
-0.34962502,BENIGN
-0.45834482,BENIGN
-0.42692438,BENIGN
-0.6742731,BENIGN
-0.35732567,BENIGN
-0.5144989,BENIGN
-0.38899243,BENIGN
-0.4161826,BENIGN
-0.34066042,BENIGN
-0.3324313,BENIGN
-0.35782957,BENIGN
-0.42449299,BENIGN
-0.3368228,BENIGN
-0.37188807,BENIGN
-0.34709364,BENIGN
-0.33741298,BENIGN
-0.41966507,BENIGN
-0.41151777,BENIGN
-0.37201488,BENIGN
-0.5116577,BENIGN
-0.3480551,BENIGN
-0.41284516,BENIGN
-0.36879012,BENIGN
-0.38785547,BENIGN
-0.3527779,BENIGN
-0.34043843,BENIGN
-0.3900882,BENIGN
-0.41821656,BENIGN
-0.35170823,BENIGN
-0.39256173,BENIGN
-0.34984693,BENIGN
-0.37565905,BENIGN
-0.4501382,BENIGN
-0.34431353,BENIGN
-0.35570812,BENIGN
-0.4736107,BENIGN
-0.39028966,BENIGN
-0.40041703,BENIGN
-0.34234142,BENIGN
-0.34012237,BENIGN
-0.3752751,BENIGN
-0.37266144,BENIGN
-0.4717921,BENIGN
-0.36921158,BENIGN
-0.41719058,BENIGN
-0.33837524,BENIGN
-0.34354195,BENIGN
-0.38906726,BENIGN
-0.37205803,BENIGN
-0.45670685,BENIGN
-0.3409142,BENIGN
-0.34141085,BENIGN
-0.37405077,BENIGN
-0.3806034,BENIGN
-0.361514,BENIGN
-0.34795818,BENIGN
-0.3400201,BENIGN
-0.54533803,BENIGN
-0.345835,BENIGN
-0.3497202,BENIGN
-0.60175794,BENIGN
-0.34259415,BENIGN
-0.35849768,BENIGN
-0.3369369,BENIGN
-0.46216133,BENIGN
-0.46833923,BENIGN
-0.6168423,BENIGN
-0.38204715,BENIGN
-0.44653478,BENIGN
-0.34043255,BENIGN
-0.37154186,BENIGN
-0.4866243,BENIGN
-0.37714952,BENIGN
-0.35604376,BENIGN
-0.3720119,BENIGN
-0.4071118,BENIGN
-0.36925256,BENIGN
-0.43303847,BENIGN
-0.33120152,BENIGN
-0.43023396,BENIGN
-0.3458654,BENIGN
-0.34714603,BENIGN
-0.33961728,BENIGN
-0.35329276,BENIGN
-0.3444846,BENIGN
-0.44890103,BENIGN
-0.34366143,BENIGN
-0.37482315,BENIGN
-0.37581146,BENIGN
-0.37932506,BENIGN
-0.38624462,BENIGN
-0.3469718,BENIGN
-0.39254573,BENIGN
-0.33417544,BENIGN
-0.39756542,BENIGN
-0.46183887,BENIGN
-0.5406172,BENIGN
-0.3802679,BENIGN
-0.49970856,BENIGN
-0.3347535,BENIGN
-0.35331458,BENIGN
-0.38051838,BENIGN
-0.540458,BENIGN
-0.45753527,BENIGN
-0.34625918,BENIGN
-0.40905535,BENIGN
-0.36344987,BENIGN
-0.33578074,BENIGN
-0.360555,BENIGN
-0.36567265,BENIGN
-0.41802987,BENIGN
-0.55309427,BENIGN
-0.33862856,BENIGN
-0.33749115,BENIGN
-0.40912536,BENIGN
-0.34688145,BENIGN
-0.3897473,BENIGN
-0.36633247,BENIGN
-0.40297619,BENIGN
-0.45726454,BENIGN
-0.33593863,BENIGN
-0.35459706,BENIGN
-0.43808633,BENIGN
-0.3758555,BENIGN
-0.34343782,BENIGN
-0.33629328,BENIGN
-0.3925663,BENIGN
-0.42107436,BENIGN
-0.4018135,BENIGN
-0.38454148,BENIGN
-0.3733733,BENIGN
-0.3685607,BENIGN
-0.33140534,BENIGN
-0.34244198,BENIGN
-0.38791305,BENIGN
-0.5306987,BENIGN
-0.46055463,BENIGN
-0.38073716,BENIGN
-0.3939294,BENIGN
-0.3597296,BENIGN
-0.5341826,BENIGN
-0.35704336,BENIGN
-0.34118715,BENIGN
-0.40704548,BENIGN
-0.4623175,BENIGN
-0.3355604,BENIGN
-0.33392647,BENIGN
-0.33898383,BENIGN
-0.33880207,BENIGN
-0.33565563,BENIGN
-0.46222192,BENIGN
-0.48785427,BENIGN
-0.4343164,BENIGN
-0.3334946,BENIGN
-0.3855419,BENIGN
-0.33706862,BENIGN
-0.42444128,BENIGN
-0.48669997,BENIGN
-0.5588986,BENIGN
-0.38651368,BENIGN
-0.38877374,BENIGN
-0.33766615,BENIGN
-0.34978333,BENIGN
-0.34022745,BENIGN
-0.39614636,BENIGN
-0.3437396,BENIGN
-0.37205803,BENIGN
-0.37312227,BENIGN
-0.34034413,BENIGN
-0.5067722,BENIGN
-0.34095883,BENIGN
-0.35568225,BENIGN
-0.4508938,BENIGN
-0.34054703,BENIGN
-0.34220904,BENIGN
-0.4128013,BENIGN
-0.46068293,BENIGN
-0.37433776,BENIGN
-0.5116212,BENIGN
-0.35985073,BENIGN
-0.36151084,BENIGN
-0.35136676,BENIGN
-0.39655045,BENIGN
-0.398964,BENIGN
-0.36721882,BENIGN
-0.43525845,BENIGN
-0.49601966,BENIGN
-0.3979157,BENIGN
-0.34234726,BENIGN
-0.34753877,BENIGN
-0.36716872,BENIGN
-0.46149287,BENIGN
-0.42339414,BENIGN
-0.3723008,BENIGN
-0.33711293,BENIGN
-0.4063435,BENIGN
-0.35511646,BENIGN
-0.33845598,BENIGN
-0.5755188,BENIGN
-0.41359732,BENIGN
-0.34943312,BENIGN
-0.34086183,BENIGN
-0.33929813,BENIGN
-0.37055948,BENIGN
-0.3899175,BENIGN
-0.51597464,BENIGN
-0.35069934,BENIGN
-0.39708686,BENIGN
-0.3726926,BENIGN
-0.3449433,BENIGN
-0.38399342,BENIGN
-0.3458654,BENIGN
-0.33986592,BENIGN
-0.36736414,BENIGN
-0.6572298,BENIGN
-0.35552567,BENIGN
-0.34440017,BENIGN
-0.4549263,BENIGN
-0.34729487,BENIGN
-0.3764469,BENIGN
-0.39191833,BENIGN
-0.33924398,BENIGN
-0.3584817,BENIGN
-0.57398283,BENIGN
-0.34297007,BENIGN
-0.3545145,BENIGN
-0.5604294,BENIGN
-0.35855293,BENIGN
-0.34908268,BENIGN
-0.36918885,BENIGN
-0.5230257,BENIGN
-0.36823776,BENIGN
-0.4193732,BENIGN
-0.43065268,BENIGN
-0.3405611,BENIGN
-0.3716774,BENIGN
-0.35174125,BENIGN
-0.45704976,BENIGN
-0.36940438,BENIGN
-0.35684037,BENIGN
-0.37490782,BENIGN
-0.5471803,BENIGN
-0.38960198,BENIGN
-0.40916607,BENIGN
-0.35563284,BENIGN
-0.34052777,BENIGN
-0.34488618,BENIGN
-0.3399751,BENIGN
-0.46162894,BENIGN
-0.33695853,BENIGN
-0.3585596,BENIGN
-0.6782814,BENIGN
-0.45937753,BENIGN
-0.43257225,BENIGN
-0.37010512,BENIGN
-0.38926774,BENIGN
-0.41521892,BENIGN
-0.34951076,BENIGN
-0.34273967,BENIGN
-0.3440668,BENIGN
-0.36810422,BENIGN
-0.56850934,BENIGN
-0.3359439,BENIGN
-0.4330985,BENIGN
-0.69540966,BENIGN
-0.34459728,BENIGN
-0.41356137,BENIGN
-0.3331846,BENIGN
-0.36667135,BENIGN
-0.36875394,BENIGN
-0.33455488,BENIGN
-0.34040394,BENIGN
-0.34046602,BENIGN
-0.3496637,BENIGN
-0.3654515,BENIGN
-0.3653931,BENIGN
-0.35609496,BENIGN
-0.40350756,BENIGN
-0.35813037,BENIGN
-0.34133878,BENIGN
-0.47550756,BENIGN
-0.37804556,BENIGN
-0.37569755,BENIGN
-0.34863427,BENIGN
-0.35612443,BENIGN
-0.3493562,BENIGN
-0.5789115,BENIGN
-0.34633905,BENIGN
-0.39663273,BENIGN
-0.4663667,BENIGN
-0.40258753,BENIGN
-0.34176025,BENIGN
-0.36991277,BENIGN
-0.35505882,BENIGN
-0.5364793,BENIGN
-0.38567844,BENIGN
-0.33926207,BENIGN
-0.37175658,BENIGN
-0.3463182,BENIGN
-0.3451015,BENIGN
-0.3701846,BENIGN
-0.528683,BENIGN
-0.35101807,BENIGN
-0.35192138,BENIGN
-0.44681785,BENIGN
-0.3371633,BENIGN
-0.4082356,BENIGN
-0.3678159,BENIGN
-0.36747006,BENIGN
-0.4869831,BENIGN
-0.344401,BENIGN
-0.45232332,BENIGN
-0.3772955,BENIGN
-0.40357462,BENIGN
-0.3713674,BENIGN
-0.35476786,BENIGN
-0.3589167,BENIGN
-0.34919673,BENIGN
-0.33642545,BENIGN
-0.37443554,BENIGN
-0.33563855,BENIGN
-0.37487072,BENIGN
-0.39717135,BENIGN
-0.35597053,BENIGN
-0.47948733,BENIGN
-0.59970623,BENIGN
-0.34002462,BENIGN
-0.41463462,BENIGN
-0.5301042,BENIGN
-0.34743193,BENIGN
-0.34984922,BENIGN
-0.36995894,BENIGN
-0.3499858,BENIGN
-0.41863278,BENIGN
-0.33976558,BENIGN
-0.43302938,BENIGN
-0.34662667,BENIGN
-0.3857335,BENIGN
-0.34900963,BENIGN
-0.39036003,BENIGN
-0.3973746,BENIGN
-0.37651348,BENIGN
-0.6546122,BENIGN
-0.36556062,BENIGN
-0.393672,BENIGN
-0.34332353,BENIGN
-0.39092964,BENIGN
-0.40087354,BENIGN
-0.46735,BENIGN
-0.55553657,BENIGN
-0.34985617,BENIGN
-0.3515488,BENIGN
-0.36678544,BENIGN
-0.46103582,BENIGN
-0.34074178,BENIGN
-0.36741146,BENIGN
-0.40580678,BENIGN
-0.3909703,BENIGN
-0.67879367,BENIGN
-0.3629419,BENIGN
-0.34140933,BENIGN
-0.35524786,BENIGN
-0.34780636,BENIGN
-0.4261763,BENIGN
-0.35362795,BENIGN
-0.33350384,BENIGN
-0.36848795,BENIGN
-0.34268424,BENIGN
-0.36995894,BENIGN
-0.3781952,BENIGN
-0.38449028,BENIGN
-0.33998874,BENIGN
-0.35676175,BENIGN
-0.35127133,BENIGN
-0.37120646,BENIGN
-0.39535472,BENIGN
-0.4085506,BENIGN
-0.3777883,BENIGN
-0.36133674,BENIGN
-0.43443522,BENIGN
-0.34359664,BENIGN
-0.40747523,BENIGN
-0.47543803,BENIGN
-0.4416149,BENIGN
-0.39665908,BENIGN
-0.39255425,BENIGN
-0.5681261,BENIGN
-0.3591539,BENIGN
-0.3380043,BENIGN
-0.34140116,BENIGN
-0.40874565,BENIGN
-0.34492922,BENIGN
-0.5445492,BENIGN
-0.4167707,BENIGN
-0.34249568,BENIGN
-0.33889467,BENIGN
-0.5621604,BENIGN
-0.37217757,BENIGN
-0.4273616,BENIGN
-0.40550286,BENIGN
-0.35866868,BENIGN
-0.38438985,BENIGN
-0.36810791,BENIGN
-0.39208686,BENIGN
-0.3376331,BENIGN
-0.37743926,BENIGN
-0.33891988,BENIGN
-0.43371314,BENIGN
-0.38104695,BENIGN
-0.58001465,BENIGN
-0.37874296,BENIGN
-0.44219103,BENIGN
-0.38980716,BENIGN
-0.33960104,BENIGN
-0.34571514,BENIGN
-0.3358743,BENIGN
-0.4569219,BENIGN
-0.37087587,BENIGN
-0.3435984,BENIGN
-0.37878317,BENIGN
-0.33474255,BENIGN
-0.39874232,BENIGN
-0.5989367,BENIGN
-0.38922268,BENIGN
-0.3937849,BENIGN
-0.34299514,BENIGN
-0.3799045,BENIGN
-0.3354321,BENIGN
-0.38666567,BENIGN
-0.35184848,BENIGN
-0.3655631,BENIGN
-0.37375477,BENIGN
-0.4284771,BENIGN
-0.6575232,BENIGN
-0.3789423,BENIGN
-0.36421835,BENIGN
-0.34076044,BENIGN
-0.34887907,BENIGN
-0.5879452,BENIGN
-0.44416836,BENIGN
-0.57143855,BENIGN
-0.43104318,BENIGN
-0.35153192,BENIGN
-0.37507492,BENIGN
-0.5260791,BENIGN
-0.35093886,BENIGN
-0.36584035,BENIGN
-0.47167447,BENIGN
-0.33387223,BENIGN
-0.36651143,BENIGN
-0.34860727,BENIGN
-0.37244076,BENIGN
-0.3772425,BENIGN
-0.3678877,BENIGN
-0.46485856,BENIGN
-0.34233904,BENIGN
-0.38273448,BENIGN
-0.34215328,BENIGN
-0.34770963,BENIGN
-0.3722537,BENIGN
-0.5045755,BENIGN
-0.33746156,BENIGN
-0.34237137,BENIGN
-0.39862016,BENIGN
-0.39929345,BENIGN
-0.34189564,BENIGN
-0.34149608,BENIGN
-0.36809373,BENIGN
-0.3630652,BENIGN
-0.33792612,BENIGN
-0.3371787,BENIGN
-0.34443784,BENIGN
-0.45489562,BENIGN
-0.4161335,BENIGN
-0.35260302,BENIGN
-0.33844697,BENIGN
-0.45307818,BENIGN
-0.36233157,BENIGN
-0.470952,BENIGN
-0.33792955,BENIGN
-0.3996885,BENIGN
-0.34311488,BENIGN
-0.37308115,BENIGN
-0.5548049,BENIGN
-0.40339854,BENIGN
-0.3387837,BENIGN
-0.36616927,BENIGN
-0.3922195,BENIGN
-0.3404667,BENIGN
-0.35372978,BENIGN
-0.33603185,BENIGN
-0.34706557,BENIGN
-0.34203923,BENIGN
-0.41476822,BENIGN
-0.38663435,BENIGN
-0.35205638,BENIGN
-0.43513864,BENIGN
-0.335492,BENIGN
-0.35098162,BENIGN
-0.37074408,BENIGN
-0.42537355,BENIGN
-0.39385164,BENIGN
-0.3835784,BENIGN
-0.3965226,BENIGN
-0.5299779,BENIGN
-0.3456212,BENIGN
-0.41036904,BENIGN
-0.41391602,BENIGN
-0.38478652,BENIGN
-0.37421477,BENIGN
-0.35159492,BENIGN
-0.33568344,BENIGN
-0.4074061,BENIGN
-0.39352182,BENIGN
-0.36946207,BENIGN
-0.34474367,BENIGN
-0.3563292,BENIGN
-0.5287295,BENIGN
-0.41892645,BENIGN
-0.34164694,BENIGN
-0.33599374,BENIGN
-0.3637659,BENIGN
-0.36442098,BENIGN
-0.38684848,BENIGN
-0.43330503,BENIGN
-0.36652434,BENIGN
-0.33741316,BENIGN
-0.43274558,BENIGN
-0.34617016,BENIGN
-0.6100056,BENIGN
-0.34908268,BENIGN
-0.36775082,BENIGN
-0.51038665,BENIGN
-0.3360654,BENIGN
-0.36574402,BENIGN
-0.33894202,BENIGN
-0.39985424,BENIGN
-0.37329572,BENIGN
-0.56247735,BENIGN
-0.34872797,BENIGN
-0.3404802,BENIGN
-0.40226376,BENIGN
-0.4011197,BENIGN
-0.33236027,BENIGN
-0.34796897,BENIGN
-0.3653424,BENIGN
-0.56678927,BENIGN
-0.39459088,BENIGN
-0.42070842,BENIGN
-0.38035625,BENIGN
-0.36592016,BENIGN
-0.36208948,BENIGN
-0.3534607,BENIGN
-0.3890426,BENIGN
-0.35561037,BENIGN
-0.3411682,BENIGN
-0.3699636,BENIGN
-0.37653357,BENIGN
-0.34794638,BENIGN
-0.3369765,BENIGN
-0.3586072,BENIGN
-0.35679767,BENIGN
-0.37645334,BENIGN
-0.33545262,BENIGN
-0.50640035,BENIGN
-0.36467546,BENIGN
-0.4193732,BENIGN
-0.3643194,BENIGN
-0.6197311,BENIGN
-0.36328545,BENIGN
-0.35458338,BENIGN
-0.36815947,BENIGN
-0.33664194,BENIGN
-0.37973264,BENIGN
-0.33227137,BENIGN
-0.36995876,BENIGN
-0.45423195,BENIGN
-0.3900857,BENIGN
-0.34021613,BENIGN
-0.38798672,BENIGN
-0.42804545,BENIGN
-0.37978366,BENIGN
-0.35863343,BENIGN
-0.34021825,BENIGN
-0.36574402,BENIGN
-0.3483233,BENIGN
-0.35646445,BENIGN
-0.37964174,BENIGN
-0.3882788,BENIGN
-0.38410196,BENIGN
-0.40199926,BENIGN
-0.40641657,BENIGN
-0.33312863,BENIGN
-0.39651805,BENIGN
-0.3836803,BENIGN
-0.4320018,BENIGN
-0.35182366,BENIGN
-0.36580813,BENIGN
-0.5496592,BENIGN
-0.35342085,BENIGN
-0.46327642,BENIGN
-0.34033552,BENIGN
-0.35202882,BENIGN
-0.5765896,BENIGN
-0.60972714,BENIGN
-0.36064643,BENIGN
-0.44736958,BENIGN
-0.3668752,BENIGN
-0.4011917,BENIGN
-0.38158244,BENIGN
-0.3692594,BENIGN
-0.33991238,BENIGN
-0.34617016,BENIGN
-0.33273727,BENIGN
-0.3772169,BENIGN
-0.38502985,BENIGN
-0.3766813,BENIGN
-0.38850626,BENIGN
-0.36289474,BENIGN
-0.3920047,BENIGN
-0.45232564,BENIGN
-0.39867026,BENIGN
-0.3345271,BENIGN
-0.39487785,BENIGN
-0.35010564,BENIGN
-0.34334433,BENIGN
-0.33312863,BENIGN
-0.34142128,BENIGN
-0.56246614,BENIGN
-0.36574402,BENIGN
-0.393629,BENIGN
-0.36753857,BENIGN
-0.34030437,BENIGN
-0.34503984,BENIGN
-0.4020914,BENIGN
-0.34246272,BENIGN
-0.3406909,BENIGN
-0.43333367,BENIGN
-0.45345226,BENIGN
-0.35738963,BENIGN
-0.37444326,BENIGN
-0.33899707,BENIGN
-0.33596027,BENIGN
-0.34835258,BENIGN
-0.4093062,BENIGN
-0.37267348,BENIGN
-0.5906267,BENIGN
-0.37817678,BENIGN
-0.35699573,BENIGN
-0.3546834,BENIGN
-0.35885707,BENIGN
-0.35876074,BENIGN
-0.3686103,BENIGN
-0.33610964,BENIGN
-0.59638953,BENIGN
-0.38163483,BENIGN
-0.34268874,BENIGN
-0.3580774,BENIGN
-0.34100705,BENIGN
-0.5800406,BENIGN
-0.5802504,BENIGN
-0.3964415,BENIGN
-0.50150526,BENIGN
-0.3694541,BENIGN
-0.33924308,BENIGN
-0.5368772,BENIGN
-0.36176473,BENIGN
-0.4146141,BENIGN
-0.44220245,BENIGN
-0.33900544,BENIGN
-0.37171626,BENIGN
-0.40048546,BENIGN
-0.39512905,BENIGN
-0.37390327,BENIGN
-0.37401888,BENIGN
-0.4489842,BENIGN
-0.3828815,BENIGN
-0.35228607,BENIGN
-0.34276402,BENIGN
-0.33066723,BENIGN
-0.36513153,BENIGN
-0.5652163,BENIGN
-0.34253213,BENIGN
-0.3483233,BENIGN
-0.34380043,BENIGN
-0.4505517,BENIGN
-0.36168972,BENIGN
-0.3328435,BENIGN
-0.39361912,BENIGN
-0.34268224,BENIGN
-0.34139058,BENIGN
-0.35749936,BENIGN
-0.57296455,BENIGN
-0.38578653,BENIGN
-0.33665377,BENIGN
-0.35745043,BENIGN
-0.3783737,BENIGN
-0.3918346,BENIGN
-0.519728,BENIGN
-0.36529097,BENIGN
-0.35108593,BENIGN
-0.3525568,BENIGN
-0.3448728,BENIGN
-0.38153982,BENIGN
-0.5519721,BENIGN
-0.3459167,BENIGN
-0.38879293,BENIGN
-0.5783644,BENIGN
-0.33295694,BENIGN
-0.33852342,BENIGN
-0.38678086,BENIGN
-0.33494,BENIGN
-0.34052777,BENIGN
-0.37151122,BENIGN
-0.385183,BENIGN
-0.36890757,BENIGN
-0.34345695,BENIGN
-0.38834465,BENIGN
-0.45025334,BENIGN
-0.3376822,BENIGN
-0.38621807,BENIGN
-0.35498714,BENIGN
-0.4128695,BENIGN
-0.33985192,BENIGN
-0.38150486,BENIGN
-0.37868628,BENIGN
-0.33330518,BENIGN
-0.33857155,BENIGN
-0.35695496,BENIGN
-0.3672399,BENIGN
-0.3440901,BENIGN
-0.46881142,BENIGN
-0.37453228,BENIGN
-0.33471796,BENIGN
-0.36943617,BENIGN
-0.50451744,BENIGN
-0.33511782,BENIGN
-0.452269,BENIGN
-0.3539582,BENIGN
-0.33825055,BENIGN
-0.35167068,BENIGN
-0.351412,BENIGN
-0.3910871,BENIGN
-0.3425287,BENIGN
-0.35616466,BENIGN
-0.40857875,BENIGN
-0.364259,BENIGN
-0.35083446,BENIGN
-0.5447875,BENIGN
-0.42036742,BENIGN
-0.4789306,BENIGN
-0.35319152,BENIGN
-0.50695163,BENIGN
-0.3856517,BENIGN
-0.33695447,BENIGN
-0.36400253,BENIGN
-0.36846143,BENIGN
-0.34005633,BENIGN
-0.41658,BENIGN
-0.3456912,BENIGN
-0.39400554,BENIGN
-0.37976122,BENIGN
-0.34738648,BENIGN
-0.36762157,BENIGN
-0.3336629,BENIGN
-0.37190467,BENIGN
-0.3347924,BENIGN
-0.70096165,BENIGN
-0.37346634,BENIGN
-0.35105154,BENIGN
-0.5380368,BENIGN
-0.33506113,BENIGN
-0.42324004,BENIGN
-0.34244567,BENIGN
-0.34509668,BENIGN
-0.33475226,BENIGN
-0.39606172,BENIGN
-0.34308243,BENIGN
-0.3444575,BENIGN
-0.46490878,BENIGN
-0.4165439,BENIGN
-0.36941803,BENIGN
-0.4057121,BENIGN
-0.34252355,BENIGN
-0.383481,BENIGN
-0.34187207,BENIGN
-0.34052604,BENIGN
-0.54963857,BENIGN
-0.42837065,BENIGN
-0.38794175,BENIGN
-0.43444,BENIGN
-0.33524382,BENIGN
-0.3450528,BENIGN
-0.34486732,BENIGN
-0.39295903,BENIGN
-0.39360496,BENIGN
-0.44256243,BENIGN
-0.344644,BENIGN
-0.65244883,BENIGN
-0.34435007,BENIGN
-0.34494713,BENIGN
-0.44444788,BENIGN
-0.37121302,BENIGN
-0.33386385,BENIGN
-0.45382747,BENIGN
-0.3484656,BENIGN
-0.3361022,BENIGN
-0.33585313,BENIGN
-0.39172655,BENIGN
-0.4518545,BENIGN
-0.3476915,BENIGN
-0.4342628,BENIGN
-0.4407756,BENIGN
-0.51436526,BENIGN
-0.33353865,BENIGN
-0.5836055,BENIGN
-0.33673018,BENIGN
-0.39113247,BENIGN
-0.59748983,BENIGN
-0.4518599,BENIGN
-0.40584645,BENIGN
-0.491647,BENIGN
-0.3476384,BENIGN
-0.45247933,BENIGN
-0.35072067,BENIGN
-0.37076178,BENIGN
-0.50798607,BENIGN
-0.4155352,BENIGN
-0.37681365,BENIGN
-0.34968928,BENIGN
-0.49554843,BENIGN
-0.33889198,BENIGN
-0.34746292,BENIGN
-0.4194423,BENIGN
-0.33376384,BENIGN
-0.3680758,BENIGN
-0.3932378,BENIGN
-0.41639352,BENIGN
-0.3574719,BENIGN
-0.385767,BENIGN
-0.43822804,BENIGN
-0.34867227,BENIGN
-0.34271526,BENIGN
-0.46045643,BENIGN
-0.3991525,BENIGN
-0.5604296,BENIGN
-0.37294802,BENIGN
-0.3459999,BENIGN
-0.44470495,BENIGN
-0.5025124,BENIGN
-0.35227266,BENIGN
-0.35380453,BENIGN
-0.33692476,BENIGN
-0.39528736,BENIGN
-0.34193352,BENIGN
-0.36646003,BENIGN
-0.34532195,BENIGN
-0.3528989,BENIGN
-0.37102348,BENIGN
-0.5147719,BENIGN
-0.33846554,BENIGN
-0.39167514,BENIGN
-0.33521086,BENIGN
-0.39137757,BENIGN
-0.64130545,BENIGN
-0.3454395,BENIGN
-0.34141675,BENIGN
-0.41845226,BENIGN
-0.34980986,BENIGN
-0.3580323,BENIGN
-0.39355987,BENIGN
-0.33406052,BENIGN
-0.33678964,BENIGN
-0.53848004,BENIGN
-0.4220108,BENIGN
-0.3753633,BENIGN
-0.3429421,BENIGN
-0.35309222,BENIGN
-0.48510414,BENIGN
-0.58699226,BENIGN
-0.53705454,BENIGN
-0.39958158,BENIGN
-0.35622114,BENIGN
-0.34826234,BENIGN
-0.35012555,BENIGN
-0.34754744,BENIGN
-0.37528893,BENIGN
-0.63809055,BENIGN
-0.39191833,BENIGN
-0.33642748,BENIGN
-0.5362978,BENIGN
-0.39084047,BENIGN
-0.39149588,BENIGN
-0.4015249,BENIGN
-0.4438818,BENIGN
-0.36906376,BENIGN
-0.45915943,BENIGN
-0.39754432,BENIGN
-0.37400684,BENIGN
-0.35467586,BENIGN
-0.35980406,BENIGN
-0.38258088,BENIGN
-0.5117605,BENIGN
-0.39924407,BENIGN
-0.3509519,BENIGN
-0.43457162,BENIGN
-0.40040296,BENIGN
-0.3893759,BENIGN
-0.42696896,BENIGN
-0.36889848,BENIGN
-0.43426192,BENIGN
-0.34688392,BENIGN
-0.393682,BENIGN
-0.3342881,BENIGN
-0.43136975,BENIGN
-0.40849385,BENIGN
-0.34245658,BENIGN
-0.35381445,BENIGN
-0.37217274,BENIGN
-0.4098839,BENIGN
-0.33466664,BENIGN
-0.3390909,BENIGN
-0.3696706,BENIGN
-0.36150426,BENIGN
-0.34769452,BENIGN
-0.3840908,BENIGN
-0.36394817,BENIGN
-0.3766076,BENIGN
-0.35418552,BENIGN
-0.3428753,BENIGN
-0.37204847,BENIGN
-0.60453683,BENIGN
-0.36998245,BENIGN
-0.3777347,BENIGN
-0.49330938,BENIGN
-0.40258518,BENIGN
-0.44800717,BENIGN
-0.3530093,BENIGN
-0.45616317,BENIGN
-0.37484118,BENIGN
-0.4033756,BENIGN
-0.354637,BENIGN
-0.3417268,BENIGN
-0.39627767,BENIGN
-0.3475428,BENIGN
-0.33728206,BENIGN
-0.3713303,BENIGN
-0.40804353,BENIGN
-0.43295214,BENIGN
-0.36400253,BENIGN
-0.39462173,BENIGN
-0.3429308,BENIGN
-0.36574402,BENIGN
-0.44149867,BENIGN
-0.38481227,BENIGN
-0.40713635,BENIGN
-0.35474914,BENIGN
-0.39191833,BENIGN
-0.34470144,BENIGN
-0.39089948,BENIGN
-0.39406097,BENIGN
-0.39599624,BENIGN
-0.3630321,BENIGN
-0.5274267,BENIGN
-0.45005095,BENIGN
-0.36798576,BENIGN
-0.35876927,BENIGN
-0.37096846,BENIGN
-0.43244004,BENIGN
-0.37143815,BENIGN
-0.34760976,BENIGN
-0.34680736,BENIGN
-0.38018844,BENIGN
-0.34805214,BENIGN
-0.33540925,BENIGN
-0.51700777,BENIGN
-0.35837555,BENIGN
-0.35620397,BENIGN
-0.35514536,BENIGN
-0.47183713,BENIGN
-0.36683935,BENIGN
-0.5537004,BENIGN
-0.38259593,BENIGN
-0.4098006,BENIGN
-0.3375833,BENIGN
-0.34443295,BENIGN
-0.40918735,BENIGN
-0.35138303,BENIGN
-0.335191,BENIGN
-0.39129367,BENIGN
-0.43632612,BENIGN
-0.3560695,BENIGN
-0.3986107,BENIGN
-0.3354921,BENIGN
-0.39019004,BENIGN
-0.38459837,BENIGN
-0.39998,BENIGN
-0.45658603,BENIGN
-0.3327717,BENIGN
-0.4190687,BENIGN
-0.41047567,BENIGN
-0.5751238,BENIGN
-0.34727812,BENIGN
-0.33336425,BENIGN
-0.3437122,BENIGN
-0.6171731,BENIGN
-0.34962982,BENIGN
-0.34101856,BENIGN
-0.55984396,BENIGN
-0.34268224,BENIGN
-0.44493026,BENIGN
-0.3666339,BENIGN
-0.34856611,BENIGN
-0.6439874,BENIGN
-0.35974222,BENIGN
-0.35047513,BENIGN
-0.33496127,BENIGN
-0.3600605,BENIGN
-0.3494824,BENIGN
-0.5300035,BENIGN
-0.37068722,BENIGN
-0.35416126,BENIGN
-0.3361904,BENIGN
-0.33820572,BENIGN
-0.5692983,BENIGN
-0.35090294,BENIGN
-0.33688775,BENIGN
-0.33804098,BENIGN
-0.3927558,BENIGN
-0.39792442,BENIGN
-0.42087144,BENIGN
-0.4007022,BENIGN
-0.33749765,BENIGN
-0.3918991,BENIGN
-0.3330683,BENIGN
-0.34131333,BENIGN
-0.3426303,BENIGN
-0.34830284,BENIGN
-0.37602222,BENIGN
-0.36996698,BENIGN
-0.4145834,BENIGN
-0.6834835,BENIGN
-0.5483704,BENIGN
-0.3517703,BENIGN
-0.45269576,BENIGN
-0.4165083,BENIGN
-0.33502936,BENIGN
-0.34334555,BENIGN
-0.44710636,BENIGN
-0.45217875,BENIGN
-0.37916535,BENIGN
-0.33855143,BENIGN
-0.6024041,BENIGN
-0.3691934,BENIGN
-0.35721773,BENIGN
-0.33996907,BENIGN
-0.365366,BENIGN
-0.4027889,BENIGN
-0.35701948,BENIGN
-0.34487438,BENIGN
-0.34436086,BENIGN
-0.45621604,BENIGN
-0.3412802,BENIGN
-0.39019072,BENIGN
-0.34383097,BENIGN
-0.3840253,BENIGN
-0.33765027,BENIGN
-0.4473121,BENIGN
-0.44061548,BENIGN
-0.3713674,BENIGN
-0.35940817,BENIGN
-0.35357508,BENIGN
-0.37609914,BENIGN
-0.34151396,BENIGN
-0.37374654,BENIGN
-0.34743202,BENIGN
-0.37015405,BENIGN
-0.4993096,BENIGN
-0.35239878,BENIGN
-0.52669483,BENIGN
-0.44856963,BENIGN
-0.3409599,BENIGN
-0.39011592,BENIGN
-0.4074239,BENIGN
-0.34538612,BENIGN
-0.5584862,BENIGN
-0.39262563,BENIGN
-0.38862815,BENIGN
-0.36077967,BENIGN
-0.34300154,BENIGN
-0.41040668,BENIGN
-0.3720765,BENIGN
-0.33635435,BENIGN
-0.3921041,BENIGN
-0.465136,BENIGN
-0.47000328,BENIGN
-0.4236112,BENIGN
-0.33859497,BENIGN
-0.35794708,BENIGN
-0.34433612,BENIGN
-0.3341865,BENIGN
-0.4560855,BENIGN
-0.34084898,BENIGN
-0.45563394,BENIGN
-0.34038576,BENIGN
-0.5214376,BENIGN
-0.40756246,BENIGN
-0.33348128,BENIGN
-0.39237976,BENIGN
-0.35078415,BENIGN
-0.38974878,BENIGN
-0.37041867,BENIGN
-0.33911398,BENIGN
-0.3402136,BENIGN
-0.3459964,BENIGN
-0.45182264,BENIGN
-0.33447388,BENIGN
-0.34414518,BENIGN
-0.42022416,BENIGN
-0.37318847,BENIGN
-0.38966352,BENIGN
-0.44776857,BENIGN
-0.4930268,BENIGN
-0.33854145,BENIGN
-0.4181231,BENIGN
-0.37701955,BENIGN
-0.34236988,BENIGN
-0.33728492,BENIGN
-0.34990168,BENIGN
-0.3780738,BENIGN
-0.34294012,BENIGN
-0.46516296,BENIGN
-0.39989626,BENIGN
-0.3526613,BENIGN
-0.33486068,BENIGN
-0.3515033,BENIGN
-0.37204134,BENIGN
-0.34607005,BENIGN
-0.5548864,BENIGN
-0.33737564,BENIGN
-0.37440348,BENIGN
-0.3498018,BENIGN
-0.35377517,BENIGN
-0.37154186,BENIGN
-0.33893228,BENIGN
-0.3407029,BENIGN
-0.5151892,BENIGN
-0.47848758,BENIGN
-0.36893186,BENIGN
-0.34187704,BENIGN
-0.3402045,BENIGN
-0.36815947,BENIGN
-0.6154046,BENIGN
-0.4372775,BENIGN
-0.41159117,BENIGN
-0.3408452,BENIGN
-0.35104537,BENIGN
-0.38223538,BENIGN
-0.3369245,BENIGN
-0.3686994,BENIGN
-0.45099133,BENIGN
-0.39844087,BENIGN
-0.4551464,BENIGN
-0.33887428,BENIGN
-0.34508264,BENIGN
-0.37809393,BENIGN
-0.3333321,BENIGN
-0.4011917,BENIGN
-0.36985222,BENIGN
-0.34201807,BENIGN
-0.39728442,BENIGN
-0.33735532,BENIGN
-0.34189212,BENIGN
-0.3373682,BENIGN
-0.55561554,BENIGN
-0.33066723,BENIGN
-0.38681215,BENIGN
-0.34449694,BENIGN
-0.34411493,BENIGN
-0.34807503,BENIGN
-0.41503167,BENIGN
-0.45188686,BENIGN
-0.35205948,BENIGN
-0.3463367,BENIGN
-0.43872294,BENIGN
-0.52516603,BENIGN
-0.4772248,BENIGN
-0.3432259,BENIGN
-0.40969402,BENIGN
-0.36991277,BENIGN
-0.3682923,BENIGN
-0.35193926,BENIGN
-0.37032112,BENIGN
-0.3494743,BENIGN
-0.3360654,BENIGN
-0.4856985,BENIGN
-0.42173308,BENIGN
-0.3689815,BENIGN
-0.38155288,BENIGN
-0.3392968,BENIGN
-0.33709437,BENIGN
-0.5358532,BENIGN
-0.38023528,BENIGN
-0.41279885,BENIGN
-0.44939706,BENIGN
-0.39364836,BENIGN
-0.3952177,BENIGN
-0.37883806,BENIGN
-0.4647576,BENIGN
-0.34685934,BENIGN
-0.3458654,BENIGN
-0.38508868,BENIGN
-0.41084743,BENIGN
-0.43659967,BENIGN
-0.37512726,BENIGN
-0.3696111,BENIGN
-0.34168634,BENIGN
-0.5114457,BENIGN
-0.36723915,BENIGN
-0.37324303,BENIGN
-0.3346589,BENIGN
-0.3454817,BENIGN
-0.338559,BENIGN
-0.35054544,BENIGN
-0.34320047,BENIGN
-0.34127414,BENIGN
-0.34015578,BENIGN
-0.52724934,BENIGN
-0.46049592,BENIGN
-0.34185225,BENIGN
-0.33496755,BENIGN
-0.34378374,BENIGN
-0.35623097,BENIGN
-0.5498828,BENIGN
-0.34184915,BENIGN
-0.6636435,BENIGN
-0.34990168,BENIGN
-0.38537392,BENIGN
-0.40073332,BENIGN
-0.3418663,BENIGN
-0.3913837,BENIGN
-0.47151494,BENIGN
-0.44427064,BENIGN
-0.38515177,BENIGN
-0.37728626,BENIGN
-0.46162537,BENIGN
-0.33841202,BENIGN
-0.3729155,BENIGN
-0.34150982,BENIGN
-0.34071508,BENIGN
-0.5566442,BENIGN
-0.33252463,BENIGN
-0.4584233,BENIGN
-0.33348995,BENIGN
-0.3551151,BENIGN
-0.44844636,BENIGN
-0.37038726,BENIGN
-0.4479265,BENIGN
-0.4523833,BENIGN
-0.36763933,BENIGN
-0.3425635,BENIGN
-0.35233012,BENIGN
-0.47278348,BENIGN
-0.36958045,BENIGN
-0.3855691,BENIGN
-0.39996538,BENIGN
-0.5375927,BENIGN
-0.37166765,BENIGN
-0.45774204,BENIGN
-0.35108006,BENIGN
-0.3649122,BENIGN
-0.3997273,BENIGN
-0.3391525,BENIGN
-0.47557098,BENIGN
-0.41208628,BENIGN
-0.45646688,BENIGN
-0.36943913,BENIGN
-0.38005096,BENIGN
-0.3676659,BENIGN
-0.3687754,BENIGN
-0.3459964,BENIGN
-0.33167973,BENIGN
-0.45014334,BENIGN
-0.3753633,BENIGN
-0.45297286,BENIGN
-0.33239794,BENIGN
-0.377727,BENIGN
-0.35996738,BENIGN
-0.3670415,BENIGN
-0.5514651,BENIGN
-0.3816938,BENIGN
-0.46225053,BENIGN
-0.3559456,BENIGN
-0.35188237,BENIGN
-0.3402882,BENIGN
-0.3545145,BENIGN
-0.35923636,BENIGN
-0.34330678,BENIGN
-0.3335365,BENIGN
-0.4544801,BENIGN
-0.4430877,BENIGN
-0.33637697,BENIGN
-0.3710036,BENIGN
-0.37954602,BENIGN
-0.3908643,BENIGN
-0.340209,BENIGN
-0.3822619,BENIGN
-0.334989,BENIGN
-0.5148064,BENIGN
-0.3375651,BENIGN
-0.34074768,BENIGN
-0.3435694,BENIGN
-0.3435677,BENIGN
-0.34455264,BENIGN
-0.39275494,BENIGN
-0.35083562,BENIGN
-0.39822063,BENIGN
-0.33601147,BENIGN
-0.331415,BENIGN
-0.33511725,BENIGN
-0.44318745,BENIGN
-0.35504997,BENIGN
-0.4608641,BENIGN
-0.33503193,BENIGN
-0.41097713,BENIGN
-0.354503,BENIGN
-0.3394099,BENIGN
-0.62676734,BENIGN
-0.36549374,BENIGN
-0.37642482,BENIGN
-0.33194244,BENIGN
-0.4030487,BENIGN
-0.53216743,BENIGN
-0.37637475,BENIGN
-0.39515367,BENIGN
-0.35677147,BENIGN
-0.4673974,BENIGN
-0.3884315,BENIGN
-0.41642585,BENIGN
-0.372029,BENIGN
-0.4065641,BENIGN
-0.3925812,BENIGN
-0.40126815,BENIGN
-0.35713086,BENIGN
-0.4959909,BENIGN
-0.36646715,BENIGN
-0.34371033,BENIGN
-0.35247985,BENIGN
-0.35554522,BENIGN
-0.38945904,BENIGN
-0.36774537,BENIGN
-0.3423478,BENIGN
-0.3386836,BENIGN
-0.35382828,BENIGN
-0.3562122,BENIGN
-0.3830688,BENIGN
-0.39126375,BENIGN
-0.34679213,BENIGN
-0.33783266,BENIGN
-0.41276735,BENIGN
-0.38211706,BENIGN
-0.37241322,BENIGN
-0.5324359,BENIGN
-0.37258622,BENIGN
-0.3489084,BENIGN
-0.37162587,BENIGN
-0.35150906,BENIGN
-0.47885942,BENIGN
-0.37128645,BENIGN
-0.35253513,BENIGN
-0.34237495,BENIGN
-0.34912547,BENIGN
-0.35201466,BENIGN
-0.35721812,BENIGN
-0.36590013,BENIGN
-0.3671225,BENIGN
-0.45482486,BENIGN
-0.36989748,BENIGN
-0.35617852,BENIGN
-0.35542086,BENIGN
-0.38240936,BENIGN
-0.5713196,BENIGN
-0.38441062,BENIGN
-0.37898406,BENIGN
-0.37154895,BENIGN
-0.3423589,BENIGN
-0.40494138,BENIGN
-0.3354417,BENIGN
-0.41208628,BENIGN
-0.54466605,BENIGN
-0.33801243,BENIGN
-0.3330305,BENIGN
-0.37594676,BENIGN
-0.37099218,BENIGN
-0.57692116,BENIGN
-0.3550353,BENIGN
-0.3964391,BENIGN
-0.37481424,BENIGN
-0.38139617,BENIGN
-0.34169137,BENIGN
-0.34298834,BENIGN
-0.47048205,BENIGN
-0.34759066,BENIGN
-0.4361886,BENIGN
-0.39824918,BENIGN
-0.3411339,BENIGN
-0.3375428,BENIGN
-0.37545165,BENIGN
-0.3841106,BENIGN
-0.39596468,BENIGN
-0.36943617,BENIGN
-0.6813243,BENIGN
-0.41986766,BENIGN
-0.3392205,BENIGN
-0.34990168,BENIGN
-0.35259512,BENIGN
-0.40425795,BENIGN
-0.38672554,BENIGN
-0.34364405,BENIGN
-0.33332995,BENIGN
-0.33724624,BENIGN
-0.3397076,BENIGN
-0.40315598,BENIGN
-0.501789,BENIGN
-0.36461318,BENIGN
-0.3585287,BENIGN
-0.3366737,BENIGN
-0.69227624,BENIGN
-0.6509104,BENIGN
-0.5514346,BENIGN
-0.37982374,BENIGN
-0.36983508,BENIGN
-0.36364126,BENIGN
-0.4392439,BENIGN
-0.35680908,BENIGN
-0.39759618,BENIGN
-0.3410918,BENIGN
-0.35605395,BENIGN
-0.3703143,BENIGN
-0.33919644,BENIGN
-0.4722355,BENIGN
-0.33913326,BENIGN
-0.45362583,BENIGN
-0.37891233,BENIGN
-0.3654377,BENIGN
-0.3745357,BENIGN
-0.47651294,BENIGN
-0.33629328,BENIGN
-0.35692552,BENIGN
-0.34304512,BENIGN
-0.3903113,BENIGN
-0.34803036,BENIGN
-0.40188643,BENIGN
-0.36552578,BENIGN
-0.44657513,BENIGN
-0.4331108,BENIGN
-0.34284195,BENIGN
-0.43167254,BENIGN
-0.38928363,BENIGN
-0.33299136,BENIGN
-0.40596926,BENIGN
-0.4514887,BENIGN
-0.3435527,BENIGN
-0.5739913,BENIGN
-0.46780476,BENIGN
-0.44769654,BENIGN
-0.41036123,BENIGN
-0.38103205,BENIGN
-0.41596723,BENIGN
-0.4072431,BENIGN
-0.34198982,BENIGN
-0.69098157,BENIGN
-0.41306475,BENIGN
-0.3827754,BENIGN
-0.34550956,BENIGN
-0.35894403,BENIGN
-0.49268633,BENIGN
-0.35031977,BENIGN
-0.36145267,BENIGN
-0.35320324,BENIGN
-0.35516134,BENIGN
-0.3719113,BENIGN
-0.35352483,BENIGN
-0.36798277,BENIGN
-0.3949711,BENIGN
-0.342349,BENIGN
-0.4841007,BENIGN
-0.3847596,BENIGN
-0.33980408,BENIGN
-0.389217,BENIGN
-0.35458994,BENIGN
-0.3499445,BENIGN
-0.36753857,BENIGN
-0.34709364,BENIGN
-0.35418934,BENIGN
-0.36676815,BENIGN
-0.33890912,BENIGN
-0.35088956,BENIGN
-0.34031174,BENIGN
-0.35822767,BENIGN
-0.3339914,BENIGN
-0.49534014,BENIGN
-0.33194244,BENIGN
-0.35101125,BENIGN
-0.47019568,BENIGN
-0.3634576,BENIGN
-0.34830582,BENIGN
-0.47110075,BENIGN
-0.37672156,BENIGN
-0.34781697,BENIGN
-0.3587986,BENIGN
-0.33762708,BENIGN
-0.4480319,BENIGN
-0.5325921,BENIGN
-0.43005326,BENIGN
-0.335857,BENIGN
-0.33782557,BENIGN
-0.39500418,BENIGN
-0.58096486,BENIGN
-0.40747523,BENIGN
-0.37509423,BENIGN
-0.34551504,BENIGN
-0.4467766,BENIGN
-0.3889026,BENIGN
-0.3860663,BENIGN
-0.33843225,BENIGN
-0.35597885,BENIGN
-0.37277246,BENIGN
-0.33558488,BENIGN
-0.359663,BENIGN
-0.39270043,BENIGN
-0.33428428,BENIGN
-0.33741885,BENIGN
-0.3446955,BENIGN
-0.39038453,BENIGN
-0.36912265,BENIGN
-0.3428446,BENIGN
-0.33474728,BENIGN
-0.35159308,BENIGN
-0.37356067,BENIGN
-0.34151366,BENIGN
-0.37252334,BENIGN
-0.51836115,BENIGN
-0.45642656,BENIGN
-0.33969754,BENIGN
-0.3492518,BENIGN
-0.3877978,BENIGN
-0.45534506,BENIGN
-0.39655462,BENIGN
-0.3573992,BENIGN
-0.33919367,BENIGN
-0.34979507,BENIGN
-0.53253776,BENIGN
-0.3582424,BENIGN
-0.34674874,BENIGN
-0.33877063,BENIGN
-0.34081253,BENIGN
-0.39595863,BENIGN
-0.36284515,BENIGN
-0.39816505,BENIGN
-0.39584607,BENIGN
-0.49957633,BENIGN
-0.5529159,BENIGN
-0.398372,BENIGN
-0.39409506,BENIGN
-0.36452007,BENIGN
-0.40738732,BENIGN
-0.35038462,BENIGN
-0.3329959,BENIGN
-0.33128688,BENIGN
-0.4412091,BENIGN
-0.39478406,BENIGN
-0.35226613,BENIGN
-0.39267728,BENIGN
-0.57243055,BENIGN
-0.34500924,BENIGN
-0.49675435,BENIGN
-0.59700704,BENIGN
-0.36125505,BENIGN
-0.3910693,BENIGN
-0.4660002,BENIGN
-0.39990807,BENIGN
-0.4127924,BENIGN
-0.39559036,BENIGN
-0.34576255,BENIGN
-0.38628826,BENIGN
-0.34466887,BENIGN
-0.35318872,BENIGN
-0.37006706,BENIGN
-0.38064712,BENIGN
-0.39112306,BENIGN
-0.34622717,BENIGN
-0.3444326,BENIGN
-0.34698933,BENIGN
-0.3384844,BENIGN
-0.33067816,BENIGN
-0.34313318,BENIGN
-0.37512442,BENIGN
-0.47180584,BENIGN
-0.34322524,BENIGN
-0.3328085,BENIGN
-0.36689773,BENIGN
-0.3939571,BENIGN
-0.348449,BENIGN
-0.38993764,BENIGN
-0.3886958,BENIGN
-0.45749772,BENIGN
-0.3753633,BENIGN
-0.3430255,BENIGN
-0.5851991,BENIGN
-0.37910718,BENIGN
-0.39487025,BENIGN
-0.3627,BENIGN
-0.48704922,BENIGN
-0.37027228,BENIGN
-0.3444712,BENIGN
-0.345058,BENIGN
-0.38922718,BENIGN
-0.33821958,BENIGN
-0.34803328,BENIGN
-0.33866966,BENIGN
-0.348449,BENIGN
-0.36955163,BENIGN
-0.36339876,BENIGN
-0.36865264,BENIGN
-0.401169,BENIGN
-0.51368916,BENIGN
-0.7182928,BENIGN
-0.33329424,BENIGN
-0.34045315,BENIGN
-0.3645912,BENIGN
-0.38726205,BENIGN
-0.3393716,BENIGN
-0.3642231,BENIGN
-0.52728176,BENIGN
-0.42568967,BENIGN
-0.3330369,BENIGN
-0.44881064,BENIGN
-0.3377208,BENIGN
-0.33644432,BENIGN
-0.49349132,BENIGN
-0.35304385,BENIGN
-0.35456887,BENIGN
-0.5095545,BENIGN
-0.36982164,BENIGN
-0.3459964,BENIGN
-0.38356024,BENIGN
-0.3398649,BENIGN
-0.3347129,BENIGN
-0.3777347,BENIGN
-0.57858175,BENIGN
-0.37013495,BENIGN
-0.554399,BENIGN
-0.40018234,BENIGN
-0.3451896,BENIGN
-0.40751627,BENIGN
-0.40223974,BENIGN
-0.3753633,BENIGN
-0.36683935,BENIGN
-0.34049407,BENIGN
-0.3939064,BENIGN
-0.53959924,BENIGN
-0.4388185,BENIGN
-0.34596878,BENIGN
-0.38024205,BENIGN
-0.34382966,BENIGN
-0.45883518,BENIGN
-0.42674,BENIGN
-0.45578706,BENIGN
-0.5857077,BENIGN
-0.34727338,BENIGN
-0.34292784,BENIGN
-0.63834566,BENIGN
-0.3316439,BENIGN
-0.4197439,BENIGN
-0.5104477,BENIGN
-0.33616763,BENIGN
-0.3789925,BENIGN
-0.35037997,BENIGN
-0.36973506,BENIGN
-0.37725273,BENIGN
-0.35954607,BENIGN
-0.35560983,BENIGN
-0.34253213,BENIGN
-0.44657865,BENIGN
-0.36539057,BENIGN
-0.35037106,BENIGN
-0.47417474,BENIGN
-0.33066723,BENIGN
-0.61742646,BENIGN
-0.3777665,BENIGN
-0.34270072,BENIGN
-0.33387667,BENIGN
-0.4352554,BENIGN
-0.34541646,BENIGN
-0.67811495,BENIGN
-0.3483233,BENIGN
-0.36234564,BENIGN
-0.4711959,BENIGN
-0.37634042,BENIGN
-0.35241565,BENIGN
-0.39046484,BENIGN
-0.37162152,BENIGN
-0.3459885,BENIGN
-0.39463466,BENIGN
-0.36636168,BENIGN
-0.36878532,BENIGN
-0.42455214,BENIGN
-0.39737478,BENIGN
-0.36636168,BENIGN
-0.46150485,BENIGN
-0.33967075,BENIGN
-0.40021905,BENIGN
-0.33528343,BENIGN
-0.37230003,BENIGN
-0.34267682,BENIGN
-0.33958578,BENIGN
-0.33900172,BENIGN
-0.37378472,BENIGN
-0.33085075,BENIGN
-0.4750759,BENIGN
-0.36989748,BENIGN
-0.3489019,BENIGN
-0.38107044,BENIGN
-0.39071968,BENIGN
-0.33659968,BENIGN
-0.34431267,BENIGN
-0.35281047,BENIGN
-0.39803436,BENIGN
-0.38378268,BENIGN
-0.42776024,BENIGN
-0.5171558,BENIGN
-0.37151122,BENIGN
-0.33511755,BENIGN
-0.33632684,BENIGN
-0.36742866,BENIGN
-0.41775984,BENIGN
-0.3465863,BENIGN
-0.34121418,BENIGN
-0.3973668,BENIGN
-0.3757826,BENIGN
-0.36551693,BENIGN
-0.35966265,BENIGN
-0.3550732,BENIGN
-0.34801662,BENIGN
-0.3416223,BENIGN
-0.3482345,BENIGN
-0.360421,BENIGN
-0.37126318,BENIGN
-0.35389856,BENIGN
-0.35044804,BENIGN
-0.34253213,BENIGN
-0.34776652,BENIGN
-0.37175158,BENIGN
-0.35455754,BENIGN
-0.35940084,BENIGN
-0.34331816,BENIGN
-0.33787286,BENIGN
-0.36411795,BENIGN
-0.34916782,BENIGN
-0.33444273,BENIGN
-0.34528574,BENIGN
-0.5369564,BENIGN
-0.4998834,BENIGN
-0.42302802,BENIGN
-0.3336585,BENIGN
-0.44914395,BENIGN
-0.51537675,BENIGN
-0.34772837,BENIGN
-0.39821026,BENIGN
-0.39689204,BENIGN
-0.3535642,BENIGN
-0.36574402,BENIGN
-0.33820117,BENIGN
-0.39295456,BENIGN
-0.43512997,BENIGN
-0.33470732,BENIGN
-0.34897575,BENIGN
-0.3612479,BENIGN
-0.34574112,BENIGN
-0.38712475,BENIGN
-0.34147072,BENIGN
-0.41497383,BENIGN
-0.36640048,BENIGN
-0.35680622,BENIGN
-0.34696224,BENIGN
-0.35817125,BENIGN
-0.3395634,BENIGN
-0.38407475,BENIGN
-0.3505099,BENIGN
-0.5555034,BENIGN
-0.38473573,BENIGN
-0.3492394,BENIGN
-0.34356502,BENIGN
-0.5759692,BENIGN
-0.36414835,BENIGN
-0.4426004,BENIGN
-0.42785284,BENIGN
-0.3427379,BENIGN
-0.39206198,BENIGN
-0.33377174,BENIGN
-0.35534677,BENIGN
-0.38948348,BENIGN
-0.39500418,BENIGN
-0.45186162,BENIGN
-0.3360721,BENIGN
-0.34069318,BENIGN
-0.35162768,BENIGN
-0.3743054,BENIGN
-0.35763973,BENIGN
-0.349601,BENIGN
-0.34470144,BENIGN
-0.43673465,BENIGN
-0.33975232,BENIGN
-0.34164816,BENIGN
-0.40054834,BENIGN
-0.34169665,BENIGN
-0.3678156,BENIGN
-0.348713,BENIGN
-0.3851228,BENIGN
-0.3356005,BENIGN
-0.55541456,BENIGN
-0.43625918,BENIGN
-0.3647561,BENIGN
-0.36776084,BENIGN
-0.35767922,BENIGN
-0.39110896,BENIGN
-0.3697992,BENIGN
-0.34259415,BENIGN
-0.36947218,BENIGN
-0.3363432,BENIGN
-0.45706567,BENIGN
-0.37033793,BENIGN
-0.369599,BENIGN
-0.5034641,BENIGN
-0.3907459,BENIGN
-0.34662384,BENIGN
-0.35268372,BENIGN
-0.3510983,BENIGN
-0.39435896,BENIGN
-0.36588228,BENIGN
-0.34200755,BENIGN
-0.3860368,BENIGN
-0.36200273,BENIGN
-0.44965956,BENIGN
-0.34149945,BENIGN
-0.34152207,BENIGN
-0.36074284,BENIGN
-0.34110856,BENIGN
-0.34174147,BENIGN
-0.4864821,BENIGN
-0.49703848,BENIGN
-0.3539613,BENIGN
-0.33832848,BENIGN
-0.33869076,BENIGN
-0.34048146,BENIGN
-0.46008036,BENIGN
-0.35563597,BENIGN
-0.37765095,BENIGN
-0.3435422,BENIGN
-0.43259922,BENIGN
-0.3373417,BENIGN
-0.33456472,BENIGN
-0.33817905,BENIGN
-0.35138062,BENIGN
-0.34236974,BENIGN
-0.37553504,BENIGN
-0.36437026,BENIGN
-0.39177376,BENIGN
-0.35289073,BENIGN
-0.33539695,BENIGN
-0.37188807,BENIGN
-0.34019852,BENIGN
-0.36817783,BENIGN
-0.35294053,BENIGN
-0.3526823,BENIGN
-0.3721741,BENIGN
-0.4128695,BENIGN
-0.39350405,BENIGN
-0.37129736,BENIGN
-0.51774925,BENIGN
-0.37421596,BENIGN
-0.33899525,BENIGN
-0.34253222,BENIGN
-0.33592924,BENIGN
-0.46198216,BENIGN
-0.3805315,BENIGN
-0.34067124,BENIGN
-0.35558957,BENIGN
-0.37350744,BENIGN
-0.34759185,BENIGN
-0.373228,BENIGN
-0.34723416,BENIGN
-0.37103882,BENIGN
-0.3322568,BENIGN
-0.37215343,BENIGN
-0.3398295,BENIGN
-0.3364072,BENIGN
-0.3489623,BENIGN
-0.44795275,BENIGN
-0.3388003,BENIGN
-0.37115043,BENIGN
-0.41159913,BENIGN
-0.45232332,BENIGN
-0.5832495,BENIGN
-0.33696318,BENIGN
-0.40139964,BENIGN
-0.40431723,BENIGN
-0.37468728,BENIGN
-0.4018135,BENIGN
-0.35365522,BENIGN
-0.350434,BENIGN
-0.3373085,BENIGN
-0.56992805,BENIGN
-0.449966,BENIGN
-0.34346533,BENIGN
-0.3333321,BENIGN
-0.35737878,BENIGN
-0.6314949,BENIGN
-0.42792907,BENIGN
-0.4011407,BENIGN
-0.3466668,BENIGN
-0.3804847,BENIGN
-0.33544412,BENIGN
-0.350918,BENIGN
-0.35822195,BENIGN
-0.3464099,BENIGN
-0.35138753,BENIGN
-0.3660647,BENIGN
-0.36945823,BENIGN
-0.3481976,BENIGN
-0.5151662,BENIGN
-0.44769654,BENIGN
-0.35192394,BENIGN
-0.34980512,BENIGN
-0.3365206,BENIGN
-0.45972034,BENIGN
-0.3458654,BENIGN
-0.38908637,BENIGN
-0.39401272,BENIGN
-0.36828464,BENIGN
-0.35707605,BENIGN
-0.3957806,BENIGN
-0.35841492,BENIGN
-0.3866324,BENIGN
-0.5887337,BENIGN
-0.37231535,BENIGN
-0.34332985,BENIGN
-0.4324472,BENIGN
-0.34674907,BENIGN
-0.3443728,BENIGN
-0.34389582,BENIGN
-0.36138204,BENIGN
-0.4490139,BENIGN
-0.3455292,BENIGN
-0.33973193,BENIGN
-0.65144795,BENIGN
-0.4540153,BENIGN
-0.34095618,BENIGN
-0.69670624,BENIGN
-0.35934097,BENIGN
-0.35744137,BENIGN
-0.52744436,BENIGN
-0.37124327,BENIGN
-0.3411255,BENIGN
-0.3752613,BENIGN
-0.43686205,BENIGN
-0.39901748,BENIGN
-0.35035267,BENIGN
-0.42026728,BENIGN
-0.3334122,BENIGN
-0.5025595,BENIGN
-0.36233726,BENIGN
-0.42579895,BENIGN
-0.33471796,BENIGN
-0.3451381,BENIGN
-0.40525803,BENIGN
-0.35809812,BENIGN
-0.36447003,BENIGN
-0.37957457,BENIGN
-0.33768958,BENIGN
-0.3694808,BENIGN
-0.4603705,BENIGN
-0.339427,BENIGN
-0.41478372,BENIGN
-0.5893874,BENIGN
-0.34057587,BENIGN
-0.34392542,BENIGN
-0.39556155,BENIGN
-0.3678877,BENIGN
-0.36975917,BENIGN
-0.36684513,BENIGN
-0.37432617,BENIGN
-0.46188512,BENIGN
-0.4062285,BENIGN
-0.36341837,BENIGN
-0.39538544,BENIGN
-0.34299994,BENIGN
-0.36491287,BENIGN
-0.39235348,BENIGN
-0.46781245,BENIGN
-0.33745146,BENIGN
-0.397757,BENIGN
-0.5258044,BENIGN
-0.50658464,BENIGN
-0.40539813,BENIGN
-0.34422523,BENIGN
-0.5476099,BENIGN
-0.3722588,BENIGN
-0.38424662,BENIGN
-0.60015035,BENIGN
-0.34020135,BENIGN
-0.3514849,BENIGN
-0.34065363,BENIGN
-0.33593786,BENIGN
-0.38608313,BENIGN
-0.6637705,BENIGN
-0.37393036,BENIGN
-0.3411645,BENIGN
-0.34867468,BENIGN
-0.5395429,BENIGN
-0.36989748,BENIGN
-0.37898153,BENIGN
-0.40568426,BENIGN
-0.37811399,BENIGN
-0.34585226,BENIGN
-0.4966171,BENIGN
-0.4626621,BENIGN
-0.38655183,BENIGN
-0.34798968,BENIGN
-0.45715988,BENIGN
-0.36558038,BENIGN
-0.57125247,BENIGN
-0.3759295,BENIGN
-0.34404913,BENIGN
-0.34926194,BENIGN
-0.34811088,BENIGN
-0.33971038,BENIGN
-0.5658235,BENIGN
-0.4022774,BENIGN
-0.39230576,BENIGN
-0.5944118,BENIGN
-0.34008956,BENIGN
-0.46306038,BENIGN
-0.3966945,BENIGN
-0.34117877,BENIGN
-0.3563345,BENIGN
-0.33745423,BENIGN
-0.38169003,BENIGN
-0.34912547,BENIGN
-0.33926195,BENIGN
-0.3897865,BENIGN
-0.33773643,BENIGN
-0.34308848,BENIGN
-0.5858442,BENIGN
-0.4705366,BENIGN
-0.3735636,BENIGN
-0.44677526,BENIGN
-0.4416281,BENIGN
-0.55170155,BENIGN
-0.40391764,BENIGN
-0.37950975,BENIGN
-0.4715409,BENIGN
-0.33930892,BENIGN
-0.34413773,BENIGN
-0.3724855,BENIGN
-0.39056203,BENIGN
-0.38780272,BENIGN
-0.49874112,BENIGN
-0.45376587,BENIGN
-0.40573123,BENIGN
-0.34493956,BENIGN
-0.70764375,BENIGN
-0.34081766,BENIGN
-0.38975772,BENIGN
-0.33692136,BENIGN
-0.3334817,BENIGN
-0.38057405,BENIGN
-0.36908072,BENIGN
-0.38569024,BENIGN
-0.4563853,BENIGN
-0.39732283,BENIGN
-0.33699992,BENIGN
-0.39374417,BENIGN
-0.3740371,BENIGN
-0.52771133,BENIGN
-0.53415316,BENIGN
-0.34661776,BENIGN
-0.373716,BENIGN
-0.40345034,BENIGN
-0.3789166,BENIGN
-0.41662207,BENIGN
-0.34305423,BENIGN
-0.40676683,BENIGN
-0.35187408,BENIGN
-0.34869745,BENIGN
-0.3587745,BENIGN
-0.48067254,BENIGN
-0.33319432,BENIGN
-0.36820507,BENIGN
-0.37430254,BENIGN
-0.3438624,BENIGN
-0.36040834,BENIGN
-0.37058964,BENIGN
-0.37642863,BENIGN
-0.35859904,BENIGN
-0.6756851,BENIGN
-0.37211302,BENIGN
-0.3882972,BENIGN
-0.5125151,BENIGN
-0.34587675,BENIGN
-0.38754597,BENIGN
-0.45349205,BENIGN
-0.5456488,BENIGN
-0.33454832,BENIGN
-0.33835042,BENIGN
-0.354041,BENIGN
-0.3372912,BENIGN
-0.36521074,BENIGN
-0.40073794,BENIGN
-0.49780282,BENIGN
-0.4182448,BENIGN
-0.64368635,BENIGN
-0.58228403,BENIGN
-0.5788015,BENIGN
-0.3749392,BENIGN
-0.33925524,BENIGN
-0.3638571,BENIGN
-0.34746188,BENIGN
-0.40498197,BENIGN
-0.42077756,BENIGN
-0.3949128,BENIGN
-0.3537047,BENIGN
-0.47948414,BENIGN
-0.4891351,BENIGN
-0.35579982,BENIGN
-0.44430423,BENIGN
-0.3650678,BENIGN
-0.34868616,BENIGN
-0.39623493,BENIGN
-0.33305994,BENIGN
-0.3573543,BENIGN
-0.53915983,BENIGN
-0.37291196,BENIGN
-0.3338096,BENIGN
-0.37173316,BENIGN
-0.33750364,BENIGN
-0.37476522,BENIGN
-0.4191348,BENIGN
-0.34544092,BENIGN
-0.5098392,BENIGN
-0.5265528,BENIGN
-0.3921964,BENIGN
-0.42806363,BENIGN
-0.38394782,BENIGN
-0.41664085,BENIGN
-0.37273943,BENIGN
-0.36574125,BENIGN
-0.3425872,BENIGN
-0.3411585,BENIGN
-0.37070516,BENIGN
-0.37121657,BENIGN
-0.34370127,BENIGN
-0.4199192,BENIGN
-0.33864298,BENIGN
-0.40630808,BENIGN
-0.3448958,BENIGN
-0.34689352,BENIGN
-0.3507666,BENIGN
-0.3581883,BENIGN
-0.33968168,BENIGN
-0.3672399,BENIGN
-0.3455767,BENIGN
-0.39404663,BENIGN
-0.33735794,BENIGN
-0.38072065,BENIGN
-0.47522655,BENIGN
-0.36783606,BENIGN
-0.3576609,BENIGN
-0.61201334,BENIGN
-0.40651804,BENIGN
-0.34653157,BENIGN
-0.3484372,BENIGN
-0.36142877,BENIGN
-0.4399256,BENIGN
-0.39025134,BENIGN
-0.34353864,BENIGN
-0.33355203,BENIGN
-0.521849,BENIGN
-0.37033403,BENIGN
-0.37172624,BENIGN
-0.33971944,BENIGN
-0.33712658,BENIGN
-0.36993453,BENIGN
-0.3832319,BENIGN
-0.39796868,BENIGN
-0.367324,BENIGN
-0.41868627,BENIGN
-0.39587802,BENIGN
-0.34972656,BENIGN
-0.36951464,BENIGN
-0.39477107,BENIGN
-0.41705024,BENIGN
-0.33578742,BENIGN
-0.3588169,BENIGN
-0.35963768,BENIGN
-0.33706513,BENIGN
-0.34251675,BENIGN
-0.38843095,BENIGN
-0.48799664,BENIGN
-0.35003108,BENIGN
-0.35123205,BENIGN
-0.33713496,BENIGN
-0.33565181,BENIGN
-0.4828454,BENIGN
-0.36830017,BENIGN
-0.5369992,BENIGN
-0.5329262,BENIGN
-0.33537772,BENIGN
-0.3672399,BENIGN
-0.41002882,BENIGN
-0.39483464,BENIGN
-0.37698582,BENIGN
-0.43923622,BENIGN
-0.36688942,BENIGN
-0.3356575,BENIGN
-0.41347733,BENIGN
-0.37993118,BENIGN
-0.52708536,BENIGN
-0.37104872,BENIGN
-0.35899585,BENIGN
-0.3501697,BENIGN
-0.34908268,BENIGN
-0.42657006,BENIGN
-0.3483333,BENIGN
-0.41606048,BENIGN
-0.3434214,BENIGN
-0.34904808,BENIGN
-0.45281342,BENIGN
-0.3793699,BENIGN
-0.38400543,BENIGN
-0.4170013,BENIGN
-0.3563891,BENIGN
-0.37357447,BENIGN
-0.33521232,BENIGN
-0.38789445,BENIGN
-0.33719122,BENIGN
-0.46032098,BENIGN
-0.35272893,BENIGN
-0.3337201,BENIGN
-0.37684983,BENIGN
-0.41290846,BENIGN
-0.3830046,BENIGN
-0.50478446,BENIGN
-0.4995904,BENIGN
-0.3403302,BENIGN
-0.3458654,BENIGN
-0.46778703,BENIGN
-0.36807758,BENIGN
-0.38397506,BENIGN
-0.3447262,BENIGN
-0.3840082,BENIGN
-0.33637813,BENIGN
-0.36086765,BENIGN
-0.3397787,BENIGN
-0.3927473,BENIGN
-0.34400797,BENIGN
-0.45261064,BENIGN
-0.49224702,BENIGN
-0.38835174,BENIGN
-0.38560507,BENIGN
-0.37940064,BENIGN
-0.37110478,BENIGN
-0.34635207,BENIGN
-0.33543426,BENIGN
-0.36454794,BENIGN
-0.46358427,BENIGN
-0.34897372,BENIGN
-0.45864296,BENIGN
-0.36045164,BENIGN
-0.3724847,BENIGN
-0.33891287,BENIGN
-0.4495259,BENIGN
-0.37318283,BENIGN
-0.34588158,BENIGN
-0.41821837,BENIGN
-0.49179113,BENIGN
-0.3729,BENIGN
-0.3712197,BENIGN
-0.34373045,BENIGN
-0.33741936,BENIGN
-0.51257694,BENIGN
-0.33366904,BENIGN
-0.5122956,BENIGN
-0.3588212,BENIGN
-0.36979693,BENIGN
-0.3750674,BENIGN
-0.3554559,BENIGN
-0.42878103,BENIGN
-0.37217847,BENIGN
-0.40223962,BENIGN
-0.35069236,BENIGN
-0.39725915,BENIGN
-0.38964364,BENIGN
-0.39959216,BENIGN
-0.41306475,BENIGN
-0.33213428,BENIGN
-0.34788805,BENIGN
-0.38807473,BENIGN
-0.3494243,BENIGN
-0.34542772,BENIGN
-0.45942166,BENIGN
-0.46083438,BENIGN
-0.35572046,BENIGN
-0.5706109,BENIGN
-0.34374037,BENIGN
-0.3461645,BENIGN
-0.3680122,BENIGN
-0.33519235,BENIGN
-0.3747473,BENIGN
-0.67958176,BENIGN
-0.3697982,BENIGN
-0.3492436,BENIGN
-0.33284852,BENIGN
-0.33876607,BENIGN
-0.38207838,BENIGN
-0.3786326,BENIGN
-0.37216672,BENIGN
-0.37211302,BENIGN
-0.35304385,BENIGN
-0.33605602,BENIGN
-0.37519252,BENIGN
-0.5331751,BENIGN
-0.52381927,BENIGN
-0.33476207,BENIGN
-0.33343002,BENIGN
-0.45115948,BENIGN
-0.34218425,BENIGN
-0.3424277,BENIGN
-0.56134355,BENIGN
-0.47335634,BENIGN
-0.37472066,BENIGN
-0.3727662,BENIGN
-0.36451912,BENIGN
-0.39674747,BENIGN
-0.34962755,BENIGN
-0.3529641,BENIGN
-0.33420217,BENIGN
-0.5619161,BENIGN
-0.36717245,BENIGN
-0.40350756,BENIGN
-0.38750425,BENIGN
-0.34019473,BENIGN
-0.38086694,BENIGN
-0.3509216,BENIGN
-0.5993585,BENIGN
-0.33262792,BENIGN
-0.33617255,BENIGN
-0.56216544,BENIGN
-0.38019103,BENIGN
-0.39042035,BENIGN
-0.33811066,BENIGN
-0.34685364,BENIGN
-0.3713674,BENIGN
-0.38275015,BENIGN
-0.3503442,BENIGN
-0.3387534,BENIGN
-0.39672053,BENIGN
-0.3429923,BENIGN
-0.46848273,BENIGN
-0.3472242,BENIGN
-0.33482704,BENIGN
-0.37012908,BENIGN
-0.37950605,BENIGN
-0.3707715,BENIGN
-0.37278903,BENIGN
-0.3496246,BENIGN
-0.35980046,BENIGN
-0.46392977,BENIGN
-0.36884028,BENIGN
-0.39897212,BENIGN
-0.3487618,BENIGN
-0.38942534,BENIGN
-0.39537865,BENIGN
-0.4015949,BENIGN
-0.3518725,BENIGN
-0.5066619,BENIGN
-0.3331522,BENIGN
-0.35839123,BENIGN
-0.35492104,BENIGN
-0.40350756,BENIGN
-0.36943617,BENIGN
-0.51138324,BENIGN
-0.3709186,BENIGN
-0.47978234,BENIGN
-0.3457256,BENIGN
-0.34792987,BENIGN
-0.34816962,BENIGN
-0.35450065,BENIGN
-0.6184934,BENIGN
-0.34719878,BENIGN
-0.348719,BENIGN
-0.34574652,BENIGN
-0.3340551,BENIGN
-0.39018387,BENIGN
-0.3482585,BENIGN
-0.35286847,BENIGN
-0.4591701,BENIGN
-0.39294383,BENIGN
-0.34541443,BENIGN
-0.3400728,BENIGN
-0.35160476,BENIGN
-0.37123558,BENIGN
-0.42357764,BENIGN
-0.3880905,BENIGN
-0.4094381,BENIGN
-0.46201596,BENIGN
-0.33994484,BENIGN
-0.3871891,BENIGN
-0.37229416,BENIGN
-0.33255255,BENIGN
-0.44133914,BENIGN
-0.46771958,BENIGN
-0.34232318,BENIGN
-0.33879834,BENIGN
-0.38422287,BENIGN
-0.45459422,BENIGN
-0.36504567,BENIGN
-0.34058234,BENIGN
-0.4761369,BENIGN
-0.33434302,BENIGN
-0.39361957,BENIGN
-0.45381084,BENIGN
-0.34367976,BENIGN
-0.41320232,BENIGN
-0.48375067,BENIGN
-0.360726,BENIGN
-0.609029,BENIGN
-0.34092113,BENIGN
-0.5635727,BENIGN
-0.33502936,BENIGN
-0.35086584,BENIGN
-0.34320673,BENIGN
-0.43771976,BENIGN
-0.383476,BENIGN
-0.33840495,BENIGN
-0.38453624,BENIGN
-0.4630837,BENIGN
-0.34761658,BENIGN
-0.40787822,BENIGN
-0.39484343,BENIGN
-0.4410783,BENIGN
-0.37544283,BENIGN
-0.37217742,BENIGN
-0.40884143,BENIGN
-0.3451087,BENIGN
-0.39723462,BENIGN
-0.35777286,BENIGN
-0.4158687,BENIGN
-0.3778841,BENIGN
-0.38903308,BENIGN
-0.38914692,BENIGN
-0.4242987,BENIGN
-0.37369898,BENIGN
-0.37743536,BENIGN
-0.37143,BENIGN
-0.5003718,BENIGN
-0.34015355,BENIGN
-0.35192,BENIGN
-0.3494012,BENIGN
-0.36900958,BENIGN
-0.4579288,BENIGN
-0.34135228,BENIGN
-0.35793936,BENIGN
-0.34202597,BENIGN
-0.36701322,BENIGN
-0.3650459,BENIGN
-0.3945003,BENIGN
-0.41746524,BENIGN
-0.36921158,BENIGN
-0.40350756,BENIGN
-0.36900958,BENIGN
-0.38498136,BENIGN
-0.34760225,BENIGN
-0.4274627,BENIGN
-0.38329825,BENIGN
-0.3770418,BENIGN
-0.39061776,BENIGN
-0.6865545,BENIGN
-0.397111,BENIGN
-0.35803145,BENIGN
-0.4128695,BENIGN
-0.35304832,BENIGN
-0.3350804,BENIGN
-0.37159446,BENIGN
-0.4398259,BENIGN
-0.4644576,BENIGN
-0.40921706,BENIGN
-0.34456336,BENIGN
-0.34500745,BENIGN
-0.51785403,BENIGN
-0.34846953,BENIGN
-0.3934141,BENIGN
-0.40087354,BENIGN
-0.34149352,BENIGN
-0.3954288,BENIGN
-0.4474337,BENIGN
-0.3602891,BENIGN
-0.38259593,BENIGN
-0.333835,BENIGN
-0.374351,BENIGN
-0.4541891,BENIGN
-0.36874476,BENIGN
-0.35418606,BENIGN
-0.37697852,BENIGN
-0.38278097,BENIGN
-0.40458506,BENIGN
-0.43117794,BENIGN
-0.36811754,BENIGN
-0.46629888,BENIGN
-0.348449,BENIGN
-0.6107787,BENIGN
-0.3412689,BENIGN
-0.49918297,BENIGN
-0.4001315,BENIGN
-0.40656507,BENIGN
-0.34711415,BENIGN
-0.3445392,BENIGN
-0.36457047,BENIGN
-0.47875732,BENIGN
-0.5439486,BENIGN
-0.54895127,BENIGN
-0.39185873,BENIGN
-0.36647144,BENIGN
-0.37076178,BENIGN
-0.42898777,BENIGN
-0.4541538,BENIGN
-0.3394492,BENIGN
-0.33820823,BENIGN
-0.35701707,BENIGN
-0.34713688,BENIGN
-0.40490195,BENIGN
-0.35418552,BENIGN
-0.3747325,BENIGN
-0.37868482,BENIGN
-0.3459964,BENIGN
-0.4040148,BENIGN
-0.414274,BENIGN
-0.3535205,BENIGN
-0.38610956,BENIGN
-0.47071698,BENIGN
-0.36941603,BENIGN
-0.41063914,BENIGN
-0.41181734,BENIGN
-0.3574539,BENIGN
-0.4464962,BENIGN
-0.36175957,BENIGN
-0.34340295,BENIGN
-0.62692195,BENIGN
-0.3932478,BENIGN
-0.3350049,BENIGN
-0.34253213,BENIGN
-0.33763814,BENIGN
-0.37163183,BENIGN
-0.35768172,BENIGN
-0.34709364,BENIGN
-0.37435338,BENIGN
-0.34359384,BENIGN
-0.36921158,BENIGN
-0.33349097,BENIGN
-0.51065004,BENIGN
-0.34834942,BENIGN
-0.3509516,BENIGN
-0.5495646,BENIGN
-0.39091602,BENIGN
-0.35524616,BENIGN
-0.3957246,BENIGN
-0.3699249,BENIGN
-0.3410519,BENIGN
-0.3795764,BENIGN
-0.36456388,BENIGN
-0.36722922,BENIGN
-0.35687992,BENIGN
-0.34712738,BENIGN
-0.34387538,BENIGN
-0.40072104,BENIGN
-0.5400923,BENIGN
-0.3436898,BENIGN
-0.34470144,BENIGN
-0.43147415,BENIGN
-0.3918924,BENIGN
-0.467377,BENIGN
-0.35944602,BENIGN
-0.37993172,BENIGN
-0.45560098,BENIGN
-0.47332212,BENIGN
-0.34074107,BENIGN
-0.34574953,BENIGN
-0.3905195,BENIGN
-0.3923785,BENIGN
-0.3387409,BENIGN
-0.35019073,BENIGN
-0.35735497,BENIGN
-0.5145322,BENIGN
-0.5329611,BENIGN
-0.33834895,BENIGN
-0.33359224,BENIGN
-0.37028328,BENIGN
-0.4125047,BENIGN
-0.47074875,BENIGN
-0.33677447,BENIGN
-0.54530156,BENIGN
-0.39753452,BENIGN
-0.39406955,BENIGN
-0.34312138,BENIGN
-0.348449,BENIGN
-0.34431094,BENIGN
-0.6789633,BENIGN
-0.33603472,BENIGN
-0.37003475,BENIGN
-0.33723107,BENIGN
-0.53253204,BENIGN
-0.33616763,BENIGN
-0.3351967,BENIGN
-0.33907983,BENIGN
-0.34182024,BENIGN
-0.37494457,BENIGN
-0.37647778,BENIGN
-0.5068588,BENIGN
-0.3417258,BENIGN
-0.38912892,BENIGN
-0.4069634,BENIGN
-0.40309238,BENIGN
-0.3719192,BENIGN
-0.44915384,BENIGN
-0.47912267,BENIGN
-0.36092943,BENIGN
-0.39303216,BENIGN
-0.33437222,BENIGN
-0.38994706,BENIGN
-0.41323194,BENIGN
-0.33738256,BENIGN
-0.33575383,BENIGN
-0.34419328,BENIGN
-0.33716196,BENIGN
-0.4898979,BENIGN
-0.34057593,BENIGN
-0.36863852,BENIGN
-0.54448485,BENIGN
-0.38428956,BENIGN
-0.49857527,BENIGN
-0.42206356,BENIGN
-0.3435951,BENIGN
-0.561285,BENIGN
-0.38860527,BENIGN
-0.3940934,BENIGN
-0.33720145,BENIGN
-0.33344314,BENIGN
-0.33298045,BENIGN
-0.39892644,BENIGN
-0.33340907,BENIGN
-0.33476475,BENIGN
-0.37116498,BENIGN
-0.33504686,BENIGN
-0.47518998,BENIGN
-0.34738648,BENIGN
-0.3364461,BENIGN
-0.39595863,BENIGN
-0.35157743,BENIGN
-0.33308157,BENIGN
-0.3853784,BENIGN
-0.34345016,BENIGN
-0.41320628,BENIGN
-0.34381506,BENIGN
-0.37010846,BENIGN
-0.36952907,BENIGN
-0.38681215,BENIGN
-0.39163494,BENIGN
-0.33320534,BENIGN
-0.41093597,BENIGN
-0.54811144,BENIGN
-0.34240344,BENIGN
-0.34450257,BENIGN
-0.34117633,BENIGN
-0.33712688,BENIGN
-0.33496413,BENIGN
-0.34434736,BENIGN
-0.347554,BENIGN
-0.38168782,BENIGN
-0.36938974,BENIGN
-0.37070143,BENIGN
-0.33137536,BENIGN
-0.35428807,BENIGN
-0.3697867,BENIGN
-0.38046032,BENIGN
-0.43288684,BENIGN
-0.45223546,BENIGN
-0.6893566,BENIGN
-0.34349114,BENIGN
-0.33616763,BENIGN
-0.34418976,BENIGN
-0.3548726,BENIGN
-0.57938755,BENIGN
-0.35301432,BENIGN
-0.358757,BENIGN
-0.566965,BENIGN
-0.3854064,BENIGN
-0.33903,BENIGN
-0.36574402,BENIGN
-0.36666676,BENIGN
-0.41925323,BENIGN
-0.35571343,BENIGN
-0.37058347,BENIGN
-0.3442669,BENIGN
-0.3567621,BENIGN
-0.37511715,BENIGN
-0.36797237,BENIGN
-0.3490133,BENIGN
-0.37484196,BENIGN
-0.33091873,BENIGN
-0.497418,BENIGN
-0.3432268,BENIGN
-0.39131382,BENIGN
-0.35828698,BENIGN
-0.37150085,BENIGN
-0.5210384,BENIGN
-0.5158643,BENIGN
-0.3462922,BENIGN
-0.53174806,BENIGN
-0.339439,BENIGN
-0.3909497,BENIGN
-0.3458654,BENIGN
-0.5837518,BENIGN
-0.3669519,BENIGN
-0.38543063,BENIGN
-0.3521706,BENIGN
-0.33314684,BENIGN
-0.39846042,BENIGN
-0.42022195,BENIGN
-0.35199964,BENIGN
-0.3552836,BENIGN
-0.36984918,BENIGN
-0.35091302,BENIGN
-0.4214658,BENIGN
-0.4412886,BENIGN
-0.33382818,BENIGN
-0.3950924,BENIGN
-0.37928203,BENIGN
-0.36039594,BENIGN
-0.47380143,BENIGN
-0.34941143,BENIGN
-0.34644738,BENIGN
-0.3371126,BENIGN
-0.36659962,BENIGN
-0.54698807,BENIGN
-0.40478057,BENIGN
-0.3524,BENIGN
-0.3936095,BENIGN
-0.3899389,BENIGN
-0.35292423,BENIGN
-0.33166823,BENIGN
-0.4511701,BENIGN
-0.5722246,BENIGN
-0.3551151,BENIGN
-0.48028848,BENIGN
-0.5041192,BENIGN
-0.42827106,BENIGN
-0.34016126,BENIGN
-0.36940277,BENIGN
-0.34979218,BENIGN
-0.5896184,BENIGN
-0.3774734,BENIGN
-0.36845025,BENIGN
-0.3925157,BENIGN
-0.34338337,BENIGN
-0.38784724,BENIGN
-0.34912547,BENIGN
-0.36948332,BENIGN
-0.33414155,BENIGN
-0.3458654,BENIGN
-0.44037905,BENIGN
-0.69437855,BENIGN
-0.46250877,BENIGN
-0.43259922,BENIGN
-0.3730501,BENIGN
-0.379632,BENIGN
-0.35066915,BENIGN
-0.4452925,BENIGN
-0.3948227,BENIGN
-0.38058135,BENIGN
-0.36697116,BENIGN
-0.3836912,BENIGN
-0.33193702,BENIGN
-0.3402485,BENIGN
-0.34795138,BENIGN
-0.3967088,BENIGN
-0.4483032,BENIGN
-0.3448251,BENIGN
-0.36056608,BENIGN
-0.39856791,BENIGN
-0.3537775,BENIGN
-0.4642157,BENIGN
-0.34235585,BENIGN
-0.37058663,BENIGN
-0.38275015,BENIGN
-0.36901063,BENIGN
-0.4312793,BENIGN
-0.33387867,BENIGN
-0.3733553,BENIGN
-0.33931267,BENIGN
-0.36931017,BENIGN
-0.3678877,BENIGN
-0.34407073,BENIGN
-0.58852935,BENIGN
-0.361537,BENIGN
-0.37199777,BENIGN
-0.35693315,BENIGN
-0.34299114,BENIGN
-0.40891057,BENIGN
-0.46226713,BENIGN
-0.54667956,BENIGN
-0.3845857,BENIGN
-0.37911946,BENIGN
-0.3430001,BENIGN
-0.35763043,BENIGN
-0.38948914,BENIGN
-0.34897664,BENIGN
-0.36709136,BENIGN
-0.54948324,BENIGN
-0.36710113,BENIGN
-0.39157292,BENIGN
-0.3423314,BENIGN
-0.3935148,BENIGN
-0.34226283,BENIGN
-0.3855129,BENIGN
-0.3711073,BENIGN
-0.4700005,BENIGN
-0.3772676,BENIGN
-0.3505337,BENIGN
-0.3382934,BENIGN
-0.35288787,BENIGN
-0.39266405,BENIGN
-0.3327214,BENIGN
-0.35698527,BENIGN
-0.3743054,BENIGN
-0.35620916,BENIGN
-0.38033715,BENIGN
-0.37417462,BENIGN
-0.41686305,BENIGN
-0.4081393,BENIGN
-0.33719993,BENIGN
-0.34343284,BENIGN
-0.39079762,BENIGN
-0.39363158,BENIGN
-0.3419915,BENIGN
-0.36374158,BENIGN
-0.38141978,BENIGN
-0.44685644,BENIGN
-0.3690005,BENIGN
-0.37551948,BENIGN
-0.35154882,BENIGN
-0.40073794,BENIGN
-0.35038462,BENIGN
-0.45124796,BENIGN
-0.3673723,BENIGN
-0.36044687,BENIGN
-0.37492996,BENIGN
-0.3681123,BENIGN
-0.38236934,BENIGN
-0.5427223,BENIGN
-0.3396609,BENIGN
-0.44627115,BENIGN
-0.3459964,BENIGN
-0.35192394,BENIGN
-0.4537796,BENIGN
-0.35359082,BENIGN
-0.366207,BENIGN
-0.39191833,BENIGN
-0.37417465,BENIGN
-0.40164036,BENIGN
-0.38917732,BENIGN
-0.5085739,BENIGN
-0.34787652,BENIGN
-0.37952527,BENIGN
-0.36780983,BENIGN
-0.40856788,BENIGN
-0.3382091,BENIGN
-0.38768962,BENIGN
-0.35326067,BENIGN
-0.33694157,BENIGN
-0.41321558,BENIGN
-0.33898124,BENIGN
-0.34110984,BENIGN
-0.34269324,BENIGN
-0.49493778,BENIGN
-0.33898872,BENIGN
-0.3512004,BENIGN
-0.40228516,BENIGN
-0.44540957,BENIGN
-0.3701929,BENIGN
-0.3337634,BENIGN
-0.40075997,BENIGN
-0.46220618,BENIGN
-0.35221708,BENIGN
-0.62479573,BENIGN
-0.3736613,BENIGN
-0.34414396,BENIGN
-0.3852494,BENIGN
-0.37128645,BENIGN
-0.34263524,BENIGN
-0.36766294,BENIGN
-0.3333045,BENIGN
-0.37089732,BENIGN
-0.45318222,BENIGN
-0.5916055,BENIGN
-0.3463367,BENIGN
-0.39385164,BENIGN
-0.33384094,BENIGN
-0.39087728,BENIGN
-0.38435218,BENIGN
-0.52069455,BENIGN
-0.34878424,BENIGN
-0.33881572,BENIGN
-0.3885721,BENIGN
-0.34456116,BENIGN
-0.3357501,BENIGN
-0.35156086,BENIGN
-0.3512256,BENIGN
-0.37068012,BENIGN
-0.36370862,BENIGN
-0.33470237,BENIGN
-0.3885296,BENIGN
-0.45909378,BENIGN
-0.3400625,BENIGN
-0.36133936,BENIGN
-0.33253223,BENIGN
-0.37088296,BENIGN
-0.3678877,BENIGN
-0.37307936,BENIGN
-0.39195424,BENIGN
-0.35046935,BENIGN
-0.37140906,BENIGN
-0.33096305,BENIGN
-0.3416069,BENIGN
-0.37918517,BENIGN
-0.49144244,BENIGN
-0.35003993,BENIGN
-0.46557376,BENIGN
-0.34445077,BENIGN
-0.34486315,BENIGN
-0.573998,BENIGN
-0.39905313,BENIGN
-0.33673123,BENIGN
-0.58884484,BENIGN
-0.4369475,BENIGN
-0.36815485,BENIGN
-0.38073215,BENIGN
-0.34631816,BENIGN
-0.56676674,BENIGN
-0.33429348,BENIGN
-0.3744522,BENIGN
-0.3396141,BENIGN
-0.45344588,BENIGN
-0.38719386,BENIGN
-0.46618575,BENIGN
-0.34540045,BENIGN
-0.48534387,BENIGN
-0.36759433,BENIGN
-0.3510259,BENIGN
-0.33656365,BENIGN
-0.33982462,BENIGN
-0.45335522,BENIGN
-0.6054866,BENIGN
-0.42053378,BENIGN
-0.35853705,BENIGN
-0.36547512,BENIGN
-0.46199974,BENIGN
-0.5225281,BENIGN
-0.34441453,BENIGN
-0.34908268,BENIGN
-0.34176025,BENIGN
-0.40508774,BENIGN
-0.48452464,BENIGN
-0.40544176,BENIGN
-0.34552768,BENIGN
-0.33965173,BENIGN
-0.3671843,BENIGN
-0.39598364,BENIGN
-0.3534757,BENIGN
-0.34508562,BENIGN
-0.36907542,BENIGN
-0.4041668,BENIGN
-0.35244933,BENIGN
-0.39172003,BENIGN
-0.47791326,BENIGN
-0.36405584,BENIGN
-0.3931306,BENIGN
-0.37830165,BENIGN
-0.39380354,BENIGN
-0.3488557,BENIGN
-0.34470144,BENIGN
-0.37565398,BENIGN
-0.50538146,BENIGN
-0.3466319,BENIGN
-0.33658272,BENIGN
-0.35294175,BENIGN
-0.3739704,BENIGN
-0.33596998,BENIGN
-0.3371558,BENIGN
-0.43111363,BENIGN
-0.34352586,BENIGN
-0.3844785,BENIGN
-0.35099104,BENIGN
-0.4620497,BENIGN
-0.37477985,BENIGN
-0.6477759,BENIGN
-0.3809778,BENIGN
-0.35174432,BENIGN
-0.45562777,BENIGN
-0.34364086,BENIGN
-0.49829838,BENIGN
-0.33734167,BENIGN
-0.3685779,BENIGN
-0.34095904,BENIGN
-0.3719485,BENIGN
-0.33870056,BENIGN
-0.38881102,BENIGN
-0.36702782,BENIGN
-0.38429624,BENIGN
-0.37396714,BENIGN
-0.39698297,BENIGN
-0.36329317,BENIGN
-0.4576373,BENIGN
-0.39094704,BENIGN
-0.33398247,BENIGN
-0.3710397,BENIGN
-0.5020547,BENIGN
-0.3352543,BENIGN
-0.6142662,BENIGN
-0.5392109,BENIGN
-0.33660477,BENIGN
-0.52544874,BENIGN
-0.33329454,BENIGN
-0.3538222,BENIGN
-0.33966753,BENIGN
-0.6422948,BENIGN
-0.366879,BENIGN
-0.3376382,BENIGN
-0.4508412,BENIGN
-0.43288684,BENIGN
-0.44348305,BENIGN
-0.5844383,BENIGN
-0.4569929,BENIGN
-0.33758134,BENIGN
-0.5044947,BENIGN
-0.50075024,BENIGN
-0.38292786,BENIGN
-0.45459172,BENIGN
-0.34350437,BENIGN
-0.3743061,BENIGN
-0.45411602,BENIGN
-0.37631798,BENIGN
-0.42637563,BENIGN
-0.3476791,BENIGN
-0.3397281,BENIGN
-0.33346182,BENIGN
-0.36821398,BENIGN
-0.34339082,BENIGN
-0.42041528,BENIGN
-0.4137304,BENIGN
-0.33926207,BENIGN
-0.6451885,BENIGN
-0.37228313,BENIGN
-0.33700454,BENIGN
-0.35160476,BENIGN
-0.3574033,BENIGN
-0.3685479,BENIGN
-0.36637002,BENIGN
-0.34047377,BENIGN
-0.33888343,BENIGN
-0.3713674,BENIGN
-0.34484693,BENIGN
-0.33589485,BENIGN
-0.5158839,BENIGN
-0.38903308,BENIGN
-0.36963752,BENIGN
-0.34118715,BENIGN
-0.3943153,BENIGN
-0.53410596,BENIGN
-0.34409615,BENIGN
-0.35037106,BENIGN
-0.37543783,BENIGN
-0.37052944,BENIGN
-0.36187756,BENIGN
-0.4208495,BENIGN
-0.33230612,BENIGN
-0.4397052,BENIGN
-0.53519326,BENIGN
-0.38600552,BENIGN
-0.348449,BENIGN
-0.47504345,BENIGN
-0.3498284,BENIGN
-0.39639047,BENIGN
-0.33294186,BENIGN
-0.34307668,BENIGN
-0.3544658,BENIGN
-0.3425816,BENIGN
-0.36654982,BENIGN
-0.37288606,BENIGN
-0.50385237,BENIGN
-0.40845785,BENIGN
-0.39704,BENIGN
-0.36827058,BENIGN
-0.3871823,BENIGN
-0.4195068,BENIGN
-0.37926728,BENIGN
-0.3385303,BENIGN
-0.3895403,BENIGN
-0.4284317,BENIGN
-0.3510696,BENIGN
-0.46041596,BENIGN
-0.43671754,BENIGN
-0.34717116,BENIGN
-0.3715632,BENIGN
-0.36745772,BENIGN
-0.53728527,BENIGN
-0.35057437,BENIGN
-0.3384897,BENIGN
-0.37963846,BENIGN
-0.3357032,BENIGN
-0.36231157,BENIGN
-0.5054106,BENIGN
-0.50425553,BENIGN
-0.341187,BENIGN
-0.33719182,BENIGN
-0.3680373,BENIGN
-0.33948195,BENIGN
-0.33658272,BENIGN
-0.3608118,BENIGN
-0.40706208,BENIGN
-0.34566435,BENIGN
-0.3851384,BENIGN
-0.6208017,BENIGN
-0.42190927,BENIGN
-0.3530647,BENIGN
-0.34448949,BENIGN
-0.37309605,BENIGN
-0.3811278,BENIGN
-0.33777645,BENIGN
-0.48487297,BENIGN
-0.34310457,BENIGN
-0.43033627,BENIGN
-0.36079797,BENIGN
-0.35755318,BENIGN
-0.37227482,BENIGN
-0.40230894,BENIGN
-0.4177513,BENIGN
-0.34917006,BENIGN
-0.40360638,BENIGN
-0.3418928,BENIGN
-0.3521943,BENIGN
-0.34555054,BENIGN
-0.36446333,BENIGN
-0.3340904,BENIGN
-0.39264095,BENIGN
-0.34458792,BENIGN
-0.35945585,BENIGN
-0.34611845,BENIGN
-0.35274878,BENIGN
-0.35374185,BENIGN
-0.33930892,BENIGN
-0.4205483,BENIGN
-0.34472,BENIGN
-0.3388127,BENIGN
-0.4063499,BENIGN
-0.39795974,BENIGN
-0.3898281,BENIGN
-0.38104072,BENIGN
-0.41355923,BENIGN
-0.41980702,BENIGN
-0.33716357,BENIGN
-0.33586767,BENIGN
-0.36792737,BENIGN
-0.66103333,BENIGN
-0.3381881,BENIGN
-0.39770728,BENIGN
-0.3916937,BENIGN
-0.33863726,BENIGN
-0.33525544,BENIGN
-0.35198575,BENIGN
-0.40733278,BENIGN
-0.35400203,BENIGN
-0.39761144,BENIGN
-0.34381217,BENIGN
-0.35615334,BENIGN
-0.3543716,BENIGN
-0.34934375,BENIGN
-0.39018387,BENIGN
-0.35543358,BENIGN
-0.41930375,BENIGN
-0.3656584,BENIGN
-0.46898606,BENIGN
-0.38438675,BENIGN
-0.34467867,BENIGN
-0.4980963,BENIGN
-0.3389973,BENIGN
-0.35382003,BENIGN
-0.64254403,BENIGN
-0.37390223,BENIGN
-0.563773,BENIGN
-0.34968218,BENIGN
-0.34709156,BENIGN
-0.3736061,BENIGN
-0.3388941,BENIGN
-0.38632426,BENIGN
-0.37394422,BENIGN
-0.41002882,BENIGN
-0.3357753,BENIGN
-0.34254903,BENIGN
-0.4065109,BENIGN
-0.5297521,BENIGN
-0.3570733,BENIGN
-0.3942866,BENIGN
-0.35994798,BENIGN
-0.35306013,BENIGN
-0.39035645,BENIGN
-0.38976946,BENIGN
-0.35151872,BENIGN
-0.36103046,BENIGN
-0.34382966,BENIGN
-0.34232324,BENIGN
-0.372909,BENIGN
-0.37325022,BENIGN
-0.4301082,BENIGN
-0.44041398,BENIGN
-0.412817,BENIGN
-0.3703536,BENIGN
-0.4063443,BENIGN
-0.34365767,BENIGN
-0.37300998,BENIGN
-0.35926318,BENIGN
-0.34008756,BENIGN
-0.34300768,BENIGN
-0.45880315,BENIGN
-0.35465863,BENIGN
-0.45345035,BENIGN
-0.3483163,BENIGN
-0.3972302,BENIGN
-0.35583982,BENIGN
-0.44956475,BENIGN
-0.34540114,BENIGN
-0.4470528,BENIGN
-0.3743054,BENIGN
-0.43468878,BENIGN
-0.41340375,BENIGN
-0.355944,BENIGN
-0.4814971,BENIGN
-0.3699419,BENIGN
-0.37618732,BENIGN
-0.41391802,BENIGN
-0.48504305,BENIGN
-0.37231535,BENIGN
-0.34785175,BENIGN
-0.40425795,BENIGN
-0.33435786,BENIGN
-0.45846337,BENIGN
-0.3824534,BENIGN
-0.42434195,BENIGN
-0.33420753,BENIGN
-0.34811565,BENIGN
-0.36250943,BENIGN
-0.45192358,BENIGN
-0.5564231,BENIGN
-0.38190702,BENIGN
-0.41024593,BENIGN
-0.35552388,BENIGN
-0.34908268,BENIGN
-0.34867918,BENIGN
-0.33559135,BENIGN
-0.44634718,BENIGN
-0.38943934,BENIGN
-0.36809725,BENIGN
-0.34439206,BENIGN
-0.3418905,BENIGN
-0.41033736,BENIGN
-0.3477341,BENIGN
-0.33274436,BENIGN
-0.37106004,BENIGN
-0.36959457,BENIGN
-0.36977583,BENIGN
-0.35228664,BENIGN
-0.35223815,BENIGN
-0.44283503,BENIGN
-0.47506142,BENIGN
-0.40989012,BENIGN
-0.39573014,BENIGN
-0.33683255,BENIGN
-0.35340205,BENIGN
-0.3408339,BENIGN
-0.36684513,BENIGN
-0.36456582,BENIGN
-0.38807073,BENIGN
-0.34738648,BENIGN
-0.43370852,BENIGN
-0.36053547,BENIGN
-0.3841785,BENIGN
-0.35503328,BENIGN
-0.43712938,BENIGN
-0.34692168,BENIGN
-0.3713303,BENIGN
-0.40450996,BENIGN
-0.3341349,BENIGN
-0.3677477,BENIGN
-0.4648799,BENIGN
-0.3420276,BENIGN
-0.3506798,BENIGN
-0.38454232,BENIGN
-0.44656265,BENIGN
-0.44709966,BENIGN
-0.37169883,BENIGN
-0.56799287,BENIGN
-0.3641677,BENIGN
-0.5887984,BENIGN
-0.39035645,BENIGN
-0.34189564,BENIGN
-0.34212935,BENIGN
-0.38884476,BENIGN
-0.3547862,BENIGN
-0.33893794,BENIGN
-0.35478348,BENIGN
-0.44449723,BENIGN
-0.59031886,BENIGN
-0.37015682,BENIGN
-0.3690213,BENIGN
-0.37782913,BENIGN
-0.5467768,BENIGN
-0.33597434,BENIGN
-0.4045948,BENIGN
-0.39382416,BENIGN
-0.37683517,BENIGN
-0.3743054,BENIGN
-0.3704496,BENIGN
-0.44569078,BENIGN
-0.37268114,BENIGN
-0.34630048,BENIGN
-0.34601417,BENIGN
-0.36656776,BENIGN
-0.41771874,BENIGN
-0.3682017,BENIGN
-0.35622278,BENIGN
-0.36455688,BENIGN
-0.33900905,BENIGN
-0.37107885,BENIGN
-0.3552786,BENIGN
-0.33825415,BENIGN
-0.4859942,BENIGN
-0.39294374,BENIGN
-0.33551177,BENIGN
-0.38694236,BENIGN
-0.33818203,BENIGN
-0.34080762,BENIGN
-0.3531962,BENIGN
-0.33948585,BENIGN
-0.33856767,BENIGN
-0.36158255,BENIGN
-0.33310843,BENIGN
-0.37056518,BENIGN
-0.35428685,BENIGN
-0.34176025,BENIGN
-0.38411778,BENIGN
-0.38660395,BENIGN
-0.39062065,BENIGN
-0.35734233,BENIGN
-0.43665552,BENIGN
-0.35493535,BENIGN
-0.33773607,BENIGN
-0.36516145,BENIGN
-0.3575716,BENIGN
-0.45109096,BENIGN
-0.3602949,BENIGN
-0.41359732,BENIGN
-0.33536416,BENIGN
-0.34363523,BENIGN
-0.33991808,BENIGN
-0.35665584,BENIGN
-0.36659962,BENIGN
-0.43420687,BENIGN
-0.4109303,BENIGN
-0.33868146,BENIGN
-0.36015075,BENIGN
-0.5332012,BENIGN
-0.35113,BENIGN
-0.35223904,BENIGN
-0.3359608,BENIGN
-0.37552983,BENIGN
-0.3764906,BENIGN
-0.343372,BENIGN
-0.37048742,BENIGN
-0.36969694,BENIGN
-0.45658603,BENIGN
-0.41187075,BENIGN
-0.38150486,BENIGN
-0.37176296,BENIGN
-0.37010512,BENIGN
-0.33339375,BENIGN
-0.38684356,BENIGN
-0.34042037,BENIGN
-0.4301246,BENIGN
-0.35984698,BENIGN
-0.34712052,BENIGN
-0.39002278,BENIGN
-0.44088084,BENIGN
-0.58699226,BENIGN
-0.40713224,BENIGN
-0.37144464,BENIGN
-0.3937661,BENIGN
-0.5754494,BENIGN
-0.34811726,BENIGN
-0.3907459,BENIGN
-0.3539345,BENIGN
-0.3883769,BENIGN
-0.4066648,BENIGN
-0.37492815,BENIGN
-0.4231199,BENIGN
-0.37116644,BENIGN
-0.67355806,BENIGN
-0.33627194,BENIGN
-0.35083562,BENIGN
-0.37520197,BENIGN
-0.34529883,BENIGN
-0.34366357,BENIGN
-0.3440668,BENIGN
-0.4397486,BENIGN
-0.3853927,BENIGN
-0.33371615,BENIGN
-0.5253391,BENIGN
-0.34470144,BENIGN
-0.35923457,BENIGN
-0.3330194,BENIGN
-0.339758,BENIGN
-0.36864975,BENIGN
-0.36881533,BENIGN
-0.34661776,BENIGN
-0.52608824,BENIGN
-0.36936852,BENIGN
-0.3522819,BENIGN
-0.5052998,BENIGN
-0.3962979,BENIGN
-0.3471651,BENIGN
-0.39497063,BENIGN
-0.5566701,BENIGN
-0.3556318,BENIGN
-0.43362346,BENIGN
-0.37852043,BENIGN
-0.35539448,BENIGN
-0.434234,BENIGN
-0.3459964,BENIGN
-0.3778677,BENIGN
-0.49654406,BENIGN
-0.4347335,BENIGN
-0.3435366,BENIGN
-0.4313096,BENIGN
-0.3957894,BENIGN
-0.3421681,BENIGN
-0.3504119,BENIGN
-0.34408352,BENIGN
-0.3419274,BENIGN
-0.3835954,BENIGN
-0.3688112,BENIGN
-0.35378864,BENIGN
-0.5667804,BENIGN
-0.36483625,BENIGN
-0.41629106,BENIGN
-0.3467967,BENIGN
-0.34761694,BENIGN
-0.38452342,BENIGN
-0.40308338,BENIGN
-0.3305635,BENIGN
-0.34344172,BENIGN
-0.49717277,BENIGN
-0.50694823,BENIGN
-0.35561422,BENIGN
-0.339427,BENIGN
-0.61613095,BENIGN
-0.37081754,BENIGN
-0.4012249,BENIGN
-0.38437447,BENIGN
-0.38955766,BENIGN
-0.54635227,BENIGN
-0.41832942,BENIGN
-0.36050564,BENIGN
-0.57328206,BENIGN
-0.3497749,BENIGN
-0.37561688,BENIGN
-0.36447003,BENIGN
-0.33316073,BENIGN
-0.4490954,BENIGN
-0.429421,BENIGN
-0.3471085,BENIGN
-0.3458654,BENIGN
-0.7146299,BENIGN
-0.45136112,BENIGN
-0.35879767,BENIGN
-0.34437326,BENIGN
-0.33733892,BENIGN
-0.34386274,BENIGN
-0.34813368,BENIGN
-0.4332477,BENIGN
-0.3913783,BENIGN
-0.33505443,BENIGN
-0.3422282,BENIGN
-0.3549287,BENIGN
-0.33330166,BENIGN
-0.39568543,BENIGN
-0.34167075,BENIGN
-0.33671495,BENIGN
-0.33851033,BENIGN
-0.37641135,BENIGN
-0.3772221,BENIGN
-0.5279853,BENIGN
-0.34547505,BENIGN
-0.35169291,BENIGN
-0.47228956,BENIGN
-0.34449422,BENIGN
-0.3495428,BENIGN
-0.34252077,BENIGN
-0.5962169,BENIGN
-0.35966069,BENIGN
-0.37311384,BENIGN
-0.34978333,BENIGN
-0.3317924,BENIGN
-0.33725125,BENIGN
-0.40185383,BENIGN
-0.34948745,BENIGN
-0.35441574,BENIGN
-0.47327352,BENIGN
-0.38792896,BENIGN
-0.364259,BENIGN
-0.3436784,BENIGN
-0.34915364,BENIGN
-0.34409615,BENIGN
-0.40831968,BENIGN
-0.38203752,BENIGN
-0.5018855,BENIGN
-0.37735108,BENIGN
-0.3718004,BENIGN
-0.49301952,BENIGN
-0.35123205,BENIGN
-0.3393612,BENIGN
-0.4409415,BENIGN
-0.42114872,BENIGN
-0.5353026,BENIGN
-0.36711186,BENIGN
-0.34727034,BENIGN
-0.34353915,BENIGN
-0.60144603,BENIGN
-0.3799466,BENIGN
-0.436322,BENIGN
-0.39010897,BENIGN
-0.3743749,BENIGN
-0.3485834,BENIGN
-0.6737101,BENIGN
-0.33898765,BENIGN
-0.45883915,BENIGN
-0.5045332,BENIGN
-0.69612247,BENIGN
-0.36906376,BENIGN
-0.4035544,BENIGN
-0.3911441,BENIGN
-0.45019665,BENIGN
-0.35182017,BENIGN
-0.39363983,BENIGN
-0.37977585,BENIGN
-0.45044515,BENIGN
-0.40884256,BENIGN
-0.3466976,BENIGN
-0.33456734,BENIGN
-0.3567288,BENIGN
-0.53952867,BENIGN
-0.33979493,BENIGN
-0.37428206,BENIGN
-0.3326808,BENIGN
-0.3677682,BENIGN
-0.3413522,BENIGN
-0.36886796,BENIGN
-0.63575697,BENIGN
-0.35333642,BENIGN
-0.37512726,BENIGN
-0.37887534,BENIGN
-0.3680816,BENIGN
-0.42883417,BENIGN
-0.54899484,BENIGN
-0.3352713,BENIGN
-0.40035594,BENIGN
-0.33590737,BENIGN
-0.3596168,BENIGN
-0.34980512,BENIGN
-0.37303898,BENIGN
-0.36991593,BENIGN
-0.33269686,BENIGN
-0.37257752,BENIGN
-0.38304895,BENIGN
-0.33904058,BENIGN
-0.37118566,BENIGN
-0.3764082,BENIGN
-0.35608408,BENIGN
-0.3949416,BENIGN
-0.359135,BENIGN
-0.5423813,BENIGN
-0.34371096,BENIGN
-0.4405071,BENIGN
-0.43350065,BENIGN
-0.342118,BENIGN
-0.36331162,BENIGN
-0.35091302,BENIGN
-0.34338415,BENIGN
-0.34516126,BENIGN
-0.48327285,BENIGN
-0.40550545,BENIGN
-0.3937207,BENIGN
-0.39496318,BENIGN
-0.34353417,BENIGN
-0.33945218,BENIGN
-0.34893534,BENIGN
-0.35418552,BENIGN
-0.3361926,BENIGN
-0.37693724,BENIGN
-0.39159885,BENIGN
-0.4389267,BENIGN
-0.37946486,BENIGN
-0.34392062,BENIGN
-0.35623446,BENIGN
-0.37123436,BENIGN
-0.34642857,BENIGN
-0.3473938,BENIGN
-0.33312598,BENIGN
-0.33562514,BENIGN
-0.36529773,BENIGN
-0.39053166,BENIGN
-0.34075147,BENIGN
-0.50909823,BENIGN
-0.38036096,BENIGN
-0.5889909,BENIGN
-0.3935415,BENIGN
-0.41966036,BENIGN
-0.3476791,BENIGN
-0.34511727,BENIGN
-0.35169056,BENIGN
-0.35192552,BENIGN
-0.4493868,BENIGN
-0.3376493,BENIGN
-0.58594507,BENIGN
-0.33698446,BENIGN
-0.37026855,BENIGN
-0.3590387,BENIGN
-0.33798423,BENIGN
-0.33889538,BENIGN
-0.33752,BENIGN
-0.35976344,BENIGN
-0.38885555,BENIGN
-0.3588105,BENIGN
-0.37101722,BENIGN
-0.34179506,BENIGN
-0.35245216,BENIGN
-0.5996001,BENIGN
-0.34023103,BENIGN
-0.4958641,BENIGN
-0.35146087,BENIGN
-0.39932272,BENIGN
-0.35007742,BENIGN
-0.33670264,BENIGN
-0.39013612,BENIGN
-0.34574705,BENIGN
-0.34824523,BENIGN
-0.39785254,BENIGN
-0.4454708,BENIGN
-0.4336128,BENIGN
-0.45040482,BENIGN
-0.34081078,BENIGN
-0.5610854,BENIGN
-0.36740524,BENIGN
-0.39477924,BENIGN
-0.38285282,BENIGN
-0.3765786,BENIGN
-0.3518294,BENIGN
-0.45302996,BENIGN
-0.36574402,BENIGN
-0.4055905,BENIGN
-0.3672399,BENIGN
-0.37950677,BENIGN
-0.37030616,BENIGN
-0.3932825,BENIGN
-0.5346094,BENIGN
-0.44628754,BENIGN
-0.35520142,BENIGN
-0.40818158,BENIGN
-0.36744452,BENIGN
-0.34073848,BENIGN
-0.37806624,BENIGN
-0.34298098,BENIGN
-0.35037106,BENIGN
-0.3632372,BENIGN
-0.33878273,BENIGN
-0.3746555,BENIGN
-0.408299,BENIGN
-0.3493074,BENIGN
-0.39919725,BENIGN
-0.3908815,BENIGN
-0.58532506,BENIGN
-0.33982462,BENIGN
-0.4056396,BENIGN
-0.36399472,BENIGN
-0.35931644,BENIGN
-0.3665476,BENIGN
-0.38455987,BENIGN
-0.34825417,BENIGN
-0.3576306,BENIGN
-0.4424784,BENIGN
-0.34361422,BENIGN
-0.3580323,BENIGN
-0.3773871,BENIGN
-0.34550387,BENIGN
-0.3713674,BENIGN
-0.4169846,BENIGN
-0.42174336,BENIGN
-0.41002882,BENIGN
-0.33554912,BENIGN
-0.39206177,BENIGN
-0.33513126,BENIGN
-0.3758358,BENIGN
-0.34274787,BENIGN
-0.34617016,BENIGN
-0.38207012,BENIGN
-0.45745808,BENIGN
-0.34510216,BENIGN
-0.3889683,BENIGN
-0.40774158,BENIGN
-0.38018498,BENIGN
-0.34980512,BENIGN
-0.54072917,BENIGN
-0.58933747,BENIGN
-0.33577564,BENIGN
-0.45535907,BENIGN
-0.35282767,BENIGN
-0.40807214,BENIGN
-0.4644375,BENIGN
-0.4677964,BENIGN
-0.36768764,BENIGN
-0.39146495,BENIGN
-0.3794468,BENIGN
-0.3424915,BENIGN
-0.35611862,BENIGN
-0.33422107,BENIGN
-0.3867236,BENIGN
-0.36763594,BENIGN
-0.35703763,BENIGN
-0.41409108,BENIGN
-0.33349434,BENIGN
-0.34871516,BENIGN
-0.37941948,BENIGN
-0.63328964,BENIGN
-0.43508294,BENIGN
-0.39224613,BENIGN
-0.35209996,BENIGN
-0.3949928,BENIGN
-0.3456706,BENIGN
-0.38394868,BENIGN
-0.487035,BENIGN
-0.6005273,BENIGN
-0.3955835,BENIGN
-0.36253473,BENIGN
-0.39020896,BENIGN
-0.33579996,BENIGN
-0.40082327,BENIGN
-0.39787897,BENIGN
-0.37539434,BENIGN
-0.34266016,BENIGN
-0.4569756,BENIGN
-0.36682674,BENIGN
-0.33278683,BENIGN
-0.34693345,BENIGN
-0.35071638,BENIGN
-0.45698777,BENIGN
-0.35089234,BENIGN
-0.38476902,BENIGN
-0.5126836,BENIGN
-0.3379565,BENIGN
-0.49498582,BENIGN
-0.34712657,BENIGN
-0.3703403,BENIGN
-0.3630783,BENIGN
-0.33455405,BENIGN
-0.37977993,BENIGN
-0.4307148,BENIGN
-0.3447066,BENIGN
-0.3705313,BENIGN
-0.35662824,BENIGN
-0.39153412,BENIGN
-0.4013751,BENIGN
-0.4051702,BENIGN
-0.36354676,BENIGN
-0.4591854,BENIGN
-0.36304834,BENIGN
-0.6858581,BENIGN
-0.33634546,BENIGN
-0.3957806,BENIGN
-0.3456945,BENIGN
-0.37217847,BENIGN
-0.3688538,BENIGN
-0.48115453,BENIGN
-0.44359237,BENIGN
-0.3372292,BENIGN
-0.34801662,BENIGN
-0.3448176,BENIGN
-0.34426585,BENIGN
-0.36715087,BENIGN
-0.3801807,BENIGN
-0.3936044,BENIGN
-0.39285406,BENIGN
-0.4023123,BENIGN
-0.6159328,BENIGN
-0.33892092,BENIGN
-0.36763594,BENIGN
-0.38018844,BENIGN
-0.33851057,BENIGN
-0.37254277,BENIGN
-0.416296,BENIGN
-0.35808924,BENIGN
-0.39487785,BENIGN
-0.52670944,BENIGN
-0.34172142,BENIGN
-0.35081926,BENIGN
-0.39218777,BENIGN
-0.3465676,BENIGN
-0.39037934,BENIGN
-0.37120286,BENIGN
-0.5197461,BENIGN
-0.36351988,BENIGN
-0.3453806,BENIGN
-0.3631966,BENIGN
-0.45720515,BENIGN
-0.34337023,BENIGN
-0.54472816,BENIGN
-0.33733153,BENIGN
-0.43618083,BENIGN
-0.3489587,BENIGN
-0.39060414,BENIGN
-0.40944842,BENIGN
-0.7021825,BENIGN
-0.39122707,BENIGN
-0.36700183,BENIGN
-0.37954542,BENIGN
-0.4473489,BENIGN
-0.537417,BENIGN
-0.35814202,BENIGN
-0.3789644,BENIGN
-0.35556406,BENIGN
-0.56980056,BENIGN
-0.4844882,BENIGN
-0.35335428,BENIGN
-0.3691934,BENIGN
-0.36965707,BENIGN
-0.38469657,BENIGN
-0.38681215,BENIGN
-0.348402,BENIGN
-0.46350026,BENIGN
-0.33928284,BENIGN
-0.39110902,BENIGN
-0.4128553,BENIGN
-0.35598022,BENIGN
-0.39395952,BENIGN
-0.3363976,BENIGN
-0.38965508,BENIGN
-0.3389678,BENIGN
-0.36803257,BENIGN
-0.36676815,BENIGN
-0.45409003,BENIGN
-0.33654186,BENIGN
-0.37842306,BENIGN
-0.37379354,BENIGN
-0.3331352,BENIGN
-0.3778988,BENIGN
-0.3321316,BENIGN
-0.416874,BENIGN
-0.3483866,BENIGN
-0.3317924,BENIGN
-0.38848042,BENIGN
-0.5635493,BENIGN
-0.3488753,BENIGN
-0.34047624,BENIGN
-0.3677477,BENIGN
-0.41163987,BENIGN
-0.355886,BENIGN
-0.3515953,BENIGN
-0.42472956,BENIGN
-0.46430674,BENIGN
-0.3693828,BENIGN
-0.3683355,BENIGN
-0.38444924,BENIGN
-0.3469361,BENIGN
-0.35005432,BENIGN
-0.3630131,BENIGN
-0.44283438,BENIGN
-0.37638542,BENIGN
-0.45540783,BENIGN
-0.39327535,BENIGN
-0.45974973,BENIGN
-0.44598275,BENIGN
-0.33894625,BENIGN
-0.3373162,BENIGN
-0.3843784,BENIGN
-0.35189092,BENIGN
-0.41167432,BENIGN
-0.3661558,BENIGN
-0.3538192,BENIGN
-0.34978333,BENIGN
-0.38322014,BENIGN
-0.3516481,BENIGN
-0.36608213,BENIGN
-0.33373857,BENIGN
-0.35223264,BENIGN
-0.36965343,BENIGN
-0.35431874,BENIGN
-0.36893037,BENIGN
-0.3557206,BENIGN
-0.37082058,BENIGN
-0.33589378,BENIGN
-0.39049858,BENIGN
-0.35233223,BENIGN
-0.45197588,BENIGN
-0.41397136,BENIGN
-0.33196437,BENIGN
-0.3723684,BENIGN
-0.68078464,BENIGN
-0.3805406,BENIGN
-0.35249004,BENIGN
-0.3928159,BENIGN
-0.456543,BENIGN
-0.344846,BENIGN
-0.33684668,BENIGN
-0.47761798,BENIGN
-0.35218835,BENIGN
-0.6577213,BENIGN
-0.5645124,BENIGN
-0.4821695,BENIGN
-0.35334837,BENIGN
-0.3624241,BENIGN
-0.34381148,BENIGN
-0.36647144,BENIGN
-0.34504333,BENIGN
-0.37734172,BENIGN
-0.3371334,BENIGN
-0.54685223,BENIGN
-0.37163183,BENIGN
-0.34937456,BENIGN
-0.35247985,BENIGN
-0.44818845,BENIGN
-0.37008598,BENIGN
-0.34148684,BENIGN
-0.3487714,BENIGN
-0.33167973,BENIGN
-0.3478207,BENIGN
-0.3392709,BENIGN
-0.3576299,BENIGN
-0.3423414,BENIGN
-0.36555132,BENIGN
-0.3394103,BENIGN
-0.3429684,BENIGN
-0.35389435,BENIGN
-0.34517097,BENIGN
-0.3497716,BENIGN
-0.46949455,BENIGN
-0.5619398,BENIGN
-0.6510798,BENIGN
-0.3415486,BENIGN
-0.4462295,BENIGN
-0.38003698,BENIGN
-0.36807966,BENIGN
-0.33241272,BENIGN
-0.3459964,BENIGN
-0.37452134,BENIGN
-0.47328803,BENIGN
-0.39152092,BENIGN
-0.39161116,BENIGN
-0.49338606,BENIGN
-0.3942974,BENIGN
-0.45166942,BENIGN
-0.38391882,BENIGN
-0.41671383,BENIGN
-0.36455297,BENIGN
-0.47652677,BENIGN
-0.36244985,BENIGN
-0.3342186,BENIGN
-0.37248147,BENIGN
-0.37513423,BENIGN
-0.36962482,BENIGN
-0.35667044,BENIGN
-0.34154022,BENIGN
-0.3508296,BENIGN
-0.40454727,BENIGN
-0.3568201,BENIGN
-0.34543157,BENIGN
-0.3472549,BENIGN
-0.3937388,BENIGN
-0.3549004,BENIGN
-0.34833953,BENIGN
-0.44406646,BENIGN
-0.37266418,BENIGN
-0.4237913,BENIGN
-0.45354503,BENIGN
-0.5299815,BENIGN
-0.34921408,BENIGN
-0.3370305,BENIGN
-0.4438838,BENIGN
-0.44832578,BENIGN
-0.47151494,BENIGN
-0.3910367,BENIGN
-0.3458978,BENIGN
-0.40784746,BENIGN
-0.34130052,BENIGN
-0.45257354,BENIGN
-0.4461531,BENIGN
-0.34709364,BENIGN
-0.3487718,BENIGN
-0.36798304,BENIGN
-0.38432842,BENIGN
-0.34255376,BENIGN
-0.3472623,BENIGN
-0.39083806,BENIGN
-0.33791274,BENIGN
-0.3830135,BENIGN
-0.33401173,BENIGN
-0.45981544,BENIGN
-0.5282817,BENIGN
-0.6031109,BENIGN
-0.42510575,BENIGN
-0.4057804,BENIGN
-0.33494297,BENIGN
-0.36260533,BENIGN
-0.33746246,BENIGN
-0.3685479,BENIGN
-0.39332488,BENIGN
-0.36766943,BENIGN
-0.3498701,BENIGN
-0.44698185,BENIGN
-0.37224036,BENIGN
-0.34854317,BENIGN
-0.339842,BENIGN
-0.3419001,BENIGN
-0.37373653,BENIGN
-0.41731378,BENIGN
-0.33622336,BENIGN
-0.39985424,BENIGN
-0.3853975,BENIGN
-0.47008073,BENIGN
-0.3660925,BENIGN
-0.34098655,BENIGN
-0.39795974,BENIGN
-0.36051476,BENIGN
-0.34955543,BENIGN
-0.336433,BENIGN
-0.33543426,BENIGN
-0.38036096,BENIGN
-0.430452,BENIGN
-0.3394345,BENIGN
-0.3495766,BENIGN
-0.35499206,BENIGN
-0.36679262,BENIGN
-0.34919378,BENIGN
-0.3901465,BENIGN
-0.34005174,BENIGN
-0.3540194,BENIGN
-0.48576024,BENIGN
-0.37143695,BENIGN
-0.3682259,BENIGN
-0.34515134,BENIGN
-0.40133053,BENIGN
-0.47553572,BENIGN
-0.38458052,BENIGN
-0.40219373,BENIGN
-0.35194123,BENIGN
-0.43004856,BENIGN
-0.34980512,BENIGN
-0.39208686,BENIGN
-0.6202471,BENIGN
-0.33358988,BENIGN
-0.33888814,BENIGN
-0.3489964,BENIGN
-0.38162413,BENIGN
-0.5006333,BENIGN
-0.37058347,BENIGN
-0.37631798,BENIGN
-0.40562087,BENIGN
-0.38269636,BENIGN
-0.37433776,BENIGN
-0.4614792,BENIGN
-0.38445404,BENIGN
-0.37205803,BENIGN
-0.4670149,BENIGN
-0.43424132,BENIGN
-0.33299762,BENIGN
-0.34705192,BENIGN
-0.34125423,BENIGN
-0.40097344,BENIGN
-0.39839637,BENIGN
-0.58782977,BENIGN
-0.4398632,BENIGN
-0.40256962,BENIGN
-0.3457013,BENIGN
-0.40403146,BENIGN
-0.35031542,BENIGN
-0.5223976,BENIGN
-0.3329672,BENIGN
-0.36574402,BENIGN
-0.37106705,BENIGN
-0.5371211,BENIGN
-0.39568278,BENIGN
-0.34201536,BENIGN
-0.37187463,BENIGN
-0.36660612,BENIGN
-0.37047172,BENIGN
-0.33227018,BENIGN
-0.40680942,BENIGN
-0.4103235,BENIGN
-0.3358638,BENIGN
-0.3496092,BENIGN
-0.36336845,BENIGN
-0.39045486,BENIGN
-0.34034413,BENIGN
-0.35277677,BENIGN
-0.3582141,BENIGN
-0.36078754,BENIGN
-0.33695853,BENIGN
-0.33692,BENIGN
-0.47499922,BENIGN
-0.33616763,BENIGN
-0.37680444,BENIGN
-0.395794,BENIGN
-0.36268172,BENIGN
-0.4956268,BENIGN
-0.46999288,BENIGN
-0.5237838,BENIGN
-0.48440307,BENIGN
-0.34030908,BENIGN
-0.36916107,BENIGN
-0.38943213,BENIGN
-0.34878424,BENIGN
-0.3678717,BENIGN
-0.5191109,BENIGN
-0.35446283,BENIGN
-0.39839354,BENIGN
-0.46972892,BENIGN
-0.47155192,BENIGN
-0.33268467,BENIGN
-0.37539333,BENIGN
-0.59101444,BENIGN
-0.34132898,BENIGN
-0.35141948,BENIGN
-0.34845328,BENIGN
-0.38968253,BENIGN
-0.37268114,BENIGN
-0.45065182,BENIGN
-0.38640395,BENIGN
-0.3414619,BENIGN
-0.45728976,BENIGN
-0.6820916,BENIGN
-0.357141,BENIGN
-0.3949928,BENIGN
-0.3419325,BENIGN
-0.36793423,BENIGN
-0.5437479,BENIGN
-0.36567265,BENIGN
-0.34730944,BENIGN
-0.35001397,BENIGN
-0.51235104,BENIGN
-0.36991277,BENIGN
-0.3463,BENIGN
-0.36603105,BENIGN
-0.35189947,BENIGN
-0.34307498,BENIGN
-0.34646785,BENIGN
-0.56112695,BENIGN
-0.3955963,BENIGN
-0.4689433,BENIGN
-0.38749757,BENIGN
-0.35451669,BENIGN
-0.39249027,BENIGN
-0.344543,BENIGN
-0.39544484,BENIGN
-0.41594198,BENIGN
-0.6294121,BENIGN
-0.41002882,BENIGN
-0.33526,BENIGN
-0.38768938,BENIGN
-0.3395759,BENIGN
-0.35000232,BENIGN
-0.3957806,BENIGN
-0.4264055,BENIGN
-0.33919162,BENIGN
-0.35776213,BENIGN
-0.38211164,BENIGN
-0.34353924,BENIGN
-0.39248738,BENIGN
-0.42696896,BENIGN
-0.4594939,BENIGN
-0.3674247,BENIGN
-0.350918,BENIGN
-0.35927996,BENIGN
-0.3412689,BENIGN
-0.45791507,BENIGN
-0.52789146,BENIGN
-0.34094024,BENIGN
-0.36542264,BENIGN
-0.3483333,BENIGN
-0.35327515,BENIGN
-0.39944097,BENIGN
-0.33597633,BENIGN
-0.3464062,BENIGN
-0.43199942,BENIGN
-0.33734167,BENIGN
-0.34091955,BENIGN
-0.39456922,BENIGN
-0.37230355,BENIGN
-0.35010585,BENIGN
-0.4334444,BENIGN
-0.3704235,BENIGN
-0.37433842,BENIGN
-0.3381103,BENIGN
-0.39937276,BENIGN
-0.4007283,BENIGN
-0.3698907,BENIGN
-0.38267627,BENIGN
-0.49539506,BENIGN
-0.34453583,BENIGN
-0.3629915,BENIGN
-0.36982217,BENIGN
-0.3780153,BENIGN
-0.34946322,BENIGN
-0.3713674,BENIGN
-0.34544656,BENIGN
-0.38520953,BENIGN
-0.46822864,BENIGN
-0.3669602,BENIGN
-0.45498326,BENIGN
-0.37272924,BENIGN
-0.40957183,BENIGN
-0.39568245,BENIGN
-0.33931774,BENIGN
-0.40810284,BENIGN
-0.38362658,BENIGN
-0.39079985,BENIGN
-0.3708684,BENIGN
-0.35583416,BENIGN
-0.517447,BENIGN
-0.4211253,BENIGN
-0.3848911,BENIGN
-0.3494713,BENIGN
-0.67770445,BENIGN
-0.40108806,BENIGN
-0.38827288,BENIGN
-0.39303464,BENIGN
-0.34325352,BENIGN
-0.34992346,BENIGN
-0.41359732,BENIGN
-0.41485828,BENIGN
-0.4212454,BENIGN
-0.35940516,BENIGN
-0.38567877,BENIGN
-0.36088267,BENIGN
-0.3542139,BENIGN
-0.45208827,BENIGN
-0.34447187,BENIGN
-0.34630132,BENIGN
-0.34597567,BENIGN
-0.33843368,BENIGN
-0.43020743,BENIGN
-0.46952757,BENIGN
-0.40384817,BENIGN
-0.34341842,BENIGN
-0.4366408,BENIGN
-0.3365937,BENIGN
-0.37726185,BENIGN
-0.37293017,BENIGN
-0.33852205,BENIGN
-0.3865168,BENIGN
-0.3930987,BENIGN
-0.35033134,BENIGN
-0.34389728,BENIGN
-0.45063642,BENIGN
-0.3838899,BENIGN
-0.3436986,BENIGN
-0.68098927,BENIGN
-0.34445456,BENIGN
-0.341622,BENIGN
-0.39262748,BENIGN
-0.38606307,BENIGN
-0.39291456,BENIGN
-0.44286883,BENIGN
-0.52304775,BENIGN
-0.34197816,BENIGN
-0.35622987,BENIGN
-0.4283436,BENIGN
-0.5739727,BENIGN
-0.35198575,BENIGN
-0.357551,BENIGN
-0.52796084,BENIGN
-0.3892271,BENIGN
-0.3505337,BENIGN
-0.43705547,BENIGN
-0.3711351,BENIGN
-0.3682348,BENIGN
-0.3763009,BENIGN
-0.33819893,BENIGN
-0.3710841,BENIGN
-0.45364636,BENIGN
-0.6782722,BENIGN
-0.35621926,BENIGN
-0.3350403,BENIGN
-0.37511072,BENIGN
-0.3439763,BENIGN
-0.40801948,BENIGN
-0.3500797,BENIGN
-0.512257,BENIGN
-0.370485,BENIGN
-0.34883338,BENIGN
-0.38288417,BENIGN
-0.44011527,BENIGN
-0.5267014,BENIGN
-0.36908838,BENIGN
-0.60587424,BENIGN
-0.38098198,BENIGN
-0.36693394,BENIGN
-0.33425087,BENIGN
-0.504522,BENIGN
-0.41005495,BENIGN
-0.34494913,BENIGN
-0.37191802,BENIGN
-0.4448479,BENIGN
-0.3525814,BENIGN
-0.370764,BENIGN
-0.58699226,BENIGN
-0.41351947,BENIGN
-0.3459964,BENIGN
-0.38072956,BENIGN
-0.4070566,BENIGN
-0.3743058,BENIGN
-0.38880366,BENIGN
-0.35661617,BENIGN
-0.5656629,BENIGN
-0.35067165,BENIGN
-0.3667047,BENIGN
-0.3637659,BENIGN
-0.44486764,BENIGN
-0.44444808,BENIGN
-0.38363138,BENIGN
-0.36596882,BENIGN
-0.33853126,BENIGN
-0.36864093,BENIGN
-0.37893963,BENIGN
-0.4498516,BENIGN
-0.38514215,BENIGN
-0.39615914,BENIGN
-0.333748,BENIGN
-0.39466333,BENIGN
-0.34978333,BENIGN
-0.46211827,BENIGN
-0.3904916,BENIGN
-0.33669522,BENIGN
-0.34692276,BENIGN
-0.34887126,BENIGN
-0.42844996,BENIGN
-0.3679789,BENIGN
-0.3397275,BENIGN
-0.33634856,BENIGN
-0.3364001,BENIGN
-0.33707434,BENIGN
-0.34833202,BENIGN
-0.3379492,BENIGN
-0.34081766,BENIGN
-0.3678597,BENIGN
-0.33569673,BENIGN
-0.4957322,BENIGN
-0.34976578,BENIGN
-0.5635746,BENIGN
-0.34508562,BENIGN
-0.34542337,BENIGN
-0.39543238,BENIGN
-0.3760098,BENIGN
-0.33587933,BENIGN
-0.382651,BENIGN
-0.36684513,BENIGN
-0.43966055,BENIGN
-0.48791516,BENIGN
-0.34498098,BENIGN
-0.3583731,BENIGN
-0.3530487,BENIGN
-0.3785586,BENIGN
-0.38898784,BENIGN
-0.34424078,BENIGN
-0.36025238,BENIGN
-0.37326562,BENIGN
-0.39038873,BENIGN
-0.47857442,BENIGN
-0.5636985,BENIGN
-0.54206306,BENIGN
-0.33508784,BENIGN
-0.3925682,BENIGN
-0.3408001,BENIGN
-0.3918611,BENIGN
-0.6204634,BENIGN
-0.3711176,BENIGN
-0.34628588,BENIGN
-0.3686784,BENIGN
-0.5134106,BENIGN
-0.36893365,BENIGN
-0.41342163,BENIGN
-0.47339606,BENIGN
-0.332321,BENIGN
-0.34098646,BENIGN
-0.3699051,BENIGN
-0.36879757,BENIGN
-0.392688,BENIGN
-0.34878424,BENIGN
-0.47294274,BENIGN
-0.35511127,BENIGN
-0.40547124,BENIGN
-0.37163183,BENIGN
-0.34745243,BENIGN
-0.41949743,BENIGN
-0.37212986,BENIGN
-0.3671234,BENIGN
-0.36506456,BENIGN
-0.34442446,BENIGN
-0.34026366,BENIGN
-0.45271707,BENIGN
-0.33399135,BENIGN
-0.49287784,BENIGN
-0.34134126,BENIGN
-0.3444669,BENIGN
-0.34034517,BENIGN
-0.42659104,BENIGN
-0.35602158,BENIGN
-0.63653845,BENIGN
-0.34377858,BENIGN
-0.33362633,BENIGN
-0.35076576,BENIGN
-0.34399608,BENIGN
-0.33949754,BENIGN
-0.34253213,BENIGN
-0.52945507,BENIGN
-0.34952426,BENIGN
-0.49636826,BENIGN
-0.33601978,BENIGN
-0.34980512,BENIGN
-0.38214856,BENIGN
-0.33989224,BENIGN
-0.34626165,BENIGN
-0.33923897,BENIGN
-0.42989263,BENIGN
-0.40830785,BENIGN
-0.5865028,BENIGN
-0.3873671,BENIGN
-0.34992802,BENIGN
-0.3951164,BENIGN
-0.37588176,BENIGN
-0.37963715,BENIGN
-0.38212895,BENIGN
-0.38019845,BENIGN
-0.3341202,BENIGN
-0.34878805,BENIGN
-0.45433977,BENIGN
-0.41058072,BENIGN
-0.3681367,BENIGN
-0.34152007,BENIGN
-0.34147352,BENIGN
-0.35003594,BENIGN
-0.4356344,BENIGN
-0.35057437,BENIGN
-0.34022695,BENIGN
-0.3720142,BENIGN
-0.3528483,BENIGN
-0.34393823,BENIGN
-0.37511796,BENIGN
-0.47200942,BENIGN
-0.39511406,BENIGN
-0.40579516,BENIGN
-0.34121925,BENIGN
-0.5874641,BENIGN
-0.3892611,BENIGN
-0.38139418,BENIGN
-0.34084103,BENIGN
-0.36766294,BENIGN
-0.3823918,BENIGN
-0.34287983,BENIGN
-0.35280985,BENIGN
-0.38263056,BENIGN
-0.35351902,BENIGN
-0.3488134,BENIGN
-0.33739403,BENIGN
-0.54511285,BENIGN
-0.56500924,BENIGN
-0.35819173,BENIGN
-0.3352088,BENIGN
-0.34294945,BENIGN
-0.36187047,BENIGN
-0.3487608,BENIGN
-0.3537047,BENIGN
-0.38955435,BENIGN
-0.36724907,BENIGN
-0.34506336,BENIGN
-0.36907163,BENIGN
-0.43734756,BENIGN
-0.35071164,BENIGN
-0.36846405,BENIGN
-0.35544354,BENIGN
-0.37059024,BENIGN
-0.5558267,BENIGN
-0.373502,BENIGN
-0.3427878,BENIGN
-0.39570692,BENIGN
-0.3527833,BENIGN
-0.3366535,BENIGN
-0.44752425,BENIGN
-0.34901646,BENIGN
-0.36324856,BENIGN
-0.37072104,BENIGN
-0.36531484,BENIGN
-0.40170738,BENIGN
-0.37251395,BENIGN
-0.33412865,BENIGN
-0.34827137,BENIGN
-0.3719897,BENIGN
-0.4322763,BENIGN
-0.41106936,BENIGN
-0.4087963,BENIGN
-0.3478564,BENIGN
-0.47439918,BENIGN
-0.50663805,BENIGN
-0.41034147,BENIGN
-0.3540805,BENIGN
-0.37693134,BENIGN
-0.34253213,BENIGN
-0.35626623,BENIGN
-0.34051314,BENIGN
-0.37349787,BENIGN
-0.365057,BENIGN
-0.34646785,BENIGN
-0.3384369,BENIGN
-0.6154888,BENIGN
-0.3593117,BENIGN
-0.3415294,BENIGN
-0.34711716,BENIGN
-0.3813469,BENIGN
-0.35759962,BENIGN
-0.5030219,BENIGN
-0.40625566,BENIGN
-0.35113087,BENIGN
-0.33713228,BENIGN
-0.373716,BENIGN
-0.3818034,BENIGN
-0.53612,BENIGN
-0.36317837,BENIGN
-0.42336223,BENIGN
-0.35038462,BENIGN
-0.4941603,BENIGN
-0.33496654,BENIGN
-0.46810126,BENIGN
-0.47435442,BENIGN
-0.39205316,BENIGN
-0.35489437,BENIGN
-0.6000303,BENIGN
-0.3425244,BENIGN
-0.5336286,BENIGN
-0.36946207,BENIGN
-0.3805159,BENIGN
-0.3913833,BENIGN
-0.57100254,BENIGN
-0.3411682,BENIGN
-0.3565881,BENIGN
-0.39535433,BENIGN
-0.39982617,BENIGN
-0.3750297,BENIGN
-0.38681215,BENIGN
-0.5654358,BENIGN
-0.35624945,BENIGN
-0.52884954,BENIGN
-0.5447966,BENIGN
-0.46725437,BENIGN
-0.3348669,BENIGN
-0.3540634,BENIGN
-0.36013666,BENIGN
-0.40805677,BENIGN
-0.35143358,BENIGN
-0.3353347,BENIGN
-0.35206658,BENIGN
-0.36898494,BENIGN
-0.42074987,BENIGN
-0.44115803,BENIGN
-0.33798075,BENIGN
-0.3411941,BENIGN
-0.47907433,BENIGN
-0.41727367,BENIGN
-0.4378289,BENIGN
-0.46366528,BENIGN
-0.34639576,BENIGN
-0.4754238,BENIGN
-0.3583623,BENIGN
-0.39693087,BENIGN
-0.4798697,BENIGN
-0.39316794,BENIGN
-0.6473701,BENIGN
-0.6349321,BENIGN
-0.39617485,BENIGN
-0.39326483,BENIGN
-0.4065073,BENIGN
-0.39384314,BENIGN
-0.3621022,BENIGN
-0.34357226,BENIGN
-0.4060948,BENIGN
-0.34990644,BENIGN
-0.39277577,BENIGN
-0.3329278,BENIGN
-0.36558506,BENIGN
-0.34714815,BENIGN
-0.4794828,BENIGN
-0.36404532,BENIGN
-0.3424959,BENIGN
-0.33290517,BENIGN
-0.33756295,BENIGN
-0.38426107,BENIGN
-0.33861625,BENIGN
-0.3342175,BENIGN
-0.34392026,BENIGN
-0.34092325,BENIGN
-0.3410365,BENIGN
-0.33744732,BENIGN
-0.34833953,BENIGN
-0.35011134,BENIGN
-0.35054567,BENIGN
-0.37059197,BENIGN
-0.5166108,BENIGN
-0.36517048,BENIGN
-0.33784023,BENIGN
-0.3958278,BENIGN
-0.346506,BENIGN
-0.40809324,BENIGN
-0.4633544,BENIGN
-0.33335614,BENIGN
-0.34330252,BENIGN
-0.36819014,BENIGN
-0.5782721,BENIGN
-0.368671,BENIGN
-0.33966497,BENIGN
-0.34759304,BENIGN
-0.35281047,BENIGN
-0.41564047,BENIGN
-0.33368814,BENIGN
-0.35093364,BENIGN
-0.3796703,BENIGN
-0.35703143,BENIGN
-0.4051444,BENIGN
-0.39370358,BENIGN
-0.35847878,BENIGN
-0.36819285,BENIGN
-0.5202433,BENIGN
-0.3405645,BENIGN
-0.37402326,BENIGN
-0.36480698,BENIGN
-0.34461215,BENIGN
-0.35492104,BENIGN
-0.33942896,BENIGN
-0.33901066,BENIGN
-0.3535953,BENIGN
-0.34030628,BENIGN
-0.36782798,BENIGN
-0.3496135,BENIGN
-0.34901717,BENIGN
-0.37512502,BENIGN
-0.3861336,BENIGN
-0.39262748,BENIGN
-0.50560975,BENIGN
-0.33673263,BENIGN
-0.5551095,BENIGN
-0.33205906,BENIGN
-0.458555,BENIGN
-0.34347445,BENIGN
-0.40184006,BENIGN
-0.3901072,BENIGN
-0.34056777,BENIGN
-0.41751018,BENIGN
-0.3726682,BENIGN
-0.46887165,BENIGN
-0.35204917,BENIGN
-0.33953542,BENIGN
-0.33527526,BENIGN
-0.36574402,BENIGN
-0.37206382,BENIGN
-0.537523,BENIGN
-0.34634978,BENIGN
-0.47052363,BENIGN
-0.34978333,BENIGN
-0.389018,BENIGN
-0.34363154,BENIGN
-0.3848308,BENIGN
-0.3782906,BENIGN
-0.5419042,BENIGN
-0.33773607,BENIGN
-0.34447354,BENIGN
-0.33795443,BENIGN
-0.44369206,BENIGN
-0.34296826,BENIGN
-0.6032551,BENIGN
-0.34740797,BENIGN
-0.35589346,BENIGN
-0.3595079,BENIGN
-0.33405298,BENIGN
-0.34575123,BENIGN
-0.34375018,BENIGN
-0.39722773,BENIGN
-0.37588474,BENIGN
-0.36551008,BENIGN
-0.3886636,BENIGN
-0.34518054,BENIGN
-0.3380496,BENIGN
-0.33881316,BENIGN
-0.39100105,BENIGN
-0.39728442,BENIGN
-0.33879864,BENIGN
-0.5808235,BENIGN
-0.34252253,BENIGN
-0.3644404,BENIGN
-0.3570818,BENIGN
-0.3703288,BENIGN
-0.34334424,BENIGN
-0.38939142,BENIGN
-0.3727198,BENIGN
-0.34253356,BENIGN
-0.33564776,BENIGN
-0.3967607,BENIGN
-0.37114576,BENIGN
-0.41163287,BENIGN
-0.34659475,BENIGN
-0.3713674,BENIGN
-0.3713674,BENIGN
-0.39842403,BENIGN
-0.34801662,BENIGN
-0.3817852,BENIGN
-0.335446,BENIGN
-0.35980144,BENIGN
-0.35334978,BENIGN
-0.36784464,BENIGN
-0.4565677,BENIGN
-0.33692476,BENIGN
-0.3973746,BENIGN
-0.34541595,BENIGN
-0.46804067,BENIGN
-0.34139562,BENIGN
-0.37400684,BENIGN
-0.39366937,BENIGN
-0.3459964,BENIGN
-0.3947047,BENIGN
-0.3563903,BENIGN
-0.3736252,BENIGN
-0.38444924,BENIGN
-0.38334778,BENIGN
-0.4532724,BENIGN
-0.38128892,BENIGN
-0.41188094,BENIGN
-0.5038937,BENIGN
-0.49311,BENIGN
-0.373716,BENIGN
-0.33757013,BENIGN
-0.3678597,BENIGN
-0.36890477,BENIGN
-0.36804572,BENIGN
-0.34386137,BENIGN
-0.3527642,BENIGN
-0.43623567,BENIGN
-0.38907504,BENIGN
-0.6481609,BENIGN
-0.34132484,BENIGN
-0.46011242,BENIGN
-0.36741874,BENIGN
-0.34588215,BENIGN
-0.47693634,BENIGN
-0.5369218,BENIGN
-0.33968014,BENIGN
-0.58545893,BENIGN
-0.34125024,BENIGN
-0.39818558,BENIGN
-0.6072872,BENIGN
-0.41131476,BENIGN
-0.38004154,BENIGN
-0.35024402,BENIGN
-0.3361558,BENIGN
-0.40264648,BENIGN
-0.5796935,BENIGN
-0.33717382,BENIGN
-0.60156566,BENIGN
-0.3357193,BENIGN
-0.33590484,BENIGN
-0.37000224,BENIGN
-0.33446148,BENIGN
-0.33593786,BENIGN
-0.3404598,BENIGN
-0.34537557,BENIGN
-0.3456163,BENIGN
-0.4717394,BENIGN
-0.34998813,BENIGN
-0.37940064,BENIGN
-0.34743434,BENIGN
-0.35739055,BENIGN
-0.41073695,BENIGN
-0.41464034,BENIGN
-0.39010897,BENIGN
-0.33539444,BENIGN
-0.39198452,BENIGN
-0.5324117,BENIGN
-0.40076745,BENIGN
-0.34045666,BENIGN
-0.35978192,BENIGN
-0.38331935,BENIGN
-0.3483144,BENIGN
-0.37273708,BENIGN
-0.3685902,BENIGN
-0.34901646,BENIGN
-0.5471782,BENIGN
-0.33648527,BENIGN
-0.3762529,BENIGN
-0.33712688,BENIGN
-0.34331816,BENIGN
-0.3962633,BENIGN
-0.38292202,BENIGN
-0.44320855,BENIGN
-0.33499268,BENIGN
-0.37576452,BENIGN
-0.34741133,BENIGN
-0.34491536,BENIGN
-0.38588166,BENIGN
-0.34793988,BENIGN
-0.3435996,BENIGN
-0.35138828,BENIGN
-0.33894634,BENIGN
-0.34595844,BENIGN
-0.38640028,BENIGN
-0.36724195,BENIGN
-0.33626354,BENIGN
-0.3460105,BENIGN
-0.3369646,BENIGN
-0.3336585,BENIGN
-0.3655864,BENIGN
-0.3340406,BENIGN
-0.3393847,BENIGN
-0.45906472,BENIGN
-0.37228313,BENIGN
-0.39580244,BENIGN
-0.39097077,BENIGN
-0.46845976,BENIGN
-0.35347146,BENIGN
-0.37853566,BENIGN
-0.37010628,BENIGN
-0.39302558,BENIGN
-0.3673744,BENIGN
-0.3774825,BENIGN
-0.33555803,BENIGN
-0.33865967,BENIGN
-0.48068315,BENIGN
-0.35171217,BENIGN
-0.6270481,BENIGN
-0.3727298,BENIGN
-0.47796974,BENIGN
-0.5799165,BENIGN
-0.3393576,BENIGN
-0.33857533,BENIGN
-0.4750435,BENIGN
-0.37037104,BENIGN
-0.36651143,BENIGN
-0.37268114,BENIGN
-0.3545055,BENIGN
-0.34892336,BENIGN
-0.34546006,BENIGN
-0.33186567,BENIGN
-0.37209383,BENIGN
-0.3949416,BENIGN
-0.38775662,BENIGN
-0.34189156,BENIGN
-0.7127804,BENIGN
-0.34588215,BENIGN
-0.517198,BENIGN
-0.37594676,BENIGN
-0.36301568,BENIGN
-0.38920698,BENIGN
-0.5214796,BENIGN
-0.34852707,BENIGN
-0.3483341,BENIGN
-0.33543155,BENIGN
-0.3753361,BENIGN
-0.46070215,BENIGN
-0.46131626,BENIGN
-0.37157953,BENIGN
-0.34450638,BENIGN
-0.34203464,BENIGN
-0.3476278,BENIGN
-0.46040612,BENIGN
-0.34631673,BENIGN
-0.34932777,BENIGN
-0.4008839,BENIGN
-0.36942774,BENIGN
-0.5190446,BENIGN
-0.6933958,BENIGN
-0.39094493,BENIGN
-0.37014103,BENIGN
-0.37227058,BENIGN
-0.52971596,BENIGN
-0.3695748,BENIGN
-0.37524125,BENIGN
-0.605873,BENIGN
-0.3363734,BENIGN
-0.3717784,BENIGN
-0.3815351,BENIGN
-0.4493025,BENIGN
-0.4984022,BENIGN
-0.66459846,BENIGN
-0.47506884,BENIGN
-0.4710792,BENIGN
-0.667823,BENIGN
-0.3651043,BENIGN
-0.34034517,BENIGN
-0.39409575,BENIGN
-0.41576946,BENIGN
-0.3666824,BENIGN
-0.3879882,BENIGN
-0.3358748,BENIGN
-0.43545088,BENIGN
-0.3384745,BENIGN
-0.3944307,BENIGN
-0.40211916,BENIGN
-0.38008353,BENIGN
-0.5700381,BENIGN
-0.35195735,BENIGN
-0.34650522,BENIGN
-0.35896382,BENIGN
-0.40054467,BENIGN
-0.3366818,BENIGN
-0.33873853,BENIGN
-0.36710808,BENIGN
-0.370097,BENIGN
-0.37254277,BENIGN
-0.5349258,BENIGN
-0.35021824,BENIGN
-0.34994918,BENIGN
-0.5638118,BENIGN
-0.33309907,BENIGN
-0.337312,BENIGN
-0.34526715,BENIGN
-0.4362463,BENIGN
-0.35115036,BENIGN
-0.33364168,BENIGN
-0.3851919,BENIGN
-0.53782123,BENIGN
-0.3552485,BENIGN
-0.41238236,BENIGN
-0.33695853,BENIGN
-0.36994863,BENIGN
-0.46896514,BENIGN
-0.37826574,BENIGN
-0.48818368,BENIGN
-0.35561424,BENIGN
-0.3649957,BENIGN
-0.33639655,BENIGN
-0.3345874,BENIGN
-0.36847484,BENIGN
-0.33449492,BENIGN
-0.37492442,BENIGN
-0.5734644,BENIGN
-0.3934709,BENIGN
-0.33287886,BENIGN
-0.40310717,BENIGN
-0.6724864,BENIGN
-0.3365628,BENIGN
-0.33617887,BENIGN
-0.37688866,BENIGN
-0.3841571,BENIGN
-0.37022445,BENIGN
-0.34201148,BENIGN
-0.4790909,BENIGN
-0.36698562,BENIGN
-0.36786503,BENIGN
-0.4548936,BENIGN
-0.60012037,BENIGN
-0.53733516,BENIGN
-0.38388234,BENIGN
-0.3413073,BENIGN
-0.7027105,BENIGN
-0.39115828,BENIGN
-0.40662313,BENIGN
-0.33598593,BENIGN
-0.34334254,BENIGN
-0.39254367,BENIGN
-0.34494576,BENIGN
-0.5959537,BENIGN
-0.39414138,BENIGN
-0.3713674,BENIGN
-0.33794022,BENIGN
-0.46101412,BENIGN
-0.35658145,BENIGN
-0.4927297,BENIGN
-0.33683497,BENIGN
-0.38634184,BENIGN
-0.3653416,BENIGN
-0.34006193,BENIGN
-0.3713674,BENIGN
-0.3797878,BENIGN
-0.35718343,BENIGN
-0.38347635,BENIGN
-0.66075605,BENIGN
-0.38047495,BENIGN
-0.5667005,BENIGN
-0.39898357,BENIGN
-0.34022486,BENIGN
-0.36592016,BENIGN
-0.41576946,BENIGN
-0.3706494,BENIGN
-0.41218933,BENIGN
-0.544671,BENIGN
-0.40532652,BENIGN
-0.39387923,BENIGN
-0.33713642,BENIGN
-0.39769334,BENIGN
-0.34618446,BENIGN
-0.34615457,BENIGN
-0.56475085,BENIGN
-0.3382398,BENIGN
-0.34550387,BENIGN
-0.33848217,BENIGN
-0.34669027,BENIGN
-0.3413035,BENIGN
-0.3599258,BENIGN
-0.33409062,BENIGN
-0.33492756,BENIGN
-0.3648727,BENIGN
-0.40057534,BENIGN
-0.3357874,BENIGN
-0.4791974,BENIGN
-0.35271716,BENIGN
-0.38764295,PortScan
-0.3892945,PortScan
-0.41137964,PortScan
-0.5636964,DoS Hulk
-0.5589709,DoS Hulk
-0.416886,PortScan
-0.5682045,DoS GoldenEye
-0.62594473,DDoS
-0.6207207,DoS Hulk
-0.5670142,DoS Hulk
-0.3746955,DDoS
-0.37559426,PortScan
-0.5560286,DoS Hulk
-0.5672885,DoS Hulk
-0.5732244,DDoS
-0.3770464,DoS GoldenEye
-0.47528124,DoS Hulk
-0.57019806,DoS Hulk
-0.4062709,PortScan
-0.37114277,PortScan
-0.39011455,DDoS
-0.37481,PortScan
-0.5558283,DoS Hulk
-0.47327238,DDoS
-0.45847842,DDoS
-0.38916466,PortScan
-0.39290515,PortScan
-0.5629549,DoS Hulk
-0.38256872,PortScan
-0.5871029,DoS Slowhttptest
-0.38725284,DDoS
-0.63305026,DoS Hulk
-0.6204442,DoS Hulk
-0.373057,DDoS
-0.62033355,DDoS
-0.56291395,DoS Hulk
-0.35257733,DoS Hulk
-0.39072207,PortScan
-0.37320128,Bot
-0.47511283,DoS GoldenEye
-0.5759312,DDoS
-0.36417672,DoS Hulk
-0.4089484,DoS slowloris
-0.565183,DoS Hulk
-0.48002765,DoS Hulk
-0.45943886,DDoS
-0.5550381,DoS Hulk
-0.36920732,PortScan
-0.36488858,SSH-Patator
-0.47185352,DDoS
-0.5638552,DoS Hulk
-0.62334746,DoS Hulk
-0.6210013,DoS Hulk
-0.37300184,PortScan
-0.3887289,PortScan
-0.5231204,DDoS
-0.4623904,DDoS
-0.40978232,PortScan
-0.56675607,DoS Hulk
-0.3858941,PortScan
-0.55579895,DoS Hulk
-0.392516,PortScan
-0.37481,PortScan
-0.5672097,DoS Hulk
-0.38681176,PortScan
-0.38790205,PortScan
-0.6162933,DoS Hulk
-0.5488687,DoS Hulk
-0.38596022,DDoS
-0.37181035,PortScan
-0.37138048,DDoS
-0.5461369,DoS Hulk
-0.46564084,DDoS
-0.37917772,PortScan
-0.37511072,DDoS
-0.37559426,PortScan
-0.6206541,DoS Hulk
-0.5574352,DoS Hulk
-0.4777279,DDoS
-0.44940138,DoS GoldenEye
-0.5740142,DDoS
-0.6516101,DoS Hulk
-0.45967355,DDoS
-0.57143545,DoS Hulk
-0.5539993,DoS Hulk
-0.5643071,DoS Hulk
-0.5605616,DoS Hulk
-0.46773887,DDoS
-0.36920732,PortScan
-0.467848,DDoS
-0.62075186,DoS Hulk
-0.38443837,DDoS
-0.4709414,DDoS
-0.359759,DoS Hulk
-0.38612175,PortScan
-0.58237064,DDoS
-0.36859265,DDoS
-0.37300184,PortScan
-0.37254447,PortScan
-0.5640063,DoS Hulk
-0.5673492,DoS Hulk
-0.564664,DoS Hulk
-0.36859265,DDoS
-0.38164625,PortScan
-0.5633528,DoS Hulk
-0.3965918,PortScan
-0.373057,DDoS
-0.5705111,DoS Hulk
-0.5564661,DoS Hulk
-0.38553485,PortScan
-0.57417333,DoS Hulk
-0.62813413,DoS Hulk
-0.4620045,DDoS
-0.38713768,PortScan
-0.37038115,DDoS
-0.6227573,DoS Hulk
-0.37038115,DDoS
-0.37271294,PortScan
-0.5582199,DoS Hulk
-0.38997835,DDoS
-0.47915366,DoS GoldenEye
-0.36941415,DDoS
-0.36523,DoS Hulk
-0.38790205,PortScan
-0.56451696,DoS Hulk
-0.371071,PortScan
-0.396625,PortScan
-0.56470793,DoS Hulk
-0.40803617,PortScan
-0.3718287,PortScan
-0.37545237,DDoS
-0.36664844,DDoS
-0.5994802,DDoS
-0.3856441,PortScan
-0.4620462,DDoS
-0.3584844,DoS Hulk
-0.4064955,PortScan
-0.3606675,DoS Hulk
-0.48249426,DoS Hulk
-0.37330917,PortScan
-0.6277798,DoS Hulk
-0.45813608,DDoS
-0.62191516,DoS Hulk
-0.4771835,DoS Hulk
-0.37060428,Bot
-0.60388327,DoS Hulk
-0.39033386,PortScan
-0.5719619,DDoS
-0.3748758,DDoS
-0.45813608,DDoS
-0.6046746,DoS Hulk
-0.47112438,DDoS
-0.47437575,DDoS
-0.45984507,DDoS
-0.40867847,PortScan
-0.38815022,PortScan
-0.4701653,DDoS
-0.6331116,DoS Hulk
-0.45998466,DDoS
-0.39457014,FTP-Patator
-0.48169488,DoS Hulk
-0.41484392,PortScan
-0.56403697,DoS Hulk
-0.40922496,SSH-Patator
-0.38749722,DDoS
-0.36537698,DDoS
-0.46660414,DDoS
-0.6264957,DoS Hulk
-0.56290925,DoS Hulk
-0.3829176,PortScan
-0.5602523,DoS Hulk
-0.46065083,DDoS
-0.38818792,DDoS
-0.387927,PortScan
-0.56684476,DoS Hulk
-0.5608584,DDoS
-0.5561835,DoS Hulk
-0.56129664,DoS Hulk
-0.5520172,DoS Hulk
-0.61928713,DoS Hulk
-0.45646292,DoS Hulk
-0.3976823,DoS slowloris
-0.55422324,DDoS
-0.6207242,DoS Hulk
-0.57967293,DDoS
-0.38339204,PortScan
-0.45299658,DDoS
-0.37992904,DDoS
-0.5616059,DoS Hulk
-0.3697039,PortScan
-0.56435037,DoS Hulk
-0.37404624,PortScan
-0.43582585,PortScan
-0.56291395,DoS Hulk
-0.4712701,DDoS
-0.5710536,DoS Hulk
-0.42701063,PortScan
-0.41100505,PortScan
-0.37570646,DDoS
-0.3870234,PortScan
-0.56274694,DoS Hulk
-0.47490346,DDoS
-0.3780928,PortScan
-0.3928155,DDoS
-0.38469857,DDoS
-0.45967355,DDoS
-0.56437093,DoS Hulk
-0.56404656,DoS Hulk
-0.3743064,PortScan
-0.46657827,DoS Hulk
-0.353243,SSH-Patator
-0.5724218,DDoS
-0.47227177,DDoS
-0.6180314,DoS Hulk
-0.46125144,DDoS
-0.62381065,DoS Hulk
-0.6326235,DDoS
-0.39467856,PortScan
-0.37055093,PortScan
-0.4979521,DoS GoldenEye
-0.5448041,DoS Hulk
-0.38872966,PortScan
-0.3905501,PortScan
-0.50222534,DoS Hulk
-0.40616632,PortScan
-0.3861768,PortScan
-0.6233278,DoS Hulk
-0.35969344,DDoS
-0.358212,DoS Hulk
-0.47733468,DDoS
-0.5862038,DDoS
-0.6310152,DoS Hulk
-0.3591771,DoS Hulk
-0.40044847,DoS Slowhttptest
-0.38713768,PortScan
-0.38999793,DDoS
-0.36479372,DoS Hulk
-0.56703657,DoS Hulk
-0.45972675,DDoS
-0.56537783,DoS Hulk
-0.4669018,DDoS
-0.38486904,PortScan
-0.3718287,PortScan
-0.56465065,DoS Hulk
-0.62930834,DoS Hulk
-0.3651504,DoS Hulk
-0.6290955,DoS Hulk
-0.62595373,DoS Hulk
-0.5695747,DoS Hulk
-0.39385214,PortScan
-0.358727,DoS Hulk
-0.5635057,DoS Hulk
-0.37544012,PortScan
-0.3770239,DDoS
-0.38997835,DDoS
-0.56935656,DoS Hulk
-0.5580311,DoS Hulk
-0.6228141,DoS Hulk
-0.38973415,DDoS
-0.57628244,DoS Hulk
-0.62813413,DoS Hulk
-0.6210013,DoS Hulk
-0.5604958,DoS Hulk
-0.6256877,DoS Hulk
-0.6170874,DoS Hulk
-0.56777745,DDoS
-0.5709041,DoS Hulk
-0.35803002,DoS Hulk
-0.62673914,DoS Hulk
-0.3778397,DDoS
-0.56768674,DoS Hulk
-0.37593,PortScan
-0.45951807,DDoS
-0.4090218,PortScan
-0.56459016,DoS Hulk
-0.38469857,DDoS
-0.46497318,DDoS
-0.36383662,DoS Hulk
-0.47027853,DDoS
-0.46867907,DDoS
-0.5053895,DoS Hulk
-0.39095148,DDoS
-0.6083464,DDoS
-0.38833776,PortScan
-0.554981,DoS Hulk
-0.62352705,DoS Hulk
-0.46094966,DDoS
-0.36442366,DoS Hulk
-0.47305757,DDoS
-0.56359416,DoS Hulk
-0.559071,DoS Hulk
-0.47788695,DoS GoldenEye
-0.622801,DoS Hulk
-0.55814797,DoS Hulk
-0.34992373,DoS Hulk
-0.3629634,DDoS
-0.573555,DDoS
-0.62808603,DoS Hulk
-0.6277321,DoS Hulk
-0.3591771,DoS Hulk
-0.5741636,DoS Hulk
-0.56305796,DoS Hulk
-0.37290028,PortScan
-0.38973415,DDoS
-0.5542143,DoS Hulk
-0.4698143,DoS GoldenEye
-0.630223,DoS Hulk
-0.6364942,DoS Hulk
-0.6246755,DDoS
-0.47281605,DDoS
-0.55810225,DoS Hulk
-0.39298406,PortScan
-0.47862887,DoS Hulk
-0.4721492,DDoS
-0.39046592,PortScan
-0.5765777,DoS Hulk
-0.38389805,DDoS
-0.37421593,PortScan
-0.37040904,PortScan
-0.40926397,PortScan
-0.39211658,DDoS
-0.6229192,DoS Hulk
-0.61675185,DoS Hulk
-0.37807646,DDoS
-0.3911786,PortScan
-0.36552536,DoS Hulk
-0.3716476,PortScan
-0.5637271,DoS Hulk
-0.39457014,FTP-Patator
-0.6204442,DoS Hulk
-0.5598206,DoS Hulk
-0.391092,DDoS
-0.56892025,DoS Hulk
-0.3870062,PortScan
-0.59327555,DoS Hulk
-0.6226678,DoS Hulk
-0.4067421,PortScan
-0.37195343,PortScan
-0.5871029,DoS Slowhttptest
-0.38919282,PortScan
-0.5730516,DDoS
-0.47205815,DoS Hulk
-0.36751798,DDoS
-0.5746483,DDoS
-0.6292997,DoS Hulk
-0.5627033,DoS Hulk
-0.45972675,DDoS
-0.41495174,PortScan
-0.38919282,PortScan
-0.45893565,DDoS
-0.47534895,DoS Hulk
-0.3859796,DDoS
-0.4769027,DoS GoldenEye
-0.45951807,DDoS
-0.46390602,DDoS
-0.606425,DDoS
-0.56637245,DoS Hulk
-0.5611127,DoS Hulk
-0.6223361,DoS Hulk
-0.5591121,DoS Hulk
-0.36162105,DoS Hulk
-0.5691173,DoS Hulk
-0.46627852,DDoS
-0.46016723,DDoS
-0.6437199,DoS slowloris
-0.3611559,DoS Hulk
-0.49047202,DoS GoldenEye
-0.4771835,DoS Hulk
-0.3688108,DDoS
-0.37160718,PortScan
-0.64221007,DoS slowloris
-0.36417672,DoS Hulk
-0.56404656,DoS Hulk
-0.3733095,DDoS
-0.56188554,DoS Hulk
-0.55941194,DoS Hulk
-0.47086495,DoS Hulk
-0.3653246,DoS Hulk
-0.41503385,PortScan
-0.5625277,DoS Hulk
-0.39460108,PortScan
-0.45385838,DDoS
-0.4637491,DDoS
-0.3849396,DDoS
-0.6224884,DoS Hulk
-0.3740664,DDoS
-0.45864242,DDoS
-0.46002036,DDoS
-0.40491602,PortScan
-0.58018476,DDoS
-0.39476848,FTP-Patator
-0.55024034,DoS Hulk
-0.5716269,DoS Hulk
-0.41171843,PortScan
-0.4696884,DDoS
-0.57503724,DDoS
-0.56711775,DoS Hulk
-0.37290028,PortScan
-0.46602324,DDoS
-0.467848,DDoS
-0.3746955,DDoS
-0.6267699,DoS Hulk
-0.37214038,PortScan
-0.47634465,DDoS
-0.48499635,DDoS
-0.36511377,DoS Hulk
-0.4664363,DDoS
-0.5604625,DoS Hulk
-0.38215742,FTP-Patator
-0.38467926,DDoS
-0.3894972,PortScan
-0.38774002,DDoS
-0.37027133,PortScan
-0.6125074,DoS Hulk
-0.61675185,DoS Hulk
-0.4814216,DoS Hulk
-0.4637491,DDoS
-0.6296829,DoS Hulk
-0.64227015,DoS Hulk
-0.3629634,DDoS
-0.39251474,DDoS
-0.45967355,DDoS
-0.5567991,DoS Hulk
-0.4703649,DDoS
-0.48196158,DoS Hulk
-0.3658237,DoS Hulk
-0.5072347,DoS GoldenEye
-0.38443837,DDoS
-0.55778533,DoS Hulk
-0.3640858,DoS Hulk
-0.39529946,PortScan
-0.56375766,DoS Hulk
-0.6131055,DoS Hulk
-0.36859265,DDoS
-0.40941405,PortScan
-0.56653625,DoS Hulk
-0.623443,DoS Hulk
-0.61859393,DDoS
-0.5831592,DDoS
-0.39072207,PortScan
-0.6144183,DoS Slowhttptest
-0.4792207,DDoS
-0.45998466,DDoS
-0.577355,DDoS
-0.3944984,Web Attack - XSS
-0.37027133,PortScan
-0.5572196,DoS Hulk
-0.4598823,DDoS
-0.3892945,PortScan
-0.5988891,DDoS
-0.4669081,DDoS
-0.57708144,DDoS
-0.39980638,PortScan
-0.5743787,DoS Hulk
-0.42513928,PortScan
-0.38978377,DDoS
-0.56640923,DoS Hulk
-0.39562398,PortScan
-0.4693411,DoS Hulk
-0.41112205,PortScan
-0.3869909,DDoS
-0.4661208,DDoS
-0.45972675,DDoS
-0.39238197,DDoS
-0.56637925,DoS Hulk
-0.47337297,DDoS
-0.5622781,DoS Hulk
-0.55426955,DoS Hulk
-0.3810799,PortScan
-0.3892945,PortScan
-0.46105576,DDoS
-0.46691507,DDoS
-0.6277013,DoS Hulk
-0.56952655,DDoS
-0.6148268,DoS Hulk
-0.37404624,PortScan
-0.38790205,PortScan
-0.5498308,DoS Hulk
-0.46627852,DDoS
-0.38790205,PortScan
-0.63122725,DoS Hulk
-0.36045933,DoS Hulk
-0.37027133,PortScan
-0.5597954,DoS Hulk
-0.4617437,DDoS
-0.37425646,Bot
-0.625691,DoS Hulk
-0.47115055,DoS GoldenEye
-0.56404656,DoS Hulk
-0.38997835,DDoS
-0.4600379,DDoS
-0.5275395,DDoS
-0.39449394,PortScan
-0.3928155,DDoS
-0.36045933,DoS Hulk
-0.47230896,DDoS
-0.56637925,DoS Hulk
-0.4670143,DoS Hulk
-0.6097019,DDoS
-0.5823948,DDoS
-0.35196155,DDoS
-0.39457014,FTP-Patator
-0.37323007,Bot
-0.41137964,PortScan
-0.37290028,PortScan
-0.47888863,DoS GoldenEye
-0.5672284,DoS Hulk
-0.38668206,PortScan
-0.5614995,DoS Hulk
-0.38822916,DDoS
-0.5523187,DoS Hulk
-0.38790205,PortScan
-0.48261738,DoS GoldenEye
-0.571383,DoS Hulk
-0.38997835,DDoS
-0.47830516,DoS Hulk
-0.3773076,PortScan
-0.55712813,DDoS
-0.46508574,DDoS
-0.56461334,DoS Hulk
-0.5740142,DDoS
-0.46037602,DDoS
-0.38217264,DDoS
-0.57848513,DDoS
-0.3868045,PortScan
-0.62979674,DoS Hulk
-0.38215742,FTP-Patator
-0.38760757,PortScan
-0.5554705,DoS Hulk
-0.39211658,DDoS
-0.44972733,PortScan
-0.3856688,PortScan
-0.37072557,PortScan
-0.5640924,DoS Hulk
-0.47089362,DDoS
-0.62833863,DoS Hulk
-0.56300235,DoS Hulk
-0.36417672,DoS Hulk
-0.47327238,DDoS
-0.4032682,PortScan
-0.5530907,DoS Hulk
-0.42515734,DoS Slowhttptest
-0.5871029,DoS Slowhttptest
-0.57187694,DDoS
-0.40735555,PortScan
-0.61958575,DoS Hulk
-0.48186177,DDoS
-0.3939239,DDoS
-0.46886513,DDoS
-0.3878445,PortScan
-0.48141775,DoS Hulk
-0.3773076,PortScan
-0.56433,DoS Hulk
-0.39622268,PortScan
-0.4617235,DDoS
-0.5689828,DoS Hulk
-0.3858941,PortScan
-0.39046592,PortScan
-0.56404656,DoS Hulk
-0.37822336,DDoS
-0.57063776,DoS Hulk
-0.37995896,PortScan
-0.57349753,DoS Hulk
-0.45972675,DDoS
-0.57368,DDoS
-0.46864003,DDoS
-0.3917578,DDoS
-0.3894972,PortScan
-0.46705776,DDoS
-0.6239913,DoS Hulk
-0.61805934,DoS Hulk
-0.4598823,DDoS
-0.56801444,DoS Hulk
-0.3717013,PortScan
-0.38952014,DDoS
-0.5341912,DoS Hulk
-0.47203264,DDoS
-0.6015925,DDoS
-0.4479164,DoS GoldenEye
-0.59618515,DDoS
-0.47870553,DDoS
-0.36867943,DoS Hulk
-0.4749543,DDoS
-0.46989056,DoS GoldenEye
-0.6222626,DoS Hulk
-0.4292474,PortScan
-0.37649134,PortScan
-0.4062709,PortScan
-0.5694198,DoS Hulk
-0.3951731,FTP-Patator
-0.6207321,DoS Hulk
-0.61654323,DoS Hulk
-0.6170746,DoS Hulk
-0.4616771,DoS Hulk
-0.5602181,DoS Hulk
-0.38269284,DDoS
-0.5030256,DoS Hulk
-0.41158548,DDoS
-0.5633834,DoS Hulk
-0.47800535,DoS GoldenEye
-0.46193555,DDoS
-0.38681176,PortScan
-0.571908,DoS Hulk
-0.37795392,DDoS
-0.4598823,DDoS
-0.39185137,DDoS
-0.55456185,DoS Hulk
-0.38910663,PortScan
-0.56549704,DoS Hulk
-0.630587,DoS Hulk
-0.36859265,DDoS
-0.55745286,DoS Hulk
-0.55586195,DoS Hulk
-0.37315857,PortScan
-0.38668206,PortScan
-0.55450225,DoS Hulk
-0.39290515,PortScan
-0.5570451,DoS Hulk
-0.46049502,DDoS
-0.3507616,DDoS
-0.34849408,DoS Hulk
-0.4837454,DDoS
-0.39315134,PortScan
-0.37571996,DDoS
-0.57304895,DoS Hulk
-0.36461148,DoS Hulk
-0.47185352,DDoS
-0.37038115,DDoS
-0.57702005,DDoS
-0.40734673,PortScan
-0.62195885,DoS Hulk
-0.38854536,PortScan
-0.40756616,SSH-Patator
-0.36920732,PortScan
-0.62517476,DoS Hulk
-0.48128965,DoS Hulk
-0.5707138,DoS Hulk
-0.3831918,DDoS
-0.3688108,DDoS
-0.39824158,PortScan
-0.55778533,DoS Hulk
-0.38604227,PortScan
-0.5429976,DDoS
-0.62461394,DoS Hulk
-0.45969322,DoS Hulk
-0.37511072,DDoS
-0.49124128,DoS Hulk
-0.5717146,DoS Hulk
-0.36751798,DDoS
-0.6292997,DoS Hulk
-0.371071,PortScan
-0.36447123,DoS Hulk
-0.39356804,PortScan
-0.4776329,DoS GoldenEye
-0.62304014,DDoS
-0.6437199,DoS slowloris
-0.38713768,PortScan
-0.6240351,DoS Hulk
-0.4045224,PortScan
-0.39457098,DDoS
-0.46356183,DDoS
-0.4105111,PortScan
-0.47656345,DDoS
-0.35386187,DoS Hulk
-0.5596106,DoS Hulk
-0.3892945,PortScan
-0.5645616,DoS Hulk
-0.5755961,DoS Hulk
-0.5871029,DoS Slowhttptest
-0.36417672,DoS Hulk
-0.47120085,DDoS
-0.5579001,DoS Hulk
-0.56149244,DoS Hulk
-0.37887534,DDoS
-0.3872334,DDoS
-0.62283266,DoS Hulk
-0.36920732,PortScan
-0.46050605,DDoS
-0.35523584,DDoS
-0.46240854,DDoS
-0.56183153,DoS Hulk
-0.37206167,PortScan
-0.4578474,DDoS
-0.59371626,DDoS
-0.3773076,PortScan
-0.39409477,PortScan
-0.5755025,DDoS
-0.3734785,PortScan
-0.4715298,DoS Hulk
-0.6205419,DoS Hulk
-0.38962993,PortScan
-0.6032923,DoS Hulk
-0.3770239,DDoS
-0.55669814,DoS Hulk
-0.4582139,DDoS
-0.38269284,DDoS
-0.37179396,PortScan
-0.47438416,DDoS
-0.46562916,DDoS
-0.46049207,DDoS
-0.36442366,DoS Hulk
-0.36405137,DoS Hulk
-0.61610425,DoS Hulk
-0.6184497,DoS Hulk
-0.5438824,DDoS
-0.38395596,PortScan
-0.61397344,DoS Hulk
-0.557879,DoS Hulk
-0.5343668,DDoS
-0.47938317,DoS Hulk
-0.5570451,DoS Hulk
-0.38973415,DDoS
-0.3861768,PortScan
-0.39022076,PortScan
-0.36875457,PortScan
-0.42876658,PortScan
-0.3938669,PortScan
-0.37404624,PortScan
-0.3718287,PortScan
-0.38168088,DDoS
-0.5605505,DoS Hulk
-0.6212262,DoS Hulk
-0.4622353,DoS Hulk
-0.3640858,DoS Hulk
-0.3852057,PortScan
-0.5871029,DoS Slowhttptest
-0.5514699,DoS Hulk
-0.57052076,DoS Hulk
-0.36417672,DoS Hulk
-0.3770464,DoS Hulk
-0.56616014,DoS Hulk
-0.56130254,DoS Hulk
-0.62595373,DoS Hulk
-0.38185513,PortScan
-0.63134074,DDoS
-0.4800358,DDoS
-0.48036104,DoS Hulk
-0.46033633,DDoS
-0.6214438,DoS Hulk
-0.46293128,DDoS
-0.3920969,DDoS
-0.5635364,DoS Hulk
-0.55770206,DoS Hulk
-0.6261145,DoS Hulk
-0.5564661,DoS Hulk
-0.36417672,DoS Hulk
-0.467848,DDoS
-0.5579001,DoS Hulk
-0.6261145,DoS Hulk
-0.6163127,DoS Hulk
-0.36044922,DDoS
-0.57580227,DoS Hulk
-0.46033174,DDoS
-0.4677217,DDoS
-0.3781755,DDoS
-0.60390484,DoS Hulk
-0.38215742,FTP-Patator
-0.46292448,DDoS
-0.47185352,DDoS
-0.46551064,DoS Hulk
-0.3725072,DDoS
-0.47185352,DDoS
-0.57003576,DoS Hulk
-0.5677108,DoS Hulk
-0.5622223,DoS Hulk
-0.57324284,DoS Hulk
-0.3951044,FTP-Patator
-0.5580277,DoS Hulk
-0.39046592,PortScan
-0.39554715,PortScan
-0.5544074,DoS Hulk
-0.37649134,PortScan
-0.61639196,DoS Hulk
-0.4089484,DoS slowloris
-0.4122506,PortScan
-0.36442366,DoS Hulk
-0.57364786,DoS Hulk
-0.37445298,PortScan
-0.62014556,DoS Hulk
-0.46079463,DDoS
-0.38269284,DDoS
-0.39100853,PortScan
-0.36417672,DoS Hulk
-0.46860665,DoS GoldenEye
-0.4706465,DDoS
-0.5601242,DoS Hulk
-0.46994573,DDoS
-0.371071,PortScan
-0.4718985,DoS Hulk
-0.5806366,DDoS
-0.49486762,DoS Hulk
-0.5509522,DoS Hulk
-0.46707162,DDoS
-0.5730205,DDoS
-0.6148806,DDoS
-0.50305796,DDoS
-0.620332,DoS Hulk
-0.6492198,DoS Slowhttptest
-0.40735555,PortScan
-0.38378745,DDoS
-0.38443837,DDoS
-0.56454134,DoS Hulk
-0.35197967,DoS Hulk
-0.45972675,DDoS
-0.45957124,DDoS
-0.38790205,PortScan
-0.61958575,DoS Hulk
-0.46627852,DDoS
-0.39245862,DDoS
-0.49064904,DoS Hulk
-0.64221007,DoS slowloris
-0.3754916,DDoS
-0.47982487,DDoS
-0.38957658,PortScan
-0.5701919,DoS Hulk
-0.3911786,PortScan
-0.3778397,DDoS
-0.4699827,DDoS
-0.45957124,DDoS
-0.47390297,DDoS
-0.3739449,PortScan
-0.47052404,DDoS
-0.4650229,DDoS
-0.41112205,PortScan
-0.46875846,DoS Hulk
-0.4673304,DoS Hulk
-0.59541357,DDoS
-0.45928344,DDoS
-0.6225467,DoS Hulk
-0.4463232,PortScan
-0.57450324,DoS Hulk
-0.56587154,DoS Hulk
-0.38486904,PortScan
-0.563567,DoS Hulk
-0.553465,DoS Hulk
-0.66758525,DoS slowloris
-0.356614,DDoS
-0.46719205,DDoS
-0.48036104,DoS Hulk
-0.46805024,DoS Hulk
-0.45968953,DDoS
-0.4025093,PortScan
-0.61183447,DoS Hulk
-0.4942177,DoS Hulk
-0.3743064,PortScan
-0.38596022,DDoS
-0.41100037,PortScan
-0.47531006,DDoS
-0.37719682,PortScan
-0.36417672,DoS Hulk
-0.41843826,SSH-Patator
-0.48137456,DoS Hulk
-0.37105158,DDoS
-0.55535835,DoS Hulk
-0.5686189,DoS Hulk
-0.47449654,DDoS
-0.5682406,DoS Hulk
-0.56697255,DoS Hulk
-0.36405137,DoS Hulk
-0.39308137,DDoS
-0.47022325,DDoS
-0.5628815,DoS Hulk
-0.5512707,DoS Hulk
-0.61892617,DoS Hulk
-0.4062709,PortScan
-0.62760246,DoS Hulk
-0.5736381,DoS Hulk
-0.5684774,DoS Hulk
-0.47422582,DoS Hulk
-0.39291248,PortScan
-0.56021345,DoS Hulk
-0.55698025,DoS Hulk
-0.37030244,PortScan
-0.47738448,DDoS
-0.5508114,DoS Hulk
-0.5871029,DoS Slowhttptest
-0.61942565,DoS Hulk
-0.39403608,Bot
-0.56433713,DoS Hulk
-0.37481,PortScan
-0.6199839,DoS Hulk
-0.60824,DoS Slowhttptest
-0.48690903,DoS Hulk
-0.55819,DoS Hulk
-0.46356183,DDoS
-0.47966072,DDoS
-0.57082736,DoS Hulk
-0.55770206,DoS Hulk
-0.37030244,PortScan
-0.5618696,DoS Hulk
-0.38966396,DDoS
-0.34978333,DoS Hulk
-0.4089484,DoS slowloris
-0.5871029,DoS Slowhttptest
-0.37116718,PortScan
-0.3698633,DoS Hulk
-0.39119935,PortScan
-0.4026455,PortScan
-0.5610897,DoS Hulk
-0.47605303,DoS GoldenEye
-0.3892945,PortScan
-0.56239927,DoS Hulk
-0.61397344,DoS Hulk
-0.46619892,DDoS
-0.62812614,DoS Hulk
-0.5620597,DoS Hulk
-0.6223361,DoS Hulk
-0.3928155,DDoS
-0.46033174,DDoS
-0.56079125,DoS Hulk
-0.55438703,DoS Hulk
-0.5381177,DoS Hulk
-0.37511072,DDoS
-0.4816323,DoS Hulk
-0.5705778,DoS Hulk
-0.5653875,DoS Hulk
-0.44327316,DoS GoldenEye
-0.3664617,SSH-Patator
-0.613639,DoS Hulk
-0.37632984,DDoS
-0.41022915,SSH-Patator
-0.4646813,DDoS
-0.37387338,DDoS
-0.47864294,DDoS
-0.5541995,DoS Hulk
-0.3807789,PortScan
-0.514052,DoS Hulk
-0.38215742,FTP-Patator
-0.3928155,DDoS
-0.5701484,DoS Hulk
-0.5553278,DDoS
-0.62668806,DDoS
-0.5493369,DoS Hulk
-0.3904596,PortScan
-0.46565542,DDoS
-0.46452126,DDoS
-0.4702941,DoS Hulk
-0.563567,DoS Hulk
-0.5871029,DoS Slowhttptest
-0.5624125,DoS Hulk
-0.38919282,PortScan
-0.5718629,DoS Hulk
-0.4697694,DDoS
-0.39430326,FTP-Patator
-0.62365746,DoS Hulk
-0.5761805,DoS Hulk
-0.6165522,DoS Hulk
-0.55331075,DoS Hulk
-0.46049207,DDoS
-0.5790121,DDoS
-0.38969648,PortScan
-0.40922496,SSH-Patator
-0.373057,DDoS
-0.3727727,DDoS
-0.38932073,PortScan
-0.39706936,Web Attack - Brute Force
-0.5627033,DoS Hulk
-0.6214974,DoS Hulk
-0.565224,DoS Hulk
-0.46463946,DoS Hulk
-0.5716174,DoS Hulk
-0.39460108,PortScan
-0.46805543,DDoS
-0.46002498,DDoS
-0.3745247,PortScan
-0.46627852,DDoS
-0.46188992,DDoS
-0.54770094,DoS GoldenEye
-0.46477744,DDoS
-0.37584987,PortScan
-0.57807565,DoS Hulk
-0.55487734,DoS Hulk
-0.54991335,DoS Hulk
-0.38764295,PortScan
-0.6142339,DoS Hulk
-0.56412864,DoS Hulk
-0.3770239,DDoS
-0.5797135,DDoS
-0.5639268,DoS Hulk
-0.63415277,DoS Hulk
-0.46371505,DDoS
-0.38681224,PortScan
-0.37176633,PortScan
-0.48650762,DoS GoldenEye
-0.46188992,DDoS
-0.57095563,DoS Hulk
-0.56165236,DoS Hulk
-0.5857295,DDoS
-0.47038594,DDoS
-0.4775214,DDoS
-0.40756616,SSH-Patator
-0.5871029,DoS Slowhttptest
-0.6224884,DoS Hulk
-0.467848,DDoS
-0.46084532,DDoS
-0.3853088,PortScan
-0.3929204,PortScan
-0.384326,DDoS
-0.467848,DDoS
-0.38790205,PortScan
-0.6150657,DoS Hulk
-0.62191516,DoS Hulk
-0.58015645,DoS Hulk
-0.38469857,DDoS
-0.3743064,PortScan
-0.45696938,DoS Hulk
-0.5180924,PortScan
-0.38867587,PortScan
-0.5633834,DoS Hulk
-0.35386187,DoS Hulk
-0.5574929,DoS Hulk
-0.3611559,DoS Hulk
-0.38800246,DDoS
-0.39008942,PortScan
-0.38365763,DDoS
-0.5615708,DoS Hulk
-0.5605505,DoS Hulk
-0.559598,DoS Hulk
-0.45533076,DoS Hulk
-0.38692436,PortScan
-0.5514572,DoS Hulk
-0.35969344,DDoS
-0.3740664,DDoS
-0.36941415,DDoS
-0.4876617,DoS Hulk
-0.35994184,DoS Hulk
-0.37195343,PortScan
-0.62855124,DoS Hulk
-0.4029614,PortScan
-0.552375,DoS Hulk
-0.5992672,DoS Hulk
-0.5554289,DoS Hulk
-0.62391937,DoS Hulk
-0.5652815,DoS Hulk
-0.55579895,DoS Hulk
-0.62195885,DoS Hulk
-0.5697239,DoS Hulk
-0.4654559,DDoS
-0.4674225,DDoS
-0.358727,DoS Hulk
-0.46305367,DDoS
-0.37407142,PortScan
-0.45972675,DDoS
-0.47783682,DoS Hulk
-0.39530683,FTP-Patator
-0.5591763,DoS Hulk
-0.5539563,DoS Hulk
-0.5614515,DoS Hulk
-0.5688622,DoS Hulk
-0.35969344,DDoS
-0.4650846,DoS Hulk
-0.4755682,DDoS
-0.37511072,DDoS
-0.41050595,PortScan
-0.55528265,DoS Hulk
-0.56359637,DoS Hulk
-0.5756619,DoS Hulk
-0.38926873,DDoS
-0.4650229,DDoS
-0.3895647,PortScan
-0.37846035,DDoS
-0.46049207,DDoS
-0.5642278,DoS Hulk
-0.39783236,DDoS
-0.459294,DDoS
-0.56856173,DoS Hulk
-0.39046592,PortScan
-0.5621842,DoS Hulk
-0.392516,PortScan
-0.5692881,DoS Hulk
-0.46208358,DDoS
-0.38269284,DDoS
-0.61035585,DoS Hulk
-0.5448889,DoS Hulk
-0.3894972,PortScan
-0.4931434,DoS GoldenEye
-0.38725284,DDoS
-0.4587395,DDoS
-0.5572466,DoS Hulk
-0.5779841,DDoS
-0.3686423,DDoS
-0.3640858,DoS Hulk
-0.35341337,DoS Hulk
-0.56685156,DoS Hulk
-0.6195013,DoS Hulk
-0.37394327,PortScan
-0.39443138,FTP-Patator
-0.52841103,DoS GoldenEye
-0.38570783,PortScan
-0.569139,DoS Hulk
-0.6275563,DoS Hulk
-0.36810625,DoS Hulk
-0.6239913,DoS Hulk
-0.5946084,DDoS
-0.37254447,PortScan
-0.53133464,DoS Hulk
-0.4482516,DoS Slowhttptest
-0.3636821,DoS Hulk
-0.3584844,DoS Hulk
-0.39396146,PortScan
-0.560299,DoS Hulk
-0.57351196,DoS Hulk
-0.38713768,PortScan
-0.36945716,DDoS
-0.37921947,PortScan
-0.36776492,DDoS
-0.632082,DoS Hulk
-0.56269115,DoS Hulk
-0.39539838,FTP-Patator
-0.39315134,PortScan
-0.62191516,DoS Hulk
-0.57253486,DoS Hulk
-0.6258288,DoS Hulk
-0.4777279,DDoS
-0.61675185,DoS Hulk
-0.4696884,DDoS
-0.4701653,DDoS
-0.47593513,DDoS
-0.55368197,DoS Hulk
-0.39211658,DDoS
-0.55303556,DoS Hulk
-0.6693211,DoS slowloris
-0.49297336,DoS Hulk
-0.4090218,PortScan
-0.38293263,DDoS
-0.40789217,PortScan
-0.5704518,DDoS
-0.56566757,DoS Hulk
-0.56008345,DoS Hulk
-0.38973415,DDoS
-0.45963112,DDoS
-0.5611708,DoS Hulk
-0.4777279,DDoS
-0.62216926,DoS Hulk
-0.45847014,DDoS
-0.5641798,DoS Hulk
-0.55661076,DoS Hulk
-0.6290904,DoS Hulk
-0.39308137,DDoS
-0.3718287,PortScan
-0.62191516,DoS Hulk
-0.56057817,DoS Hulk
-0.5768388,DDoS
-0.39371476,PortScan
-0.6211755,DoS Hulk
-0.38443837,DDoS
-0.5575256,DoS Hulk
-0.3892945,PortScan
-0.5587833,DoS Hulk
-0.38909888,PortScan
-0.45951807,DDoS
-0.56966877,DoS GoldenEye
-0.56011105,DoS Hulk
-0.62195885,DoS Hulk
-0.37179396,PortScan
-0.55022633,DoS Hulk
-0.47854546,DoS Hulk
-0.3939239,DDoS
-0.62525415,DoS Hulk
-0.4838457,DoS Hulk
-0.4661208,DDoS
-0.37571996,DDoS
-0.47390297,DDoS
-0.6269709,DoS Hulk
-0.39457014,FTP-Patator
-0.62212557,DoS Hulk
-0.56735593,DoS Hulk
-0.5641463,DoS Hulk
-0.38692436,PortScan
-0.38948965,DDoS
-0.4471828,DoS GoldenEye
-0.38293263,DDoS
-0.37481,PortScan
-0.40749338,PortScan
-0.4062709,PortScan
-0.37300184,PortScan
-0.37271866,PortScan
-0.56918055,DoS Hulk
-0.3743064,PortScan
-0.6171383,DoS Hulk
-0.3530197,DoS Hulk
-0.55627155,DoS Hulk
-0.5539993,DoS Hulk
-0.45972675,DDoS
-0.35720417,DDoS
-0.47129598,DDoS
-0.37404624,PortScan
-0.5758567,DoS Hulk
-0.3733095,DDoS
-0.4612783,DDoS
-0.56128824,DoS Hulk
-0.35516307,DDoS
-0.556281,DoS Hulk
-0.5650256,DoS Hulk
-0.6567641,DoS Hulk
-0.3815932,PortScan
-0.47906232,DoS Hulk
-0.39460108,PortScan
-0.47511503,DDoS
-0.6308003,DoS Hulk
-0.5806368,DDoS
-0.45972675,DDoS
-0.62551075,DoS Hulk
-0.39407733,FTP-Patator
-0.39211658,DDoS
-0.4089484,DoS slowloris
-0.50385785,DoS Hulk
-0.46804824,DDoS
-0.38764295,PortScan
-0.56640923,DoS Hulk
-0.4598823,DDoS
-0.40756616,SSH-Patator
-0.5763245,DDoS
-0.3654457,DoS Hulk
-0.38649374,PortScan
-0.37571996,DDoS
-0.38790205,PortScan
-0.37504488,PortScan
-0.3748758,DDoS
-0.46722966,DDoS
-0.39742166,PortScan
-0.38973415,DDoS
-0.38940042,DDoS
-0.5593335,DoS Hulk
-0.40789217,PortScan
-0.38649374,PortScan
-0.39072207,PortScan
-0.5668916,DoS Hulk
-0.38215742,FTP-Patator
-0.5587731,DoS Hulk
-0.38692436,PortScan
-0.5909335,DDoS
-0.5564225,DoS Hulk
-0.46080375,DDoS
-0.561346,DoS Hulk
-0.5604381,DoS Hulk
-0.62872374,DoS Hulk
-0.39563844,PortScan
-0.46750826,DDoS
-0.46755219,DDoS
-0.46950376,DDoS
-0.4089484,DoS slowloris
-0.38469857,DDoS
-0.3810799,PortScan
-0.56016153,DoS Hulk
-0.56768674,DoS Hulk
-0.37469432,Bot
-0.5607608,DoS Hulk
-0.5581192,DoS Hulk
-0.40886936,PortScan
-0.3893917,PortScan
-0.6318383,DoS Slowhttptest
-0.4167537,DDoS
-0.56775045,DoS Hulk
-0.3725072,DDoS
-0.46261454,DDoS
-0.56697255,DoS Hulk
-0.39980638,PortScan
-0.38467926,DDoS
-0.4602756,DDoS
-0.55349743,DoS Hulk
-0.39594245,FTP-Patator
-0.62833863,DoS Hulk
-0.4637491,DDoS
-0.45972675,DDoS
-0.38951263,DDoS
-0.43782324,DoS GoldenEye
-0.46992832,DDoS
-0.4691635,DoS Hulk
-0.5738275,DDoS
-0.46498063,DDoS
-0.62267023,DoS Hulk
-0.6240351,DoS Hulk
-0.5510811,DoS Hulk
-0.49042362,DoS Hulk
-0.38973415,DDoS
-0.40530682,PortScan
-0.6212262,DoS Hulk
-0.6323269,DoS Hulk
-0.62979674,DoS Hulk
-0.56035256,DoS Hulk
-0.3658237,DoS Hulk
-0.38109434,PortScan
-0.58237064,DDoS
-0.5628815,DoS Hulk
-0.5871803,DoS Hulk
-0.6238308,DDoS
-0.5613391,DoS Hulk
-0.5558043,DoS Hulk
-0.37366953,Bot
-0.36829937,DDoS
-0.3743064,PortScan
-0.38487184,PortScan
-0.6286334,DoS Hulk
-0.6297343,DoS Hulk
-0.4792464,DDoS
-0.5755134,DoS Hulk
-0.5755961,DoS Hulk
-0.4823024,DoS GoldenEye
-0.39119935,PortScan
-0.55893874,DoS Hulk
-0.6189846,DoS Hulk
-0.55215603,DoS Hulk
-0.4601463,DDoS
-0.35374218,DoS Hulk
-0.5604625,DoS Hulk
-0.46219793,DDoS
-0.5609843,DoS Hulk
-0.39355475,Web Attack - Brute Force
-0.38611412,PortScan
-0.37330917,PortScan
-0.39008942,PortScan
-0.4747977,DoS GoldenEye
-0.5561149,DoS Hulk
-0.561071,DoS Hulk
-0.46730283,DDoS
-0.56119794,DoS Hulk
-0.45972675,DDoS
-0.3640858,DoS Hulk
-0.38932073,PortScan
-0.57219136,DoS Hulk
-0.46627852,DDoS
-0.38657618,DDoS
-0.55314773,DDoS
-0.371071,PortScan
-0.6290126,DoS Hulk
-0.4714283,DDoS
-0.3716899,DDoS
-0.3969605,PortScan
-0.48303533,DoS Hulk
-0.617556,DoS Hulk
-0.55770206,DoS Hulk
-0.5588606,DoS Hulk
-0.5659453,DoS Hulk
-0.47636297,DDoS
-0.46900505,DDoS
-0.3951731,FTP-Patator
-0.36021554,DoS Hulk
-0.38713768,PortScan
-0.45813608,DDoS
-0.3884345,PortScan
-0.56122845,DoS Hulk
-0.41503385,PortScan
-0.5686943,DoS Hulk
-0.36859265,DDoS
-0.5650121,DoS Hulk
-0.39137465,PortScan
-0.5609843,DoS Hulk
-0.38957658,PortScan
-0.5567078,DoS Hulk
-0.48119327,DoS Hulk
-0.4679246,DoS Hulk
-0.38402793,DDoS
-0.55771136,DoS Hulk
-0.57626677,DDoS
-0.46366894,DoS Hulk
-0.62540555,DoS Hulk
-0.38395596,PortScan
-0.57501644,DoS Hulk
-0.55890596,DoS Hulk
-0.37649134,PortScan
-0.58676225,DDoS
-0.3688108,DDoS
-0.36941415,DDoS
-0.38467926,DDoS
-0.37545237,DDoS
-0.38872966,PortScan
-0.5588745,DoS Hulk
-0.5609299,DoS Hulk
-0.6220235,DoS Hulk
-0.37645873,DDoS
-0.45943886,DDoS
-0.56566757,DoS Hulk
-0.4651247,DDoS
-0.46984732,DDoS
-0.5587731,DoS Hulk
-0.47297603,DDoS
-0.46735013,DDoS
-0.39443138,FTP-Patator
-0.46063876,DDoS
-0.4654559,DDoS
-0.5558283,DoS Hulk
-0.40665913,PortScan
-0.38301778,PortScan
-0.6239384,DoS Hulk
-0.5864728,DDoS
-0.41056195,PortScan
-0.41332215,PortScan
-0.37571996,DDoS
-0.5546897,DoS Hulk
-0.61768353,DoS Hulk
-0.38571852,DDoS
-0.40824082,PortScan
-0.61459684,DoS Hulk
-0.40612766,PortScan
-0.47843558,DDoS
-0.38818792,DDoS
-0.37921947,PortScan
-0.3906674,PortScan
-0.39457014,FTP-Patator
-0.547875,DoS Hulk
-0.3928155,DDoS
-0.62166244,DDoS
-0.56008345,DoS Hulk
-0.358212,DoS Hulk
-0.64955646,DoS slowloris
-0.39457014,FTP-Patator
-0.37404624,PortScan
-0.55021316,DoS Hulk
-0.5579401,DoS Hulk
-0.56014144,DoS Hulk
-0.5735876,DoS Hulk
-0.38014176,PortScan
-0.4798221,DoS Hulk
-0.62131584,DDoS
-0.39248195,DDoS
-0.5544613,DoS Hulk
-0.38749722,DDoS
-0.6265418,DoS Hulk
-0.5599711,DoS Hulk
-0.5527495,DoS Hulk
-0.573785,DoS Hulk
-0.3885274,PortScan
-0.5535849,DoS Hulk
-0.56027293,DoS Hulk
-0.39348456,PortScan
-0.39101997,PortScan
-0.48213568,DoS GoldenEye
-0.45957124,DDoS
-0.62802726,DoS Hulk
-0.41023555,PortScan
-0.5855314,DDoS
-0.46017602,DDoS
-0.45967355,DDoS
-0.39622378,PortScan
-0.37389693,DoS Hulk
-0.5871029,DoS Slowhttptest
-0.4628644,DDoS
-0.37931648,PortScan
-0.39445347,PortScan
-0.36823773,PortScan
-0.46597147,DDoS
-0.46230564,DDoS
-0.4722604,PortScan
-0.46526882,DoS Hulk
-0.37254447,PortScan
-0.5665001,DoS Hulk
-0.56083137,DoS Hulk
-0.46873975,DoS GoldenEye
-0.56474584,DoS Hulk
-0.55920506,DoS Hulk
-0.46401882,DDoS
-0.55321044,DoS Hulk
-0.5590038,DoS Hulk
-0.56959105,DoS Hulk
-0.38796657,DDoS
-0.38293263,DDoS
-0.3658677,SSH-Patator
-0.38649374,PortScan
-0.55321825,DoS Hulk
-0.6016214,DoS Hulk
-0.4095019,SSH-Patator
-0.4706089,DDoS
-0.3973016,DoS Hulk
-0.56489515,DoS Hulk
-0.4943849,DoS Hulk
-0.3780495,PortScan
-0.63267833,DoS Hulk
-0.39299002,Web Attack - Brute Force
-0.45943886,DDoS
-0.4215862,PortScan
-0.37726012,PortScan
-0.39355475,Web Attack - Brute Force
-0.46278065,DDoS
-0.55584913,DoS Hulk
-0.6296081,DDoS
-0.37379766,PortScan
-0.41126046,PortScan
-0.5617228,DoS Hulk
-0.63006055,DDoS
-0.39164492,DDoS
-0.4634014,DDoS
-0.3921045,PortScan
-0.38571852,DDoS
-0.6172741,DoS Hulk
-0.5656884,DoS Hulk
-0.37154022,PortScan
-0.38752496,PortScan
-0.47185352,DDoS
-0.39622277,Web Attack - Brute Force
-0.3734785,PortScan
-0.5678762,DoS Hulk
-0.3858941,PortScan
-0.40941364,SSH-Patator
-0.46245804,DDoS
-0.38942623,PortScan
-0.46940354,DDoS
-0.3951731,FTP-Patator
-0.62355834,DoS Hulk
-0.63112175,DoS Hulk
-0.3886779,PortScan
-0.37008533,PortScan
-0.56130254,DoS Hulk
-0.62457144,DoS Hulk
-0.39980638,PortScan
-0.46088615,DDoS
-0.5683126,DoS Hulk
-0.5561146,DDoS
-0.64221007,DoS slowloris
-0.47537494,DDoS
-0.46999535,DDoS
-0.36920732,PortScan
-0.38997835,DDoS
-0.4777279,DDoS
-0.574343,DDoS
-0.46240819,DDoS
-0.39328435,PortScan
-0.63290614,DoS Hulk
-0.38571852,DDoS
-0.46335724,DoS Hulk
-0.66758525,DoS slowloris
-0.4652658,DDoS
-0.37822336,DDoS
-0.38215742,FTP-Patator
-0.4721492,DDoS
-0.5610081,DoS Hulk
-0.5871029,DoS Slowhttptest
-0.38272858,FTP-Patator
-0.47822323,DoS Hulk
-0.568353,DoS Hulk
-0.37300184,PortScan
-0.47433856,DDoS
-0.37176633,PortScan
-0.46014902,DDoS
-0.47814673,DoS Hulk
-0.5702286,DoS Hulk
-0.55626,DoS Hulk
-0.39778477,PortScan
-0.6239804,DoS Hulk
-0.38421836,DDoS
-0.38681176,PortScan
-0.62287843,DoS Hulk
-0.5636456,DoS Hulk
-0.61172426,DoS Slowhttptest
-0.55972785,DoS Hulk
-0.5746085,DDoS
-0.39529946,PortScan
-0.3906674,PortScan
-0.37545237,DDoS
-0.5612589,DoS Hulk
-0.5804402,DDoS
-0.45972675,DDoS
-0.5389095,DDoS
-0.56894046,DoS Hulk
-0.38872966,PortScan
-0.6183641,DoS Hulk
-0.35341337,DoS Hulk
-0.62246263,DoS Hulk
-0.4089484,DoS slowloris
-0.55772245,DoS Hulk
-0.37300184,PortScan
-0.38215742,FTP-Patator
-0.4617235,DDoS
-0.56158376,DoS Hulk
-0.51064473,DoS Hulk
-0.42154437,DoS GoldenEye
-0.4697694,DDoS
-0.44771233,DoS GoldenEye
-0.3712556,DDoS
-0.60747546,DDoS
-0.36442366,DoS Hulk
-0.41716838,DoS GoldenEye
-0.5654286,DoS Hulk
-0.5600886,DDoS
-0.5731433,DoS Hulk
-0.39056984,PortScan
-0.4711998,DDoS
-0.6163127,DoS Hulk
-0.55418676,DoS Hulk
-0.5659373,DoS Hulk
-0.46261454,DDoS
-0.61675185,DoS Hulk
-0.46079034,DDoS
-0.48125875,DoS Hulk
-0.46990362,DDoS
-0.37404624,PortScan
-0.57530785,DDoS
-0.39612657,PortScan
-0.56079125,DoS Hulk
-0.6208813,DoS Hulk
-0.62551075,DoS Hulk
-0.3748758,DDoS
-0.3725314,PortScan
-0.371071,PortScan
-0.36417672,DoS Hulk
-0.6310051,DoS Hulk
-0.37481,PortScan
-0.40521997,PortScan
-0.46481588,DDoS
-0.46102315,DoS GoldenEye
-0.62908685,DoS Hulk
-0.5619506,DoS Hulk
-0.3850625,PortScan
-0.39008942,PortScan
-0.64221007,DoS slowloris
-0.61838657,DDoS
-0.5620703,DoS Hulk
-0.3894972,PortScan
-0.61675185,DoS Hulk
-0.58003604,DDoS
-0.5637661,DoS Hulk
-0.55248564,DoS Hulk
-0.6504482,DoS Hulk
-0.4089484,DoS slowloris
-0.39529946,PortScan
-0.38019487,DDoS
-0.4664363,DDoS
-0.38649374,PortScan
-0.38596022,DDoS
-0.5529036,DoS Hulk
-0.3906674,PortScan
-0.37565488,PortScan
-0.3951731,FTP-Patator
-0.3745357,PortScan
-0.40801653,PortScan
-0.39033386,PortScan
-0.55487883,DoS Hulk
-0.3892945,PortScan
-0.37138048,DDoS
-0.3743064,PortScan
-0.5710196,DDoS
-0.45974058,DDoS
-0.47209457,DDoS
-0.57303846,DoS Hulk
-0.38749722,DDoS
-0.46972167,DDoS
-0.4614314,DDoS
-0.38957658,PortScan
-0.51656014,DoS Hulk
-0.56022507,DoS Hulk
-0.3716476,PortScan
-0.38790205,PortScan
-0.39109284,PortScan
-0.47419992,DDoS
-0.37387338,DDoS
-0.38946474,PortScan
-0.37481,PortScan
-0.5582328,DoS Hulk
-0.55669737,DoS Hulk
-0.3584844,DoS Hulk
-0.55296546,DoS Hulk
-0.47106117,DoS GoldenEye
-0.5633937,DoS Hulk
-0.5844184,DDoS
-0.46627852,DDoS
-0.5555879,DoS Hulk
-0.57501644,DoS Hulk
-0.63289243,DoS Hulk
-0.563567,DoS Hulk
-0.3770239,DDoS
-0.61976427,DoS Hulk
-0.47870237,DDoS
-0.4606112,DDoS
-0.37008533,PortScan
-0.5678574,DoS Hulk
-0.49197248,DoS GoldenEye
-0.3922842,PortScan
-0.39578366,PortScan
-0.5882639,DoS Hulk
-0.57612956,DDoS
-0.55577177,DoS Hulk
-0.3571587,DDoS
-0.56454134,DoS Hulk
-0.56831676,DoS Hulk
-0.37544012,PortScan
-0.40643916,PortScan
-0.36131844,DDoS
-0.48048344,DoS GoldenEye
-0.38596022,DDoS
-0.6243621,DoS Hulk
-0.3725072,DDoS
-0.43137628,PortScan
-0.42182967,DoS GoldenEye
-0.6466062,DoS Hulk
-0.57785547,DDoS
-0.39119935,PortScan
-0.61762184,DoS Hulk
-0.5835539,DDoS
-0.57319623,DDoS
-0.56149244,DoS Hulk
-0.38413656,FTP-Patator
-0.58124083,DDoS
-0.62174845,DoS Hulk
-0.6197063,DoS Hulk
-0.38790205,PortScan
-0.4634014,DDoS
-0.36479372,DoS Hulk
-0.39460108,PortScan
-0.57374907,DoS Hulk
-0.4842717,DoS Hulk
-0.56701016,DoS Hulk
-0.56404656,DoS Hulk
-0.47727618,DDoS
-0.46913853,DDoS
-0.561659,DoS Hulk
-0.622043,DoS Hulk
-0.38286954,PortScan
-0.6251562,DoS Hulk
-0.56762594,DoS Hulk
-0.56527764,DoS Hulk
-0.4089484,DoS slowloris
-0.4089484,DoS slowloris
-0.5871029,DoS Slowhttptest
-0.46063876,DDoS
-0.4152708,DDoS
-0.5138306,DoS GoldenEye
-0.4748571,DDoS
-0.39191526,PortScan
-0.4792464,DDoS
-0.5618141,DoS Hulk
-0.46627852,DDoS
-0.58022434,DDoS
-0.358212,DoS Hulk
-0.6162535,DoS Hulk
-0.4650229,DDoS
-0.6203631,DoS Hulk
-0.45798114,DDoS
-0.38681176,PortScan
-0.5643065,DoS Hulk
-0.35181502,DoS Hulk
-0.37876716,PortScan
-0.5752271,DoS Hulk
-0.39151987,PortScan
-0.5641595,DoS Hulk
-0.6174093,DoS Hulk
-0.3688108,DDoS
-0.4095019,SSH-Patator
-0.6478384,DoS Slowhttptest
-0.3640858,DoS Hulk
-0.37404624,PortScan
-0.5643737,DoS Hulk
-0.36045933,DoS Hulk
-0.63000983,DoS Hulk
-0.3885274,PortScan
-0.60488486,DoS Hulk
-0.54708403,DoS Hulk
-0.54551286,DoS Hulk
-0.40776235,PortScan
-0.3521423,DoS Hulk
-0.46931764,DDoS
-0.39057404,PortScan
-0.64221007,DoS slowloris
-0.5580311,DoS Hulk
-0.4046808,PortScan
-0.617587,DoS Hulk
-0.6776935,DoS Slowhttptest
-0.5365083,DoS Slowhttptest
-0.3690604,DDoS
-0.3725314,PortScan
-0.5636005,DoS Hulk
-0.6169993,DoS Hulk
-0.38293418,PortScan
-0.38484326,PortScan
-0.3746955,DDoS
-0.56030744,DoS Hulk
-0.359759,DoS Hulk
-0.5638871,DoS Hulk
-0.5638294,DoS Hulk
-0.49797252,DoS Hulk
-0.45943886,DDoS
-0.46497318,DDoS
-0.38571852,DDoS
-0.56845605,DoS Hulk
-0.45943886,DDoS
-0.5636964,DoS Hulk
-0.62174845,DoS Hulk
-0.38019487,DDoS
-0.38947195,PortScan
-0.56918263,DoS Hulk
-0.55359864,DoS Hulk
-0.38997835,DDoS
-0.6204442,DoS Hulk
-0.60414505,DoS Hulk
-0.5517153,DoS Hulk
-0.46079034,DDoS
-0.61654323,DoS Hulk
-0.39046592,PortScan
-0.373057,DDoS
-0.62808603,DoS Hulk
-0.39046592,PortScan
-0.6120596,DoS Hulk
-0.55195343,DoS Hulk
-0.3594202,DoS Hulk
-0.3921045,PortScan
-0.3912161,DDoS
-0.46049207,DDoS
-0.55931115,DoS Hulk
-0.45813608,DDoS
-0.3894972,PortScan
-0.62276626,DoS Hulk
-0.45829108,DDoS
-0.3810578,PortScan
-0.4482516,DoS Slowhttptest
-0.5555578,DoS Hulk
-0.38413656,FTP-Patator
-0.48990822,DoS Hulk
-0.3870062,PortScan
-0.3969605,PortScan
-0.37404624,PortScan
-0.3584844,DoS Hulk
-0.6437199,DoS slowloris
-0.4678106,DoS Hulk
-0.3845302,PortScan
-0.53460854,DoS Hulk
-0.5643342,DoS Hulk
-0.57044476,DoS Hulk
-0.5673547,DoS Hulk
-0.6386592,DoS Hulk
-0.5790129,DDoS
-0.5605935,DoS Hulk
-0.3829695,FTP-Patator
-0.56295097,DoS Hulk
-0.61498404,DoS Hulk
-0.38919282,PortScan
-0.4777279,DDoS
-0.35085323,DoS Hulk
-0.37872517,DDoS
-0.563567,DoS Hulk
-0.5600015,DoS Hulk
-0.5542738,DoS Hulk
-0.5651962,DoS Hulk
-0.47216254,DoS GoldenEye
-0.6278148,DoS Hulk
-0.5559599,DoS Hulk
-0.5590038,DoS Hulk
-0.61604506,DoS Hulk
-0.38997835,DDoS
-0.5645548,DoS Hulk
-0.564814,DoS Hulk
-0.56603634,DoS Hulk
-0.624645,DDoS
-0.62191516,DoS Hulk
-0.46307993,DDoS
-0.38725284,DDoS
-0.56460845,DoS Hulk
-0.46497318,DDoS
-0.38760757,PortScan
-0.4652658,DDoS
-0.6254636,DoS Hulk
-0.61745197,DoS Hulk
-0.5532687,DoS Hulk
-0.561798,DoS Hulk
-0.37008533,PortScan
-0.55901504,DoS Hulk
-0.56538993,DoS Hulk
-0.37387338,DDoS
-0.43792573,DoS GoldenEye
-0.4807894,DDoS
-0.38487184,PortScan
-0.630339,DDoS
-0.371071,PortScan
-0.5655616,DoS Hulk
-0.3884345,PortScan
-0.37226683,PortScan
-0.46735013,DDoS
-0.46884158,DDoS
-0.60693824,DDoS
-0.37040904,PortScan
-0.47017092,DoS Slowhttptest
-0.4152708,DDoS
-0.54667825,DoS Hulk
-0.5871029,DoS Slowhttptest
-0.47216204,DDoS
-0.37027133,PortScan
-0.56014144,DoS Hulk
-0.38397294,PortScan
-0.46618092,DDoS
-0.39460108,PortScan
-0.57609725,DoS Hulk
-0.5484124,DoS Hulk
-0.36442366,DoS Hulk
-0.4612883,DDoS
-0.4666158,DoS Hulk
-0.5612373,DoS Hulk
-0.59197026,DDoS
-0.6093804,DoS Hulk
-0.38293263,DDoS
-0.56041896,DoS Hulk
-0.66477376,DoS slowloris
-0.46017045,DDoS
-0.62553036,DoS Hulk
-0.48122534,DoS Hulk
-0.6187479,DoS Hulk
-0.47766268,DDoS
-0.6201257,DoS Hulk
-0.38794756,Bot
-0.61131054,DoS Slowhttptest
-0.4614314,DDoS
-0.3778397,DDoS
-0.38365763,DDoS
-0.37404624,PortScan
-0.37481,PortScan
-0.4694705,DDoS
-0.40756616,SSH-Patator
-0.5746776,DDoS
-0.46049207,DDoS
-0.4783192,DDoS
-0.47769618,DDoS
-0.4090218,PortScan
-0.624144,DoS Hulk
-0.38493535,PortScan
-0.38168088,DDoS
-0.38713768,PortScan
-0.41023555,PortScan
-0.3591771,DoS Hulk
-0.564246,DoS Hulk
-0.3951731,FTP-Patator
-0.56271183,DoS Hulk
-0.37649134,PortScan
-0.41151884,PortScan
-0.47294036,DoS Hulk
-0.3965918,PortScan
-0.47511503,DDoS
-0.37544012,PortScan
-0.37404624,PortScan
-0.46033174,DDoS
-0.5556142,DoS Hulk
-0.3870062,PortScan
-0.35322532,DDoS
-0.56918263,DoS Hulk
-0.40774056,PortScan
-0.5668295,DoS Hulk
-0.38774002,DDoS
-0.5486443,DoS Hulk
-0.38402793,DDoS
-0.5590891,DoS Hulk
-0.39622277,Web Attack - XSS
-0.39457014,FTP-Patator
-0.36859265,DDoS
-0.571947,DoS Hulk
-0.40491602,PortScan
-0.5705111,DoS Hulk
-0.37733847,DDoS
-0.5664933,DoS Hulk
-0.5871029,DoS Slowhttptest
-0.61991596,DoS Hulk
-0.40375218,PortScan
-0.4828208,DoS Hulk
-0.38973415,DDoS
-0.36417672,DoS Hulk
-0.50259316,DDoS
-0.5825677,DDoS
-0.3920853,PortScan
-0.34992373,DoS Hulk
-0.62760246,DoS Hulk
-0.55899966,DoS Hulk
-0.5642278,DoS Hulk
-0.55847067,DoS Hulk
-0.6148268,DoS Hulk
-0.38741285,PortScan
-0.384186,PortScan
-0.63086295,DoS Hulk
-0.5599589,DoS Hulk
-0.5366113,DDoS
-0.3688108,DDoS
-0.38869405,DDoS
-0.37544012,PortScan
-0.57857496,DDoS
-0.6171782,DoS Hulk
-0.47697932,DDoS
-0.37290028,PortScan
-0.47906232,DoS Hulk
-0.3711267,PortScan
-0.37147653,PortScan
-0.38973415,DDoS
-0.39233363,Web Attack - XSS
-0.38850603,DDoS
-0.37899682,DDoS
-0.5612608,DoS Hulk
-0.56066483,DoS Hulk
-0.37571996,DDoS
-0.47345626,DDoS
-0.46033174,DDoS
-0.36475843,DDoS
-0.37330917,PortScan
-0.38775948,DDoS
-0.40987533,SSH-Patator
-0.39308137,DDoS
-0.47072762,DDoS
-0.3727725,PortScan
-0.57825005,DDoS
-0.5666985,DoS Hulk
-0.3648639,DoS Hulk
-0.45055076,PortScan
-0.5590038,DoS Hulk
-0.5572466,DoS Hulk
-0.6202658,DDoS
-0.55250204,DoS Hulk
-0.5783753,DDoS
-0.5665641,DoS Hulk
-0.5579001,DoS Hulk
-0.3584844,DoS Hulk
-0.3725072,DDoS
-0.47938317,DoS Hulk
-0.46232277,DDoS
-0.37116718,PortScan
-0.45740953,DDoS
-0.5603137,DoS Hulk
-0.3686423,DDoS
-0.6271319,DoS Hulk
-0.5624553,DoS Hulk
-0.5533237,DoS Hulk
-0.6395984,DDoS
-0.40409088,PortScan
-0.371071,PortScan
-0.6551608,DoS Hulk
-0.56404656,DoS Hulk
-0.63267833,DoS Hulk
-0.3839173,DDoS
-0.38779643,PortScan
-0.38774002,DDoS
-0.5613224,DoS Hulk
-0.37544012,PortScan
-0.38749722,DDoS
-0.62426883,DoS Hulk
-0.35226145,DoS Hulk
-0.5632624,DoS Hulk
-0.5448701,DoS Hulk
-0.38790205,PortScan
-0.57083267,DoS Hulk
-0.3892945,PortScan
-0.45953405,DDoS
-0.56397563,DoS Hulk
-0.45971417,DoS Hulk
-0.37609395,PortScan
-0.406663,PortScan
-0.45967355,DDoS
-0.55503464,DoS Hulk
-0.38057843,DDoS
-0.39308137,DDoS
-0.47627223,DoS GoldenEye
-0.3748758,DDoS
-0.40491602,PortScan
-0.40802908,PortScan
-0.41131532,DDoS
-0.5812146,DDoS
-0.6295162,DoS Hulk
-0.45928344,DDoS
-0.46152532,DoS Hulk
-0.48096535,PortScan
-0.5728688,DoS Hulk
-0.6315754,DDoS
-0.46595764,DDoS
-0.3770239,DDoS
-0.37330917,PortScan
-0.38571852,DDoS
-0.47950432,DoS Hulk
-0.38649374,PortScan
-0.5948447,DoS Hulk
-0.5489211,DDoS
-0.5691755,DoS slowloris
-0.4598823,DDoS
-0.6193376,DoS Hulk
-0.38749722,DDoS
-0.5613617,DoS Hulk
-0.6207242,DoS Hulk
-0.5618141,DoS Hulk
-0.38269284,DDoS
-0.5622807,DoS Hulk
-0.6226961,DoS Hulk
-0.38668206,PortScan
-0.37519655,PortScan
-0.56985,DoS Hulk
-0.3892945,PortScan
-0.56239927,DoS Hulk
-0.62853897,DoS Hulk
-0.5665071,DoS Hulk
-0.39290515,PortScan
-0.38293263,DDoS
-0.56566757,DoS Hulk
-0.36442366,DoS Hulk
-0.4766903,DDoS
-0.6138185,DoS Hulk
-0.3640858,DoS Hulk
-0.47278875,DoS Hulk
-0.37221247,Bot
-0.38269284,DDoS
-0.46735013,DDoS
-0.38881204,PortScan
-0.3688108,DDoS
-0.46082038,DDoS
-0.37609416,DDoS
-0.50992787,DoS Hulk
-0.5473319,DoS Hulk
-0.38443837,DDoS
-0.38571852,DDoS
-0.37485412,PortScan
-0.40785098,PortScan
-0.58022714,DDoS
-0.39138004,DDoS
-0.5665488,DoS Hulk
-0.4855306,DoS Hulk
-0.4593786,DDoS
-0.56385577,DoS Hulk
-0.46046126,DDoS
-0.57755035,DDoS
-0.37195343,PortScan
-0.6235422,DoS Hulk
-0.3727727,DDoS
-0.6000049,DDoS
-0.6261145,DoS Hulk
-0.39449394,PortScan
-0.38293263,DDoS
-0.41215336,SSH-Patator
-0.38788247,PortScan
-0.3682775,DDoS
-0.625691,DoS Hulk
-0.36523,DoS Hulk
-0.56291395,DoS Hulk
-0.57230234,DoS Hulk
-0.46108335,DDoS
-0.36417672,DoS Hulk
-0.5670213,DoS Hulk
-0.3963196,PortScan
-0.37545237,DDoS
-0.57307,DoS Hulk
-0.46049207,DDoS
-0.4062709,PortScan
-0.46188992,DDoS
-0.4632309,DDoS
-0.40749338,PortScan
-0.38649374,PortScan
-0.37559426,PortScan
-0.56078583,DoS Hulk
-0.46216083,DDoS
-0.47732544,DDoS
-0.47968692,DoS Hulk
-0.47537494,DDoS
-0.5730063,DDoS
-0.37300184,PortScan
-0.36920732,PortScan
-0.35181502,DoS Hulk
-0.4612783,DDoS
-0.380836,DDoS
-0.5454562,DoS Hulk
-0.60872096,DoS Hulk
-0.47541377,DDoS
-0.4678991,DoS GoldenEye
-0.3914591,PortScan
-0.5793572,DDoS
-0.45943886,DDoS
-0.5647741,DoS Hulk
-0.3725072,DDoS
-0.627571,DoS Hulk
-0.39095148,DDoS
-0.45976046,DDoS
-0.6173781,DoS Hulk
-0.5618141,DoS Hulk
-0.38611412,PortScan
-0.3651504,DoS Hulk
-0.61399883,DoS Hulk
-0.46078357,DDoS
-0.5637271,DoS Hulk
-0.6311956,DoS Hulk
-0.62905884,DoS Hulk
-0.47246876,DDoS
-0.45729414,DoS GoldenEye
-0.56918263,DoS Hulk
-0.37072557,PortScan
-0.36875457,PortScan
-0.39057404,PortScan
-0.3640858,DoS Hulk
-0.4766903,DDoS
-0.46627852,DDoS
-0.46349537,PortScan
-0.6262817,DoS Hulk
-0.6297343,DoS Hulk
-0.6265697,DoS Hulk
-0.563567,DoS Hulk
-0.5595352,DoS Hulk
-0.38916466,PortScan
-0.618005,DoS Hulk
-0.61341786,DoS Hulk
-0.40788713,SSH-Patator
-0.45972675,DDoS
-0.6139674,DoS Hulk
-0.3745247,PortScan
-0.55991197,DoS Hulk
-0.3767857,Bot
-0.40779653,DoS Hulk
-0.37195343,PortScan
-0.5639646,DoS Hulk
-0.5776671,DoS Hulk
-0.37290028,PortScan
-0.5675411,DoS Hulk
-0.5705111,DoS Hulk
-0.5589753,DDoS
-0.624144,DoS Hulk
-0.46982375,DDoS
-0.6466775,DoS Hulk
-0.4606645,DDoS
-0.62212664,DoS Hulk
-0.625742,DoS Hulk
-0.38215742,FTP-Patator
-0.5578908,DoS Hulk
-0.6031933,DoS Hulk
-0.3716476,PortScan
-0.3725072,DDoS
-0.630223,DoS Hulk
-0.63565624,DoS Hulk
-0.48410177,DoS Hulk
-0.38779643,PortScan
-0.38779643,PortScan
-0.3892945,PortScan
-0.47593513,DDoS
-0.45910507,DDoS
-0.38997835,DDoS
-0.47201318,DDoS
-0.5871029,DoS Slowhttptest
-0.5614995,DoS Hulk
-0.45928344,DDoS
-0.36829937,DDoS
-0.38872966,PortScan
-0.55256194,DoS Hulk
-0.56711775,DoS Hulk
-0.3640858,DoS Hulk
-0.5624125,DoS Hulk
-0.5577984,DoS Hulk
-0.6140262,DoS Hulk
-0.56385577,DoS Hulk
-0.41495174,PortScan
-0.37284032,PortScan
-0.6231788,DoS Hulk
-0.38953218,DDoS
-0.5665641,DoS Hulk
-0.3727727,DDoS
-0.38433313,PortScan
-0.38571852,DDoS
-0.45972675,DDoS
-0.5584965,DoS Hulk
-0.4720587,DDoS
-0.56375766,DoS Hulk
-0.4709414,DDoS
-0.564821,DoS Hulk
-0.47193488,DDoS
-0.36060092,DDoS
-0.5564033,DoS Hulk
-0.5613878,DoS Hulk
-0.3712556,DDoS
-0.57552665,DDoS
-0.579208,DDoS
-0.37008044,DoS Hulk
-0.565504,DoS Hulk
-0.5592362,DoS Hulk
-0.37921947,PortScan
-0.37181035,PortScan
-0.629689,DoS Hulk
-0.56397563,DoS Hulk
-0.37300184,PortScan
-0.66328436,DoS slowloris
-0.54899794,DoS Hulk
-0.56433785,DoS Hulk
-0.56371,DoS Hulk
-0.38430673,DDoS
-0.37606233,DDoS
-0.37226683,PortScan
-0.4286325,PortScan
-0.66049093,DoS slowloris
-0.45957124,DDoS
-0.42154437,DoS GoldenEye
-0.552876,DoS Hulk
-0.4650229,DDoS
-0.4089484,DoS slowloris
-0.37195343,PortScan
-0.5736213,DoS Hulk
-0.38843113,DDoS
-0.3800731,PortScan
-0.3765641,PortScan
-0.49507982,DoS Hulk
-0.3778397,DDoS
-0.5708978,DoS Hulk
-0.3870062,PortScan
-0.57304895,DoS Hulk
-0.6316228,DoS Hulk
-0.6316228,DoS Hulk
-0.37633947,PortScan
-0.47191745,DDoS
-0.39033386,PortScan
-0.3872334,DDoS
-0.5609991,DoS Hulk
-0.57324284,DoS Hulk
-0.61860144,DoS Hulk
-0.37571996,DDoS
-0.46079463,DDoS
-0.57422733,DDoS
-0.39119935,PortScan
-0.38790205,PortScan
-0.5605406,DoS Hulk
-0.37290028,PortScan
-0.56375766,DoS Hulk
-0.4075221,PortScan
-0.4062709,PortScan
-0.55872864,DoS Hulk
-0.6245826,DoS Hulk
-0.6229192,DoS Hulk
-0.56978375,DoS Hulk
-0.57434213,DoS Hulk
-0.4664363,DDoS
-0.6123115,DoS Hulk
-0.3727727,DDoS
-0.36383662,DoS Hulk
-0.38664594,PortScan
-0.56918263,DoS Hulk
-0.3882394,DDoS
-0.62191516,DoS Hulk
-0.6295837,DoS Hulk
-0.5620208,DoS Hulk
-0.5607293,DoS Hulk
-0.5626145,DoS Hulk
-0.38019487,DDoS
-0.41207516,PortScan
-0.38940042,DDoS
-0.56512153,DoS Hulk
-0.37544012,PortScan
-0.55896217,DoS Hulk
-0.46478707,PortScan
-0.5735367,DoS Hulk
-0.3917578,DDoS
-0.38467926,DDoS
-0.47353312,DDoS
-0.46945164,DDoS
-0.5665641,DoS Hulk
-0.5707138,DoS Hulk
-0.38997835,DDoS
-0.40776208,PortScan
-0.3770239,DDoS
-0.39146513,PortScan
-0.5591929,DoS Hulk
-0.55460286,DoS Hulk
-0.5651962,DoS Hulk
-0.38283405,PortScan
-0.38571852,DDoS
-0.4606645,DDoS
-0.56616014,DoS Hulk
-0.56677645,DoS Hulk
-0.3716899,DDoS
-0.64221007,DoS slowloris
-0.562103,DoS Hulk
-0.4612267,DoS Hulk
-0.62804335,DoS Hulk
-0.4644631,DDoS
-0.5612589,DoS Hulk
-0.5627611,DoS Hulk
-0.62595373,DoS Hulk
-0.38269284,DDoS
-0.5646576,DoS Hulk
-0.4814216,DoS Hulk
-0.58222485,DDoS
-0.6137528,DDoS
-0.36308622,DDoS
-0.4793402,DDoS
-0.35257733,DoS Hulk
-0.39564204,FTP-Patator
-0.46182626,DDoS
-0.55117345,DoS Hulk
-0.46972954,DoS GoldenEye
-0.61481744,DoS Hulk
-0.3885274,PortScan
-0.38328394,DDoS
-0.56521684,DoS Hulk
-0.5663955,DoS Hulk
-0.356614,DDoS
-0.3698173,PortScan
-0.625691,DoS Hulk
-0.46750826,DDoS
-0.4684619,DDoS
-0.51508373,DoS Hulk
-0.38649374,PortScan
-0.62195885,DoS Hulk
-0.40876168,PortScan
-0.3746955,DDoS
-0.6163127,DoS Hulk
-0.470434,DoS Hulk
-0.47731188,DoS Hulk
-0.34849408,DoS Hulk
-0.47185352,DDoS
-0.6150652,DoS Hulk
-0.57216537,DDoS
-0.5605406,DoS Hulk
-0.5630808,DoS Hulk
-0.38940042,DDoS
-0.5578424,DoS Hulk
-0.5776451,DoS Hulk
-0.5568531,DDoS
-0.4831107,DDoS
-0.46072647,DDoS
-0.4691247,DoS GoldenEye
-0.38389805,DDoS
-0.48743427,DoS Hulk
-0.61337256,DoS Hulk
-0.46975768,DoS GoldenEye
-0.4699827,DDoS
-0.6199839,DoS Hulk
-0.48179525,DoS Hulk
-0.469003,DDoS
-0.45982906,DDoS
-0.61570954,DoS Hulk
-0.3951731,FTP-Patator
-0.39281094,Bot
-0.48115447,DoS GoldenEye
-0.47480533,DDoS
-0.34849408,DoS Hulk
-0.56060857,DoS Hulk
-0.62276626,DoS Hulk
-0.38957658,PortScan
-0.4769027,DoS GoldenEye
-0.46187973,DDoS
-0.35257733,DoS Hulk
-0.62804335,DoS Hulk
-0.62352705,DoS Hulk
-0.36875457,PortScan
-0.41378874,PortScan
-0.39578366,PortScan
-0.39441875,PortScan
-0.478959,DDoS
-0.36308622,DDoS
-0.37481,PortScan
-0.38932073,PortScan
-0.575192,DDoS
-0.57570523,DoS Hulk
-0.5559338,DoS Hulk
-0.38850603,DDoS
-0.39217594,PortScan
-0.37649134,PortScan
-0.5586923,DoS Hulk
-0.3584844,DoS Hulk
-0.3870062,PortScan
-0.36664844,DDoS
-0.4091524,PortScan
-0.38803235,PortScan
-0.38842148,PortScan
-0.56371,DoS Hulk
-0.4046808,PortScan
-0.4595943,DDoS
-0.3872334,DDoS
-0.5653875,DoS Hulk
-0.4664572,DDoS
-0.3859796,DDoS
-0.46079463,DDoS
-0.50132334,DoS GoldenEye
-0.5432422,DoS GoldenEye
-0.37027133,PortScan
-0.56908387,DoS Hulk
-0.3804331,DDoS
-0.35677248,DoS Hulk
-0.4089473,PortScan
-0.5502913,DoS Hulk
-0.61654323,DoS Hulk
-0.58411306,DoS GoldenEye
-0.36875457,PortScan
-0.40803617,PortScan
-0.46079376,DDoS
-0.61997396,DoS Hulk
-0.57052076,DoS Hulk
-0.38854796,PortScan
-0.62808603,DoS Hulk
-0.62776864,DoS Hulk
-0.5719925,DoS Hulk
-0.56685156,DoS Hulk
-0.5729663,DoS Hulk
-0.39079326,PortScan
-0.39622277,Web Attack - XSS
-0.5642278,DoS Hulk
-0.39217594,PortScan
-0.38402793,DDoS
-0.58077383,DDoS
-0.56404656,DoS Hulk
-0.3868045,PortScan
-0.58217365,DDoS
-0.4606112,DDoS
-0.66800356,DoS slowloris
-0.5638363,DoS Hulk
-0.6187479,DoS Hulk
-0.56385577,DoS Hulk
-0.5605505,DoS Hulk
-0.3882901,PortScan
-0.5607303,DoS Hulk
-0.39245862,DDoS
-0.5604625,DoS Hulk
-0.37407142,PortScan
-0.59529024,DDoS
-0.56451696,DoS Hulk
-0.37671658,PortScan
-0.590516,DoS Hulk
-0.45967355,DDoS
-0.53593487,DoS Hulk
-0.46816882,DDoS
-0.5871029,DoS Slowhttptest
-0.4657093,DDoS
-0.5705778,DoS Hulk
-0.46433288,DDoS
-0.34849408,DoS Hulk
-0.4654559,DDoS
-0.39033386,PortScan
-0.56286746,DoS Hulk
-0.56008345,DoS Hulk
-0.5871029,DoS Slowhttptest
-0.5603724,DoS Hulk
-0.56965727,DoS Hulk
-0.55068284,DoS Hulk
-0.57243586,DoS Hulk
-0.4763771,DDoS
-0.47938317,DoS Hulk
-0.38443837,DDoS
-0.37300184,PortScan
-0.3651504,DoS Hulk
-0.41017783,PortScan
-0.4796626,DDoS
-0.37404624,PortScan
-0.56967336,DoS Hulk
-0.5617053,DoS Hulk
-0.3535481,DoS Hulk
-0.5623382,DoS Hulk
-0.36552536,DoS Hulk
-0.4062709,PortScan
-0.38760757,PortScan
-0.4598823,DDoS
-0.622699,DoS Hulk
-0.38293263,DDoS
-0.5615708,DoS Hulk
-0.38973415,DDoS
-0.57760483,DDoS
-0.5517508,DoS Hulk
-0.56669176,DoS Hulk
-0.3893118,PortScan
-0.6259208,DDoS
-0.5606349,DoS Hulk
-0.37571996,DDoS
-0.38973415,DDoS
-0.5589758,DoS Hulk
-0.39095148,DDoS
-0.60243356,DDoS
-0.56433713,DoS Hulk
-0.37571996,DDoS
-0.3773076,PortScan
-0.61976427,DoS Hulk
-0.5653261,DoS Hulk
-0.5801879,DDoS
-0.46277505,DDoS
-0.46223992,DDoS
-0.5564225,DoS Hulk
-0.3591771,DoS Hulk
-0.6237957,DoS Hulk
-0.4697694,DDoS
-0.57257146,DoS Hulk
-0.38973415,DDoS
-0.38932073,PortScan
-0.36426774,DDoS
-0.55916846,DoS Hulk
-0.56400776,DoS Hulk
-0.36245826,DDoS
-0.62352705,DoS Hulk
-0.3688108,DDoS
-0.46493962,DoS Hulk
-0.5679029,DoS Hulk
-0.46912867,DoS Hulk
-0.4680063,DDoS
-0.6354032,DoS slowloris
-0.47132438,DDoS
-0.5554639,DoS Hulk
-0.35257733,DoS Hulk
-0.5562343,DoS Hulk
-0.5565809,DoS Hulk
-0.38057843,DDoS
-0.37027133,PortScan
-0.38215742,FTP-Patator
-0.38215742,FTP-Patator
-0.5810296,DDoS
-0.66049093,DoS slowloris
-0.37545237,DDoS
-0.5637849,DoS Hulk
-0.570658,DoS Hulk
-0.3869909,DDoS
-0.56065565,DoS Hulk
-0.56742007,DoS Hulk
-0.37290028,PortScan
-0.38668206,PortScan
-0.62551075,DoS Hulk
-0.46255136,DDoS
-0.3718287,PortScan
-0.57018083,DDoS
-0.541797,DDoS
-0.4733845,DDoS
-0.38631582,PortScan
-0.3727727,DDoS
-0.3869909,DDoS
-0.5608212,DoS Hulk
-0.6248025,DoS Hulk
-0.3872334,DDoS
-0.38430285,DDoS
-0.467848,DDoS
-0.36015755,DDoS
-0.5655887,DoS Hulk
-0.5627236,DoS Hulk
-0.46045542,DDoS
-0.58422077,DDoS
-0.4696884,DDoS
-0.6689752,DoS slowloris
-0.47185352,DDoS
-0.3686423,DDoS
-0.6693211,DoS slowloris
-0.5809245,DDoS
-0.37394327,PortScan
-0.38293263,DDoS
-0.37896246,DDoS
-0.46372828,DDoS
-0.612905,DoS Hulk
-0.38649374,PortScan
-0.58219856,DDoS
-0.62191516,DoS Hulk
-0.38377172,PortScan
-0.5629374,DoS Hulk
-0.3872334,DDoS
-0.5641665,DoS Hulk
-0.3829695,FTP-Patator
-0.39185137,DDoS
-0.55974245,DoS Hulk
-0.5598435,DoS Hulk
-0.3892945,PortScan
-0.5673492,DoS Hulk
-0.62808603,DoS Hulk
-0.6166005,DoS Hulk
-0.56196386,DoS Hulk
-0.6101079,DoS Hulk
-0.57459784,DoS Hulk
-0.56050265,DoS Hulk
-0.46436557,DDoS
-0.36417672,DoS Hulk
-0.560764,DoS Hulk
-0.62951267,DoS Hulk
-0.46963316,DoS Hulk
-0.41017783,PortScan
-0.46717417,DDoS
-0.47531006,DDoS
-0.46115723,DDoS
-0.5582199,DoS Hulk
-0.37411642,PortScan
-0.38872966,PortScan
-0.4775026,DDoS
-0.36920732,PortScan
-0.46692333,DoS Hulk
-0.35803002,DoS Hulk
-0.3723848,PortScan
-0.3885274,PortScan
-0.40828672,PortScan
-0.5601605,DoS Hulk
-0.47702312,DDoS
-0.62287843,DoS Hulk
-0.5591929,DoS Hulk
-0.5751392,DDoS
-0.4796626,DDoS
-0.46992832,DDoS
-0.39385214,PortScan
-0.40416452,PortScan
-0.38079458,PortScan
-0.38681176,PortScan
-0.5580311,DoS Hulk
-0.56440836,DoS Hulk
-0.6061841,DDoS
-0.5691685,DoS Hulk
-0.5709066,DDoS
-0.63016045,DoS Hulk
-0.56527793,DDoS
-0.57056886,DoS Hulk
-0.57118976,DoS Hulk
-0.3745357,PortScan
-0.464792,DDoS
-0.59835696,DDoS
-0.4807283,DoS Hulk
-0.38872966,PortScan
-0.36601955,DoS Hulk
-0.47482166,DDoS
-0.5866149,DDoS
-0.55509746,DoS Hulk
-0.4089484,DoS slowloris
-0.6172431,DoS Hulk
-0.38997835,DDoS
-0.5579741,DoS Hulk
-0.53921384,DDoS
-0.55564314,DoS Hulk
-0.39072207,PortScan
-0.38269284,DDoS
-0.55778533,DoS Hulk
-0.36417672,DoS Hulk
-0.3770239,DDoS
-0.5653875,DoS Hulk
-0.37379766,PortScan
-0.41033626,SSH-Patator
-0.37091616,PortScan
-0.36523,DoS Hulk
-0.5766532,DDoS
-0.38973415,DDoS
-0.54684716,DoS Hulk
-0.42641744,DoS Slowhttptest
-0.62567437,DDoS
-0.55961937,DoS Hulk
-0.42155322,PortScan
-0.46217245,DDoS
-0.55418676,DoS Hulk
-0.46371505,DDoS
-0.47365972,DoS GoldenEye
-0.5709637,DoS GoldenEye
-0.38469857,DDoS
-0.37545237,DDoS
-0.3951731,FTP-Patator
-0.4854141,DDoS
-0.3850625,PortScan
-0.57012707,DDoS
-0.55154383,DoS Hulk
-0.3858941,PortScan
-0.5614271,DoS Hulk
-0.3885274,PortScan
-0.5648343,DoS Hulk
-0.45829108,DDoS
-0.3864517,PortScan
-0.37571996,DDoS
-0.4089484,DoS slowloris
-0.5580311,DoS Hulk
-0.3882901,PortScan
-0.39356804,PortScan
-0.47730014,DDoS
-0.56795377,DoS Hulk
-0.5641595,DoS Hulk
-0.61610425,DoS Hulk
-0.5557119,DoS Hulk
-0.570199,DoS Hulk
-0.38749722,DDoS
-0.45847842,DDoS
-0.56149244,DoS Hulk
-0.3773076,PortScan
-0.50964266,DoS GoldenEye
-0.4793098,DoS Hulk
-0.3594202,PortScan
-0.39061424,PortScan
-0.5500742,DoS Hulk
-0.38932073,PortScan
-0.3725072,DDoS
-0.58988523,DDoS
-0.4615905,DDoS
-0.39057404,PortScan
-0.38215742,FTP-Patator
-0.56403697,DoS Hulk
-0.46078306,DDoS
-0.3718287,PortScan
-0.47027984,DDoS
-0.4025093,PortScan
-0.48769987,DoS Hulk
-0.5720909,DoS Hulk
-0.4743891,DoS GoldenEye
-0.393615,PortScan
-0.4609763,DDoS
-0.62191516,DoS Hulk
-0.6210161,DoS Hulk
-0.4089484,DoS slowloris
-0.626346,DoS Hulk
-0.38172266,PortScan
-0.39541996,Web Attack - Brute Force
-0.39987922,PortScan
-0.5060169,DoS Hulk
-0.39615157,PortScan
-0.5673403,DoS Hulk
-0.5729663,DoS Hulk
-0.3873797,PortScan
-0.46994573,DDoS
-0.5506848,DoS Hulk
-0.3802813,PortScan
-0.6375896,DoS Hulk
-0.55998,DoS Hulk
-0.62373805,DoS Hulk
-0.46322882,DDoS
-0.358727,DoS Hulk
-0.46985,DoS Hulk
-0.47169393,DDoS
-0.5736819,DoS Hulk
-0.37226683,PortScan
-0.37283844,PortScan
-0.62877196,DoS Hulk
-0.46160042,DDoS
-0.3620537,DDoS
-0.47584188,DDoS
-0.3969605,PortScan
-0.4789384,DDoS
-0.37284032,PortScan
-0.37571996,DDoS
-0.38215742,FTP-Patator
-0.3887985,PortScan
-0.3734089,PortScan
-0.45967355,DDoS
-0.47766268,DDoS
-0.5659373,DoS Hulk
-0.3950443,PortScan
-0.35374218,DoS Hulk
-0.62227786,DoS Hulk
-0.4650229,DDoS
-0.4792464,DDoS
-0.5855693,DDoS
-0.59177744,DDoS
-0.3733095,DDoS
-0.44879475,DoS GoldenEye
-0.5591443,DoS Hulk
-0.56684476,DoS Hulk
-0.39008942,PortScan
-0.3894972,PortScan
-0.3858941,PortScan
-0.36021554,DoS Hulk
-0.6208224,DoS Hulk
-0.55997205,DoS Hulk
-0.5689828,DoS Hulk
-0.36511377,DoS Hulk
-0.37559426,PortScan
-0.62212557,DoS Hulk
-0.6230486,DoS Hulk
-0.6085522,DDoS
-0.46844968,DoS GoldenEye
-0.6430797,DoS slowloris
-0.47946337,DDoS
-0.36015755,DDoS
-0.37411642,PortScan
-0.55991197,DoS Hulk
-0.37271866,PortScan
-0.5754187,DoS Hulk
-0.56065214,DoS Hulk
-0.5871029,DoS Slowhttptest
-0.56382656,DoS Hulk
-0.6235143,DDoS
-0.66306,DoS slowloris
-0.5632652,DoS Hulk
-0.38269284,DDoS
-0.55955315,DoS Hulk
-0.3860077,PortScan
-0.5631044,DoS Hulk
-0.5871029,DoS Slowhttptest
-0.3928155,DDoS
-0.39079326,PortScan
-0.46125704,DDoS
-0.38139674,PortScan
-0.39824426,DDoS
-0.42701063,PortScan
-0.3535035,DDoS
-0.47403723,DDoS
-0.38957658,PortScan
-0.5711721,DoS Hulk
-0.45853418,DDoS
-0.5402303,DoS Hulk
-0.630223,DoS Hulk
-0.47341847,DDoS
-0.55819,DoS Hulk
-0.38395596,PortScan
-0.38232878,DDoS
-0.39379358,PortScan
-0.37538514,PortScan
-0.3712899,PortScan
-0.6281016,DoS Slowhttptest
-0.5624125,DoS Hulk
-0.38932073,PortScan
-0.55473095,DoS Hulk
-0.625691,DoS Hulk
-0.40886936,PortScan
-0.39390746,Bot
-0.47185352,DDoS
-0.37404624,PortScan
-0.61633474,DoS Hulk
-0.46142122,DDoS
-0.4046808,PortScan
-0.3824852,PortScan
-0.3928155,DDoS
-0.56319284,DoS Hulk
-0.39146513,PortScan
-0.3894972,PortScan
-0.47185352,DDoS
-0.37195343,PortScan
-0.42127007,PortScan
-0.38973415,DDoS
-0.3651504,DoS Hulk
-0.38815022,PortScan
-0.46482304,DoS Hulk
-0.56256324,DoS Hulk
-0.38818792,DDoS
-0.4702058,DDoS
-0.57093084,DoS Hulk
-0.39615157,PortScan
-0.38948348,PortScan
-0.5562592,DoS Hulk
-0.55819,DoS Hulk
-0.3885274,PortScan
-0.46032614,DDoS
-0.46770775,DoS GoldenEye
-0.6271122,DDoS
-0.39138004,DDoS
-0.57628244,DoS Hulk
-0.5537689,DoS Hulk
-0.5539997,DoS Hulk
-0.39457014,FTP-Patator
-0.37313393,PortScan
-0.3965918,PortScan
-0.56359416,DoS Hulk
-0.5628815,DoS Hulk
-0.37481,PortScan
-0.358727,DoS Hulk
-0.38725284,DDoS
-0.34978333,DoS Hulk
-0.5532692,DoS Hulk
-0.46627852,DDoS
-0.5763245,DDoS
-0.38553485,PortScan
-0.3869909,DDoS
-0.602932,DDoS
-0.5761348,DoS Hulk
-0.36039346,DoS Hulk
-0.4637491,DDoS
-0.37500504,PortScan
-0.4103535,SSH-Patator
-0.5546897,DoS Hulk
-0.5551313,DoS Hulk
-0.37008533,PortScan
-0.3885274,PortScan
-0.37226683,PortScan
-0.6282985,DoS Hulk
-0.4962063,DoS Hulk
-0.39490205,FTP-Patator
-0.39385238,Web Attack - XSS
-0.56566757,DoS Hulk
-0.6208419,DoS Hulk
-0.38467085,DDoS
-0.56156135,DDoS
-0.5672284,DoS Hulk
-0.5658449,DoS Hulk
-0.39056984,PortScan
-0.3885274,PortScan
-0.4638852,DDoS
-0.3868378,DDoS
-0.39046592,PortScan
-0.4292474,PortScan
-0.36523,DoS Hulk
-0.5740518,DoS Hulk
-0.37199026,PortScan
-0.6286162,DoS Hulk
-0.35994184,DoS Hulk
-0.469003,DDoS
-0.47086713,DDoS
-0.5957687,DoS Hulk
-0.5649446,DoS Hulk
-0.47634465,DDoS
-0.4806092,DoS Hulk
-0.38963667,DoS slowloris
-0.59140736,DoS Hulk
-0.3521423,DoS Hulk
-0.5554671,DoS Hulk
-0.62930834,DoS Hulk
-0.5731601,DoS Hulk
-0.37511072,DDoS
-0.5583337,DoS Hulk
-0.38019487,DDoS
-0.5539993,DoS Hulk
-0.39430326,FTP-Patator
-0.5757452,DDoS
-0.49957994,DoS Hulk
-0.4615206,DDoS
-0.6101342,DoS Hulk
-0.3892945,PortScan
-0.61991596,DoS Hulk
-0.38395596,PortScan
-0.3924116,DoS Slowhttptest
-0.38119912,DDoS
-0.46438363,DDoS
-0.46187973,DDoS
-0.38365763,DDoS
-0.38790205,PortScan
-0.39742166,PortScan
-0.4597538,DDoS
-0.6275563,DoS Hulk
-0.56385577,DoS Hulk
-0.36859265,DDoS
-0.47122055,DoS GoldenEye
-0.37486622,PortScan
-0.38905016,PortScan
-0.47278216,DoS Hulk
-0.3716476,PortScan
-0.65236443,DoS slowloris
-0.61283934,DoS Hulk
-0.3874955,DDoS
-0.5745615,DDoS
-0.38818792,DDoS
-0.39072207,PortScan
-0.6516242,DoS Hulk
-0.39008942,PortScan
-0.6248869,DDoS
-0.37404624,PortScan
-0.46175727,DDoS
-0.46245804,DDoS
-0.57219136,DoS Hulk
-0.5376093,DoS GoldenEye
-0.625691,DoS Hulk
-0.38973415,DDoS
-0.47932792,DoS GoldenEye
-0.37290028,PortScan
-0.5537395,DoS Slowhttptest
-0.4814216,DoS Hulk
-0.59772,DDoS
-0.47634465,DDoS
-0.46095052,DDoS
-0.38525948,PortScan
-0.5674203,DoS Hulk
-0.46961623,DoS GoldenEye
-0.6212262,DoS Hulk
-0.46497318,DDoS
-0.46433288,DDoS
-0.6228564,DDoS
-0.61646146,DoS Hulk
-0.5768026,DoS Hulk
-0.5661737,DoS Hulk
-0.5752241,DoS Hulk
-0.3906674,PortScan
-0.5871029,DoS Slowhttptest
-0.5521292,DoS Hulk
-0.37544012,PortScan
-0.5725787,DoS Hulk
-0.39189777,PortScan
-0.38681176,PortScan
-0.5582199,DoS Hulk
-0.5685678,DoS Hulk
-0.36859265,DDoS
-0.48442078,DoS GoldenEye
-0.3895647,PortScan
-0.38293263,DDoS
-0.57491237,DDoS
-0.6209052,DoS Hulk
-0.622726,DoS Hulk
-0.624144,DoS Hulk
-0.4199033,PortScan
-0.3876016,PortScan
-0.39457014,FTP-Patator
-0.4635176,DDoS
-0.39298406,PortScan
-0.38129961,PortScan
-0.56873363,DoS Hulk
-0.39470136,PortScan
-0.63246995,DoS Hulk
-0.38668206,PortScan
-0.5582199,DoS Hulk
-0.37872517,DDoS
-0.5670087,DoS Hulk
-0.5628834,DoS Hulk
-0.47327238,DDoS
-0.55819,DoS Hulk
-0.4699827,DDoS
-0.6214833,DDoS
-0.622801,DoS Hulk
-0.3780495,PortScan
-0.46627852,DDoS
-0.57646173,DDoS
-0.39734364,PortScan
-0.47430325,DoS GoldenEye
-0.4666288,DDoS
-0.5624125,DoS Hulk
-0.4732484,DoS Hulk
-0.6218027,DoS Hulk
-0.47159722,DDoS
-0.47450298,DDoS
-0.561659,DoS Hulk
-0.48295996,DoS Hulk
-0.55418676,DoS Hulk
-0.39703935,Bot
-0.5679892,DDoS
-0.3928155,DDoS
-0.39163783,PortScan
-0.53824997,DDoS
-0.5871029,DoS Slowhttptest
-0.56456554,DoS Hulk
-0.48454392,DDoS
-0.5571478,DoS Hulk
-0.63593113,DoS Hulk
-0.58753216,DDoS
-0.36417672,DoS Hulk
-0.35893416,DoS Hulk
-0.4769027,DoS GoldenEye
-0.3876016,PortScan
-0.5521039,DoS Hulk
-0.4606645,DDoS
-0.39355475,Web Attack - Brute Force
-0.47449908,DDoS
-0.39108512,PortScan
-0.5703505,DoS Hulk
-0.63140917,DoS Hulk
-0.37545237,DDoS
-0.5640912,DoS Hulk
-0.56291395,DoS Hulk
-0.6144183,DoS Slowhttptest
-0.5570284,DoS Hulk
-0.47464064,DoS GoldenEye
-0.371071,PortScan
-0.3734089,PortScan
-0.5675904,DoS Hulk
-0.40977612,DDoS
-0.47390506,DoS Hulk
-0.5871029,DoS Slowhttptest
-0.47634897,DoS GoldenEye
-0.5481872,DoS Hulk
-0.5601301,DoS Hulk
-0.621394,DoS Hulk
-0.3928155,DDoS
-0.46849114,DoS Hulk
-0.5764872,DoS Hulk
-0.39095148,DDoS
-0.58010983,DDoS
-0.4488156,DoS GoldenEye
-0.39413425,Web Attack - XSS
-0.36920732,PortScan
-0.4622122,DoS Hulk
-0.63000983,DoS Hulk
-0.46433288,DDoS
-0.5651962,DoS Hulk
-0.56499183,DoS Hulk
-0.47135642,DoS Hulk
-0.38681176,PortScan
-0.6228749,DoS Hulk
-0.40890294,SSH-Patator
-0.54705334,DoS Hulk
-0.37379766,PortScan
-0.48116994,PortScan
-0.38741285,PortScan
-0.3718287,PortScan
-0.3746671,PortScan
-0.5718643,DoS Hulk
-0.6324485,DoS Hulk
-0.46049207,DDoS
-0.4471828,DoS GoldenEye
-0.5651962,DoS Hulk
-0.373057,DDoS
-0.61441094,DoS Hulk
-0.5650014,DoS Hulk
-0.47185352,DDoS
-0.4107224,PortScan
-0.48989654,DoS GoldenEye
-0.4664363,DDoS
-0.473114,DDoS
-0.53270483,DoS Hulk
-0.5813433,DDoS
-0.5381212,DoS Hulk
-0.45943886,DDoS
-0.57608753,DoS Hulk
-0.39079326,PortScan
-0.56512785,DoS Hulk
-0.36920732,PortScan
-0.61795187,DoS Hulk
-0.388069,DDoS
-0.60685927,DDoS
-0.3780928,PortScan
-0.55164385,DoS Hulk
-0.38389805,DDoS
-0.56300235,DoS Hulk
-0.6169605,DoS Hulk
-0.38581377,PortScan
-0.37038115,DDoS
-0.46556717,DoS Hulk
-0.45976046,DDoS
-0.39151987,PortScan
-0.48649496,DDoS
-0.46372828,DDoS
-0.3718287,PortScan
-0.4680063,DDoS
-0.4030483,PortScan
-0.5612373,DoS Hulk
-0.56348556,DoS Hulk
-0.3727727,DDoS
-0.5705111,DoS Hulk
-0.5666378,DoS Hulk
-0.38973415,DDoS
-0.5616506,DoS Hulk
-0.6310764,DoS Hulk
-0.5699462,DoS slowloris
-0.5667509,DoS Hulk
-0.35328478,DoS Hulk
-0.5784457,DDoS
-0.38790205,PortScan
-0.39245862,DDoS
-0.38924575,DDoS
-0.55173045,DoS Hulk
-0.56435037,DoS Hulk
-0.55268896,DoS Hulk
-0.38301778,PortScan
-0.4046808,PortScan
-0.39443138,FTP-Patator
-0.3869909,DDoS
-0.47870237,DDoS
-0.5705111,DoS Hulk
-0.3514673,DDoS
-0.47859836,DDoS
-0.41624635,PortScan
-0.58369285,DDoS
-0.5657089,DoS Hulk
-0.55368197,DoS Hulk
-0.39416602,DDoS
-0.37760472,PortScan
-0.37138048,DDoS
-0.4799124,DoS Hulk
-0.5568865,DoS Hulk
-0.557601,DoS Hulk
-0.39185137,DDoS
-0.39137465,PortScan
-0.39371476,PortScan
-0.6259027,DoS Hulk
-0.38997835,DDoS
-0.5998455,DoS Hulk
-0.56203914,DoS Hulk
-0.4606645,DDoS
-0.36021554,DoS Hulk
-0.5543774,DoS Hulk
-0.4650782,DDoS
-0.47277495,DDoS
-0.5645281,DoS Hulk
-0.5648417,DoS Hulk
-0.46942696,DDoS
-0.63064957,DoS Hulk
-0.40491602,PortScan
-0.625417,DoS Hulk
-0.40544394,PortScan
-0.46952954,DDoS
-0.5622293,DoS Hulk
-0.46621296,DDoS
-0.5608183,DoS Hulk
-0.5609299,DoS Hulk
-0.6212621,DoS Hulk
-0.5605505,DoS Hulk
-0.46068764,DDoS
-0.36417672,DoS Hulk
-0.57118845,DDoS
-0.38969648,PortScan
-0.3858941,PortScan
-0.37379766,PortScan
-0.5633287,DoS Hulk
-0.40926397,PortScan
-0.45813608,DDoS
-0.36479372,DoS Hulk
-0.5607608,DoS Hulk
-0.56305796,DoS Hulk
-0.56008345,DoS Hulk
-0.5580012,DoS Hulk
-0.358727,DoS Hulk
-0.4025093,PortScan
-0.3584844,DoS Hulk
-0.358727,DoS Hulk
-0.5665641,DoS Hulk
-0.5262369,DoS Hulk
-0.37559426,PortScan
-0.48190272,DoS GoldenEye
-0.36447123,DoS Hulk
-0.40916824,PortScan
-0.371071,PortScan
-0.46344674,DDoS
-0.6360571,DDoS
-0.60941935,DoS Hulk
-0.47111306,DDoS
-0.633688,DoS Hulk
-0.56150556,DoS Hulk
-0.4680063,DDoS
-0.5557159,DoS Hulk
-0.57353234,DoS Hulk
-0.4090218,PortScan
-0.66713375,DoS slowloris
-0.3995538,PortScan
-0.63325936,DoS Hulk
-0.36442366,DoS Hulk
-0.38822916,DDoS
-0.57738113,DDoS
-0.46157733,DDoS
-0.63016045,DoS Hulk
-0.55117345,DoS Hulk
-0.3917104,PortScan
-0.55877817,DoS Hulk
-0.48649254,DoS Hulk
-0.37072557,PortScan
-0.48798558,DDoS
-0.3894972,PortScan
-0.45748544,DDoS
-0.37277108,PortScan
-0.46246848,DDoS
-0.5477013,DDoS
-0.46349537,PortScan
-0.3872334,DDoS
-0.38790205,PortScan
-0.39810956,PortScan
-0.38790205,PortScan
-0.5701484,DoS Hulk
-0.6188683,DoS Hulk
-0.38395596,PortScan
-0.3733095,DDoS
-0.39463755,Bot
-0.3912666,PortScan
-0.3584844,DoS Hulk
-0.5558451,DoS Hulk
-0.56637925,DoS Hulk
-0.47766268,DDoS
-0.5624165,DoS Hulk
-0.5498365,DoS Hulk
-0.40973607,SSH-Patator
-0.6487807,DoS Slowhttptest
-0.4732346,DDoS
-0.4790103,DoS GoldenEye
-0.3814869,DDoS
-0.5599216,DoS Hulk
-0.6150657,DoS Hulk
-0.36920732,PortScan
-0.4796578,DoS GoldenEye
-0.62107414,DoS Hulk
-0.56079125,DoS Hulk
-0.5549071,DoS Hulk
-0.5675907,DoS Hulk
-0.58756447,DDoS
-0.36511377,DoS Hulk
-0.62952125,DoS Hulk
-0.38293263,DDoS
-0.37895754,PortScan
-0.39443278,DDoS
-0.36941415,DDoS
-0.55343735,DoS Hulk
-0.4680105,DDoS
-0.5733036,DoS Hulk
-0.4606377,DDoS
-0.6261655,DoS Hulk
-0.38443837,DDoS
-0.3892945,PortScan
-0.5665001,DoS Hulk
-0.38668206,PortScan
-0.45352864,DoS GoldenEye
-0.39072207,PortScan
-0.6174237,DoS Hulk
-0.38919282,PortScan
-0.37481,PortScan
-0.5770055,DoS Hulk
-0.3726504,PortScan
-0.5678432,DoS Hulk
-0.56008345,DoS Hulk
-0.5545035,DoS Hulk
-0.4823565,DoS Hulk
-0.38774002,DDoS
-0.3629634,DDoS
-0.48911104,DoS Hulk
-0.46350583,DDoS
-0.5665641,DoS Hulk
-0.622699,DoS Hulk
-0.5638363,DoS Hulk
-0.37214038,PortScan
-0.6437199,DoS slowloris
-0.46750826,DDoS
-0.6318682,DoS Hulk
-0.37571996,DDoS
-0.5555879,DoS Hulk
-0.56506383,DoS Hulk
-0.4730723,DDoS
-0.4650229,DDoS
-0.37500504,PortScan
-0.55872697,DoS Hulk
-0.56092,DoS Hulk
-0.5636456,DoS Hulk
-0.6223798,DoS Hulk
-0.48159918,PortScan
-0.5645824,DoS Hulk
-0.47036496,DoS Hulk
-0.4473341,DoS GoldenEye
-0.46088615,DDoS
-0.57412624,DoS Hulk
-0.42480475,PortScan
-0.47201318,DDoS
-0.56022507,DoS Hulk
-0.39290515,PortScan
-0.62781125,DoS Hulk
-0.4708235,DoS GoldenEye
-0.57239145,DoS Hulk
-0.5548366,DoS Hulk
-0.45863354,DDoS
-0.5623249,DoS Hulk
-0.45943886,DDoS
-0.431727,PortScan
-0.61654323,DoS Hulk
-0.6322014,DoS Hulk
-0.39008942,PortScan
-0.4598823,DDoS
-0.4687546,DoS GoldenEye
-0.39231223,PortScan
-0.37760472,PortScan
-0.37504488,PortScan
-0.39416462,FTP-Patator
-0.56291395,DoS Hulk
-0.56965727,DoS Hulk
-0.40890294,SSH-Patator
-0.5653875,DoS Hulk
-0.37481,PortScan
-0.3869909,DDoS
-0.38525948,PortScan
-0.6209394,DoS Hulk
-0.4707058,DDoS
-0.36751798,DDoS
-0.56696546,DoS Hulk
-0.41128322,PortScan
-0.55648005,DoS Hulk
-0.38120443,PortScan
-0.35722014,DoS Hulk
-0.39430326,FTP-Patator
-0.47239038,DDoS
-0.38818792,DDoS
-0.6168092,DoS Hulk
-0.48907012,DDoS
-0.6752727,DoS Slowhttptest
-0.62940234,DoS Hulk
-0.47201318,DDoS
-0.6140262,DoS Hulk
-0.3640858,DoS Hulk
-0.562693,DoS Hulk
-0.45953405,DDoS
-0.39494568,PortScan
-0.5763935,DDoS
-0.5588304,DoS Hulk
-0.46804824,DDoS
-0.48074937,DoS GoldenEye
-0.38664594,PortScan
-0.36417672,DoS Hulk
-0.37330917,PortScan
-0.6271004,DoS Hulk
-0.38919282,PortScan
-0.395213,PortScan
-0.633703,DDoS
-0.5657705,DoS Hulk
-0.5580311,DoS Hulk
-0.4697694,DDoS
-0.5578908,DoS Hulk
-0.3584844,DoS Hulk
-0.6294846,DoS Hulk
-0.5633041,DoS Hulk
-0.46078357,DDoS
-0.5705778,DoS Hulk
-0.4089484,DoS slowloris
-0.46277505,DDoS
-0.38611147,PortScan
-0.3858941,PortScan
-0.40825662,PortScan
-0.38774002,DDoS
-0.55802774,DoS Hulk
-0.46867907,DDoS
-0.39592776,Bot
-0.6144183,DoS Slowhttptest
-0.6156593,DoS Hulk
-0.54542387,DDoS
-0.6294811,DoS Hulk
-0.56557876,DoS Hulk
-0.35637808,DDoS
-0.55400205,DoS Hulk
-0.62299925,DoS Hulk
-0.3870062,PortScan
-0.38443837,DDoS
-0.39709416,PortScan
-0.62791365,DoS Hulk
-0.3951731,FTP-Patator
-0.3799737,PortScan
-0.37822336,DDoS
-0.56770116,DoS Hulk
-0.35257733,DoS Hulk
-0.37138048,DDoS
-0.39298406,PortScan
-0.46356183,DDoS
-0.37362045,PortScan
-0.6244112,DoS Hulk
-0.40978232,PortScan
-0.4699804,DoS Hulk
-0.353243,SSH-Patator
-0.46188992,DDoS
-0.3823326,PortScan
-0.621736,DoS Hulk
-0.44509056,DoS GoldenEye
-0.55715764,DoS Hulk
-0.38094723,FTP-Patator
-0.46822882,DoS GoldenEye
-0.5552181,DoS Hulk
-0.4628201,DoS Hulk
-0.3798038,PortScan
-0.5433651,DDoS
-0.37559426,PortScan
-0.5722317,DoS Hulk
-0.62278855,DoS Hulk
-0.3754916,DDoS
-0.6163127,DoS Hulk
-0.56092286,DoS Hulk
-0.37040904,PortScan
-0.56465065,DoS Hulk
-0.5715692,DoS Hulk
-0.34878424,DoS Hulk
-0.35885093,DDoS
-0.5544613,DoS Hulk
-0.5620452,DoS Hulk
-0.5718643,DoS Hulk
-0.57599705,DoS Hulk
-0.4594158,DDoS
-0.4655187,DoS GoldenEye
-0.35994184,DoS Hulk
-0.5773082,DDoS
-0.4095019,SSH-Patator
-0.55965745,DoS Hulk
-0.4679314,DDoS
-0.6227658,DoS Hulk
-0.4663707,DDoS
-0.6231205,DoS Hulk
-0.35257733,DoS Hulk
-0.6284889,DoS Hulk
-0.61850595,DoS Hulk
-0.56245,DoS Hulk
-0.60133606,DDoS
-0.57991344,DDoS
-0.39217594,PortScan
-0.3921045,PortScan
-0.63544124,DoS Hulk
-0.61921614,DoS Hulk
-0.47230896,DDoS
-0.39680082,Web Attack - XSS
-0.3859941,PortScan
-0.3750126,PortScan
-0.38957658,PortScan
-0.39385238,Web Attack - XSS
-0.6177671,DoS Hulk
-0.36859265,DDoS
-0.56351787,DoS Hulk
-0.40269923,PortScan
-0.3921045,PortScan
-0.5785467,DDoS
-0.4501386,DoS GoldenEye
-0.56410736,DoS Hulk
-0.6153914,DoS Hulk
-0.47870237,DDoS
-0.36308622,DDoS
-0.3688108,DDoS
-0.37545237,DDoS
-0.56922835,DoS Hulk
-0.55528265,DoS Hulk
-0.38019487,DDoS
-0.37363142,Bot
-0.3951731,FTP-Patator
-0.40710047,PortScan
-0.3726504,PortScan
-0.3951731,FTP-Patator
-0.46945164,DDoS
-0.57541996,DoS Hulk
-0.4792446,DoS Hulk
-0.46806917,DDoS
-0.3921045,PortScan
-0.36417672,DoS Hulk
-0.39457014,FTP-Patator
-0.3894972,PortScan
-0.45972675,DDoS
-0.38664594,PortScan
-0.5702291,DDoS
-0.39562398,PortScan
-0.41732636,DDoS
-0.4787355,DoS Hulk
-0.38749722,DDoS
-0.45972675,DDoS
-0.6261145,DoS Hulk
-0.5578916,DoS Hulk
-0.39457014,FTP-Patator
-0.61520684,DoS Hulk
-0.39241317,PortScan
-0.3829176,PortScan
-0.47537494,DDoS
-0.66800356,DoS slowloris
-0.46904057,DoS GoldenEye
-0.5660662,DoS Hulk
-0.47230896,DDoS
-0.4637491,DDoS
-0.5617405,DoS Hulk
-0.5695312,DoS Hulk
-0.38185513,PortScan
-0.46602324,DDoS
-0.3892945,PortScan
-0.467866,DoS GoldenEye
-0.4704873,DDoS
-0.6011455,DDoS
-0.59927744,DDoS
-0.6283467,DoS Hulk
-0.37516394,PortScan
-0.57004285,DoS Hulk
-0.6156284,DoS Hulk
-0.56682485,DoS Hulk
-0.6174091,DoS Hulk
-0.39457014,FTP-Patator
-0.56375766,DoS Hulk
-0.4025093,PortScan
-0.38649374,PortScan
-0.39753568,PortScan
-0.40798,SSH-Patator
-0.5720346,DDoS
-0.4203286,PortScan
-0.46349537,PortScan
-0.37733847,DDoS
-0.371071,PortScan
-0.47147512,DDoS
-0.39720923,PortScan
-0.4062709,PortScan
-0.6060561,DoS Hulk
-0.5573217,DoS Hulk
-0.56726784,DoS Hulk
-0.62521684,DoS Hulk
-0.37404624,PortScan
-0.6301238,DoS Hulk
-0.57480294,DDoS
-0.38973415,DDoS
-0.5556211,DoS Hulk
-0.3885274,PortScan
-0.45967355,DDoS
-0.46125704,DDoS
-0.3780495,PortScan
-0.38469857,DDoS
-0.3870062,PortScan
-0.6241602,DoS Hulk
-0.56501627,DoS Hulk
-0.6242784,DoS Hulk
-0.5207527,DoS slowloris
-0.56403697,DoS Hulk
-0.55916494,DoS Hulk
-0.38957658,PortScan
-0.39355475,Web Attack - XSS
-0.5635057,DoS Hulk
-0.5835539,DDoS
-0.39211658,DDoS
-0.56406635,DoS Hulk
-0.36417672,DoS Hulk
-0.38144144,DDoS
-0.47201318,DDoS
-0.39185137,DDoS
-0.50515866,DoS GoldenEye
-0.5599484,DoS Hulk
-0.554558,DoS Hulk
-0.47122055,DoS GoldenEye
-0.38713768,PortScan
-0.63982785,DoS Hulk
-0.5871029,DoS Slowhttptest
-0.62212557,DoS Hulk
-0.56998795,DDoS
-0.56737757,DoS Hulk
-0.6693211,DoS slowloris
-0.62545943,DDoS
-0.3725072,DDoS
-0.6290126,DoS Hulk
-0.6437199,DoS slowloris
-0.38293263,DDoS
-0.37570646,DDoS
-0.56722814,DoS Hulk
-0.44628924,DoS GoldenEye
-0.371071,PortScan
-0.5653727,DoS Hulk
-0.6286334,DoS Hulk
-0.5579882,DoS Hulk
-0.4650229,DDoS
-0.565183,DoS Hulk
-0.563567,DoS Hulk
-0.46616,DDoS
-0.36920732,PortScan
-0.37887534,DDoS
-0.48318672,DDoS
-0.45957124,DDoS
-0.38591123,PortScan
-0.6291895,DoS Hulk
-0.34946322,DoS Hulk
-0.46082038,DDoS
-0.37421593,PortScan
-0.56566757,DoS Hulk
-0.55117345,DoS Hulk
-0.39032605,PortScan
-0.52464277,DoS Hulk
-0.3629634,DDoS
-0.6518447,DoS Hulk
-0.5589702,DDoS
-0.5740289,DoS Hulk
-0.38946474,PortScan
-0.37571996,DDoS
-0.38973415,DDoS
-0.5624125,DoS Hulk
-0.5693752,DoS Hulk
-0.55450207,DoS Hulk
-0.5653875,DoS Hulk
-0.38713768,PortScan
-0.62808603,DoS Hulk
-0.39680082,Web Attack - Brute Force
-0.3860077,PortScan
-0.38553485,PortScan
-0.5040047,DoS Hulk
-0.38997835,DDoS
-0.55045944,DoS Hulk
-0.38997835,DDoS
-0.37206167,PortScan
-0.46182626,DDoS
-0.533266,DDoS
-0.38854536,PortScan
-0.4664363,DDoS
-0.47327238,DDoS
-0.3727727,DDoS
-0.47209457,DDoS
-0.5848173,DDoS
-0.3712556,DDoS
-0.568949,DoS Hulk
-0.55509484,DoS Hulk
-0.5597855,DoS Hulk
-0.5557457,DoS Hulk
-0.39503416,FTP-Patator
-0.358727,DoS Hulk
-0.5871029,DoS Slowhttptest
-0.3967256,PortScan
-0.37407142,PortScan
-0.39084464,PortScan
-0.55418676,DoS Hulk
-0.47618353,DDoS
-0.39233363,Web Attack - Brute Force
-0.55240273,DoS Hulk
-0.5871029,DoS Slowhttptest
-0.55579895,DoS Hulk
-0.38668206,PortScan
-0.3896444,DDoS
-0.623969,DoS Hulk
-0.3731829,PortScan
-0.3951731,FTP-Patator
-0.35257733,DoS Hulk
-0.3727727,DDoS
-0.45960495,DDoS
-0.45847842,DDoS
-0.47886342,DoS GoldenEye
-0.38942623,PortScan
-0.56203914,DoS Hulk
-0.44215184,DoS Slowhttptest
-0.47237766,DoS Hulk
-0.56901324,DoS Hulk
-0.4771835,DoS Hulk
-0.6278309,DoS Hulk
-0.39033386,PortScan
-0.38725284,DDoS
-0.36383662,DoS Hulk
-0.41215336,SSH-Patator
-0.57523566,DoS Hulk
-0.3928155,DDoS
-0.4027091,PortScan
-0.39622277,Web Attack - XSS
-0.38604227,PortScan
-0.57204586,DoS Hulk
-0.46019354,DDoS
-0.3912666,PortScan
-0.5708308,DoS Hulk
-0.5668676,DoS Hulk
-0.6231788,DoS Hulk
-0.38215742,FTP-Patator
-0.371071,PortScan
-0.38678026,PortScan
-0.39655912,DoS Hulk
-0.38957658,PortScan
-0.38283405,PortScan
-0.61639196,DoS Hulk
-0.62055886,DoS Hulk
-0.46528786,DDoS
-0.4680723,DoS GoldenEye
-0.5816342,DDoS
-0.46584472,DDoS
-0.45943886,DDoS
-0.6330654,DoS Hulk
-0.5582199,DoS Hulk
-0.40710047,PortScan
-0.5612373,DoS Hulk
-0.5625925,DoS Hulk
-0.55913687,DoS Hulk
-0.3951731,FTP-Patator
-0.37964323,PortScan
-0.4620331,DoS Hulk
-0.40634492,PortScan
-0.47233266,DDoS
-0.62909967,DDoS
-0.63740516,DoS Hulk
-0.62742877,DDoS
-0.46157733,DDoS
-0.3921219,PortScan
-0.5578552,DoS Hulk
-0.6292997,DoS Hulk
-0.37684786,PortScan
-0.38932073,PortScan
-0.62270856,DoS Hulk
-0.4691589,DDoS
-0.37969112,DDoS
-0.3730332,PortScan
-0.5142332,DoS GoldenEye
-0.47230896,DDoS
-0.36021554,DoS Hulk
-0.6229457,DoS Hulk
-0.37658992,PortScan
-0.47928083,DoS Hulk
-0.56637925,DoS Hulk
-0.46019354,DDoS
-0.47716558,DDoS
-0.38973415,DDoS
-0.5658278,DoS Hulk
-0.6536807,DoS Hulk
-0.4657709,DDoS
-0.4844051,DoS Hulk
-0.5581187,DoS Hulk
-0.6311533,DDoS
-0.61958575,DoS Hulk
-0.3733095,DDoS
-0.46017602,DDoS
-0.3962381,PortScan
-0.4629367,DDoS
-0.39457014,FTP-Patator
-0.5702286,DoS Hulk
-0.46230164,DDoS
-0.57740945,DDoS
-0.47988495,DDoS
-0.5559598,DoS Hulk
-0.37760472,PortScan
-0.46992832,DDoS
-0.62391937,DoS Hulk
-0.55830395,DoS Hulk
-0.3651504,DoS Hulk
-0.624647,DoS Hulk
-0.558882,DoS Hulk
-0.6132069,DDoS
-0.46208042,DoS Hulk
-0.36442366,DoS Hulk
-0.6165279,DoS Hulk
-0.62001556,DoS Hulk
-0.37807646,DDoS
-0.4777076,DDoS
-0.41063678,PortScan
-0.46748582,DDoS
-0.3864517,PortScan
-0.57003576,DoS Hulk
-0.36417672,DoS Hulk
-0.36511377,DoS Hulk
-0.56028444,DoS Hulk
-0.46401152,DDoS
-0.3876016,PortScan
-0.4598823,DDoS
-0.3872338,PortScan
-0.4114278,Bot
-0.45972675,DDoS
-0.47827375,DDoS
-0.3912161,DDoS
-0.46528786,DDoS
-0.55770206,DoS Hulk
-0.56008345,DoS Hulk
-0.47293824,DDoS
-0.3740664,DDoS
-0.56977075,DoS Hulk
-0.39470762,DDoS
-0.466236,DoS Hulk
-0.56319284,DoS Hulk
-0.3894972,PortScan
-0.5581602,DoS Hulk
-0.6354669,DoS Hulk
-0.59307164,DoS Hulk
-0.38926873,DDoS
-0.6225566,DoS Hulk
-0.5639484,DoS Hulk
-0.37481,PortScan
-0.38588324,PortScan
-0.5597602,DDoS
-0.45895886,DDoS
-0.58114666,DDoS
-0.39024228,DDoS
-0.38957658,PortScan
-0.38286954,PortScan
-0.47201318,DDoS
-0.40067255,PortScan
-0.57580227,DoS Hulk
-0.57304895,DoS Hulk
-0.46245804,DDoS
-0.38664594,PortScan
-0.38973415,DDoS
-0.5617365,DoS Hulk
-0.56483024,DoS Hulk
-0.4650096,DDoS
-0.41384888,PortScan
-0.63283753,DDoS
-0.36417672,DoS Hulk
-0.56637925,DoS Hulk
-0.57003576,DoS Hulk
-0.47048333,DoS GoldenEye
-0.62802726,DoS Hulk
-0.47441,DDoS
-0.37294647,PortScan
-0.5615708,DoS Hulk
-0.58224374,DDoS
-0.5830826,DDoS
-0.47503325,DDoS
-0.5539993,DoS Hulk
-0.6326834,DoS Hulk
-0.37389535,PortScan
-0.37300184,PortScan
-0.62191516,DoS Hulk
-0.3723848,PortScan
-0.6189361,DoS Hulk
-0.37179396,PortScan
-0.48271585,DDoS
-0.371071,PortScan
-0.47734112,DDoS
-0.5618795,DoS Hulk
-0.6243607,DoS Hulk
-0.5653875,DoS Hulk
-0.4089473,PortScan
-0.5536976,DoS Hulk
-0.356614,DDoS
-0.48019823,DDoS
-0.3741792,PortScan
-0.5776671,DoS Hulk
-0.39443138,FTP-Patator
-0.36748055,DoS Hulk
-0.38973415,DDoS
-0.57599705,DoS Hulk
-0.4089484,DoS slowloris
-0.37072966,Bot
-0.6318365,DoS Hulk
-0.41308674,PortScan
-0.3922842,PortScan
-0.46627852,DDoS
-0.46719578,DoS Hulk
-0.5707745,DoS Hulk
-0.38817072,PortScan
-0.5639484,DoS Hulk
-0.38495892,DDoS
-0.45951807,DDoS
-0.56295365,DoS Hulk
-0.57755035,DDoS
-0.37544012,PortScan
-0.41268843,PortScan
-0.56274694,DoS Hulk
-0.55418676,DoS Hulk
-0.55331075,DoS Hulk
-0.358212,DoS Hulk
-0.564821,DoS Hulk
-0.358727,DoS Hulk
-0.38395596,PortScan
-0.38571852,DDoS
-0.6183633,DoS Hulk
-0.37811399,Bot
-0.55420744,DoS Hulk
-0.38447842,DDoS
-0.3716476,PortScan
-0.62079126,DoS Hulk
-0.63267833,DoS Hulk
-0.38443837,DDoS
-0.5871029,DoS Slowhttptest
-0.358727,DoS Hulk
-0.47185352,DDoS
-0.5615708,DoS Hulk
-0.4605318,DDoS
-0.58905786,DDoS
-0.56653625,DoS Hulk
-0.39465377,PortScan
-0.37571996,DDoS
-0.3872334,DDoS
-0.4777279,DDoS
-0.60636276,DDoS
-0.3591771,DoS Hulk
-0.6297343,DoS Hulk
-0.36218265,DoS Hulk
-0.38365763,DDoS
-0.5615708,DoS Hulk
-0.47289756,DDoS
-0.39572626,Web Attack - XSS
-0.3876016,PortScan
-0.5619607,DoS Hulk
-0.47537494,DDoS
-0.5770055,DoS Hulk
-0.42616978,PortScan
-0.36523,DoS Hulk
-0.6276186,DoS Hulk
-0.38692436,PortScan
-0.4732323,DDoS
-0.38395596,PortScan
-0.39706936,Web Attack - Brute Force
-0.37481,PortScan
-0.36417672,DoS Hulk
-0.5581187,DoS Hulk
-0.63000983,DoS Hulk
-0.46311486,DDoS
-0.61675185,DoS Hulk
-0.6278309,DoS Hulk
-0.47327238,DDoS
-0.5633673,DoS Hulk
-0.38843113,DDoS
-0.55368197,DoS Hulk
-0.36442366,DoS Hulk
-0.47870237,DDoS
-0.4771835,DoS Hulk
-0.60079986,DDoS
-0.5631246,DoS Hulk
-0.37733847,DDoS
-0.54523885,DoS Hulk
-0.56547624,DoS Hulk
-0.5633151,DoS Hulk
-0.6251871,DoS Hulk
-0.6043136,DoS Hulk
-0.35410136,DoS Hulk
-0.38916466,PortScan
-0.45951807,DDoS
-0.61654323,DoS Hulk
-0.5438328,DDoS
-0.4847906,DoS Hulk
-0.6190777,DoS Hulk
-0.46411386,DDoS
-0.56027293,DoS Hulk
-0.3872334,DDoS
-0.61610425,DoS Hulk
-0.57652473,DoS Hulk
-0.5632144,DDoS
-0.61958575,DoS Hulk
-0.57459784,DoS Hulk
-0.3928155,DDoS
-0.45928344,DDoS
-0.38800246,DDoS
-0.47035635,DoS Hulk
-0.55613345,DoS Hulk
-0.61815417,DoS Hulk
-0.358212,DoS Hulk
-0.46971494,DDoS
-0.45918325,DDoS
-0.55894774,DoS Hulk
-0.37226683,PortScan
-0.39501014,PortScan
-0.59017205,DDoS
-0.4025093,PortScan
-0.37290686,PortScan
-0.5626055,DoS Hulk
-0.3770239,DDoS
-0.39298406,PortScan
-0.5693636,DDoS
-0.47209457,DDoS
-0.40710047,PortScan
-0.35994184,DoS Hulk
-0.37559426,PortScan
-0.56499183,DoS Hulk
-0.4165172,PortScan
-0.39245862,DDoS
-0.56695926,DoS Hulk
-0.3928155,DDoS
-0.37181035,PortScan
-0.38571852,DDoS
-0.3584844,DoS Hulk
-0.38486904,PortScan
-0.47203264,DDoS
-0.39264855,PortScan
-0.46971494,DDoS
-0.5871029,DoS Slowhttptest
-0.39092904,PortScan
-0.46064788,DDoS
-0.5098919,DoS GoldenEye
-0.39529946,PortScan
-0.40491602,PortScan
-0.557061,DoS Hulk
-0.36045933,DoS Hulk
-0.55479234,DoS Hulk
-0.66328436,DoS slowloris
-0.56392115,DoS Hulk
-0.3915969,PortScan
-0.358727,DoS Hulk
-0.5583789,DoS Hulk
-0.39033386,PortScan
-0.56188875,DoS Hulk
-0.464063,DDoS
-0.54338795,DoS Hulk
-0.46371505,DDoS
-0.57242846,DoS Hulk
-0.6265114,DoS GoldenEye
-0.48329377,DDoS
-0.36829937,DDoS
-0.5041129,DoS GoldenEye
-0.39236227,DDoS
-0.56027293,DoS Hulk
-0.5607608,DoS Hulk
-0.5512707,DoS Hulk
-0.5604625,DoS Hulk
-0.45893565,DDoS
-0.37330917,PortScan
-0.37300184,PortScan
-0.36523,DoS Hulk
-0.3858941,PortScan
-0.57467765,DDoS
-0.5769906,DDoS
-0.62132794,DoS Hulk
-0.5705778,DoS Hulk
-0.40890294,SSH-Patator
-0.62382704,DoS Hulk
-0.47261503,DDoS
-0.5653875,DoS Hulk
-0.38129658,PortScan
-0.61829835,DoS Hulk
-0.46231586,DDoS
-0.5660504,DoS Hulk
-0.39489445,DoS Hulk
-0.48222217,DoS Hulk
-0.61172366,DoS Hulk
-0.40973902,PortScan
-0.38815022,PortScan
-0.55276626,DoS GoldenEye
-0.3698173,PortScan
-0.46138054,DDoS
-0.38839778,PortScan
-0.45813608,DDoS
-0.38649374,PortScan
-0.4661208,DDoS
-0.3870062,PortScan
-0.46477634,DDoS
-0.6130449,DDoS
-0.62952125,DoS Hulk
-0.35587764,DDoS
-0.3885274,PortScan
-0.36442366,DoS Hulk
-0.5825677,DDoS
-0.4706465,DDoS
-0.47201318,DDoS
-0.5705111,DoS Hulk
-0.39457014,FTP-Patator
-0.3773076,PortScan
-0.38406608,DDoS
-0.38957658,PortScan
-0.5611805,DoS Hulk
-0.60730916,DoS Hulk
-0.56484866,DoS Hulk
-0.563567,DoS Hulk
-0.36583838,DoS Hulk
-0.45972675,DDoS
-0.5636964,DoS Hulk
-0.5772836,DoS Hulk
-0.46357208,DDoS
-0.38443837,DDoS
-0.62933993,DoS Hulk
-0.3746955,DDoS
-0.6140262,DoS Hulk
-0.46855846,DoS GoldenEye
-0.5481872,DoS Hulk
-0.5871029,DoS Slowhttptest
-0.38553485,PortScan
-0.39376768,PortScan
-0.3869909,DDoS
-0.3868045,PortScan
-0.56697744,DoS Hulk
-0.5608183,DoS Hulk
-0.564326,DoS Hulk
-0.46814504,DDoS
-0.6254862,DoS Hulk
-0.4017827,DoS GoldenEye
-0.37389535,PortScan
-0.39476848,FTP-Patator
-0.47038594,DDoS
-0.48068616,DoS Hulk
-0.38774002,DDoS
-0.47156888,DDoS
-0.5871029,DoS Slowhttptest
-0.66974056,DoS slowloris
-0.3917578,DDoS
-0.37991014,PortScan
-0.3869909,DDoS
-0.36920732,PortScan
-0.55515224,DoS Hulk
-0.3594202,DoS Hulk
-0.3906674,PortScan
-0.4816479,DoS Hulk
-0.36941415,DDoS
-0.6210895,DoS Hulk
-0.39622277,Web Attack - Brute Force
-0.46302617,DDoS
-0.56812453,DoS Hulk
-0.3743064,PortScan
-0.5746085,DDoS
-0.467848,DDoS
-0.5574352,DoS Hulk
-0.64361167,DoS Hulk
-0.5661737,DoS Hulk
-0.45943886,DDoS
-0.4652658,DDoS
-0.405998,PortScan
-0.57003576,DoS Hulk
-0.5686943,DoS Hulk
-0.37593,PortScan
-0.36479372,DoS Hulk
-0.37027133,PortScan
-0.38502052,Web Attack - Brute Force
-0.56499183,DoS Hulk
-0.6106576,DoS Hulk
-0.3718287,PortScan
-0.38681224,PortScan
-0.5718643,DoS Hulk
-0.37649134,PortScan
-0.5624125,DoS Hulk
-0.37481,PortScan
-0.3917578,DDoS
-0.56770116,DoS Hulk
-0.37738714,PortScan
-0.61664873,DDoS
-0.37034997,PortScan
-0.59874594,DoS Hulk
-0.55613345,DoS Hulk
-0.46154138,DoS Hulk
-0.5708147,DoS Hulk
-0.6228818,DDoS
-0.38779643,PortScan
-0.6296344,DDoS
-0.38973415,DDoS
-0.61654323,DoS Hulk
-0.56870174,DoS Hulk
-0.4046808,PortScan
-0.5618233,DoS Hulk
-0.55473095,DoS Hulk
-0.356614,DDoS
-0.37822336,DDoS
-0.36479372,DoS Hulk
-0.3640858,DoS Hulk
-0.38713768,PortScan
-0.6176457,DoS Hulk
-0.62195486,DoS Hulk
-0.5705778,DoS Hulk
-0.563567,DoS Hulk
-0.4100391,PortScan
-0.38668206,PortScan
-0.38952014,DDoS
-0.5672284,DoS Hulk
-0.5529359,DoS Hulk
-0.39385214,PortScan
-0.5837514,DDoS
-0.39467856,PortScan
-0.3892945,PortScan
-0.5162705,DoS GoldenEye
-0.56065214,DoS Hulk
-0.4586337,DoS Hulk
-0.36417672,DoS Hulk
-0.47089362,DDoS
-0.44828683,DoS Slowhttptest
-0.39470762,DDoS
-0.61753607,DoS Hulk
-0.46952954,DDoS
-0.37474716,PortScan
-0.46952954,DDoS
-0.40734673,PortScan
-0.3892945,PortScan
-0.5642278,DoS Hulk
-0.38940042,DDoS
-0.5515367,DoS Hulk
-0.38741285,PortScan
-0.6175795,DDoS
-0.36383662,DoS Hulk
-0.4067925,PortScan
-0.56765115,DoS Hulk
-0.37559426,PortScan
-0.5617053,DoS Hulk
-0.62179667,DoS Hulk
-0.36920732,PortScan
-0.5642278,DoS Hulk
-0.55528265,DoS Hulk
-0.3868045,PortScan
-0.5629952,DoS Hulk
-0.38649374,PortScan
-0.5776913,DDoS
-0.3859796,DDoS
-0.5678671,DoS Hulk
-0.3870062,PortScan
-0.45943886,DDoS
-0.56967336,DoS Hulk
-0.37038115,DDoS
-0.6239287,DoS Hulk
-0.56754637,DoS Hulk
-0.470401,DoS GoldenEye
-0.37571996,DDoS
-0.37330917,PortScan
-0.376984,PortScan
-0.6342828,DDoS
-0.47878426,DoS Hulk
-0.5578896,DDoS
-0.46049207,DDoS
-0.41154695,SSH-Patator
-0.5617053,DoS Hulk
-0.46063876,DDoS
-0.5492719,DoS Hulk
-0.5925512,DoS Hulk
-0.36523,DoS Hulk
-0.38854796,PortScan
-0.3640858,DoS Hulk
-0.6297343,DoS Hulk
-0.4560339,DDoS
-0.5690867,DoS Hulk
-0.564402,DoS Hulk
-0.57111365,DoS Hulk
-0.5496644,DoS Hulk
-0.6291579,DoS Hulk
-0.46235892,DDoS
-0.38057843,DDoS
-0.5541437,DoS Hulk
-0.56684476,DoS Hulk
-0.46463946,DoS Hulk
-0.56566757,DoS Hulk
-0.60064775,DoS Hulk
-0.4782991,DDoS
-0.6137877,DoS Hulk
-0.44650677,DoS slowloris
-0.36978298,PortScan
-0.55220556,DoS GoldenEye
-0.5642278,DoS Hulk
-0.38692436,PortScan
-0.371071,PortScan
-0.3811861,PortScan
-0.37571996,DDoS
-0.3920969,DDoS
-0.5562343,DoS Hulk
-0.5665488,DoS Hulk
-0.4654559,DDoS
-0.3746955,DDoS
-0.37571996,DDoS
-0.3716869,PortScan
-0.63332015,DoS slowloris
-0.38443837,DDoS
-0.4749543,DDoS
-0.46049207,DDoS
-0.55949575,DoS Hulk
-0.3892945,PortScan
-0.6234618,DDoS
-0.37313393,PortScan
-0.4684619,DDoS
-0.47366408,DDoS
-0.62312996,DoS Hulk
-0.38817072,PortScan
-0.46643376,DoS Hulk
-0.5608703,DoS Hulk
-0.62701344,DoS Hulk
-0.63415277,DoS Hulk
-0.56214565,DoS Hulk
-0.45918325,DDoS
-0.56032354,DoS Hulk
-0.4025093,PortScan
-0.3807789,PortScan
-0.39457014,FTP-Patator
-0.3712556,DDoS
-0.45972675,DDoS
-0.46187973,DDoS
-0.5720444,DoS Hulk
-0.38413656,FTP-Patator
-0.3746816,PortScan
-0.39457014,FTP-Patator
-0.36829937,DDoS
-0.57652473,DoS Hulk
-0.37300184,PortScan
-0.5702286,DoS Hulk
-0.37760472,PortScan
-0.4728253,DoS GoldenEye
-0.5613216,DoS Hulk
-0.38571852,DDoS
-0.47301978,DDoS
-0.37055093,PortScan
-0.37559426,PortScan
-0.4089473,PortScan
-0.46082038,DDoS
-0.3858941,PortScan
-0.47185352,DDoS
-0.47434247,DDoS
-0.37027133,PortScan
-0.6035864,DDoS
-0.56130254,DoS Hulk
-0.39241317,PortScan
-0.466471,DDoS
-0.5672284,DoS Hulk
-0.564436,DoS Hulk
-0.47402474,DDoS
-0.4732346,DDoS
-0.54572594,DoS GoldenEye
-0.3651504,DoS Hulk
-0.6224884,DoS Hulk
-0.47102258,DDoS
-0.5802127,DDoS
-0.4046808,PortScan
-0.4771407,DDoS
-0.4498009,DoS GoldenEye
-0.3922842,PortScan
-0.56361955,DoS Hulk
-0.5625587,DoS Hulk
-0.50740635,DoS GoldenEye
-0.4721729,DDoS
-0.55164385,DoS Hulk
-0.47537494,DDoS
-0.38570783,PortScan
-0.60824,DoS Slowhttptest
-0.57896256,DDoS
-0.3804522,DDoS
-0.54710305,DoS Hulk
-0.3745357,PortScan
-0.38790205,PortScan
-0.46245804,DDoS
-0.3628181,DoS Hulk
-0.6229457,DoS Hulk
-0.62227786,DoS Hulk
-0.38926873,DDoS
-0.45862526,DDoS
-0.40544394,PortScan
-0.37921947,PortScan
-0.38713768,PortScan
-0.4721729,DDoS
-0.3951731,FTP-Patator
-0.3894972,PortScan
-0.6437199,DoS slowloris
-0.58218324,DoS Hulk
-0.5727214,DoS Hulk
-0.35969344,DDoS
-0.6271319,DoS Hulk
-0.6316855,DoS Hulk
-0.4805134,DoS Hulk
-0.3807789,PortScan
-0.5619509,DoS Hulk
-0.38919282,PortScan
-0.3740664,DDoS
-0.38553485,PortScan
-0.38340688,DDoS
-0.405379,PortScan
-0.36488858,Web Attack - Brute Force
-0.39008942,PortScan
-0.48176727,DoS GoldenEye
-0.63000983,DoS Hulk
-0.48212466,DoS Hulk
-0.47090384,DDoS
-0.6395794,DoS Hulk
-0.5645065,DoS Hulk
-0.5545035,DoS Hulk
-0.38973415,DDoS
-0.56465065,DoS Hulk
-0.38973415,DDoS
-0.49360365,DoS Hulk
-0.38397294,PortScan
-0.38999793,DDoS
-0.37355617,PortScan
-0.62361604,DoS Hulk
-0.38953218,DDoS
-0.47327238,DDoS
-0.5723778,DoS Hulk
-0.3870234,PortScan
-0.39430326,FTP-Patator
-0.38805613,PortScan
-0.3746955,DDoS
-0.5803644,DDoS
-0.45943886,DDoS
-0.61654323,DoS Hulk
-0.5518305,DoS Hulk
-0.4615905,DDoS
-0.35426968,DoS Hulk
-0.38951263,DDoS
-0.38818792,DDoS
-0.3851724,DDoS
-0.5521039,DoS Hulk
-0.5600949,DoS Hulk
-0.6252416,DoS Hulk
-0.6288289,DoS Hulk
-0.38443837,DDoS
-0.5627236,DoS Hulk
-0.62107414,DoS Hulk
-0.37404624,PortScan
-0.41638145,PortScan
-0.39241317,PortScan
-0.37516394,PortScan
-0.4187152,PortScan
-0.6288511,DoS Hulk
-0.3778397,DDoS
-0.38872966,PortScan
-0.56716925,DoS Hulk
-0.3869909,DDoS
-0.62245715,DoS Hulk
-0.36920732,PortScan
-0.48417073,DoS Hulk
-0.36920732,PortScan
-0.546449,DoS Hulk
-0.39056984,PortScan
-0.46356183,DDoS
-0.37485412,PortScan
-0.4593386,DDoS
-0.5668916,DoS Hulk
-0.5683026,DoS Hulk
-0.40973607,SSH-Patator
-0.56060857,DoS Hulk
-0.39684033,PortScan
-0.38932073,PortScan
-0.36920732,PortScan
-0.6138185,DoS Hulk
-0.5871029,DoS Slowhttptest
-0.47482166,DDoS
-0.4648303,DDoS
-0.3928155,DDoS
-0.38969648,PortScan
-0.5594818,DoS Hulk
-0.57705134,DoS Hulk
-0.38839778,PortScan
-0.56214076,DoS Hulk
-0.38215742,FTP-Patator
-0.5624858,DoS Hulk
-0.6200811,DoS Hulk
-0.55763984,DoS Hulk
-0.5470868,DoS Hulk
-0.4463232,PortScan
-0.36875457,PortScan
-0.392516,PortScan
-0.63012886,DoS Hulk
-0.39413008,PortScan
-0.557061,DoS Hulk
-0.55770206,DoS Hulk
-0.564814,DoS Hulk
-0.5687541,DoS Hulk
-0.45390713,DDoS
-0.38571852,DDoS
-0.5552317,DoS Hulk
-0.5871029,DoS Slowhttptest
-0.5835539,DDoS
-0.6285703,DDoS
-0.3894972,PortScan
-0.46982142,DoS Hulk
-0.66758525,DoS slowloris
-0.37300184,PortScan
-0.5708908,DoS Hulk
-0.4611147,DDoS
-0.3743058,PortScan
-0.6338319,DDoS
-0.38443837,DDoS
-0.37921947,PortScan
-0.5692,DoS Hulk
-0.3858941,PortScan
-0.38402793,DDoS
-0.3892945,PortScan
-0.5728266,DoS Hulk
-0.56243604,DoS Hulk
-0.37162596,PortScan
-0.40867847,PortScan
-0.37504488,PortScan
-0.62951267,DoS Hulk
-0.40409088,PortScan
-0.5631499,DoS Hulk
-0.3800731,PortScan
-0.5635832,DoS Hulk
-0.3745357,PortScan
-0.62808603,DoS Hulk
-0.3892945,PortScan
-0.3677053,DDoS
-0.57411903,DoS Hulk
-0.5620208,DoS Hulk
-0.40776235,PortScan
-0.45982906,DDoS
-0.4696884,DDoS
-0.6183633,DoS Hulk
-0.5564225,DoS Hulk
-0.395213,PortScan
-0.5562343,DoS Hulk
-0.6053358,DDoS
-0.37214038,PortScan
-0.39308137,DDoS
-0.6012571,DDoS
-0.37733847,DDoS
-0.6057741,DDoS
-0.37160718,PortScan
-0.5496628,DoS Hulk
-0.48265752,DoS Hulk
-0.57699776,DoS Hulk
-0.6156593,DoS Hulk
-0.6259063,DoS Hulk
-0.6299473,DoS Hulk
-0.3730332,PortScan
-0.58725476,DDoS
-0.38713768,PortScan
-0.563567,DoS Hulk
-0.61906815,DoS Hulk
-0.3748758,DDoS
-0.46219793,DDoS
-0.5576406,DoS Hulk
-0.55509484,DoS Hulk
-0.38215742,FTP-Patator
-0.3733095,DDoS
-0.5271904,DDoS
-0.40528914,PortScan
-0.3912161,DDoS
-0.472283,DDoS
-0.3745247,PortScan
-0.38725284,DDoS
-0.57834446,DoS Hulk
-0.38443837,DDoS
-0.47732544,DDoS
-0.38713768,PortScan
-0.40409088,PortScan
-0.39612657,PortScan
-0.48091072,DoS Hulk
-0.55600667,DoS Hulk
-0.5624553,DoS Hulk
-0.5737352,DDoS
-0.38553485,PortScan
-0.46187973,DDoS
-0.61610425,DoS Hulk
-0.5871029,DoS Slowhttptest
-0.48273012,DoS Hulk
-0.58249533,DDoS
-0.36015755,DDoS
-0.4745106,DDoS
-0.44159368,DoS GoldenEye
-0.35975343,DDoS
-0.40533864,PortScan
-0.58095014,DDoS
-0.564326,DoS Hulk
-0.62334746,DoS Hulk
-0.47654158,DoS Hulk
-0.39056984,PortScan
-0.61991596,DoS Hulk
-0.6265383,DoS Hulk
-0.46946463,DoS GoldenEye
-0.62930834,DoS Hulk
-0.38790205,PortScan
-0.35257733,DoS Hulk
-0.55311143,DoS Hulk
-0.45990536,DDoS
-0.46362075,DDoS
-0.47939768,DoS GoldenEye
-0.40803617,PortScan
-0.47870567,DDoS
-0.467866,DoS GoldenEye
-0.3858941,PortScan
-0.36920732,PortScan
-0.56291395,DoS Hulk
-0.57144904,DDoS
-0.3799481,DDoS
-0.37365767,PortScan
-0.4089484,DoS slowloris
-0.63076866,DoS Hulk
-0.3880916,PortScan
-0.47404608,DDoS
-0.4612783,DDoS
-0.37379766,PortScan
-0.55931705,DoS Hulk
-0.56027293,DoS Hulk
-0.5609299,DoS Hulk
-0.5651962,DoS Hulk
-0.45922324,DDoS
-0.6149162,DoS Hulk
-0.5656884,DoS Hulk
-0.37202218,PortScan
-0.47553578,DDoS
-0.5727214,DoS Hulk
-0.3620537,DDoS
-0.545923,DoS Hulk
-0.6395984,DDoS
-0.4706089,DDoS
-0.37303233,PortScan
-0.563567,DoS Hulk
-0.47106117,DoS GoldenEye
-0.3606675,DoS Hulk
-0.40695694,PortScan
-0.38926873,DDoS
-0.6437199,DoS slowloris
-0.37671658,PortScan
-0.5553358,DoS Hulk
-0.6229457,DoS Hulk
-0.38790205,PortScan
-0.6227573,DoS Hulk
-0.56122786,DoS Hulk
-0.5746085,DDoS
-0.5691685,DoS Hulk
-0.5871029,DoS Slowhttptest
-0.4064904,PortScan
-0.47373936,DDoS
-0.46356368,DoS GoldenEye
-0.56203914,DoS Hulk
-0.3870062,PortScan
-0.5768519,DDoS
-0.5770153,DoS Hulk
-0.56510055,DoS Hulk
-0.5563127,DoS Hulk
-0.56435037,DoS Hulk
-0.37571996,DDoS
-0.55451876,DoS Hulk
-0.3725072,DDoS
-0.3829997,SSH-Patator
-0.56404656,DoS Hulk
-0.47905046,DoS Hulk
-0.39290515,PortScan
-0.61375004,DoS Hulk
-0.5788766,DDoS
-0.40375218,PortScan
-0.39457014,FTP-Patator
-0.5432422,DoS GoldenEye
-0.5723778,DoS Hulk
-0.6173471,DoS Hulk
-0.34849408,DoS Hulk
-0.3718287,PortScan
-0.45967954,DDoS
-0.37290028,PortScan
-0.35282278,DoS Hulk
-0.40749338,PortScan
-0.57039976,DoS Hulk
-0.5871029,DoS Slowhttptest
-0.34978333,DoS Hulk
-0.57599705,DoS Hulk
-0.38019487,DDoS
-0.38974878,DDoS
-0.3892945,PortScan
-0.56038857,DoS Hulk
-0.58237064,DDoS
-0.3725072,DDoS
-0.46049207,DDoS
-0.6303119,DoS Hulk
-0.5878688,DoS Hulk
-0.36045933,DoS Hulk
-0.62691975,DoS Hulk
-0.62061244,DoS Hulk
-0.39306164,DDoS
-0.38293263,DDoS
-0.5774419,DoS Hulk
-0.46816465,DDoS
-0.55726266,DoS Hulk
-0.4726429,DDoS
-0.55698746,DoS Hulk
-0.46804824,DDoS
-0.38973415,DDoS
-0.56049097,DoS Hulk
-0.62609786,DDoS
-0.4025093,PortScan
-0.45928344,DDoS
-0.5701919,DoS Hulk
-0.3858941,PortScan
-0.5916533,DoS Hulk
-0.36751798,DDoS
-0.55687475,DoS Hulk
-0.46518022,DDoS
-0.47417614,DDoS
-0.6204442,DoS Hulk
-0.40922496,SSH-Patator
-0.37757492,DDoS
-0.38378745,DDoS
-0.46918234,DoS Hulk
-0.45967355,DDoS
-0.3802813,PortScan
-0.39262784,DDoS
-0.6361033,DDoS
-0.47618103,DDoS
-0.358212,DoS Hulk
-0.5664071,DoS Hulk
-0.47116217,DDoS
-0.55106616,DoS Hulk
-0.5777676,DoS Hulk
-0.6176134,DoS Hulk
-0.380836,DDoS
-0.37176633,PortScan
-0.3880394,PortScan
-0.36383662,DoS Hulk
-0.617556,DoS Hulk
-0.5566928,DoS Hulk
-0.38365763,DDoS
-0.4918596,DoS Hulk
-0.45249665,PortScan
-0.37394327,PortScan
-0.5476713,DoS Hulk
-0.36426774,DDoS
-0.6147082,DoS Hulk
-0.36168644,DDoS
-0.38997835,DDoS
-0.4842246,DoS Hulk
-0.3725072,DDoS
-0.5527202,DoS Hulk
-0.5578424,DoS Hulk
-0.3915969,PortScan
-0.4691722,DDoS
-0.37411642,PortScan
-0.39622378,PortScan
-0.47129598,DDoS
-0.47185352,DDoS
-0.6135801,DoS Hulk
-0.62079126,DoS Hulk
-0.5521039,DoS Hulk
-0.39893332,PortScan
-0.49047202,DoS GoldenEye
-0.359759,DoS Hulk
-0.4600379,DDoS
-0.62262326,DDoS
-0.4612076,DoS Hulk
-0.46627852,DDoS
-0.55268896,DoS Hulk
-0.39460108,PortScan
-0.45972675,DDoS
-0.4701653,DDoS
-0.46735013,DDoS
-0.46049207,DDoS
-0.38790205,PortScan
-0.4653967,DDoS
-0.38443837,DDoS
-0.46095052,DDoS
-0.46948156,DDoS
-0.37114277,PortScan
-0.3748758,DDoS
-0.55852264,DoS Hulk
-0.57580227,DoS Hulk
-0.6173362,DoS Hulk
-0.61928713,DoS Hulk
-0.36417672,DoS Hulk
-0.5871029,DoS Slowhttptest
-0.48202562,DoS Hulk
-0.3718287,PortScan
-0.57628244,DoS Hulk
-0.45346147,DoS Hulk
-0.5784451,DoS Hulk
-0.559952,DoS Hulk
-0.47281605,DDoS
-0.46761543,DDoS
-0.580409,DDoS
-0.4650229,DDoS
-0.47453627,DDoS
-0.38469857,DDoS
-0.62191516,DoS Hulk
-0.56784993,DoS Hulk
-0.56176084,DoS Hulk
-0.55790365,DoS Hulk
-0.4650229,DDoS
-0.38749722,DDoS
-0.60068935,DDoS
-0.67880666,DoS Slowhttptest
-0.5703588,DoS Hulk
-0.45982906,DDoS
-0.47185352,DDoS
-0.5638363,DoS Hulk
-0.3865606,PortScan
-0.3939239,DDoS
-0.37306023,Bot
-0.37300184,PortScan
-0.5640758,DoS Hulk
-0.56718564,DoS Hulk
-0.37055093,PortScan
-0.37875447,PortScan
-0.54891974,DoS Hulk
-0.38764295,PortScan
-0.3773663,PortScan
-0.4231291,PortScan
-0.37300184,PortScan
-0.47201318,DDoS
-0.37300184,PortScan
-0.38990813,DDoS
-0.62595373,DoS Hulk
-0.620309,DoS Hulk
-0.56032497,DoS Hulk
-0.38682896,PortScan
-0.37846035,DDoS
-0.4709414,DDoS
-0.392516,PortScan
-0.6208419,DoS Hulk
-0.4606112,DDoS
-0.58389926,DDoS
-0.62287843,DoS Hulk
-0.37887534,DDoS
-0.35322532,DDoS
-0.45813608,DDoS
-0.6291895,DoS Hulk
-0.5721929,DoS Hulk
-0.6098318,DoS Hulk
-0.47120085,DDoS
-0.46952954,DDoS
-0.56403697,DoS Hulk
-0.38293263,DDoS
-0.5699556,DoS Hulk
-0.5693139,DoS Hulk
-0.48218668,DDoS
-0.38790205,PortScan
-0.47096503,DDoS
-0.61720026,DoS Hulk
-0.6261145,DoS Hulk
-0.38571852,DDoS
-0.37719682,PortScan
-0.38926873,DDoS
-0.5825677,DDoS
-0.62216926,DoS Hulk
-0.37571996,DDoS
-0.56997293,DoS Hulk
-0.5555157,DDoS
-0.56182724,DoS Hulk
-0.36045933,DoS Hulk
-0.46969107,DoS Hulk
-0.4612783,DDoS
-0.5754128,DoS Hulk
-0.62287843,DoS Hulk
-0.37632984,DDoS
-0.57368517,DoS Hulk
-0.47277495,DDoS
-0.38553485,PortScan
-0.39053348,PortScan
-0.37571996,DDoS
-0.39072207,PortScan
-0.39753568,PortScan
-0.39008942,PortScan
-0.37300184,PortScan
-0.57079333,DoS Hulk
-0.38946474,PortScan
-0.36751798,DDoS
-0.39457014,FTP-Patator
-0.46481588,DDoS
-0.3640858,DoS Hulk
-0.62787837,DoS Hulk
-0.38269284,DDoS
-0.46338406,DDoS
-0.371071,PortScan
-0.3824313,DDoS
-0.47013232,DDoS
-0.56950086,DoS Hulk
-0.38549498,PortScan
-0.5514471,DoS Hulk
-0.57599974,DDoS
-0.38948348,PortScan
-0.38790205,PortScan
-0.35885093,DDoS
-0.5530907,DoS Hulk
-0.48997688,DoS Hulk
-0.46678668,DDoS
-0.38667673,DoS Hulk
-0.56150836,DoS Hulk
-0.38937905,PortScan
-0.5023953,DoS Hulk
-0.39137465,PortScan
-0.5562045,DoS Hulk
-0.39706936,Web Attack - Brute Force
-0.5599711,DoS Hulk
-0.5604419,DoS Hulk
-0.4634014,DDoS
-0.5654102,DoS Hulk
-0.6316545,DoS Hulk
-0.39056984,PortScan
-0.62191516,DoS Hulk
-0.38596022,DDoS
-0.5694246,DDoS
-0.47265235,DDoS
-0.4696884,DDoS
-0.4690962,DDoS
-0.6339638,DoS Hulk
-0.3865606,PortScan
-0.38997835,DDoS
-0.39119646,DDoS
-0.6022727,DoS Hulk
-0.5629186,DoS Hulk
-0.55872697,DoS Hulk
-0.3793113,PortScan
-0.4089484,DoS slowloris
-0.39449394,PortScan
-0.48246968,DoS Hulk
-0.4721729,DDoS
-0.37404624,PortScan
-0.3656022,DoS Hulk
-0.63140917,DoS Hulk
-0.39457014,FTP-Patator
-0.513279,DoS Hulk
-0.388069,DDoS
-0.3641445,DDoS
-0.4727783,DDoS
-0.40710047,PortScan
-0.63037366,DoS Hulk
-0.55418676,DoS Hulk
-0.38129658,PortScan
-0.4706465,DDoS
-0.6274537,DoS Hulk
-0.5871029,DoS Slowhttptest
-0.56057817,DoS Hulk
-0.5776671,DoS Hulk
-0.37014276,DDoS
-0.37027133,PortScan
-0.5584965,DoS Hulk
-0.37541243,PortScan
-0.46529844,DDoS
-0.48279476,DoS GoldenEye
-0.3606675,DoS Hulk
-0.38269284,DDoS
-0.57864064,DDoS
-0.45972675,DDoS
-0.380836,DDoS
-0.3852057,PortScan
-0.5633834,DoS Hulk
-0.38019487,DDoS
-0.57034135,DoS Hulk
-0.46952954,DDoS
-0.5765195,DDoS
-0.38973415,DDoS
-0.5659373,DoS Hulk
-0.47327238,DDoS
-0.62833863,DoS Hulk
-0.38456684,PortScan
-0.56662005,DDoS
-0.6339776,DoS Hulk
-0.45990536,DDoS
-0.3727727,DDoS
-0.6305258,DoS Hulk
-0.5652465,DoS Hulk
-0.38926873,DDoS
-0.5967877,DoS Hulk
-0.3731829,PortScan
-0.37571996,DDoS
-0.55724686,DoS Hulk
-0.3869909,DDoS
-0.39379358,PortScan
-0.38713768,PortScan
-0.47319523,DoS GoldenEye
-0.56474584,DoS Hulk
-0.47811198,DDoS
-0.47185352,DDoS
-0.47185352,DDoS
-0.4696884,DDoS
-0.62037164,DoS Hulk
-0.61675185,DoS Hulk
-0.3770239,DDoS
-0.6142031,DoS Hulk
-0.36383662,DoS Hulk
-0.395513,PortScan
-0.5730562,DoS Hulk
-0.3584844,DoS Hulk
-0.4703095,DDoS
-0.38571852,DDoS
-0.6094686,DoS Hulk
-0.45878044,DDoS
-0.61860144,DoS Hulk
-0.39056984,PortScan
-0.38833988,PortScan
-0.5544613,DoS Hulk
-0.47203422,DoS Hulk
-0.34849408,DoS Hulk
-0.3850625,PortScan
-0.37138048,DDoS
-0.46627852,DDoS
-0.36383662,DoS Hulk
-0.5627935,DoS Hulk
-0.39219046,PortScan
-0.4709414,DDoS
-0.6163127,DoS Hulk
-0.563669,DoS Hulk
-0.57542646,DDoS
-0.62776864,DoS Hulk
-0.5584033,DoS Hulk
-0.46187973,DDoS
-0.38215742,FTP-Patator
-0.56592953,DoS Hulk
-0.62198544,DoS Hulk
-0.5606315,DoS Hulk
-0.56861246,DoS Hulk
-0.46481588,DDoS
-0.5486443,DoS Hulk
-0.5660566,DoS Hulk
-0.4615905,DDoS
-0.3727727,DDoS
-0.39467856,PortScan
-0.4777279,DDoS
-0.58121115,DDoS
-0.39680082,Web Attack - Brute Force
-0.5766532,DDoS
-0.36417672,DoS Hulk
-0.38953218,DDoS
-0.37226683,PortScan
-0.46235892,DDoS
-0.5840231,DDoS
-0.6300816,DDoS
-0.5659373,DoS Hulk
-0.3815716,PortScan
-0.4816531,DoS Hulk
-0.56998795,DDoS
-0.4089473,PortScan
-0.47066137,DoS GoldenEye
-0.4089484,DoS slowloris
-0.37179396,PortScan
-0.6216893,DoS Hulk
-0.5653875,DoS Hulk
-0.37481,PortScan
-0.5772272,DDoS
-0.3840472,DDoS
-0.47086713,DDoS
-0.5613095,DoS Hulk
-0.46054247,DDoS
-0.4650229,DDoS
-0.39016175,PortScan
-0.4615905,DDoS
-0.38914266,PortScan
-0.5560163,DoS Hulk
-0.4089484,DoS slowloris
-0.37404624,PortScan
-0.5697628,DoS Hulk
-0.4459263,DDoS
-0.6376861,DDoS
-0.5615708,DoS Hulk
-0.3869909,DDoS
-0.37481,PortScan
-0.5600356,DoS Hulk
-0.58422077,DDoS
-0.38951263,DDoS
-0.3745357,PortScan
-0.38581377,PortScan
-0.6103069,DoS Hulk
-0.5607303,DoS Hulk
-0.36447123,DoS Hulk
-0.634836,DoS Hulk
-0.41137964,PortScan
-0.4601806,DDoS
-0.6243552,DoS Hulk
-0.3770239,DDoS
-0.46731323,DDoS
-0.60792583,DoS Hulk
-0.45972675,DDoS
-0.39339408,PortScan
-0.47201318,DDoS
-0.57815725,DDoS
-0.39095148,DDoS
-0.37404624,PortScan
-0.5756075,DoS Hulk
-0.36535493,DoS Hulk
-0.55999815,DoS Hulk
-0.39460108,PortScan
-0.39413425,Web Attack - Brute Force
-0.57144964,DoS Hulk
-0.36511377,DoS Hulk
-0.55191714,DoS Hulk
-0.38790205,PortScan
-0.5772764,DoS Hulk
-0.62951267,DoS Hulk
-0.3850625,PortScan
-0.3778397,DDoS
-0.37389535,PortScan
-0.47327238,DDoS
-0.61418116,DoS Hulk
-0.39457014,FTP-Patator
-0.46984732,DDoS
-0.47186434,DDoS
-0.38596022,DDoS
-0.6250983,DDoS
-0.55840516,DoS Hulk
-0.39460108,PortScan
-0.38668206,PortScan
-0.5602485,DoS Hulk
-0.5641972,DoS Hulk
-0.57319766,DDoS
-0.48835766,DoS Hulk
-0.62334746,DoS Hulk
-0.56038857,DoS Hulk
-0.46867907,DDoS
-0.5622781,DoS Hulk
-0.46952954,DDoS
-0.57378894,DDoS
-0.3967256,PortScan
-0.38713768,PortScan
-0.5564225,DoS Hulk
-0.3571587,DDoS
-0.5546897,DoS Hulk
-0.5608703,DoS Hulk
-0.56065214,DoS Hulk
-0.3892945,PortScan
-0.45943886,DDoS
-0.47521415,DDoS
-0.5594605,DoS Hulk
-0.3964239,PortScan
-0.6235074,DoS Hulk
-0.40665913,PortScan
-0.5432422,DoS GoldenEye
-0.6212843,DoS Hulk
-0.6258805,DoS Hulk
-0.58237064,DDoS
-0.48592976,DoS Hulk
-0.478188,DDoS
-0.37485412,PortScan
-0.46832305,DDoS
-0.36751798,DDoS
-0.48404694,DoS Hulk
-0.40530682,PortScan
-0.47055683,DoS Hulk
-0.4708753,DoS GoldenEye
-0.37559426,PortScan
-0.6347967,DoS Hulk
-0.6250139,DoS Hulk
-0.5710536,DoS Hulk
-0.6205143,DoS Hulk
-0.38952014,DDoS
-0.55205595,DoS Hulk
-0.3951144,PortScan
-0.5659619,DoS Hulk
-0.6169605,DoS Hulk
-0.5677338,DoS Hulk
-0.3936388,PortScan
-0.6315781,DoS Hulk
-0.5871029,DoS Slowhttptest
-0.37290028,PortScan
-0.38997835,DDoS
-0.47297603,DDoS
-0.39185137,DDoS
-0.5675539,DoS Hulk
-0.56365544,DoS Hulk
-0.3869909,DDoS
-0.39298406,PortScan
-0.3688108,DDoS
-0.37404624,PortScan
-0.39457014,FTP-Patator
-0.5612373,DoS Hulk
-0.39008942,PortScan
-0.47185352,DDoS
-0.40378055,PortScan
-0.3894972,PortScan
-0.5576223,DoS Hulk
-0.36920732,PortScan
-0.467848,DDoS
-0.6250983,DDoS
-0.57966775,DDoS
-0.47291222,DDoS
-0.36426774,DDoS
-0.6531691,DoS Hulk
-0.6347967,DoS Hulk
-0.63494945,DDoS
-0.56967336,DoS Hulk
-0.6486652,DoS slowloris
-0.5572466,DoS Hulk
-0.6205419,DoS Hulk
-0.6355265,DDoS
-0.35963175,DDoS
-0.54845876,DoS Hulk
-0.40203208,DoS Hulk
-0.3609116,DoS Hulk
-0.3892945,PortScan
-0.3951731,FTP-Patator
-0.57874244,DDoS
-0.46230164,DDoS
-0.46105158,DoS Hulk
-0.37330917,PortScan
-0.4479164,DoS GoldenEye
-0.5170151,DoS GoldenEye
-0.4605318,DDoS
-0.56084675,DoS Hulk
-0.46970776,DDoS
-0.40659142,PortScan
-0.53151464,DoS GoldenEye
-0.38668206,PortScan
-0.57597846,DoS Hulk
-0.39150333,PortScan
-0.46627852,DDoS
-0.55893874,DoS Hulk
-0.40492627,PortScan
-0.46033174,DDoS
-0.37421593,PortScan
-0.62658936,DoS Hulk
-0.4706465,DDoS
-0.3850625,PortScan
-0.46403816,DDoS
-0.5643301,DoS Hulk
-0.55339205,DoS GoldenEye
-0.4598823,DDoS
-0.5725787,DoS Hulk
-0.3726935,PortScan
-0.4768604,DDoS
-0.4617235,DDoS
-0.6335488,DoS Hulk
-0.5599449,DoS Hulk
-0.37300184,PortScan
-0.3745357,PortScan
-0.5595962,DoS Hulk
-0.5088734,DoS Hulk
-0.35386187,DoS Hulk
-0.5602485,DoS Hulk
-0.4615905,DDoS
-0.3780495,PortScan
-0.5674031,DoS Hulk
-0.52485704,DoS Hulk
-0.36511377,DoS Hulk
-0.563567,DoS Hulk
-0.48125875,DoS Hulk
-0.5777458,DDoS
-0.46722966,DDoS
-0.56965727,DoS Hulk
-0.60872096,DoS Hulk
-0.37214038,PortScan
-0.47301978,DDoS
-0.38725284,DDoS
-0.5560201,DoS Hulk
-0.38966772,PortScan
-0.39008942,PortScan
-0.4590679,DDoS
-0.38443837,DDoS
-0.6195665,DoS Hulk
-0.3895647,PortScan
-0.45748544,DDoS
-0.4650229,DDoS
-0.5871029,DoS Slowhttptest
-0.5543619,DoS Hulk
-0.63267833,DoS Hulk
-0.39056984,PortScan
-0.46886513,DDoS
-0.3739449,PortScan
-0.5871029,DoS Slowhttptest
-0.39046592,PortScan
-0.5621546,DoS Hulk
-0.56512153,DoS Hulk
-0.46547168,DDoS
-0.38553485,PortScan
-0.45972675,DDoS
-0.55566114,DoS Hulk
-0.56229556,DoS Hulk
-0.37593,PortScan
-0.37179396,PortScan
-0.46079034,DDoS
-0.62454057,DoS Hulk
-0.5704284,DoS Hulk
-0.56291395,DoS Hulk
-0.63084924,DoS Hulk
-0.38215742,FTP-Patator
-0.38395596,PortScan
-0.45075965,DoS GoldenEye
-0.38681224,PortScan
-0.3770239,DDoS
-0.63037366,DoS Hulk
-0.3741395,PortScan
-0.39742178,PortScan
-0.38553485,PortScan
-0.47185352,DDoS
-0.46804824,DDoS
-0.5715692,DoS Hulk
-0.4095019,SSH-Patator
-0.38081688,DDoS
-0.37714437,DDoS
-0.5871029,DoS Slowhttptest
-0.47492003,DoS GoldenEye
-0.37014276,DDoS
-0.46203598,DDoS
-0.44864297,DoS GoldenEye
-0.40634492,PortScan
-0.37195343,PortScan
-0.39138004,DDoS
-0.4064904,PortScan
-0.5748394,DoS Hulk
-0.62595373,DoS Hulk
-0.49666387,DoS Hulk
-0.40973902,PortScan
-0.35197967,DoS Hulk
-0.39416602,DDoS
-0.48064104,DDoS
-0.6140262,DoS Hulk
-0.45972675,DDoS
-0.45893565,DDoS
-0.3719539,PortScan
-0.38937905,PortScan
-0.5728266,DoS Hulk
-0.38839778,PortScan
-0.39138004,DDoS
-0.45922324,DDoS
-0.36045933,DoS Hulk
-0.37726012,PortScan
-0.3920969,DDoS
-0.56965727,DoS Hulk
-0.48189533,DDoS
-0.34978333,DoS Hulk
-0.55669814,DoS Hulk
-0.37571996,DDoS
-0.4165655,DDoS
-0.6254809,DDoS
-0.61997396,DoS Hulk
-0.5548166,DoS Hulk
-0.62375796,DoS Hulk
-0.5549372,DoS Hulk
-0.37500504,PortScan
-0.47072762,DDoS
-0.38869405,DDoS
-0.37330917,PortScan
-0.63549936,DoS Hulk
-0.5623752,DoS Hulk
-0.37027133,PortScan
-0.422414,PortScan
-0.5578424,DoS Hulk
-0.5566586,DoS Hulk
-0.56566757,DoS Hulk
-0.56653625,DoS Hulk
-0.4709494,DoS Hulk
-0.46203598,DDoS
-0.47072887,DoS GoldenEye
-0.61400425,DoS Hulk
-0.4598823,DDoS
-0.38937905,PortScan
-0.38845065,DDoS
-0.3859796,DDoS
-0.3743058,PortScan
-0.5904079,DoS Hulk
-0.46635664,DDoS
-0.39046592,PortScan
-0.6256799,DoS Hulk
-0.4678453,DoS GoldenEye
-0.48361734,DoS GoldenEye
-0.39017138,PortScan
-0.46245804,DDoS
-0.58656377,DDoS
-0.56397563,DoS Hulk
-0.37571996,DDoS
-0.39457014,FTP-Patator
-0.5698836,DoS Hulk
-0.56361955,DoS Hulk
-0.56439143,DoS Hulk
-0.3678438,PortScan
-0.5326258,DoS GoldenEye
-0.47656345,DDoS
-0.5543759,DoS Hulk
-0.37254447,PortScan
-0.39959988,PortScan
-0.4697694,DDoS
-0.6152503,DoS Slowhttptest
-0.3778397,DDoS
-0.58731043,DDoS
-0.39119646,DDoS
-0.4629526,DDoS
-0.4854553,DoS Hulk
-0.55872697,DoS Hulk
-0.47120085,DDoS
-0.35257733,DoS Hulk
-0.6211755,DoS Hulk
-0.56008345,DoS Hulk
-0.57304126,DoS Hulk
-0.5755417,DDoS
-0.6220674,DoS Hulk
-0.57580227,DoS Hulk
-0.62153816,DoS Hulk
-0.39220887,PortScan
-0.39008942,PortScan
-0.38120258,DDoS
-0.3872334,DDoS
-0.45408615,DDoS
-0.391705,PortScan
-0.46813154,DDoS
-0.560359,DoS Hulk
-0.40651733,PortScan
-0.563584,DoS Hulk
-0.4817194,DoS Hulk
-0.6223806,DoS Hulk
-0.5562343,DoS Hulk
-0.625742,DoS Hulk
-0.57328486,DDoS
-0.38406608,DDoS
-0.5896032,DoS Hulk
-0.37179396,PortScan
-0.62808603,DoS Hulk
-0.3894972,PortScan
-0.48075143,DoS Hulk
-0.38469857,DDoS
-0.5627236,DoS Hulk
-0.47080573,DDoS
-0.37072557,PortScan
-0.6036782,DDoS
-0.46158755,DDoS
-0.5871029,DoS Slowhttptest
-0.41078183,DDoS
-0.3839173,DDoS
-0.358727,DoS Hulk
-0.4089473,PortScan
-0.39238197,DDoS
-0.5573655,DoS Hulk
-0.6191385,DoS Hulk
-0.5712572,DDoS
-0.38365763,DDoS
-0.38973415,DDoS
-0.35969344,DDoS
-0.37379766,PortScan
-0.56566757,DoS Hulk
-0.37474716,PortScan
-0.40713748,DoS GoldenEye
-0.6262145,DoS Hulk
-0.55418676,DoS Hulk
-0.4716982,DoS GoldenEye
-0.56256324,DoS Hulk
-0.39108512,PortScan
-0.46635664,DDoS
-0.5606315,DoS Hulk
-0.46627852,DDoS
-0.3591771,DoS Hulk
-0.47262862,DDoS
-0.6254284,DoS Hulk
-0.5671186,DoS Hulk
-0.37593,PortScan
-0.39605153,PortScan
-0.38725284,DDoS
-0.37571996,DDoS
-0.4606645,DDoS
-0.5707745,DoS Hulk
-0.3571587,DDoS
-0.36417672,DoS Hulk
-0.37027133,PortScan
-0.47753558,DDoS
-0.61958575,DoS Hulk
-0.39137465,PortScan
-0.3920969,DDoS
-0.56923616,DoS Hulk
-0.4695858,DDoS
-0.46245804,DDoS
-0.37404624,PortScan
-0.57580227,DoS Hulk
-0.40409088,PortScan
-0.6281767,DDoS
-0.55896217,DoS Hulk
-0.56637245,DoS Hulk
-0.3584844,DoS Hulk
-0.34978333,DoS Hulk
-0.5644597,DoS Hulk
-0.5725069,DoS Hulk
-0.6148048,DoS Hulk
-0.37421593,PortScan
-0.37330917,PortScan
-0.5939739,DoS Hulk
-0.5618134,DoS Hulk
-0.55816716,DoS Hulk
-0.46867907,DDoS
-0.55165654,DoS Hulk
-0.6311956,DoS Hulk
-0.384326,DDoS
-0.371071,PortScan
-0.38215742,FTP-Patator
-0.47905445,DDoS
-0.5871029,DoS Slowhttptest
-0.39290515,PortScan
-0.56149244,DoS Hulk
-0.6230634,DoS Hulk
-0.629127,DoS Hulk
-0.37875447,PortScan
-0.38973415,DDoS
-0.5871029,DoS Slowhttptest
-0.5628815,DoS Hulk
-0.42451742,PortScan
-0.38257134,PortScan
-0.47301978,DDoS
-0.62358934,DDoS
-0.5615708,DoS Hulk
-0.46054247,DDoS
-0.3712556,DDoS
-0.37330917,PortScan
-0.5731284,DoS Hulk
-0.6198695,DoS Hulk
-0.40749338,PortScan
-0.46830344,DDoS
-0.5577803,DoS Hulk
-0.3858941,PortScan
-0.58141124,DDoS
-0.40062276,PortScan
-0.37404624,PortScan
-0.4605318,DDoS
-0.56429857,DoS Hulk
-0.6234646,DoS Hulk
-0.6286187,DoS Hulk
-0.38395596,PortScan
-0.47819036,DoS GoldenEye
-0.39022142,PortScan
-0.53448874,DDoS
-0.56716925,DoS Hulk
-0.47494084,DoS Hulk
-0.37713084,PortScan
-0.5948447,DoS Hulk
-0.5664247,DoS GoldenEye
-0.38957658,PortScan
-0.38951263,DDoS
-0.5606929,DoS Hulk
-0.5531499,DoS Hulk
-0.46082038,DDoS
-0.35885093,DDoS
-0.55819,DoS Hulk
-0.37254447,PortScan
-0.5438824,DDoS
-0.3746955,DDoS
-0.56566757,DoS Hulk
-0.5871029,DoS Slowhttptest
-0.46627852,DDoS
-0.3698173,PortScan
-0.47277495,DDoS
-0.47390297,DDoS
-0.39467856,PortScan
-0.4695858,DDoS
-0.37226683,PortScan
-0.5621924,DoS Hulk
-0.37481,PortScan
-0.44215184,DoS Slowhttptest
-0.376984,PortScan
-0.39328435,PortScan
-0.49059218,DoS Hulk
-0.46799043,DoS Hulk
-0.3922842,PortScan
-0.6140262,DoS Hulk
-0.47853953,DoS GoldenEye
-0.6106395,DDoS
-0.36021554,DoS Hulk
-0.5724847,DoS Hulk
-0.57219136,DoS Hulk
-0.38948348,PortScan
-0.3718287,PortScan
-0.43900338,PortScan
-0.3718287,PortScan
-0.45974982,DDoS
-0.61172366,DoS Hulk
-0.63415277,DoS Hulk
-0.6296344,DDoS
-0.54076284,DoS Slowhttptest
-0.4696884,DDoS
-0.46182626,DDoS
-0.37404624,PortScan
-0.46401152,DDoS
-0.56557876,DoS Hulk
-0.6278736,DoS Hulk
-0.39031178,PortScan
-0.38668206,PortScan
-0.61702156,DoS Hulk
-0.38057843,DDoS
-0.37130755,PortScan
-0.4778162,DoS Hulk
-0.39046592,PortScan
-0.5764774,DoS Hulk
-0.5718643,DoS Hulk
-0.57834446,DoS Hulk
-0.36511377,DoS Hulk
-0.57599705,DoS Hulk
-0.5871029,DoS Slowhttptest
-0.5612008,DoS Hulk
-0.38649374,PortScan
-0.62966925,DoS Hulk
-0.55891603,DoS Hulk
-0.46049207,DDoS
-0.40890294,SSH-Patator
-0.39430326,FTP-Patator
-0.46804824,DDoS
-0.3921045,PortScan
-0.6304046,DoS Hulk
-0.37481,PortScan
-0.53555876,DDoS
-0.55913687,DoS Hulk
-0.38571852,DDoS
-0.5832334,DDoS
-0.4771407,DDoS
-0.47531006,DDoS
-0.46327156,DDoS
-0.6229192,DoS Hulk
-0.46618092,DDoS
-0.46136725,DDoS
-0.55676925,DoS Hulk
-0.4606277,DDoS
-0.4045224,PortScan
-0.48358166,DoS GoldenEye
-0.371071,PortScan
-0.34946322,DoS Hulk
-0.5795267,DDoS
-0.40762663,SSH-Patator
-0.5597855,DoS Hulk
-0.3887289,PortScan
-0.37027133,PortScan
-0.57903224,DDoS
-0.5580311,DoS Hulk
-0.6277504,DoS Hulk
-0.57204586,DoS Hulk
-0.5871029,DoS Slowhttptest
-0.39291248,PortScan
-0.3892945,PortScan
-0.4673513,DDoS
-0.55529547,DoS Hulk
-0.3869909,DDoS
-0.48502913,DDoS
-0.633535,DoS Hulk
-0.37404624,PortScan
-0.63283753,DDoS
-0.55620086,DoS Hulk
-0.38459632,DoS slowloris
-0.49025774,DoS Hulk
-0.3939239,DDoS
-0.6189107,DoS Hulk
-0.55173045,DoS Hulk
-0.6184052,DoS Hulk
-0.3928155,DDoS
-0.39072207,PortScan
-0.36467692,DDoS
-0.38790205,PortScan
-0.62517476,DoS Hulk
-0.36442366,DoS Hulk
-0.56152713,DoS Hulk
-0.5653875,DoS Hulk
-0.57435536,DDoS
-0.39008942,PortScan
-0.55368197,DoS Hulk
-0.57747895,DoS Hulk
-0.46064788,DDoS
-0.6326935,DoS Hulk
-0.3831918,DDoS
-0.38779643,PortScan
-0.5598165,DoS Hulk
-0.56672794,DoS Hulk
-0.39046592,PortScan
-0.559952,DoS Hulk
-0.35523584,DDoS
-0.56317675,DoS Hulk
-0.6202467,DDoS
-0.38957658,PortScan
-0.40353575,PortScan
-0.4829447,DoS Hulk
-0.62808603,DoS Hulk
-0.5562684,DoS Hulk
-0.39151987,PortScan
-0.37545237,DDoS
-0.3969605,PortScan
-0.38725284,DDoS
-0.6265383,DoS Hulk
-0.3781755,DDoS
-0.5604625,DoS Hulk
-0.4046808,PortScan
-0.5620888,DoS Hulk
-0.359759,DoS Hulk
-0.4629526,DDoS
-0.40890294,SSH-Patator
-0.40181187,PortScan
-0.5871029,DoS Slowhttptest
-0.62535703,DoS Hulk
-0.37584987,PortScan
-0.56279254,DoS Hulk
-0.4634069,DoS GoldenEye
-0.36467692,DDoS
-0.37214038,PortScan
-0.3807789,PortScan
-0.37269813,PortScan
-0.47072762,DDoS
-0.38973415,DDoS
-0.37379766,PortScan
-0.47086713,DDoS
-0.38019487,DDoS
-0.5747783,DDoS
-0.5424252,DDoS
-0.55991197,DoS Hulk
-0.40890294,SSH-Patator
-0.5473883,DoS Hulk
-0.47186434,DDoS
-0.46627852,DDoS
-0.55657125,DoS Hulk
-0.4661039,DDoS
-0.39457014,FTP-Patator
-0.55894774,DoS Hulk
-0.5605406,DoS Hulk
-0.37330917,PortScan
-0.46142122,DDoS
-0.5685823,DDoS
-0.57817966,DDoS
-0.3961597,PortScan
-0.39185137,DDoS
-0.5608183,DoS Hulk
-0.57184714,DDoS
-0.5708308,DoS Hulk
-0.5596367,DoS Hulk
-0.4025093,PortScan
-0.40336728,PortScan
-0.6144183,DoS Slowhttptest
-0.3928155,DDoS
-0.4600379,DDoS
-0.5677108,DoS Hulk
-0.55937207,DoS Hulk
-0.56566656,DoS Hulk
-0.3831918,DDoS
-0.5614271,DoS Hulk
-0.5722759,DoS Hulk
-0.46002498,DDoS
-0.4598823,DDoS
-0.5817799,DDoS
-0.55836475,DoS Hulk
-0.6106904,DoS Slowhttptest
-0.55694115,DoS Hulk
-0.3648639,DoS Hulk
-0.62182575,DoS Hulk
-0.47297603,DDoS
-0.491755,DoS Hulk
-0.373057,DDoS
-0.4062709,PortScan
-0.6103092,DDoS
-0.3748758,DDoS
-0.46927553,DDoS
-0.5629953,DoS Hulk
-0.6093804,DoS Hulk
-0.37300184,PortScan
-0.56861246,DoS Hulk
-0.3804331,DDoS
-0.5657019,DoS Hulk
-0.4777279,DDoS
-0.5633528,DoS Hulk
-0.4054125,PortScan
-0.37666214,PortScan
-0.37497973,PortScan
-0.4592123,DDoS
-0.36501944,DoS Hulk
-0.37379766,PortScan
-0.60813403,DoS Hulk
-0.3725072,DDoS
-0.5743133,DoS Hulk
-0.56861246,DoS Hulk
-0.6352036,DoS Hulk
-0.57444036,DoS Hulk
-0.6002831,DDoS
-0.5523248,DoS Hulk
-0.46064788,DDoS
-0.59111786,DoS Hulk
-0.37226683,PortScan
-0.39268672,Bot
-0.39189872,PortScan
-0.5586199,DoS Hulk
-0.5521242,DoS Hulk
-0.47452086,DDoS
-0.38395596,PortScan
-0.46893835,DDoS
-0.36552215,DDoS
-0.61654323,DoS Hulk
-0.5871029,DoS Slowhttptest
-0.59598047,DoS Hulk
-0.3770464,DoS Hulk
-0.55610365,DoS Hulk
-0.3858941,PortScan
-0.61633474,DoS Hulk
-0.37355617,PortScan
-0.5653193,DoS Hulk
-0.38719964,PortScan
-0.5545548,DoS Hulk
-0.38725048,PortScan
-0.55418676,DoS Hulk
-0.37300184,PortScan
-0.62951267,DoS Hulk
-0.47201318,DDoS
-0.3697595,PortScan
-0.5738146,DDoS
-0.47201318,DDoS
-0.36523,DoS Hulk
-0.46338764,DDoS
-0.41503385,PortScan
-0.46093947,DDoS
-0.4089484,DoS slowloris
-0.5746347,DoS Hulk
-0.5620597,DoS Hulk
-0.5598331,DoS Hulk
-0.48140082,DoS Hulk
-0.4036746,PortScan
-0.37964323,PortScan
-0.5753751,DDoS
-0.61628443,DoS Hulk
-0.64459157,DoS slowloris
-0.46812528,DoS Hulk
-0.46419516,DDoS
-0.62227786,DoS Hulk
-0.6125325,DDoS
-0.57522553,DoS Hulk
-0.38001862,PortScan
-0.56311387,DoS Hulk
-0.38019487,DDoS
-0.45972675,DDoS
-0.39457014,FTP-Patator
-0.48431128,DoS Hulk
-0.62195885,DoS Hulk
-0.37559426,PortScan
-0.37254447,PortScan
-0.39622378,PortScan
-0.3869909,DDoS
-0.37271294,PortScan
-0.4089484,DoS slowloris
-0.56365544,DoS Hulk
-0.37300184,PortScan
-0.4822123,DDoS
-0.4759512,DDoS
-0.6303779,DDoS
-0.38942623,PortScan
-0.5761567,DDoS
-0.37481,PortScan
-0.358727,DoS Hulk
-0.5543843,DoS Hulk
-0.38269284,DDoS
-0.36535493,DoS Hulk
-0.56119794,DoS Hulk
-0.38924724,PortScan
-0.5023717,DoS Hulk
-0.46721578,DDoS
-0.5871029,DoS Slowhttptest
-0.46952954,DDoS
-0.62022334,DoS Hulk
-0.55584913,DoS Hulk
-0.38395596,PortScan
-0.38749722,DDoS
-0.61418116,DoS Hulk
-0.6272165,DDoS
-0.3969311,PortScan
-0.56922835,DoS Hulk
-0.37072557,PortScan
-0.5573044,DoS Hulk
-0.38012788,PortScan
-0.46105576,DDoS
-0.39416602,DDoS
-0.6329379,DoS Hulk
-0.46565428,DDoS
-0.37516394,PortScan
-0.6274063,DoS Hulk
-0.46597147,DDoS
-0.5613967,DoS Hulk
-0.6219158,DDoS
-0.57549596,DoS Hulk
-0.5765777,DoS Hulk
-0.5657772,DoS Hulk
-0.6300164,DoS Hulk
-0.37199026,PortScan
-0.38395596,PortScan
-0.405998,PortScan
-0.46049207,DDoS
-0.5564661,DoS Hulk
-0.57450324,DoS Hulk
-0.560981,DoS Hulk
-0.57671976,DoS Hulk
-0.5536976,DoS Hulk
-0.3885274,PortScan
-0.66049093,DoS slowloris
-0.66306,DoS slowloris
-0.48805356,DoS Hulk
-0.55782926,DoS Hulk
-0.38168088,DDoS
-0.3745357,PortScan
-0.47329614,DDoS
-0.55998284,DoS Hulk
-0.45967355,DDoS
-0.5707138,DoS Hulk
-0.55721265,DoS Hulk
-0.39008942,PortScan
-0.4067327,PortScan
-0.39385214,PortScan
-0.40409088,PortScan
-0.4084654,PortScan
-0.55533934,DoS Hulk
-0.37202218,PortScan
-0.3907394,PortScan
-0.38293263,DDoS
-0.56866974,DoS Hulk
-0.3636821,DoS Hulk
-0.66049093,DoS slowloris
-0.45847014,DDoS
-0.5591775,DoS Hulk
-0.35196155,DDoS
-0.57755035,DDoS
-0.6299696,DoS Hulk
-0.37290686,PortScan
-0.3748758,DDoS
-0.5668676,DoS Hulk
-0.5282489,DoS GoldenEye
-0.3743058,PortScan
-0.48096633,DDoS
-0.4696884,DDoS
-0.36383662,DoS Hulk
-0.482546,DoS Hulk
-0.6021337,DoS slowloris
-0.3894972,PortScan
-0.3804331,DDoS
-0.38957658,PortScan
-0.6212262,DoS Hulk
-0.3969605,PortScan
-0.39101645,Web Attack - Brute Force
-0.4680105,DDoS
-0.52794343,DoS Hulk
-0.56110984,DoS Hulk
-0.58095014,DDoS
-0.61928713,DoS Hulk
-0.39008942,PortScan
-0.46788323,DDoS
-0.37271866,PortScan
-0.6228648,DoS Hulk
-0.5908513,DoS Hulk
-0.37176633,PortScan
-0.35963175,DDoS
-0.61337596,DoS Hulk
-0.5612373,DoS Hulk
-0.46324465,DDoS
-0.4089473,PortScan
-0.56435037,DoS Hulk
-0.47249246,DDoS
-0.34849408,DoS Hulk
-0.6111038,DoS Slowhttptest
-0.37195343,PortScan
-0.3744854,Bot
-0.4726516,DDoS
-0.62331134,DoS Hulk
-0.34946322,DoS Hulk
-0.6044007,DDoS
-0.5640483,DoS Hulk
-0.58101803,DDoS
-0.58911186,DoS Hulk
-0.56375766,DoS Hulk
-0.62890494,DoS Hulk
-0.37571996,DDoS
-0.39606172,Bot
-0.3868045,PortScan
-0.563567,DoS Hulk
-0.56018096,DoS Hulk
-0.4030483,PortScan
-0.3928155,DDoS
-0.57876676,DDoS
-0.371071,PortScan
-0.35046107,DoS Hulk
-0.37181035,PortScan
-0.39457014,FTP-Patator
-0.36552215,DDoS
-0.48000526,DoS Hulk
-0.5501529,DoS Hulk
-0.46049207,DDoS
-0.38365763,DDoS
-0.3894972,PortScan
-0.5665641,DoS Hulk
-0.57183754,DoS Hulk
-0.36920732,PortScan
-0.38932073,PortScan
-0.6169385,DoS Hulk
-0.5613677,DoS Hulk
-0.37027133,PortScan
-0.39457014,FTP-Patator
-0.46942696,DDoS
-0.38168088,DDoS
-0.47098538,DoS Hulk
-0.5702286,DoS Hulk
-0.5648971,DoS Hulk
-0.5699245,DoS Hulk
-0.5200308,DDoS
-0.3730326,PortScan
-0.65121615,DoS Hulk
-0.630587,DoS Hulk
-0.621736,DoS Hulk
-0.358727,DoS Hulk
-0.62093425,DoS Hulk
-0.5570382,DoS Hulk
-0.3778397,DDoS
-0.3807789,PortScan
-0.36015755,DDoS
-0.40890294,SSH-Patator
-0.5651962,DoS Hulk
-0.5534112,DoS Hulk
-0.46095052,DDoS
-0.3886779,PortScan
-0.3892945,PortScan
-0.51437217,DoS slowloris
-0.66713375,DoS slowloris
-0.5550582,DoS Hulk
-0.5642759,DoS Hulk
-0.5889551,DoS GoldenEye
-0.5713617,DDoS
-0.5622458,DoS Hulk
-0.36447123,DoS Hulk
-0.37300184,PortScan
-0.3892945,PortScan
-0.5627959,DoS Hulk
-0.4700063,DDoS
-0.5584964,DoS Hulk
-0.46157733,DDoS
-0.4690302,DoS Hulk
-0.61301655,DoS Hulk
-0.46791068,DDoS
-0.39140236,PortScan
-0.45918325,DDoS
-0.38443837,DDoS
-0.37313393,PortScan
-0.56566757,DoS Hulk
-0.35897234,DDoS
-0.56653625,DoS Hulk
-0.41763175,Bot
-0.5672284,DoS Hulk
-0.45830595,DDoS
-0.3725072,DDoS
-0.38741285,PortScan
-0.46037602,DDoS
-0.6142031,DoS Hulk
-0.37649134,PortScan
-0.3858941,PortScan
-0.51211315,DoS Slowhttptest
-0.4654968,DDoS
-0.4098244,SSH-Patator
-0.38498986,PortScan
-0.5682397,DoS Hulk
-0.38664594,PortScan
-0.38378003,PortScan
-0.4595943,DDoS
-0.39712885,PortScan
-0.40732613,PortScan
-0.37294647,PortScan
-0.62972564,DoS Hulk
-0.4793402,DDoS
-0.3896444,DDoS
-0.37387338,DDoS
-0.38973415,DDoS
-0.5798391,DDoS
-0.34849408,DoS Hulk
-0.38932073,PortScan
-0.5627236,DoS Hulk
-0.45967355,DDoS
-0.49666387,DoS Hulk
-0.37038115,DDoS
-0.58724326,DoS Hulk
-0.56131625,DoS Hulk
-0.6144198,DoS Hulk
-0.5274381,DoS GoldenEye
-0.61441094,DoS Hulk
-0.4606645,DDoS
-0.40643916,PortScan
-0.38443837,DDoS
-0.3727727,DDoS
-0.46528786,DDoS
-0.4638775,DDoS
-0.55617803,DoS Hulk
-0.47230896,DDoS
-0.5604419,DoS Hulk
-0.4593386,DDoS
-0.3719539,PortScan
-0.5755033,DDoS
-0.38395596,PortScan
-0.37726012,PortScan
-0.4684421,DoS Hulk
-0.4635582,DDoS
-0.62881744,DDoS
-0.3594202,DoS Hulk
-0.56346345,DDoS
-0.56601924,DoS Hulk
-0.62191516,DoS Hulk
-0.61958575,DoS Hulk
-0.6260027,DoS Hulk
-0.388069,DDoS
-0.5677108,DoS Hulk
-0.46513048,DDoS
-0.3859796,DDoS
-0.5871029,DoS Slowhttptest
-0.576625,DoS Hulk
-0.45972675,DDoS
-0.5781554,DDoS
-0.5316945,DoS GoldenEye
-0.5549372,DoS Hulk
-0.55268896,DoS Hulk
-0.4231291,PortScan
-0.57152116,DoS Hulk
-0.38668206,PortScan
-0.55765367,DoS Hulk
-0.57619894,DDoS
-0.5554705,DoS Hulk
-0.46049207,DDoS
-0.5871029,DoS Slowhttptest
-0.39185137,DDoS
-0.37559426,PortScan
-0.37214038,PortScan
-0.5600036,DoS Hulk
-0.57580227,DoS Hulk
-0.57024825,DDoS
-0.37726012,PortScan
-0.35516307,DDoS
-0.46592328,PortScan
-0.5738107,DoS GoldenEye
-0.39046592,PortScan
-0.6210161,DoS Hulk
-0.36405137,DoS Hulk
-0.38953218,DDoS
-0.40682292,Web Attack - Sql Injection
-0.6265962,DoS Hulk
-0.5638363,DoS Hulk
-0.5848719,DDoS
-0.36417672,DoS Hulk
-0.4797583,DDoS
-0.39457014,FTP-Patator
-0.62013185,DoS Hulk
-0.46961048,DDoS
-0.4654979,DDoS
-0.46530175,DDoS
-0.5555578,DoS Hulk
-0.63037366,DoS Hulk
-0.6163127,DoS Hulk
-0.3718287,PortScan
-0.58167166,DDoS
-0.59715337,DDoS
-0.56997657,DoS Hulk
-0.37544012,PortScan
-0.36941415,DDoS
-0.39700878,PortScan
-0.38997835,DDoS
-0.5018942,DoS Hulk
-0.3740664,DDoS
-0.38094723,FTP-Patator
-0.5706343,DoS Hulk
-0.61653584,DDoS
-0.38796657,DDoS
-0.46518022,DDoS
-0.46032614,DDoS
-0.46294758,DoS Hulk
-0.37633947,PortScan
-0.41171843,PortScan
-0.45142508,DoS GoldenEye
-0.6190777,DoS Hulk
-0.4691588,DoS Hulk
-0.40926397,PortScan
-0.4670753,DoS GoldenEye
-0.46094936,DDoS
-0.37411642,PortScan
-0.4095019,SSH-Patator
-0.45974982,DDoS
-0.46261454,DDoS
-0.6168787,DoS Hulk
-0.3934706,PortScan
-0.55506426,DoS Hulk
-0.5657019,DoS Hulk
-0.55763984,DoS Hulk
-0.6247778,DoS Hulk
-0.56408644,DDoS
-0.5525685,DoS Hulk
-0.39072207,PortScan
-0.56856173,DoS Hulk
-0.62195885,DoS Hulk
-0.3900224,PortScan
-0.40067255,PortScan
-0.56008345,DoS Hulk
-0.44819832,DoS GoldenEye
-0.39137155,PortScan
-0.38293263,DDoS
-0.5577029,DoS Hulk
-0.61719567,DoS Hulk
-0.38953218,DDoS
-0.6237957,DoS Hulk
-0.47537494,DDoS
-0.40409088,PortScan
-0.47081053,DDoS
-0.3868045,PortScan
-0.5636456,DoS Hulk
-0.539956,DoS Hulk
-0.61089706,DoS Slowhttptest
-0.3778397,DDoS
-0.4065583,PortScan
-0.37271294,PortScan
-0.47984922,DoS Hulk
-0.45956802,DDoS
-0.6299473,DoS Hulk
-0.5246765,DDoS
-0.61444175,DoS Hulk
-0.37609395,PortScan
-0.5604625,DoS Hulk
-0.3636821,DoS Hulk
-0.4625028,DDoS
-0.5735367,DoS Hulk
-0.5667935,DoS Hulk
-0.38973415,DDoS
-0.40209123,PortScan
-0.3814836,PortScan
-0.630587,DoS Hulk
-0.40760267,PortScan
-0.53465545,DDoS
-0.56531274,DoS Hulk
-0.62792015,DoS Hulk
-0.6693211,DoS slowloris
-0.56965727,DoS Hulk
-0.61989,DoS Hulk
-0.40516973,PortScan
-0.3893192,PortScan
-0.5592442,DoS Hulk
-0.4778895,DDoS
-0.39046592,PortScan
-0.37571996,DDoS
-0.44840446,DoS GoldenEye
-0.5543474,DoS Hulk
-0.46602324,DDoS
-0.45967355,DDoS
-0.379806,PortScan
-0.56130254,DoS Hulk
-0.34946322,DoS Hulk
-0.5642278,DoS Hulk
-0.40890294,SSH-Patator
-0.41736323,PortScan
-0.3746816,PortScan
-0.6273441,DoS Hulk
-0.56079125,DoS Hulk
-0.47640225,DDoS
-0.37481,PortScan
-0.45905697,DDoS
-0.38790205,PortScan
-0.4703244,DDoS
-0.4699827,DDoS
-0.38926873,DDoS
-0.46017602,DDoS
-0.47892138,DDoS
-0.3609116,DoS Hulk
-0.6277013,DoS Hulk
-0.37474716,PortScan
-0.37195343,PortScan
-0.4594495,DDoS
-0.58428556,DDoS
-0.6226955,DoS Hulk
-0.55147755,DoS Hulk
-0.41378874,PortScan
-0.44099653,DoS GoldenEye
-0.5713069,DoS Hulk
-0.5699245,DoS Hulk
-0.41023555,PortScan
-0.47917053,DDoS
-0.564814,DoS Hulk
-0.37214038,PortScan
-0.36552536,DoS Hulk
-0.4701653,DDoS
-0.3743064,PortScan
-0.4695624,DDoS
-0.4699827,DDoS
-0.37497973,PortScan
-0.5597027,DoS Hulk
-0.466708,DDoS
-0.56441575,DoS Hulk
-0.37271866,PortScan
-0.49624354,DoS Hulk
-0.4098244,SSH-Patator
-0.56027293,DoS Hulk
-0.3673796,DoS Hulk
-0.50459546,DoS GoldenEye
-0.39241317,PortScan
-0.38681176,PortScan
-0.55129105,DoS Hulk
-0.46562916,DDoS
-0.6161572,DoS Hulk
-0.4792464,DDoS
-0.3829695,FTP-Patator
-0.3869909,DDoS
-0.6227658,DoS Hulk
-0.3810578,PortScan
-0.4652658,DDoS
-0.47111306,DDoS
-0.39119646,DDoS
-0.5633151,DoS Hulk
-0.38869405,DDoS
-0.59428406,DoS Hulk
-0.6261411,DoS Hulk
-0.43761805,PortScan
-0.43161157,PortScan
-0.6237183,DoS Hulk
-0.58168197,DDoS
-0.5810973,DDoS
-0.35374218,DoS Hulk
-0.3745357,PortScan
-0.39008942,PortScan
-0.5871029,DoS Slowhttptest
-0.46049207,DDoS
-0.56722814,DoS Hulk
-0.38854796,PortScan
-0.5699036,DoS Hulk
-0.56204426,DoS Hulk
-0.45972675,DDoS
-0.3892945,PortScan
-0.47746164,DDoS
-0.39520884,PortScan
-0.63115746,DoS Hulk
-0.36553276,DoS Hulk
-0.3895647,PortScan
-0.38997835,DDoS
-0.48135808,DoS GoldenEye
-0.5730562,DoS Hulk
-0.37195343,PortScan
-0.38185513,PortScan
-0.62410915,DoS Hulk
-0.549421,DoS Hulk
-0.46495804,DDoS
-0.39024228,DDoS
-0.5642278,DoS Hulk
-0.358212,DoS Hulk
-0.35181502,DoS Hulk
-0.36417672,DoS Hulk
-0.56575733,DoS Hulk
-0.45813608,DDoS
-0.3918411,PortScan
-0.55684,DoS Hulk
-0.35257733,DoS Hulk
-0.46065083,DDoS
-0.56866974,DoS Hulk
-0.46245804,DDoS
-0.56291395,DoS Hulk
-0.39185137,DDoS
-0.6220674,DoS Hulk
-0.4089484,DoS slowloris
-0.3869909,DDoS
-0.5468378,DoS Hulk
-0.55379957,DoS Hulk
-0.38443837,DDoS
-0.61820424,DDoS
-0.4695858,DDoS
-0.37511072,DDoS
-0.40798,SSH-Patator
-0.4798138,DoS Hulk
-0.47028035,DoS GoldenEye
-0.630223,DoS Hulk
-0.62061244,DoS Hulk
-0.5708308,DoS Hulk
-0.37271866,PortScan
-0.51797664,DoS GoldenEye
-0.47038594,DDoS
-0.56106734,DoS Hulk
-0.3640858,DoS Hulk
-0.46766523,DoS GoldenEye
-0.36751798,DDoS
-0.6271104,DDoS
-0.5708308,DoS Hulk
-0.49043068,DoS GoldenEye
-0.47537494,DDoS
-0.37389535,PortScan
-0.39680082,Web Attack - Brute Force
-0.55960315,DoS Hulk
-0.3969605,PortScan
-0.41215336,SSH-Patator
-0.6299473,DoS Hulk
-0.6204442,DoS Hulk
-0.62335837,DoS Hulk
-0.45822403,DDoS
-0.47230896,DDoS
-0.359759,DoS Hulk
-0.46389487,DoS Hulk
-0.38796657,DDoS
-0.5544613,DoS Hulk
-0.38854796,PortScan
-0.41151884,PortScan
-0.5645251,DoS Hulk
-0.37195343,PortScan
-0.5728787,DoS Hulk
-0.4710972,DoS Hulk
-0.62071466,DoS Hulk
-0.42226687,PortScan
-0.38997835,DDoS
-0.62334085,DoS Hulk
-0.5655791,DoS Hulk
-0.5522425,DDoS
-0.36985028,PortScan
-0.55770206,DoS Hulk
-0.6269709,DoS Hulk
-0.552491,DoS Hulk
-0.46049207,DDoS
-0.6326834,DoS Hulk
-0.3969605,PortScan
-0.6278148,DoS Hulk
-0.56433713,DoS Hulk
-0.39371476,PortScan
-0.35226145,DoS Hulk
-0.41378874,PortScan
-0.57204586,DoS Hulk
-0.62360907,DoS Hulk
-0.46830344,DDoS
-0.57335645,DoS Hulk
-0.46037602,DDoS
-0.5514421,DoS Hulk
-0.41503385,PortScan
-0.5696964,DoS Hulk
-0.36920732,PortScan
-0.6063892,DDoS
-0.57357347,DoS Hulk
-0.46504095,DDoS
-0.47852343,DoS Hulk
-0.37875447,PortScan
-0.46627852,DDoS
-0.467848,DDoS
-0.5676422,DoS Hulk
-0.39832544,PortScan
-0.62833863,DoS Hulk
-0.37214038,PortScan
-0.37584987,PortScan
-0.5483606,PortScan
-0.55265707,DoS Hulk
-0.38872966,PortScan
-0.5701919,DoS Hulk
-0.61508113,DoS Hulk
-0.56547624,DoS Hulk
-0.45943886,DDoS
-0.63016045,DoS Hulk
-0.40282467,PortScan
-0.5672284,DoS Hulk
-0.4710631,DDoS
-0.35257733,DoS Hulk
-0.47652686,DoS Hulk
-0.39463115,Web Attack - Brute Force
-0.46387205,DDoS
-0.5648392,DoS Hulk
-0.37940836,PortScan
-0.3778397,DDoS
-0.4650229,DDoS
-0.3850625,PortScan
-0.46773887,DDoS
-0.36021554,DoS Hulk
-0.66758525,DoS slowloris
-0.3584844,DoS Hulk
-0.4091675,DoS GoldenEye
-0.37038115,DDoS
-0.37254447,PortScan
-0.3584844,DoS Hulk
-0.62191516,DoS Hulk
-0.6129442,DoS Hulk
-0.3904693,PortScan
-0.37606233,DDoS
-0.46706614,DoS Hulk
-0.38365763,DDoS
-0.37545237,DDoS
-0.62352705,DoS Hulk
-0.3778397,DDoS
-0.56978375,DoS Hulk
-0.45918325,DDoS
-0.39421317,Web Attack - Brute Force
-0.3869909,DDoS
-0.3858941,PortScan
-0.604317,DDoS
-0.39355475,FTP-Patator
-0.3726504,PortScan
-0.4046808,PortScan
-0.5810296,DDoS
-0.35386187,DoS Hulk
-0.57802033,DDoS
-0.3636821,DoS Hulk
-0.5835539,DDoS
-0.56861,DoS Hulk
-0.3748758,DDoS
-0.3840846,SSH-Patator
-0.37671658,PortScan
-0.5560163,DoS Hulk
-0.5664936,DoS Hulk
-0.45982906,DDoS
-0.56999904,DoS Hulk
-0.39457014,FTP-Patator
-0.5642278,DoS Hulk
-0.46121177,DDoS
-0.3492342,DoS Hulk
-0.56073314,DoS Hulk
-0.56706893,DoS Hulk
-0.39189777,PortScan
-0.3629634,DDoS
-0.56092286,DoS Hulk
-0.5510106,DoS Hulk
-0.4652658,DDoS
-0.61829835,DoS Hulk
-0.37379766,PortScan
-0.3611559,DoS Hulk
-0.38681942,PortScan
-0.56711745,DoS Hulk
-0.3685722,Bot
-0.46002498,DDoS
-0.46088615,DDoS
-0.6312899,DoS Hulk
-0.6276186,DoS Hulk
-0.62240636,DoS Hulk
-0.5752241,DoS Hulk
-0.57599705,DoS Hulk
-0.62356997,DoS Hulk
-0.40634492,PortScan
-0.37040904,PortScan
-0.46182626,DDoS
-0.46595764,DDoS
-0.38469857,DDoS
-0.56433713,DoS Hulk
-0.4083013,SSH-Patator
-0.37147653,PortScan
-0.4114003,PortScan
-0.55349743,DoS Hulk
-0.45972675,DDoS
-0.62724125,DoS Hulk
-0.47387344,DoS GoldenEye
-0.5580311,DoS Hulk
-0.6156593,DoS Hulk
-0.40983918,SSH-Patator
-0.5581187,DoS Hulk
-0.55553085,DoS Hulk
-0.6318992,DoS Hulk
-0.5871029,DoS Slowhttptest
-0.5574352,DoS Hulk
-0.3765641,PortScan
-0.6081422,DoS Slowhttptest
-0.6263774,DoS Hulk
-0.51432997,DoS Hulk
-0.57599705,DoS Hulk
-0.4089484,DoS slowloris
-0.5694789,DoS Hulk
-0.5602523,DoS Hulk
-0.5578908,DoS Hulk
-0.3906674,PortScan
-0.5552121,DoS Hulk
-0.38764295,PortScan
-0.6189353,DDoS
-0.38443837,DDoS
-0.47233266,DDoS
-0.48271886,DoS GoldenEye
-0.4046808,PortScan
-0.36868984,PortScan
-0.47553578,DDoS
-0.3584844,DoS Hulk
-0.37315857,PortScan
-0.568863,DoS Hulk
-0.59083414,DDoS
-0.3801192,PortScan
-0.5527838,DoS Hulk
-0.6308018,DoS Hulk
-0.40987533,SSH-Patator
-0.5774419,DoS Hulk
-0.46359593,DDoS
-0.39416602,DDoS
-0.5562343,DoS Hulk
-0.45608255,DoS Hulk
-0.38924575,DDoS
-0.52044076,DoS GoldenEye
-0.37407142,PortScan
-0.56541306,DoS Hulk
-0.39510444,FTP-Patator
-0.47305757,DDoS
-0.40493774,PortScan
-0.56703657,DoS Hulk
-0.36985028,PortScan
-0.5732197,DoS Hulk
-0.38571852,DDoS
-0.39046592,PortScan
-0.5567722,DoS Hulk
-0.39596322,PortScan
-0.40922496,SSH-Patator
-0.6212227,DoS Hulk
-0.3711293,DDoS
-0.38395596,PortScan
-0.38973415,DDoS
-0.6617155,DoS slowloris
-0.39236227,DDoS
-0.3928155,DDoS
-0.5520609,DoS Hulk
-0.55894774,DoS Hulk
-0.45951807,DDoS
-0.56512153,DoS Hulk
-0.3873797,PortScan
-0.5631044,DoS Hulk
-0.47498268,DDoS
-0.5600286,DoS Hulk
-0.5656199,DoS Hulk
-0.49237117,DDoS
-0.6481226,DoS Slowhttptest
-0.45970365,DDoS
-0.6026684,DDoS
-0.5697514,DoS Hulk
-0.57179904,DoS Hulk
-0.5606894,DoS Hulk
-0.5573363,DoS Hulk
-0.49015093,DoS Hulk
-0.39712885,PortScan
-0.5918941,DoS Hulk
-0.4768641,DoS Hulk
-0.627641,DDoS
-0.621736,DoS Hulk
-0.572316,DDoS
-0.36941415,DDoS
-0.47058305,DDoS
-0.37258524,PortScan
-0.553791,DoS Hulk
-0.38393655,PortScan
-0.47493896,DDoS
-0.5647741,DoS Hulk
-0.38553485,PortScan
-0.46356183,DDoS
-0.62195885,DoS Hulk
-0.5750339,DoS Hulk
-0.54500157,DDoS
-0.46510842,DDoS
-0.45967355,DDoS
-0.5636762,DoS Hulk
-0.5615708,DoS Hulk
-0.4711407,DoS GoldenEye
-0.5792405,DDoS
-0.55819,DoS Hulk
-0.39137465,PortScan
-0.5554975,DoS Hulk
-0.5625242,DoS Hulk
-0.62800056,DoS Slowhttptest
-0.62791365,DoS Hulk
-0.5517331,DoS Hulk
-0.35282278,DoS Hulk
-0.5702286,DoS Hulk
-0.5567991,DoS Hulk
-0.55566114,DoS Hulk
-0.46371505,DDoS
-0.46674946,DoS Hulk
-0.59351,DoS Hulk
-0.5713184,DoS Hulk
-0.38973415,DDoS
-0.39033386,PortScan
-0.47624114,DDoS
-0.45967355,DDoS
-0.3640858,DoS Hulk
-0.5641391,DoS Hulk
-0.38293263,DDoS
-0.3880394,PortScan
-0.39457014,FTP-Patator
-0.5871029,DoS Slowhttptest
-0.3869909,DDoS
-0.5494392,DoS Hulk
-0.3921045,PortScan
-0.55191714,DoS Hulk
-0.40803617,PortScan
-0.57411903,DoS Hulk
-0.3591771,DoS Hulk
-0.37547168,PortScan
-0.38790205,PortScan
-0.4073474,PortScan
-0.5725787,DoS Hulk
-0.6282985,DoS Hulk
-0.47111306,DDoS
-0.38641018,PortScan
-0.5583076,DoS Hulk
-0.3640858,DoS Hulk
-0.37497973,PortScan
-0.5635057,DoS Hulk
-0.6339552,DoS Hulk
-0.6229367,DoS Hulk
-0.54845876,DoS Hulk
-0.39008942,PortScan
-0.5946981,DoS Hulk
-0.47290415,DoS GoldenEye
-0.56997657,DoS Hulk
-0.39057404,PortScan
-0.5591095,DoS GoldenEye
-0.35257733,DoS Hulk
-0.34946322,DoS Hulk
-0.53593487,DoS Hulk
-0.377174,DoS GoldenEye
-0.56549704,DoS Hulk
-0.39621574,FTP-Patator
-0.4601172,DDoS
-0.59357953,DoS Hulk
-0.5722342,DDoS
-0.61675185,DoS Hulk
-0.54344034,DoS Hulk
-0.39475617,PortScan
-0.45967355,DDoS
-0.35257733,DoS Hulk
-0.5607402,DoS Hulk
-0.4696884,DDoS
-0.58802354,DoS Hulk
-0.6287372,DoS Hulk
-0.46491832,DDoS
-0.54644036,DDoS
-0.38926873,DDoS
-0.37404624,PortScan
-0.39185137,DDoS
-0.66328436,DoS slowloris
-0.37008533,PortScan
-0.3698173,PortScan
-0.55707496,DoS Hulk
-0.38649374,PortScan
-0.57012707,DDoS
-0.36523,DoS Hulk
-0.4594158,DDoS
-0.40648612,PortScan
-0.4646244,DDoS
-0.57368517,DoS Hulk
-0.38296357,PortScan
-0.46222937,DoS GoldenEye
-0.5556407,DoS Hulk
-0.3868045,PortScan
-0.6499283,DoS Hulk
-0.36751798,DDoS
-0.373057,DDoS
-0.46243504,DDoS
-0.56637925,DoS Hulk
-0.6314408,DoS Hulk
-0.61675185,DoS Hulk
-0.39396146,PortScan
-0.47265235,DDoS
-0.3748758,DDoS
-0.3754916,DDoS
-0.37389535,PortScan
-0.6328975,DoS Hulk
-0.35386187,DoS Hulk
-0.47311231,DDoS
-0.3824313,DDoS
-0.5752318,DDoS
-0.5568557,DoS Hulk
-0.39457014,FTP-Patator
-0.5622216,DoS Hulk
-0.57045186,DoS Hulk
-0.3584844,DoS Hulk
-0.3640858,DoS Hulk
-0.39512947,PortScan
-0.3894972,PortScan
-0.5653875,DoS Hulk
-0.3823326,PortScan
-0.6528843,DoS Hulk
-0.5675904,DoS Hulk
-0.62799215,DoS Hulk
-0.5665488,DoS Hulk
-0.5871029,DoS Slowhttptest
-0.59647745,DoS Hulk
-0.37658992,PortScan
-0.4661208,DDoS
-0.55894774,DoS Hulk
-0.57580227,DoS Hulk
-0.358727,DoS Hulk
-0.38668206,PortScan
-0.54942995,DoS Hulk
-0.48196846,DoS GoldenEye
-0.46832305,DDoS
-0.56252843,DoS Hulk
-0.62229365,DDoS
-0.38339204,PortScan
-0.58113366,DoS slowloris
-0.6347347,DDoS
-0.6277235,DoS Hulk
-0.358727,DoS Hulk
-0.37300184,PortScan
-0.6163127,DoS Hulk
-0.36426774,DDoS
-0.39290515,PortScan
-0.39524403,PortScan
-0.6277408,DoS Hulk
-0.56463164,DoS Hulk
-0.4106767,SSH-Patator
-0.36417672,DoS Hulk
-0.47293824,DDoS
-0.3584844,DoS Hulk
-0.39680082,Web Attack - XSS
-0.56918263,DoS Hulk
-0.39457014,FTP-Patator
-0.38395596,PortScan
-0.5659373,DoS Hulk
-0.47071216,PortScan
-0.46219793,DDoS
-0.56751496,DoS Hulk
-0.558473,DoS Hulk
-0.55333817,DDoS
-0.4696884,DDoS
-0.46002036,DDoS
-0.3860077,PortScan
-0.45931703,DDoS
-0.37669465,DDoS
-0.56374943,DoS Hulk
-0.36751798,DDoS
-0.38910663,PortScan
-0.35386187,DoS Hulk
-0.56375766,DoS Hulk
-0.46781474,DoS Hulk
-0.5979785,DoS Hulk
-0.55961084,DoS Hulk
-0.4905683,DoS Hulk
-0.55778533,DoS Hulk
-0.39137465,PortScan
-0.58692175,DDoS
-0.6297831,DoS Hulk
-0.5638871,DoS Hulk
-0.38948348,PortScan
-0.556223,DoS Hulk
-0.5615708,DoS Hulk
-0.358727,DoS Hulk
-0.54592395,DoS Hulk
-0.37404624,PortScan
-0.4089484,DoS slowloris
-0.46093947,DDoS
-0.44687015,DoS GoldenEye
-0.45943886,DDoS
-0.5418978,DDoS
-0.39189777,PortScan
-0.49801078,DDoS
-0.4623487,DDoS
-0.3591771,DoS Hulk
-0.46126515,DDoS
-0.3695439,PortScan
-0.3920969,DDoS
-0.38668206,PortScan
-0.4606645,DDoS
-0.56521684,DoS Hulk
-0.49671218,DoS Hulk
-0.6220145,DoS Hulk
-0.5616824,DoS Hulk
-0.5703821,DDoS
-0.62791365,DoS Hulk
-0.38668206,PortScan
-0.4014907,PortScan
-0.3748758,DDoS
-0.5700497,DoS Hulk
-0.3928155,DDoS
-0.562279,DoS Hulk
-0.56019783,DoS Hulk
-0.56640923,DoS Hulk
-0.3894972,PortScan
-0.46182626,DDoS
-0.6265468,DoS Hulk
-0.38553485,PortScan
-0.513281,DoS Hulk
-0.37271294,PortScan
-0.62943834,DoS Hulk
-0.61884505,DoS Hulk
-0.5584965,DoS Hulk
-0.5604419,DoS Hulk
-0.48161668,DoS Hulk
-0.38668206,PortScan
-0.38725284,DDoS
-0.5837514,DDoS
-0.61829835,DoS Hulk
-0.6294214,DDoS
-0.485201,DoS GoldenEye
-0.5613878,DoS Hulk
-0.6253863,DoS Hulk
-0.62195885,DoS Hulk
-0.39033386,PortScan
-0.3894972,PortScan
-0.5763755,DoS Hulk
-0.46678668,DDoS
-0.3739449,PortScan
-0.39211658,DDoS
-0.56270695,DoS Hulk
-0.46216753,DoS Hulk
-0.6143294,DoS Hulk
-0.38681942,PortScan
-0.38604227,PortScan
-0.4698694,DoS Hulk
-0.56276447,DoS Hulk
-0.38642764,PortScan
-0.40732613,PortScan
-0.3716476,PortScan
-0.39554715,PortScan
-0.3746955,DDoS
-0.578817,DDoS
-0.38402793,DDoS
-0.4714586,DoS Hulk
-0.56967336,DoS Hulk
-0.62773716,DoS Hulk
-0.5764774,DoS Hulk
-0.4734522,DoS Hulk
-0.4089484,DoS slowloris
-0.36417672,DoS Hulk
-0.56244016,DoS Hulk
-0.55376,DoS Hulk
-0.46952954,DDoS
-0.39497477,DDoS
-0.42884493,SSH-Patator
-0.356614,DDoS
-0.61917907,DoS Hulk
-0.55622256,DoS Hulk
-0.57403314,DDoS
-0.46017602,DDoS
-0.373057,DDoS
-0.3892945,PortScan
-0.43137628,PortScan
-0.47298145,DDoS
-0.56176054,DoS Hulk
-0.66049093,DoS slowloris
-0.39421317,Web Attack - Brute Force
-0.44114575,DoS GoldenEye
-0.5768026,DoS Hulk
-0.48125875,DoS Hulk
-0.6233,DoS Hulk
-0.47540736,DDoS
-0.395213,PortScan
-0.36119622,DDoS
-0.5779841,DDoS
-0.6155247,DoS Hulk
-0.6363279,DoS Hulk
-0.47869113,DDoS
-0.38265863,PortScan
-0.46400347,DDoS
-0.56008345,DoS Hulk
-0.3858941,PortScan
-0.6299758,DoS Hulk
-0.35257733,DoS Hulk
-0.38973415,DDoS
-0.6127353,DoS Hulk
-0.571726,DDoS
-0.3606675,DoS Hulk
-0.56768674,DoS Hulk
-0.45972675,DDoS
-0.5635876,DoS Hulk
-0.39108512,PortScan
-0.47111306,DDoS
-0.58533335,DDoS
-0.5741636,DoS Hulk
-0.35386187,DoS Hulk
-0.5761657,DDoS
-0.38948965,DDoS
-0.38948348,PortScan
-0.55539995,DoS Hulk
-0.46995103,DoS Hulk
-0.3745357,PortScan
-0.38953218,DDoS
-0.3850625,PortScan
-0.47230896,DDoS
-0.5613095,DoS Hulk
-0.63436735,DoS Hulk
-0.56354696,DoS Hulk
-0.3963196,PortScan
-0.56711745,DoS Hulk
-0.37394327,PortScan
-0.384186,PortScan
-0.45878872,DDoS
-0.3859796,DDoS
-0.39026725,PortScan
-0.56337625,DoS Hulk
-0.56141835,DoS Hulk
-0.38286257,PortScan
-0.37411642,PortScan
-0.61427706,DoS Hulk
-0.46497318,DDoS
-0.3892945,PortScan
-0.5543743,DoS Hulk
-0.479354,DoS Hulk
-0.5745954,DDoS
-0.35325864,DoS Hulk
-0.5763233,DDoS
-0.39308137,DDoS
-0.4699827,DDoS
-0.46508962,DDoS
-0.41378874,PortScan
-0.3971251,PortScan
-0.41063678,PortScan
-0.4637491,DDoS
-0.5635732,DoS Hulk
-0.46182626,DDoS
-0.564664,DoS Hulk
-0.371071,PortScan
-0.39119646,DDoS
-0.5030256,DoS Hulk
-0.38713115,Bot
-0.57480294,DDoS
-0.5667558,DoS Hulk
-0.56234294,DoS Hulk
-0.47840855,DoS Hulk
-0.46475738,DDoS
-0.37004226,PortScan
-0.35523584,DDoS
-0.57459784,DoS Hulk
-0.38553485,PortScan
-0.5624125,DoS Hulk
-0.46875504,DDoS
-0.5612239,DoS Hulk
-0.36875457,PortScan
-0.48009375,DoS Hulk
-0.6510835,DoS slowloris
-0.58224374,DDoS
-0.38815022,PortScan
-0.66974056,DoS slowloris
-0.37493622,PortScan
-0.57445395,DDoS
-0.45967355,DDoS
-0.5642278,DoS Hulk
-0.46048748,DDoS
-0.46690565,DoS GoldenEye
-0.580499,DDoS
-0.5840231,DDoS
-0.47341847,DDoS
-0.4614314,DDoS
-0.37206167,PortScan
-0.38365763,DDoS
-0.38774002,DDoS
-0.48556498,DoS Hulk
-0.36417672,DoS Hulk
-0.5892332,DoS Hulk
-0.61858803,DoS Hulk
-0.55704576,DoS Hulk
-0.6286334,DoS Hulk
-0.4652658,DDoS
-0.37389535,PortScan
-0.39185137,DDoS
-0.5656884,DoS Hulk
-0.35587278,DoS Hulk
-0.481831,DoS Hulk
-0.6135801,DoS Hulk
-0.38604227,PortScan
-0.37411642,PortScan
-0.5963812,DDoS
-0.6181831,DoS Hulk
-0.3906674,PortScan
-0.6331065,DoS Hulk
-0.46678668,DDoS
-0.46220255,DDoS
-0.4606112,DDoS
-0.5604775,DoS Hulk
-0.4613713,DDoS
-0.37545237,DDoS
-0.36823773,PortScan
-0.47840855,DoS Hulk
-0.56101435,DoS Hulk
-0.5704799,DoS Hulk
-0.42575887,PortScan
-0.36751798,DDoS
-0.5586216,DoS Hulk
-0.35226145,DoS Hulk
-0.62791365,DoS Hulk
-0.37160718,PortScan
-0.5871029,DoS Slowhttptest
-0.46064788,DDoS
-0.3716899,DDoS
-0.3745357,PortScan
-0.55760974,DoS Hulk
-0.47685158,DDoS
-0.46511537,DDoS
-0.3884345,PortScan
-0.5633528,DoS Hulk
-0.39185137,DDoS
-0.46627852,DDoS
-0.46033633,DDoS
-0.3869909,DDoS
-0.38019487,DDoS
-0.3711293,DDoS
-0.5636964,DoS Hulk
-0.62191516,DoS Hulk
-0.38192004,DDoS
-0.38389805,DDoS
-0.47954538,DoS Hulk
-0.36426774,DDoS
-0.46002498,DDoS
-0.39597467,Web Attack - Brute Force
-0.5799097,DDoS
-0.38997835,DDoS
-0.56122845,DoS Hulk
-0.6140262,DoS Hulk
-0.4083279,PortScan
-0.46769556,DoS GoldenEye
-0.37330917,PortScan
-0.39185137,DDoS
-0.53852934,DDoS
-0.59894854,DoS Hulk
-0.56065214,DoS Hulk
-0.44962215,DoS GoldenEye
-0.5614995,DoS Hulk
-0.5526334,DoS Hulk
-0.61633474,DoS Hulk
-0.6206541,DoS Hulk
-0.39108166,PortScan
-0.38997835,DDoS
-0.3869909,DDoS
-0.41463366,PortScan
-0.46333364,DoS Hulk
-0.5569998,DoS Hulk
-0.40643916,PortScan
-0.38969648,PortScan
-0.37365142,PortScan
-0.5676578,DoS Hulk
-0.34978333,DoS Hulk
-0.3869909,DDoS
-0.6137877,DoS Hulk
-0.3869909,DDoS
-0.38948965,DDoS
-0.3780495,PortScan
-0.4705241,DoS Hulk
-0.37271866,PortScan
-0.63011014,DoS Hulk
-0.56645435,DoS Hulk
-0.44882217,DoS GoldenEye
-0.44674549,DoS slowloris
-0.37481,PortScan
-0.37387338,DDoS
-0.38649374,PortScan
-0.56881154,DoS Hulk
-0.40067255,PortScan
-0.5599135,DoS Hulk
-0.35994184,DoS Hulk
-0.5609299,DoS Hulk
-0.6052821,DDoS
-0.3850625,PortScan
-0.3740664,DDoS
-0.3745357,PortScan
-0.39706936,Web Attack - XSS
-0.38378745,DDoS
-0.6289451,DoS Hulk
-0.47249246,DDoS
-0.5632742,DoS Hulk
-0.5693752,DoS Hulk
-0.61997396,DoS Hulk
-0.5529365,DoS Hulk
-0.45928344,DDoS
-0.39367357,PortScan
-0.57498235,DoS Hulk
-0.46627852,DDoS
-0.4716315,DoS Hulk
-0.38948348,PortScan
-0.56128323,DoS Hulk
-0.3892945,PortScan
-0.568217,DDoS
-0.56716925,DoS Hulk
-0.3850625,PortScan
-0.62951267,DoS Hulk
-0.4675459,DDoS
-0.46049207,DDoS
-0.6150348,DoS Hulk
-0.37404624,PortScan
-0.45982906,DDoS
-0.47804207,DoS Hulk
-0.63246435,DoS Hulk
-0.5584965,DoS Hulk
-0.62841445,DDoS
-0.5678615,DDoS
-0.40972912,Bot
-0.5871029,DoS Slowhttptest
-0.4742208,DoS Hulk
-0.37533414,PortScan
-0.5871029,DoS Slowhttptest
-0.4696884,DDoS
-0.6056073,DoS Hulk
-0.5624125,DoS Hulk
-0.39734364,PortScan
-0.39421317,Web Attack - XSS
-0.6216626,DoS Hulk
-0.36523,DoS Hulk
-0.4089484,DoS slowloris
-0.46592328,PortScan
-0.6155473,DoS Hulk
-0.47249246,DDoS
-0.48061386,DoS Hulk
-0.57685614,DoS Hulk
-0.38872966,PortScan
-0.37407142,PortScan
-0.63016045,DoS Hulk
-0.3977956,PortScan
-0.44833434,DoS Slowhttptest
-0.5568567,DoS Hulk
-0.5735119,DDoS
-0.38856527,PortScan
-0.44697815,DoS GoldenEye
-0.5645616,DoS Hulk
-0.56889415,DoS Hulk
-0.36405137,DoS Hulk
-0.58668244,DoS Hulk
-0.5678788,DoS Hulk
-0.38397294,PortScan
-0.6299473,DoS Hulk
-0.6252479,DDoS
-0.46305367,DDoS
-0.37671658,PortScan
-0.56837547,DoS Hulk
-0.56722814,DoS Hulk
-0.52337134,DoS GoldenEye
-0.4662667,DDoS
-0.3892945,PortScan
-0.4697694,DDoS
-0.3746955,DDoS
-0.55343735,DoS Hulk
-0.384326,DDoS
-0.3521423,DoS Hulk
-0.36447123,DoS Hulk
-0.3802813,PortScan
-0.38395596,PortScan
-0.5688208,DoS Hulk
-0.41112205,PortScan
-0.47104147,DDoS
-0.37407142,PortScan
-0.56085473,DoS Hulk
-0.5871029,DoS Slowhttptest
-0.3716476,PortScan
-0.5829777,DDoS
-0.4602203,DDoS
-0.6221338,DoS Hulk
-0.57052076,DoS Hulk
-0.47201318,DDoS
-0.37559426,PortScan
-0.38571852,DDoS
-0.5706214,DoS Hulk
-0.37545237,DDoS
-0.358727,DoS Hulk
-0.4706465,DDoS
-0.4783644,DDoS
-0.62411827,DoS Hulk
-0.38649374,PortScan
-0.39033386,PortScan
-0.40634492,PortScan
-0.63191843,DDoS
-0.46741357,DoS Hulk
-0.38713768,PortScan
-0.46371505,DDoS
-0.4482516,DoS Slowhttptest
-0.3716899,DDoS
-0.40710047,PortScan
-0.48125875,DoS Hulk
-0.5586555,DoS Hulk
-0.38973415,DDoS
-0.46371868,DDoS
-0.3740664,DDoS
-0.38775948,DDoS
-0.45893565,DDoS
-0.56592953,DoS Hulk
-0.373057,DDoS
-0.3756822,PortScan
-0.36417672,DoS Hulk
-0.46017602,DDoS
-0.3611559,DoS Hulk
-0.5709041,DoS Hulk
-0.3873969,PortScan
-0.37290028,PortScan
-0.46235892,DDoS
-0.57344407,DoS Hulk
-0.3906674,PortScan
-0.43698186,PortScan
-0.39308137,DDoS
-0.4775663,DDoS
-0.5635057,DoS Hulk
-0.4803403,DoS Hulk
-0.55276626,DoS GoldenEye
-0.3584844,DoS Hulk
-0.38215742,FTP-Patator
-0.38649374,PortScan
-0.37007624,PortScan
-0.55418676,DoS Hulk
-0.4687591,DDoS
-0.3770239,DDoS
-0.60108304,DDoS
-0.39734364,PortScan
-0.4754366,DDoS
-0.5459826,DoS Hulk
-0.3932003,PortScan
-0.45806447,DDoS
-0.47905046,DoS Hulk
-0.41126046,PortScan
-0.5543737,DoS Hulk
-0.5622918,DoS Hulk
-0.47889814,DoS Hulk
-0.47548926,DoS Hulk
-0.5628655,DoS Hulk
-0.45813608,DDoS
-0.6212262,DoS Hulk
-0.5529036,DoS Hulk
-0.3951731,FTP-Patator
-0.3904596,PortScan
-0.36447123,DoS Hulk
-0.35257733,DoS Hulk
-0.4381088,PortScan
-0.3951731,FTP-Patator
-0.56439143,DoS Hulk
-0.45931703,DDoS
-0.38749722,DDoS
-0.5696052,DDoS
-0.57786256,DoS Hulk
-0.3640858,DoS Hulk
-0.37300184,PortScan
-0.39457014,FTP-Patator
-0.38241607,FTP-Patator
-0.47038695,DDoS
-0.6248025,DoS Hulk
-0.3967256,PortScan
-0.38215742,FTP-Patator
-0.3876016,PortScan
-0.37130755,PortScan
-0.37525648,DDoS
-0.5662375,DoS Hulk
-0.46369204,DDoS
-0.39430326,FTP-Patator
-0.39457014,FTP-Patator
-0.6295837,DoS Hulk
-0.39355475,Web Attack - XSS
-0.38749722,DDoS
-0.55240273,DoS Hulk
-0.37404624,PortScan
-0.5565809,DoS Hulk
-0.37609416,DDoS
-0.6024071,DDoS
-0.5871029,DoS Slowhttptest
-0.62051076,DoS Hulk
-0.6316228,DoS Hulk
-0.6257489,DoS Hulk
-0.3804893,DDoS
-0.4606645,DDoS
-0.4924374,DDoS
-0.35523584,DDoS
-0.5987836,DDoS
-0.56204426,DoS Hulk
-0.62951267,DoS Hulk
-0.46877894,DDoS
-0.45998466,DDoS
-0.46707755,DDoS
-0.5535519,DoS Hulk
-0.38168088,DDoS
-0.3969605,PortScan
-0.46161768,DDoS
-0.62456644,DoS Hulk
-0.6148342,DoS Slowhttptest
-0.5444922,DoS Hulk
-0.4601806,DDoS
-0.4646951,DDoS
-0.625791,DoS Hulk
-0.561659,DoS Hulk
-0.40409088,PortScan
-0.56144696,DoS Hulk
-0.3716476,PortScan
-0.46970302,DDoS
-0.57605326,DDoS
-0.48265412,DoS Hulk
-0.5627236,DoS Hulk
-0.38443837,DDoS
-0.46187973,DDoS
-0.39308137,DDoS
-0.45360768,DoS GoldenEye
-0.5506242,DoS Hulk
-0.38973415,DDoS
-0.3780495,PortScan
-0.36859265,DDoS
-0.66049093,DoS slowloris
-0.39355475,Web Attack - Brute Force
-0.4602687,DoS Hulk
-0.36021554,DoS Hulk
-0.41503385,PortScan
-0.3746816,PortScan
-0.45893565,DDoS
-0.5600015,DoS Hulk
-0.39497477,DDoS
-0.5548967,DoS Hulk
-0.4692162,DoS GoldenEye
-0.6347967,DoS Hulk
-0.3894972,PortScan
-0.6310051,DoS Hulk
-0.45972675,DDoS
-0.5636892,DoS Hulk
-0.57018083,DDoS
-0.4768307,DoS GoldenEye
-0.44589788,DoS slowloris
-0.37571996,DDoS
-0.47111306,DDoS
-0.560981,DoS Hulk
-0.47579563,DoS Hulk
-0.5416476,DoS Hulk
-0.5717146,DoS Hulk
-0.6033085,DoS Hulk
-0.4152708,DDoS
-0.3770239,DDoS
-0.56122786,DoS Hulk
-0.5733251,DDoS
-0.38790205,PortScan
-0.36417672,DoS Hulk
-0.38940042,DDoS
-0.5664071,DoS Hulk
-0.565504,DoS Hulk
-0.3731829,PortScan
-0.5677616,DoS Hulk
-0.38796657,DDoS
-0.36417672,DoS Hulk
-0.56375766,DoS Hulk
-0.39416602,DDoS
-0.5640063,DoS Hulk
-0.56537336,DoS Hulk
-0.55452204,DoS Hulk
-0.62387246,DoS Hulk
-0.46758595,DDoS
-0.5555879,DoS Hulk
-0.56050324,DoS Hulk
-0.37020597,PortScan
-0.38948965,DDoS
-0.6225467,DoS Hulk
-0.56409913,DoS Hulk
-0.62990206,DoS Hulk
-0.5772007,DoS Hulk
-0.57924664,DDoS
-0.55165654,DoS Hulk
-0.3527325,DDoS
-0.61654323,DoS Hulk
-0.36458558,DoS Hulk
-0.55371153,DoS Hulk
-0.35257733,DoS Hulk
-0.3810578,PortScan
-0.5463361,DoS Hulk
-0.46631482,DoS GoldenEye
-0.39413008,PortScan
-0.39684033,PortScan
-0.38681176,PortScan
-0.45943886,DDoS
-0.5599216,DoS Hulk
-0.36760122,DoS Hulk
-0.44658628,DoS GoldenEye
-0.39033386,PortScan
-0.46627852,DDoS
-0.6246303,DoS Hulk
-0.4121484,PortScan
-0.6187094,DoS Hulk
-0.39457014,FTP-Patator
-0.565255,DoS Hulk
-0.45957124,DDoS
-0.50127435,DoS Hulk
-0.37419605,DoS Hulk
-0.38443837,DDoS
-0.38779643,PortScan
-0.46245804,DDoS
-0.3804331,DDoS
-0.3718287,PortScan
-0.38347113,PortScan
-0.55778533,DoS Hulk
-0.63670284,DDoS
-0.5584965,DoS Hulk
-0.55853796,DoS Hulk
-0.37330917,PortScan
-0.47858325,DDoS
-0.57349116,DoS Hulk
-0.5651887,DoS Hulk
-0.573785,DoS Hulk
-0.3743064,PortScan
-0.38185513,PortScan
-0.6290904,DoS Hulk
-0.5615806,DoS Hulk
-0.5667474,DoS GoldenEye
-0.6235074,DoS Hulk
-0.64221007,DoS slowloris
-0.6324694,DoS Hulk
-0.62373805,DoS Hulk
-0.45972675,DDoS
-0.5673403,DoS Hulk
-0.6213155,DoS Hulk
-0.37726012,PortScan
-0.6224979,DoS Hulk
-0.39238197,DDoS
-0.38997835,DDoS
-0.37300184,PortScan
-0.5863654,DDoS
-0.6281935,DoS Hulk
-0.4803403,DoS Hulk
-0.56319284,DoS Hulk
-0.358212,DoS Hulk
-0.4791938,DDoS
-0.38749722,DDoS
-0.46187973,DDoS
-0.39430326,FTP-Patator
-0.56435037,DoS Hulk
-0.5705111,DoS Hulk
-0.5392036,DoS Hulk
-0.38681176,PortScan
-0.4657558,DDoS
-0.36751798,DDoS
-0.55872697,DoS Hulk
-0.58114666,DDoS
-0.552403,DoS Hulk
-0.56707597,DoS Hulk
-0.62333614,DoS Hulk
-0.39059803,PortScan
-0.4709414,DDoS
-0.38612175,PortScan
-0.3865606,PortScan
-0.3870062,PortScan
-0.38725284,DDoS
-0.39467856,PortScan
-0.38957658,PortScan
-0.6078604,DoS Hulk
-0.5648417,DoS Hulk
-0.38999793,DDoS
-0.61438894,DoS Hulk
-0.5602258,DoS Hulk
-0.39457014,FTP-Patator
-0.38952014,DDoS
-0.36119622,DDoS
-0.37481,PortScan
-0.58684605,DoS Hulk
-0.47553578,DDoS
-0.57401496,DoS Hulk
-0.56965727,DoS Hulk
-0.45972675,DDoS
-0.57655996,DDoS
-0.5578908,DoS Hulk
-0.40162587,PortScan
-0.37300184,PortScan
-0.5564225,DoS Hulk
-0.39529946,PortScan
-0.38452944,PortScan
-0.54941285,DoS Hulk
-0.61604506,DoS Hulk
-0.47129598,DDoS
-0.3734785,PortScan
-0.4013704,PortScan
-0.55147755,DoS Hulk
-0.39238197,DDoS
-0.5640272,DoS Hulk
-0.56153595,DoS Hulk
-0.5871029,DoS Slowhttptest
-0.6178819,DoS Hulk
-0.56575733,DoS Hulk
-0.5753776,DDoS
-0.48839003,DoS slowloris
-0.3896444,DDoS
-0.4148114,PortScan
-0.55726343,DoS Hulk
-0.39211658,DDoS
-0.547799,DoS Hulk
-0.38365763,DDoS
-0.55529547,DoS Hulk
-0.4073474,PortScan
-0.5678432,DoS Hulk
-0.5612616,DoS Hulk
-0.5693752,DoS Hulk
-0.6248187,DoS Hulk
-0.562693,DoS Hulk
-0.6229457,DoS Hulk
-0.46832305,DDoS
-0.46627852,DDoS
-0.5579001,DoS Hulk
-0.58201325,DDoS
-0.4654453,DDoS
-0.4690575,DoS GoldenEye
-0.56092,DoS Hulk
-0.38749722,DDoS
-0.38668206,PortScan
-0.40774056,PortScan
-0.40749338,PortScan
-0.62843204,DDoS
-0.38649374,PortScan
-0.47984546,DDoS
-0.568095,DoS Hulk
-0.3897642,DDoS
-0.35975343,DDoS
-0.39211658,DDoS
-0.56996685,DoS Hulk
-0.39737767,PortScan
-0.3651504,DoS Hulk
-0.39457014,FTP-Patator
-0.43318504,DoS GoldenEye
-0.39014673,DDoS
-0.38365763,DDoS
-0.56743205,DoS Hulk
-0.56963813,DDoS
-0.37577903,PortScan
-0.5653875,DoS Hulk
-0.3894972,PortScan
-0.46080375,DDoS
-0.5561948,DoS Hulk
-0.5580311,DoS Hulk
-0.5530589,DoS Hulk
-0.5756619,DoS Hulk
-0.553397,DoS Hulk
-0.598146,DoS Hulk
-0.48649994,DoS Hulk
-0.62334085,DoS Hulk
-0.40890294,SSH-Patator
-0.56465065,DoS Hulk
-0.57628244,DoS Hulk
-0.46235892,DDoS
-0.5617725,DoS Hulk
-0.38001862,PortScan
-0.5486874,DDoS
-0.46529728,DoS Hulk
-0.56503284,DoS Hulk
-0.5690931,DDoS
-0.36168644,DDoS
-0.37544012,PortScan
-0.5761371,DDoS
-0.46766642,DDoS
-0.55456185,DoS Hulk
-0.37027133,PortScan
-0.3698899,PortScan
-0.3822818,PortScan
-0.5589007,DoS Hulk
-0.55584913,DoS Hulk
-0.5575223,DoS Hulk
-0.46883214,DoS Hulk
-0.38395596,PortScan
-0.37995896,PortScan
-0.3911786,PortScan
-0.59717953,DoS Hulk
-0.38081688,DDoS
-0.34946322,DoS Hulk
-0.46984732,DDoS
-0.3896519,PortScan
-0.39245862,DDoS
-0.562513,DoS Hulk
-0.56624234,DoS Hulk
-0.66328436,DoS slowloris
-0.37954366,Bot
-0.5544613,DoS Hulk
-0.61223394,DDoS
-0.38713768,PortScan
-0.3849396,DDoS
-0.5754128,DoS Hulk
-0.5589461,DoS Hulk
-0.5612008,DoS Hulk
-0.47252756,DoS GoldenEye
-0.55808884,DoS Hulk
-0.55661076,DoS Hulk
-0.376984,PortScan
-0.39467856,PortScan
-0.3858941,PortScan
-0.3850625,PortScan
-0.5580311,DoS Hulk
-0.5705766,DoS Hulk
-0.3609116,DoS Hulk
-0.4062709,PortScan
-0.4089473,PortScan
-0.38926873,DDoS
-0.477223,DDoS
-0.6492198,DoS Slowhttptest
-0.551517,DoS Hulk
-0.57095563,DoS Hulk
-0.37808564,PortScan
-0.47201318,DDoS
-0.3748758,DDoS
-0.56023276,DoS Hulk
-0.38120443,PortScan
-0.38215742,FTP-Patator
-0.38790205,PortScan
-0.6391187,DoS Hulk
-0.48998514,DoS Hulk
-0.5604625,DoS Hulk
-0.4721492,DDoS
-0.47129598,DDoS
-0.3850625,PortScan
-0.57628244,DoS Hulk
-0.6273866,DoS Hulk
-0.38760757,PortScan
-0.48450992,DoS GoldenEye
-0.6131145,DoS Hulk
-0.5638859,DoS Hulk
-0.38725284,DDoS
-0.56462353,DoS Hulk
-0.629127,DoS Hulk
-0.38681176,PortScan
-0.3718287,PortScan
-0.45974982,DDoS
-0.46184823,DDoS
-0.6259063,DoS Hulk
-0.38215742,FTP-Patator
-0.37404624,PortScan
-0.5583789,DoS Hulk
-0.41028428,PortScan
-0.49060884,DoS Hulk
-0.3979598,PortScan
-0.61166066,DoS Hulk
-0.4767449,DDoS
-0.47634465,DDoS
-0.39457014,FTP-Patator
-0.37040904,PortScan
-0.5648417,DoS Hulk
-0.56229955,DoS Hulk
-0.39460108,PortScan
-0.54810536,DoS Hulk
-0.47511914,DDoS
-0.40926397,PortScan
-0.37570646,DDoS
-0.3995538,PortScan
-0.45895886,DDoS
-0.46396425,DDoS
-0.49163485,DoS GoldenEye
-0.41166055,PortScan
-0.56575733,DoS Hulk
-0.35196155,DDoS
-0.60380703,DoS Hulk
-0.36405137,DoS Hulk
-0.467848,DDoS
-0.4695858,DDoS
-0.4731224,DDoS
-0.38571852,DDoS
-0.42489126,PortScan
-0.596212,DoS Hulk
-0.6243552,DoS Hulk
-0.4014907,PortScan
-0.49575725,DoS Hulk
-0.41268843,PortScan
-0.3770464,DoS Hulk
-0.5624413,DoS Hulk
-0.6299473,DoS Hulk
-0.55298126,DoS Hulk
-0.48675752,DoS GoldenEye
-0.5707138,DoS Hulk
-0.39506337,FTP-Patator
-0.6224884,DoS Hulk
-0.411529,PortScan
-0.37519655,PortScan
-0.3894972,PortScan
-0.47440794,DoS GoldenEye
-0.6247519,DoS Hulk
-0.39416602,DDoS
-0.55770206,DoS Hulk
-0.39137465,PortScan
-0.38215742,FTP-Patator
-0.3886779,PortScan
-0.39312765,PortScan
-0.37214038,PortScan
-0.46924123,DDoS
-0.358727,DoS Hulk
-0.3731829,PortScan
-0.36417672,DoS Hulk
-0.37300184,PortScan
-0.37027133,PortScan
-0.5871029,DoS Slowhttptest
-0.46555826,DDoS
-0.6347967,DoS Hulk
-0.5525402,DoS Hulk
-0.4046808,PortScan
-0.5614995,DoS Hulk
-0.47641188,DoS Hulk
-0.46277505,DDoS
-0.38378745,DDoS
-0.36523,DoS Hulk
-0.6129885,DoS Hulk
-0.39245862,DDoS
-0.45967355,DDoS
-0.37525648,DDoS
-0.39072207,PortScan
-0.36475843,DDoS
-0.37040904,PortScan
-0.44154382,DoS GoldenEye
-0.36634117,DoS Hulk
-0.5557457,DoS Hulk
-0.60682213,DoS Slowhttptest
-0.37330917,PortScan
-0.5604625,DoS Hulk
-0.38664594,PortScan
-0.40881124,SSH-Patator
-0.3858941,PortScan
-0.37208053,PortScan
-0.6130621,DoS Slowhttptest
-0.36417672,DoS Hulk
-0.37404624,PortScan
-0.38926873,DDoS
-0.44745728,DoS GoldenEye
-0.3677053,DDoS
-0.58724326,DoS Hulk
-0.5603973,DoS Hulk
-0.46940354,DDoS
-0.39541996,Web Attack - Brute Force
-0.54697233,DoS Hulk
-0.3917652,PortScan
-0.5658933,DoS Hulk
-0.4593386,DDoS
-0.5614488,DoS Hulk
-0.37544012,PortScan
-0.6163657,DoS Hulk
-0.37294647,PortScan
-0.37860498,PortScan
-0.55552375,DoS Hulk
-0.56726784,DoS Hulk
-0.4693117,DDoS
-0.47209457,DDoS
-0.5617948,DoS Hulk
-0.37895754,PortScan
-0.4586528,DDoS
-0.46049207,DDoS
-0.46627852,DDoS
-0.4614314,DDoS
-0.47968692,DoS Hulk
-0.5636964,DoS Hulk
-0.63415277,DoS Hulk
-0.6274537,DoS Hulk
-0.3770239,DDoS
-0.5758926,DoS Hulk
-0.5597855,DoS Hulk
-0.48068616,DoS Hulk
-0.37008533,PortScan
-0.39185137,DDoS
-0.5596106,DoS Hulk
-0.38822916,DDoS
-0.6254284,DoS Hulk
-0.5602223,DoS Hulk
-0.47202402,DDoS
-0.5529036,DoS Hulk
-0.37300184,PortScan
-0.35020688,DDoS
-0.57344407,DoS Hulk
-0.6281985,DDoS
-0.5509864,DoS Hulk
-0.5609299,DoS Hulk
-0.55470043,DoS Hulk
-0.5561149,DoS Hulk
-0.56375766,DoS Hulk
-0.38129961,PortScan
-0.47746164,DDoS
-0.6324932,DoS Hulk
-0.36383662,DoS Hulk
-0.5564225,DoS Hulk
-0.46766642,DDoS
-0.37404624,PortScan
-0.47844502,DoS Hulk
-0.3894972,PortScan
-0.39578366,PortScan
-0.5689027,DoS Hulk
-0.5670213,DoS Hulk
-0.65679705,DoS Hulk
-0.47230896,DDoS
-0.39290515,PortScan
-0.5831632,Bot
-0.4799662,DoS GoldenEye
-0.358727,DoS Hulk
-0.37481,PortScan
-0.5630808,DoS Hulk
-0.39189777,PortScan
-0.5634301,DoS Hulk
-0.5641463,DoS Hulk
-0.51731664,DoS GoldenEye
-0.3928155,DDoS
-0.55019563,DoS Hulk
-0.56531274,DoS Hulk
-0.59112084,DDoS
-0.4057429,PortScan
-0.40973902,PortScan
-0.38713768,PortScan
-0.46627852,DDoS
-0.38269284,DDoS
-0.5555339,DoS Hulk
-0.62976587,DoS Hulk
-0.5502996,DoS Hulk
-0.37379766,PortScan
-0.5648343,DoS Hulk
-0.36015755,DDoS
-0.55717593,DoS Hulk
-0.62227786,DoS Hulk
-0.38833776,PortScan
-0.5599449,DoS Hulk
-0.3640858,DoS Hulk
-0.39460108,PortScan
-0.570711,DoS Hulk
-0.6278148,DoS Hulk
-0.39082396,PortScan
-0.46064788,DDoS
-0.37969112,DDoS
-0.46219793,DDoS
-0.3718287,PortScan
-0.38916466,PortScan
-0.62298346,DoS Hulk
-0.45847842,DDoS
-0.571091,DoS Hulk
-0.48208073,DoS Hulk
-0.3869909,DDoS
-0.38833776,PortScan
-0.47375357,DDoS
-0.36985028,PortScan
-0.38692436,PortScan
-0.47063762,DDoS
-0.48745874,DoS Hulk
-0.62174845,DoS Hulk
-0.5331802,DDoS
-0.448555,DoS Slowhttptest
-0.47394627,DDoS
-0.39008942,PortScan
-0.37407142,PortScan
-0.5941689,DoS Hulk
-0.5708308,DoS Hulk
-0.35897234,DDoS
-0.56276447,DoS Hulk
-0.40520033,PortScan
-0.56549704,DoS Hulk
-0.42961165,PortScan
-0.37511072,DDoS
-0.5688748,DoS Hulk
-0.3892945,PortScan
-0.62370837,DoS Hulk
-0.5604625,DoS Hulk
-0.4089484,DoS slowloris
-0.46123162,DDoS
-0.56585455,DoS Hulk
-0.5615389,DoS Hulk
-0.5643065,DoS Hulk
-0.5618233,DoS Hulk
-0.46391127,DDoS
-0.57698387,DDoS
-0.5510106,DoS Hulk
-0.40867847,PortScan
-0.38178498,DDoS
-0.4403922,DoS GoldenEye
-0.36417672,DoS Hulk
-0.47365087,DoS GoldenEye
-0.5633151,DoS Hulk
-0.36511377,DoS Hulk
-0.38269284,DDoS
-0.46078357,DDoS
-0.39894298,PortScan
-0.56615305,DoS Hulk
-0.4185153,PortScan
-0.563567,DoS Hulk
-0.36537698,DDoS
-0.37206167,PortScan
-0.4180693,DoS GoldenEye
-0.37195343,PortScan
-0.3869909,DDoS
-0.38833776,PortScan
-0.47201318,DDoS
-0.62203014,DoS Hulk
-0.39457014,FTP-Patator
-0.37898675,PortScan
-0.625691,DoS Hulk
-0.38997835,DDoS
-0.38215742,FTP-Patator
-0.46918932,DDoS
-0.36308622,DDoS
-0.39138004,DDoS
-0.5000988,DoS Hulk
-0.5581187,DoS Hulk
-0.38402793,DDoS
-0.34946322,DoS Hulk
-0.4606645,DDoS
-0.47209457,DDoS
-0.3960601,PortScan
-0.47305757,DDoS
-0.56395876,DoS Hulk
-0.6150348,DoS Hulk
-0.37300184,PortScan
-0.5530907,DoS Hulk
-0.4095019,SSH-Patator
-0.6229457,DoS Hulk
-0.5578424,DoS Hulk
-0.5765961,DDoS
-0.62061244,DoS Hulk
-0.5863654,DDoS
-0.62075186,DoS Hulk
-0.61594415,DoS Hulk
-0.37898675,PortScan
-0.66328436,DoS slowloris
-0.57000613,DoS Hulk
-0.36535493,DoS Hulk
-0.3641445,DDoS
-0.55000955,DoS Hulk
-0.38969648,PortScan
-0.45813608,DDoS
-0.37254447,PortScan
-0.45972675,DDoS
-0.37038115,DDoS
-0.38588324,PortScan
-0.38269284,DDoS
-0.3868378,DDoS
-0.63097405,DoS Hulk
-0.39463755,Bot
-0.6402286,DDoS
-0.39771482,DDoS
-0.3719539,PortScan
-0.39975476,PortScan
-0.3965918,PortScan
-0.3967256,PortScan
-0.46124664,DDoS
-0.4685341,DDoS
-0.6236727,DDoS
-0.3869909,DDoS
-0.36537698,DDoS
-0.40619412,PortScan
-0.56826377,DoS Hulk
-0.5593541,DoS Hulk
-0.46691957,DDoS
-0.39217594,PortScan
-0.35963175,DDoS
-0.45967355,DDoS
-0.4631583,DDoS
-0.35386187,DoS Hulk
-0.5789981,DDoS
-0.56959105,DoS Hulk
-0.49992967,DoS Hulk
-0.570199,DoS Hulk
-0.3992048,PortScan
-0.48249426,DoS Hulk
-0.39185137,DDoS
-0.6158676,DoS Hulk
-0.56454134,DoS Hulk
-0.3711984,PortScan
-0.45951807,DDoS
-0.6225467,DoS Hulk
-0.5596312,DoS Hulk
-0.46627852,DDoS
-0.3654457,DoS Hulk
-0.41046184,DoS Hulk
-0.36451846,Web Attack - Brute Force
-0.47193488,DDoS
-0.56035393,DoS Hulk
-0.5407307,DoS Hulk
-0.46927837,DDoS
-0.4871154,DoS GoldenEye
-0.38443837,DDoS
-0.38681224,PortScan
-0.3939239,DDoS
-0.38469857,DDoS
-0.5571769,DoS Hulk
-0.56345576,DoS Hulk
-0.38764295,PortScan
-0.3859941,PortScan
-0.36417672,DoS Hulk
-0.44717523,DoS GoldenEye
-0.3594202,DoS Hulk
-0.39409477,PortScan
-0.5669971,DDoS
-0.4091675,DoS GoldenEye
-0.39556843,PortScan
-0.46481588,DDoS
-0.61337256,DoS Hulk
-0.3938371,PortScan
-0.3727727,DDoS
-0.4165172,PortScan
-0.40890294,SSH-Patator
-0.3804538,PortScan
-0.5561948,DoS Hulk
-0.37545237,DDoS
-0.40648612,PortScan
-0.5701484,DoS Hulk
-0.40756616,SSH-Patator
-0.38395596,PortScan
-0.38817072,PortScan
-0.38668206,PortScan
-0.35257733,DoS Hulk
-0.5752241,DoS Hulk
-0.56637925,DoS Hulk
-0.6135889,DoS Hulk
-0.62951267,DoS Hulk
-0.37226683,PortScan
-0.38713768,PortScan
-0.37714437,DDoS
-0.61461884,DoS Hulk
-0.39008942,PortScan
-0.36920732,PortScan
-0.55867845,DoS Hulk
-0.39657205,PortScan
-0.38997835,DDoS
-0.5561083,DoS Hulk
-0.56119794,DoS Hulk
-0.5626028,DoS Hulk
-0.37504488,PortScan
-0.5492014,DoS Hulk
-0.5615708,DoS Hulk
-0.6121863,DoS Hulk
-0.5584965,DoS Hulk
-0.579792,DDoS
-0.37214038,PortScan
-0.38019487,DDoS
-0.5510702,DoS Hulk
-0.41184747,PortScan
-0.3965918,PortScan
-0.6156902,DoS Hulk
-0.46592164,DDoS
-0.37271294,PortScan
-0.35257733,DoS Hulk
-0.45972675,DDoS
-0.5639484,DoS Hulk
-0.41102892,DDoS
-0.38469857,DDoS
-0.5625899,DoS Hulk
-0.5758926,DoS Hulk
-0.6235839,DoS Hulk
-0.48334858,DoS Hulk
-0.58003604,DDoS
-0.61675185,DoS Hulk
-0.371071,PortScan
-0.39524403,PortScan
-0.5861083,DDoS
-0.5855561,DDoS
-0.5650256,DoS Hulk
-0.4633072,DDoS
-0.57444036,DoS Hulk
-0.38725284,DDoS
-0.5673023,DoS Hulk
-0.37407142,PortScan
-0.39147243,PortScan
-0.37040904,PortScan
-0.38269284,DDoS
-0.4858277,DoS Hulk
-0.62185407,DoS Hulk
-0.5824688,DDoS
-0.38402793,DDoS
-0.35963175,DDoS
-0.5633528,DoS Hulk
-0.61976427,DoS Hulk
-0.61418116,DoS Hulk
-0.48309043,DDoS
-0.4614314,DDoS
-0.39615157,PortScan
-0.4089484,DoS slowloris
-0.37760472,PortScan
-0.56038857,DoS Hulk
-0.61991596,DoS Hulk
-0.5688014,DoS Hulk
-0.4803403,DoS Hulk
-0.46174896,DDoS
-0.47053644,DDoS
-0.5613704,DoS Hulk
-0.5527768,DoS Hulk
-0.3808567,DoS Hulk
-0.3591771,DoS Hulk
-0.40091655,FTP-Patator
-0.36535493,DoS Hulk
-0.38999793,DDoS
-0.46984732,DDoS
-0.47017482,DDoS
-0.38571852,DDoS
-0.6150348,DoS Hulk
-0.47928083,DoS Hulk
-0.37254447,PortScan
-0.56489193,DoS Hulk
-0.47849548,DDoS
-0.38087896,PortScan
-0.39476848,FTP-Patator
-0.39046592,PortScan
-0.40867847,PortScan
-0.39245862,DDoS
-0.5853008,DDoS
-0.38926873,DDoS
-0.56918263,DoS Hulk
-0.56007576,DoS Hulk
-0.39682072,Web Attack - Brute Force
-0.3718287,PortScan
-0.5628119,DoS Hulk
-0.38202813,FTP-Patator
-0.36168644,DDoS
-0.47514302,DDoS
-0.5763245,DDoS
-0.38926873,DDoS
-0.39072207,PortScan
-0.46001264,DDoS
-0.38713768,PortScan
-0.37138048,DDoS
-0.3748758,DDoS
-0.50576466,DDoS
-0.5752241,DoS Hulk
-0.3840472,DDoS
-0.56606925,DoS Hulk
-0.3911786,PortScan
-0.66306,DoS slowloris
-0.38293263,DDoS
-0.56109303,DoS Hulk
-0.38293263,DDoS
-0.5538849,DoS Hulk
-0.46719578,DoS Hulk
-0.37254447,PortScan
-0.47345626,DDoS
-0.6322878,DoS Hulk
-0.37504488,PortScan
-0.3779423,PortScan
-0.5552696,DoS Hulk
-0.44387263,DoS GoldenEye
-0.5590038,DoS Hulk
-0.39046592,PortScan
-0.560665,DoS Hulk
-0.45943886,DDoS
-0.356614,DDoS
-0.39185137,DDoS
-0.39622277,Web Attack - XSS
-0.51824635,DDoS
-0.5614995,DoS Hulk
-0.4827784,DDoS
-0.4598823,DDoS
-0.5718643,DoS Hulk
-0.6207242,DoS Hulk
-0.38662508,PortScan
-0.3921045,PortScan
-0.6028662,DoS Hulk
-0.5567991,DoS Hulk
-0.45972675,DDoS
-0.553397,DoS Hulk
-0.3928374,DDoS
-0.57671976,DoS Hulk
-0.37525648,DDoS
-0.37632984,DDoS
-0.6273441,DoS Hulk
-0.37214038,PortScan
-0.56065214,DoS Hulk
-0.37379766,PortScan
-0.6287324,DoS Hulk
-0.37726012,PortScan
-0.55844355,DoS Hulk
-0.6175339,DoS Hulk
-0.37300184,PortScan
-0.38969648,PortScan
-0.47434247,DDoS
-0.36383662,DoS Hulk
-0.39056984,PortScan
-0.40886936,PortScan
-0.371071,PortScan
-0.38995785,PortScan
-0.5587555,DoS Hulk
-0.49877578,DoS Hulk
-0.40474412,PortScan
-0.46278998,DDoS
-0.5162665,DDoS
-0.48156154,DoS Hulk
-0.40555763,PortScan
-0.45972675,DDoS
-0.38406608,DDoS
-0.5703266,DDoS
-0.57368517,DoS Hulk
-0.57003576,DoS Hulk
-0.6229192,DoS Hulk
-0.467848,DDoS
-0.38389805,DDoS
-0.37649134,PortScan
-0.56537336,DoS Hulk
-0.3802813,PortScan
-0.46622315,DDoS
-0.40890294,SSH-Patator
-0.46088615,DDoS
-0.39887875,PortScan
-0.39615157,PortScan
-0.41743284,PortScan
-0.57324547,DDoS
-0.38713768,PortScan
-0.46740863,DDoS
-0.63194495,DoS Hulk
-0.563197,DoS Hulk
-0.358212,DoS Hulk
-0.5623051,DoS Hulk
-0.36045933,DoS Hulk
-0.466236,DoS Hulk
-0.48731914,DoS Hulk
-0.45761725,DDoS
-0.3711267,PortScan
-0.39072207,PortScan
-0.36920732,PortScan
-0.35677248,DoS Hulk
-0.5636964,DoS Hulk
-0.40801653,PortScan
-0.45943886,DDoS
-0.46063876,DDoS
-0.3745357,PortScan
-0.37411642,PortScan
-0.62794954,DoS Hulk
-0.62378025,DoS Hulk
-0.36417672,DoS Hulk
-0.51898795,DoS GoldenEye
-0.4614177,DDoS
-0.5578906,DoS Hulk
-0.4623543,DDoS
-0.38800246,DDoS
-0.39119935,PortScan
-0.6163127,DoS Hulk
-0.36829937,DDoS
-0.39072207,PortScan
-0.6277321,DoS Hulk
-0.38553485,PortScan
-0.564821,DoS Hulk
-0.3596278,DDoS
-0.61426145,DDoS
-0.3748758,DDoS
-0.39308137,DDoS
-0.37038115,DDoS
-0.38774002,DDoS
-0.3868378,DDoS
-0.38286954,PortScan
-0.54827327,DoS Hulk
-0.4089484,DoS slowloris
-0.39413008,PortScan
-0.5555577,DoS Hulk
-0.39056984,PortScan
-0.37516394,PortScan
-0.45847842,DDoS
-0.4098244,SSH-Patator
-0.5839855,DDoS
-0.371071,PortScan
-0.45943886,DDoS
-0.39022142,PortScan
-0.3968473,DDoS
-0.4778895,DDoS
-0.38395596,PortScan
-0.40756616,SSH-Patator
-0.55299324,DoS Hulk
-0.40491602,PortScan
-0.5625261,DoS Hulk
-0.531808,DDoS
-0.49151334,DDoS
-0.62833863,DoS Hulk
-0.5913698,DDoS
-0.38413656,FTP-Patator
-0.46707162,DDoS
-0.39118612,PortScan
-0.40886936,PortScan
-0.57107115,DoS Hulk
-0.5665082,DoS Hulk
-0.36920732,PortScan
-0.46217245,DDoS
-0.5562343,DoS Hulk
-0.39435592,Bot
-0.47288263,DoS GoldenEye
-0.37918633,PortScan
-0.4695858,DDoS
-0.39238197,DDoS
-0.61254656,DoS Hulk
-0.564664,DoS Hulk
-0.38586807,DDoS
-0.5630808,DoS Hulk
-0.39457014,FTP-Patator
-0.588146,DDoS
-0.55329823,DoS Hulk
-0.65470344,DoS Hulk
-0.39008942,PortScan
-0.46219233,DDoS
-0.4676565,DoS Hulk
-0.5724253,DoS Hulk
-0.42575887,PortScan
-0.56862843,DoS Hulk
-0.38681176,PortScan
-0.47014174,DDoS
-0.45982906,DDoS
-0.35257733,DoS Hulk
-0.39556962,Web Attack - Brute Force
-0.55528265,DoS Hulk
-0.5709041,DoS Hulk
-0.55804396,DoS Hulk
-0.41028428,PortScan
-0.38486904,PortScan
-0.62195885,DoS Hulk
-0.5694763,DDoS
-0.36552215,DDoS
-0.57077086,DoS Hulk
-0.5668583,DoS Hulk
-0.3591771,DoS Hulk
-0.43597332,PortScan
-0.57498235,DoS Hulk
-0.5612589,DoS Hulk
-0.4661208,DDoS
-0.56478614,DoS Hulk
-0.47861022,DDoS
-0.3716899,DDoS
-0.40643916,PortScan
-0.38987657,PortScan
-0.5614271,DoS Hulk
-0.47182763,DDoS
-0.37226683,PortScan
-0.55450207,DoS Hulk
-0.45943886,DDoS
-0.55816716,DoS Hulk
-0.5788851,DDoS
-0.5707033,DoS Hulk
-0.41309825,PortScan
-0.3748758,DDoS
-0.45928344,DDoS
-0.38713768,PortScan
-0.38725284,DDoS
-0.62972564,DoS Hulk
-0.55955625,DoS Hulk
-0.57009834,DoS Hulk
-0.45758742,DDoS
-0.47221616,DDoS
-0.5871029,DoS Slowhttptest
-0.38818792,DDoS
-0.37559426,PortScan
-0.6169605,DoS Hulk
-0.5538693,DoS Hulk
-0.4105111,PortScan
-0.37726012,PortScan
-0.5697357,DDoS
-0.6173781,DoS Hulk
-0.5819768,DDoS
-0.61991596,DoS Hulk
-0.61675185,DoS Hulk
-0.5739758,DoS Hulk
-0.49440458,DoS Hulk
-0.40973607,SSH-Patator
-0.47297603,DDoS
-0.39441875,PortScan
-0.6288461,DoS Hulk
-0.36859265,DDoS
-0.6226955,DoS Hulk
-0.6486652,DoS slowloris
-0.5696964,DoS Hulk
-0.37497973,PortScan
-0.60450035,DoS Hulk
-0.5508183,DoS Hulk
-0.57188725,DDoS
-0.63083124,DoS Hulk
-0.36417672,DoS Hulk
-0.39824158,PortScan
-0.5740366,DDoS
-0.37493622,PortScan
-0.39684033,PortScan
-0.6144198,DoS Hulk
-0.47640225,DDoS
-0.39138004,DDoS
-0.47161567,DDoS
-0.56027293,DoS Hulk
-0.3814836,PortScan
-0.38713768,PortScan
-0.39608172,FTP-Patator
-0.3718287,PortScan
-0.3730943,PortScan
-0.6325271,DoS Hulk
-0.56818426,DoS Hulk
-0.46290633,DoS GoldenEye
-0.5871029,DoS Slowhttptest
-0.45972675,DDoS
-0.46004158,DDoS
-0.5935662,DoS Hulk
-0.3748758,DDoS
-0.62823975,DoS Hulk
-0.47246876,DDoS
-0.4654453,DDoS
-0.46277505,DDoS
-0.46074626,DDoS
-0.3727727,DDoS
-0.38570783,PortScan
-0.37271866,PortScan
-0.46182626,DDoS
-0.3584844,DoS Hulk
-0.36426774,DDoS
-0.3778397,DDoS
-0.6138185,DoS Hulk
-0.4847602,DoS GoldenEye
-0.46829122,DoS GoldenEye
-0.40492627,PortScan
-0.4706465,DDoS
-0.4656028,DDoS
-0.38091174,PortScan
-0.36417672,DoS Hulk
-0.569146,DoS Hulk
-0.37300184,PortScan
-0.39022076,PortScan
-0.57580227,DoS Hulk
-0.5609299,DoS Hulk
-0.3917578,DDoS
-0.6226955,DoS Hulk
-0.36829937,DDoS
-0.5537395,DoS Slowhttptest
-0.39416602,DDoS
-0.3856799,DoS GoldenEye
-0.5634343,DoS Hulk
-0.4706089,DDoS
-0.47075543,DoS GoldenEye
-0.36523,DoS Hulk
-0.5698062,DoS Hulk
-0.56789327,DoS Hulk
-0.3731829,PortScan
-0.37571996,DDoS
-0.5627437,DoS Hulk
-0.39098027,PortScan
-0.5628815,DoS Hulk
-0.56566757,DoS Hulk
-0.39712885,PortScan
-0.5564983,DoS Hulk
-0.56849533,DoS Hulk
-0.373057,DDoS
-0.57513505,DoS Hulk
-0.36417672,DoS Hulk
-0.36553276,DoS Hulk
-0.6078978,DoS Hulk
-0.37257627,Bot
-0.5544907,DoS Hulk
-0.39185137,DDoS
-0.501444,DoS Hulk
-0.57431775,DDoS
-0.37008533,PortScan
-0.55826354,DoS Hulk
-0.37481,PortScan
-0.38467926,DDoS
-0.566386,DoS Hulk
-0.45847842,DDoS
-0.45862526,DDoS
-0.61812025,DoS Hulk
-0.45953405,DDoS
-0.6299387,DoS Hulk
-0.6135889,DoS Hulk
-0.618223,DoS Hulk
-0.40491602,PortScan
-0.46986103,DoS Hulk
-0.3770239,DDoS
-0.37300184,PortScan
-0.56669986,DoS Hulk
-0.5580012,DoS Hulk
-0.39781362,Web Attack - Brute Force
-0.35793936,DDoS
-0.37571996,DDoS
-0.49944144,DoS GoldenEye
-0.61720026,DoS Hulk
-0.4474251,DoS GoldenEye
-0.56685156,DoS Hulk
-0.3629634,DDoS
-0.56451696,DoS Hulk
-0.39046592,PortScan
-0.38779643,PortScan
-0.61675185,DoS Hulk
-0.38713768,PortScan
-0.57580227,DoS Hulk
-0.46497318,DDoS
-0.39108166,PortScan
-0.4595943,DDoS
-0.4301239,PortScan
-0.5584964,DoS Hulk
-0.56637925,DoS Hulk
-0.36417672,DoS Hulk
-0.4686006,DoS Hulk
-0.5613642,DoS Hulk
-0.38919282,PortScan
-0.39291248,PortScan
-0.36045933,DoS Hulk
-0.5676578,DoS Hulk
-0.3865606,PortScan
-0.5837514,DDoS
-0.40353575,PortScan
-0.56465065,DoS Hulk
-0.37671658,PortScan
-0.36417672,DoS Hulk
-0.3733095,DDoS
-0.37226683,PortScan
-0.47470233,DoS Hulk
-0.38973415,DDoS
-0.373057,DDoS
-0.5611197,DoS Hulk
-0.45976046,DDoS
-0.5763245,DDoS
-0.38872966,PortScan
-0.37330917,PortScan
-0.4654559,DDoS
-0.56436175,DoS Hulk
-0.561346,DoS Hulk
-0.56692135,DoS Hulk
-0.5314611,DoS GoldenEye
-0.38905016,PortScan
-0.63306016,DDoS
-0.62352705,DoS Hulk
-0.45862526,DDoS
-0.40890294,SSH-Patator
-0.5675418,DoS Hulk
-0.40710047,PortScan
-0.56300324,DoS Hulk
-0.3941946,PortScan
-0.380191,PortScan
-0.3869909,DDoS
-0.40746114,DoS GoldenEye
-0.4694337,DDoS
-0.5238381,DoS GoldenEye
-0.56252843,DoS Hulk
-0.3869909,DDoS
-0.358727,PortScan
-0.56136066,DoS Hulk
-0.41709715,DoS GoldenEye
-0.5698689,DoS Hulk
-0.46185935,DoS Hulk
-0.38749722,DDoS
-0.58290356,DDoS
-0.41086352,DDoS
-0.6212843,DoS Hulk
-0.57232344,DoS GoldenEye
-0.4593141,DDoS
-0.62186176,DoS Hulk
-0.5631246,DoS Hulk
-0.3859796,DDoS
-0.46627852,DDoS
-0.5794002,DDoS
-0.37387338,DDoS
-0.46699402,DDoS
-0.38467926,DDoS
-0.38395596,PortScan
-0.47733748,DDoS
-0.38413656,FTP-Patator
-0.39180002,PortScan
-0.39008942,PortScan
-0.38293263,DDoS
-0.3850625,PortScan
-0.47634465,DDoS
-0.39980638,PortScan
-0.40466034,PortScan
-0.57619894,DDoS
-0.46002498,DDoS
-0.46185374,DoS Hulk
-0.54076225,DDoS
-0.62991065,DoS Hulk
-0.3731305,PortScan
-0.6229457,DoS Hulk
-0.47260517,DDoS
-0.56392115,DoS Hulk
-0.39008942,PortScan
-0.448555,DoS Slowhttptest
-0.38790205,PortScan
-0.39095148,DDoS
-0.57523507,DDoS
-0.6201257,DoS Hulk
-0.37277108,PortScan
-0.55531275,DoS Hulk
-0.60026264,DDoS
-0.3727727,DDoS
-0.45964584,DoS GoldenEye
-0.61831075,DoS Hulk
-0.57427746,DDoS
-0.46678668,DDoS
-0.3887985,PortScan
-0.5596106,DoS Hulk
-0.5688867,DoS Hulk
-0.4062709,PortScan
-0.50828546,DoS slowloris
-0.5538396,DoS Hulk
-0.627183,DoS Hulk
-0.38469857,DDoS
-0.36920732,PortScan
-0.36564,DoS Hulk
-0.5855314,DDoS
-0.60324377,DDoS
-0.37609395,PortScan
-0.56506264,DoS Hulk
-0.6189691,DoS Hulk
-0.57739604,DoS Hulk
-0.3743064,PortScan
-0.4640336,DDoS
-0.47390297,DDoS
-0.4601199,DDoS
-0.35374218,DoS Hulk
-0.38413656,FTP-Patator
-0.36552536,DoS Hulk
-0.38019487,DDoS
-0.5871029,DoS Slowhttptest
-0.62216926,DoS Hulk
-0.37906745,DoS Hulk
-0.45829108,DDoS
-0.48340288,DoS Hulk
-0.6437199,DoS slowloris
-0.3865606,PortScan
-0.36442366,DoS Hulk
-0.46772498,DDoS
-0.39430326,FTP-Patator
-0.5687541,DoS Hulk
-0.6303823,DoS Hulk
-0.46816465,DDoS
-0.5841831,DDoS
-0.55931836,DoS Hulk
-0.60092455,DDoS
-0.377174,DoS Hulk
-0.4026455,PortScan
-0.56059104,DoS Hulk
-0.55765367,DoS Hulk
-0.62990206,DoS Hulk
-0.47336066,DoS GoldenEye
-0.46002865,DDoS
-0.3870062,PortScan
-0.6210594,DoS Hulk
-0.38748658,PortScan
-0.38269284,DDoS
-0.47784844,DoS Hulk
-0.49551004,DoS Hulk
-0.37807646,DDoS
-0.36417672,DoS Hulk
-0.3892945,PortScan
-0.38790205,PortScan
-0.45911416,DDoS
-0.54101855,DoS Hulk
-0.37404624,PortScan
-0.3981204,PortScan
-0.5432895,DoS Hulk
-0.35257733,DoS Hulk
-0.3748758,DDoS
-0.37571996,DDoS
-0.62153614,DDoS
-0.45972675,DDoS
-0.5871029,DoS Slowhttptest
-0.4655352,DoS GoldenEye
-0.3928155,DDoS
-0.6278309,DoS Hulk
-0.38749722,DDoS
-0.38504303,PortScan
-0.5680526,DDoS
-0.39138004,DDoS
-0.56616014,DoS Hulk
-0.4793414,DoS Hulk
-0.4606645,DDoS
-0.4637491,DDoS
-0.48110482,DDoS
-0.6283878,DoS Hulk
-0.6294214,DDoS
-0.56485504,DoS Hulk
-0.46718317,DDoS
-0.6310051,DoS Hulk
-0.41598153,DoS GoldenEye
-0.4614314,DDoS
-0.37571996,DDoS
-0.38948348,PortScan
-0.66306,DoS slowloris
-0.38019487,DDoS
-0.5499668,DoS Hulk
-0.56491154,DoS Hulk
-0.39308137,DDoS
-0.6288289,DoS Hulk
-0.46382266,DDoS
-0.55872697,DoS Hulk
-0.3912161,DDoS
-0.560665,DoS Hulk
-0.45967355,DDoS
-0.38443837,DDoS
-0.5668295,DoS Hulk
-0.467848,DDoS
-0.39615157,PortScan
-0.6250983,DDoS
-0.46217245,DDoS
-0.57763726,DoS Hulk
-0.5670366,DDoS
-0.56918263,DoS Hulk
-0.3920969,DDoS
-0.37544012,PortScan
-0.37404624,PortScan
-0.6310051,DoS Hulk
-0.4677485,DoS GoldenEye
-0.5758567,DoS Hulk
-0.46875873,DDoS
-0.40734673,PortScan
-0.46922767,DDoS
-0.36021554,DoS Hulk
-0.3648802,SSH-Patator
-0.46627852,DDoS
-0.56085473,DoS Hulk
-0.5086837,PortScan
-0.5655176,DoS Hulk
-0.40544394,PortScan
-0.57513505,DoS Hulk
-0.55311143,DoS Hulk
-0.40735555,PortScan
-0.35963175,DDoS
-0.55603725,DoS Hulk
-0.40162203,PortScan
-0.62454057,DoS Hulk
-0.36564,DoS Hulk
-0.4452687,DoS GoldenEye
-0.4617437,DDoS
-0.5755105,DoS Hulk
-0.37387338,DDoS
-0.5688638,DoS Hulk
-0.5701919,DoS Hulk
-0.4584873,DDoS
-0.6163657,DoS Hulk
-0.55708945,DoS Hulk
-0.51184505,DoS Hulk
-0.3725072,DDoS
-0.38839778,PortScan
-0.56465065,DoS Hulk
-0.3746955,DDoS
-0.3601605,DoS slowloris
-0.409007,PortScan
-0.57064766,DDoS
-0.4601806,DDoS
-0.5442011,DoS Hulk
-0.46328858,DoS GoldenEye
-0.6258203,DoS Hulk
-0.56225103,DoS Hulk
-0.5707033,DoS Hulk
-0.46565208,DDoS
-0.41137964,PortScan
-0.559766,DoS Hulk
-0.38747776,DDoS
-0.38790205,PortScan
-0.36536527,DoS Hulk
-0.5539993,DoS Hulk
-0.39185137,DDoS
-0.39837518,PortScan
-0.56329495,DoS Hulk
-0.5589613,DDoS
-0.6205143,DoS Hulk
-0.4089484,DoS slowloris
-0.61654323,DoS Hulk
-0.56533724,DoS Hulk
-0.46627852,DDoS
-0.48552287,DoS GoldenEye
-0.3963503,PortScan
-0.5255369,DoS Hulk
-0.39095148,DDoS
-0.3895797,PortScan
-0.46126515,DDoS
-0.45749673,DoS GoldenEye
-0.560072,DoS Hulk
-0.5645548,DoS Hulk
-0.59607404,DoS Hulk
-0.371071,PortScan
-0.469003,DDoS
-0.56411564,DoS Hulk
-0.359759,DoS Hulk
-0.5699245,DoS Hulk
-0.5770189,DDoS
-0.5690852,DDoS
-0.39072207,PortScan
-0.37300184,PortScan
-0.39906386,PortScan
-0.38973415,DDoS
-0.3658862,DDoS
-0.6235839,DoS Hulk
-0.45928344,DDoS
-0.47192922,DDoS
-0.39554715,PortScan
-0.38365763,DDoS
-0.5648175,DoS Hulk
-0.36044922,DDoS
-0.4811786,DoS GoldenEye
-0.467848,DDoS
-0.5710536,DoS Hulk
-0.5381395,DoS Hulk
-0.38790205,PortScan
-0.39457014,FTP-Patator
-0.5644187,DoS Hulk
-0.38973415,DDoS
-0.56779623,DoS Hulk
-0.47521415,DDoS
-0.4703649,DDoS
-0.66758525,DoS slowloris
-0.6205197,DoS Hulk
-0.4076231,PortScan
-0.63436735,DoS Hulk
-0.5561149,DoS Hulk
-0.56315315,DoS Hulk
-0.38286954,PortScan
-0.3748758,DDoS
-0.4595943,DDoS
-0.5653831,DoS Hulk
-0.56204176,DoS Hulk
-0.3745357,PortScan
-0.5871029,DoS Slowhttptest
-0.37469432,Bot
-0.5207527,DoS slowloris
-0.63140917,DoS Hulk
-0.4211705,DoS Hulk
-0.39583737,Web Attack - Brute Force
-0.6139142,DoS Hulk
-0.38397294,PortScan
-0.37649134,PortScan
-0.3741416,Bot
-0.38487184,PortScan
-0.57319903,DoS Hulk
-0.46017045,DDoS
-0.3892945,PortScan
-0.5606782,DoS Hulk
-0.3887668,PortScan
-0.46619892,DDoS
-0.61131054,DoS Slowhttptest
-0.37671658,PortScan
-0.37300184,PortScan
-0.6222013,DoS Hulk
-0.35994184,DoS Hulk
-0.371071,PortScan
-0.3718287,PortScan
-0.5602619,DoS Hulk
-0.46017045,DDoS
-0.6259063,DoS Hulk
-0.37387338,DDoS
-0.38843113,DDoS
-0.4874069,DoS Hulk
-0.40409088,PortScan
-0.57862043,DDoS
-0.4770464,DDoS
-0.38973415,DDoS
-0.46719578,DoS Hulk
-0.5593541,DoS Hulk
-0.39185137,DDoS
-0.3629634,DDoS
-0.4102547,PortScan
-0.38953218,DDoS
-0.56439215,DoS Hulk
-0.3814869,DDoS
-0.5633528,DoS Hulk
-0.6247507,DDoS
-0.6239329,DoS Hulk
-0.56273395,DoS Hulk
-0.37649134,PortScan
-0.36417672,DoS Hulk
-0.4697694,DDoS
-0.36523,DoS Hulk
-0.55191976,DoS Hulk
-0.38973415,DDoS
-0.42220488,PortScan
-0.38681176,PortScan
-0.4614177,DDoS
-0.5651962,DoS Hulk
-0.46182483,DDoS
-0.5633805,DoS Hulk
-0.3725314,PortScan
-0.36425182,SSH-Patator
-0.46318284,DDoS
-0.55707496,DoS Hulk
-0.5610897,DoS Hulk
-0.39137465,PortScan
-0.5574352,DoS Hulk
-0.47185352,DDoS
-0.40544394,PortScan
-0.63269204,DoS Hulk
-0.4703244,DDoS
-0.35963175,DDoS
-0.35963175,DDoS
-0.6289413,DoS Hulk
-0.562073,DoS Hulk
-0.36875457,PortScan
-0.47498232,DDoS
-0.3748758,DDoS
-0.559668,DoS Hulk
-0.46602392,DDoS
-0.4593786,DDoS
-0.62081116,DoS Hulk
-0.5614271,DoS Hulk
-0.5705111,DoS Hulk
-0.6204442,DoS Hulk
-0.39608172,FTP-Patator
-0.5755129,DoS Hulk
-0.45972675,DDoS
-0.5546897,DoS Hulk
-0.4626414,DDoS
-0.3892945,PortScan
-0.5690358,DoS Hulk
-0.373057,DDoS
-0.5665641,DoS Hulk
-0.45990536,DDoS
-0.38397294,PortScan
-0.5613617,DoS Hulk
-0.3911786,PortScan
-0.5700844,DoS Hulk
-0.4740633,DDoS
-0.38822916,DDoS
-0.45918325,DDoS
-0.54517627,DDoS
-0.37899682,DDoS
-0.36978298,PortScan
-0.47026902,DDoS
-0.62063193,DoS Hulk
-0.5630739,DoS Hulk
-0.61947966,DDoS
-0.4079187,PortScan
-0.39209715,PortScan
-0.56684476,DoS Hulk
-0.5744718,DDoS
-0.5561948,DoS Hulk
-0.37545237,DDoS
-0.38997835,DDoS
-0.6291291,DDoS
-0.55698746,DoS Hulk
-0.38854796,PortScan
-0.5746483,DDoS
-0.55567497,DoS Hulk
-0.5825677,DDoS
-0.37300184,PortScan
-0.56703657,DoS Hulk
-0.56485504,DoS Hulk
-0.38365763,DDoS
-0.38682896,PortScan
-0.38276243,PortScan
-0.5594371,DoS Hulk
-0.3709213,PortScan
-0.6296153,DoS Hulk
-0.39824158,PortScan
-0.55418676,DoS Hulk
-0.37404624,PortScan
-0.57639384,DDoS
-0.56616014,DoS Hulk
-0.46065083,DDoS
-0.38957658,PortScan
-0.5618012,DoS Hulk
-0.5670087,DoS Hulk
-0.5652538,DoS Hulk
-0.37485412,PortScan
-0.45951807,DDoS
-0.4026455,PortScan
-0.6282985,DoS Hulk
-0.3780495,PortScan
-0.36523,DoS Hulk
-0.4606645,DDoS
-0.38774002,DDoS
-0.37302583,PortScan
-0.57681036,DoS Hulk
-0.47209606,DoS GoldenEye
-0.37565488,PortScan
-0.35516307,DDoS
-0.47311142,DDoS
-0.3640858,DoS Hulk
-0.38932073,PortScan
-0.39723462,Bot
-0.47005767,DoS Hulk
-0.45951807,DDoS
-0.5635364,DoS Hulk
-0.37571996,DDoS
-0.3718287,PortScan
-0.5652757,DoS Hulk
-0.40505302,PortScan
-0.4602687,DoS Hulk
-0.5660504,DoS Hulk
-0.46627852,DDoS
-0.4176072,PortScan
-0.6231629,DoS Hulk
-0.36417672,DoS Hulk
-0.3920969,DDoS
-0.46816465,DDoS
-0.3885274,PortScan
-0.40710047,PortScan
-0.37300184,PortScan
-0.39421317,Web Attack - Brute Force
-0.6146992,DoS Hulk
-0.37411642,PortScan
-0.46037602,DDoS
-0.47928083,DoS Hulk
-0.3591771,DoS Hulk
-0.3746816,PortScan
-0.6170746,DoS Hulk
-0.62499464,DoS Hulk
-0.46184888,DoS Hulk
-0.47249246,DDoS
-0.48137456,DoS Hulk
-0.57011735,DoS Hulk
-0.4699827,DDoS
-0.57124686,DoS Hulk
-0.37290028,PortScan
-0.58800703,DDoS
-0.58257943,DDoS
-0.4598823,DDoS
-0.60107046,DDoS
-0.55661076,DoS Hulk
-0.4664977,DoS Hulk
-0.4685006,DDoS
-0.5776671,DoS Hulk
-0.62855124,DoS Hulk
-0.4617391,DDoS
-0.6163657,DoS Hulk
-0.5701484,DoS Hulk
-0.5673492,DoS Hulk
-0.5635057,DoS Hulk
-0.37411484,PortScan
-0.57955045,DDoS
-0.5951394,DoS Hulk
-0.39421317,Web Attack - Brute Force
-0.4818593,DoS Hulk
-0.39457014,FTP-Patator
-0.5702286,DoS Hulk
-0.5565809,DoS Hulk
-0.38406608,DDoS
-0.5671186,DoS Hulk
-0.56845105,DoS Hulk
-0.6203085,DoS Hulk
-0.5871029,DoS Slowhttptest
-0.62191516,DoS Hulk
-0.40651733,PortScan
-0.57034135,DoS Hulk
-0.39185137,DDoS
-0.5638198,DoS Hulk
-0.4664572,DDoS
-0.62742877,DDoS
-0.48171365,DoS GoldenEye
-0.3872334,DDoS
-0.38818792,DDoS
-0.39072207,PortScan
-0.59912515,DDoS
-0.46187973,DDoS
-0.34849408,DoS Hulk
-0.42701063,PortScan
-0.61654323,DoS Hulk
-0.6165684,DoS Hulk
-0.37271866,PortScan
-0.5476953,DoS Hulk
-0.5871029,DoS Slowhttptest
-0.6239913,DoS Hulk
-0.5548967,DoS Hulk
-0.6210161,DoS Hulk
-0.55509746,DoS Hulk
-0.56918263,DoS Hulk
-0.37532476,PortScan
-0.5722342,DDoS
-0.37726012,PortScan
-0.62143284,DoS Hulk
-0.5564225,DoS Hulk
-0.48339438,DoS GoldenEye
-0.6284903,DoS Hulk
-0.6282783,DDoS
-0.4603867,DDoS
-0.5725787,DoS Hulk
-0.4684619,DDoS
-0.47985962,DDoS
-0.4626593,DDoS
-0.6365769,DoS Hulk
-0.4650229,DDoS
-0.46278998,DDoS
-0.5320288,DoS Hulk
-0.39703935,Bot
-0.37404624,PortScan
-0.3850625,PortScan
-0.63063586,DoS Hulk
-0.55541563,DoS Hulk
-0.39570293,FTP-Patator
-0.5771049,DDoS
-0.56459415,DoS Hulk
-0.3906674,PortScan
-0.56566757,DoS Hulk
-0.559668,DoS Hulk
-0.36523,DoS Hulk
-0.57293457,DoS Hulk
-0.5606043,DoS Hulk
-0.38973415,DDoS
-0.36875457,PortScan
-0.3584844,DoS Hulk
-0.56041896,DoS Hulk
-0.36417672,DoS Hulk
-0.47076812,DDoS
-0.38919282,PortScan
-0.5609299,DoS Hulk
-0.4979797,DoS Hulk
-0.4089484,DoS slowloris
-0.6161572,DoS Hulk
-0.41268843,PortScan
-0.5582199,DoS Hulk
-0.3571587,DDoS
-0.5751058,DDoS
-0.39615157,PortScan
-0.37544012,PortScan
-0.42451742,PortScan
-0.5635057,DoS Hulk
-0.5617285,DDoS
-0.55746585,DoS Hulk
-0.5763245,DDoS
-0.38916466,PortScan
-0.63000983,DoS Hulk
-0.565183,DoS Hulk
-0.37571996,DDoS
-0.58773094,DDoS
-0.40886936,PortScan
-0.55999273,DoS Hulk
-0.38351044,PortScan
-0.553929,DoS Hulk
-0.37515825,Bot
-0.36417672,DoS Hulk
-0.376984,PortScan
-0.37254447,PortScan
-0.6170501,DoS Hulk
-0.5629953,DoS Hulk
-0.6123448,DoS Hulk
-0.55782926,DoS Hulk
-0.5607608,DoS Hulk
-0.38997835,DDoS
-0.41268843,PortScan
-0.47201318,DDoS
-0.49683192,DoS Hulk
-0.3951731,FTP-Patator
-0.36920732,PortScan
-0.621736,DoS Hulk
-0.37271294,PortScan
-0.5591775,DoS Hulk
-0.46952954,DDoS
-0.6206035,DoS Hulk
-0.359759,DoS Hulk
-0.3939239,DDoS
-0.62195885,DoS Hulk
-0.5505071,DoS Hulk
-0.38469857,DDoS
-0.46940354,DDoS
-0.5635057,DoS Hulk
-0.46518022,DDoS
-0.3743064,PortScan
-0.38244867,DDoS
-0.48523057,DoS Hulk
-0.4121692,PortScan
-0.63226557,DoS Hulk
-0.62312996,DoS Hulk
-0.39291248,PortScan
-0.5525793,DoS GoldenEye
-0.4707043,DDoS
-0.60641253,DDoS
-0.40530682,PortScan
-0.564821,DoS Hulk
-0.3727727,DDoS
-0.532806,DoS GoldenEye
-0.37195343,PortScan
-0.62075186,DoS Hulk
-0.56722814,DoS Hulk
-0.55830836,DoS Hulk
-0.6237183,DoS Hulk
-0.37544012,PortScan
-0.56603634,DoS Hulk
-0.61654323,DoS Hulk
-0.4700063,DDoS
-0.56592953,DoS Hulk
-0.3748758,DDoS
-0.4046808,PortScan
-0.6012571,DDoS
-0.3928374,DDoS
-0.3727727,DDoS
-0.56853765,DoS Hulk
-0.36045933,DoS Hulk
-0.4614314,DDoS
-0.56499183,DoS Hulk
-0.55539995,DoS Hulk
-0.4045224,PortScan
-0.3917578,DDoS
-0.3745357,PortScan
-0.3967256,PortScan
-0.6304226,DoS Hulk
-0.61654323,DoS Hulk
-0.3885274,PortScan
-0.38946474,PortScan
-0.35257733,DoS Hulk
-0.40492627,PortScan
-0.58265156,DDoS
-0.61441094,DoS Hulk
-0.5689251,DoS Hulk
-0.5645548,DoS Hulk
-0.4732323,DDoS
-0.37545237,DDoS
-0.5627437,DoS Hulk
-0.57814884,DoS Hulk
-0.4796052,DoS Hulk
-0.4729151,DoS GoldenEye
-0.5769177,DDoS
-0.39468017,Web Attack - Brute Force
-0.37038115,DDoS
-0.3654457,DoS Hulk
-0.5576372,DoS Hulk
-0.38805613,PortScan
-0.48370165,DDoS
-0.38395596,PortScan
-0.63000983,DoS Hulk
-0.46735013,DDoS
-0.45960495,DDoS
-0.53518504,DDoS
-0.47089562,DDoS
-0.45972675,DDoS
-0.38293263,DDoS
-0.46126515,DDoS
-0.47938317,DoS Hulk
-0.5711853,DDoS
-0.38957658,PortScan
-0.37726012,PortScan
-0.38942623,PortScan
-0.56965566,DDoS
-0.3640858,DoS Hulk
-0.38790205,PortScan
-0.39056984,PortScan
-0.5604625,DoS Hulk
-0.36303076,DoS Hulk
-0.39328435,PortScan
-0.45953527,DDoS
-0.3804331,DDoS
-0.55358577,DoS Hulk
-0.6188683,DoS Hulk
-0.4634624,DoS Hulk
-0.6254845,DoS Hulk
-0.63225603,DoS Hulk
-0.39008942,PortScan
-0.38378745,DDoS
-0.6164332,DoS Hulk
-0.3584844,DoS Hulk
-0.62617236,DoS Hulk
-0.47287047,DoS GoldenEye
-0.55274886,DoS Hulk
-0.56596863,DoS Hulk
-0.3836323,PortScan
-0.39684755,PortScan
-0.36442366,DoS Hulk
-0.5543743,DoS Hulk
-0.3872334,DDoS
-0.56065214,DoS Hulk
-0.46078357,DDoS
-0.36552215,DDoS
-0.63267833,DoS Hulk
-0.44680896,DoS slowloris
-0.41023555,PortScan
-0.39059803,PortScan
-0.5701484,DoS Hulk
-0.37822336,DDoS
-0.47537494,DDoS
-0.46761736,DoS Hulk
-0.6286614,DoS Hulk
-0.63101375,DoS Hulk
-0.38725284,DDoS
-0.41378874,PortScan
-0.62461364,DDoS
-0.4899032,DoS Hulk
-0.5546483,DoS Hulk
-0.5630264,DoS Hulk
-0.393615,PortScan
-0.6211057,DDoS
-0.39460108,PortScan
-0.4673774,DoS Hulk
-0.62685037,DoS Hulk
-0.3740664,DDoS
-0.4639615,DDoS
-0.3745357,PortScan
-0.6163127,DoS Hulk
-0.34878424,DoS Hulk
-0.56324583,DoS Hulk
-0.4771835,DoS Hulk
-0.4606645,DDoS
-0.39185137,DDoS
-0.3746955,DDoS
-0.39008942,PortScan
-0.5615498,DoS GoldenEye
-0.57464486,DDoS
-0.5672545,DoS GoldenEye
-0.38973415,DDoS
-0.4598823,DDoS
-0.5799683,DDoS
-0.4092257,PortScan
-0.371071,PortScan
-0.3733095,DDoS
-0.3922842,PortScan
-0.5586052,DoS Hulk
-0.37404624,PortScan
-0.46824995,DoS GoldenEye
-0.4032682,PortScan
-0.47390506,DoS Hulk
-0.56008345,DoS Hulk
-0.46671674,PortScan
-0.46627852,DDoS
-0.36461148,DoS Hulk
-0.5608939,DoS Hulk
-0.37379766,PortScan
-0.40890294,SSH-Patator
-0.6276476,DoS Hulk
-0.4876617,DoS Hulk
-0.62823975,DoS Hulk
-0.37389535,PortScan
-0.4792188,DDoS
-0.5871029,DoS Slowhttptest
-0.38681224,PortScan
-0.38801917,DDoS
-0.56375766,DoS Hulk
-0.4661208,DDoS
-0.37895754,PortScan
-0.6147082,DoS Hulk
-0.5773512,DoS Hulk
-0.48170313,DoS Hulk
-0.39008942,PortScan
-0.45943886,DDoS
-0.6045458,DDoS
-0.5708844,DoS Hulk
-0.39147243,PortScan
-0.38749722,DDoS
-0.4777279,DDoS
-0.5729663,DoS Hulk
-0.38815022,PortScan
-0.3892945,PortScan
-0.3746955,DDoS
-0.39119682,PortScan
-0.37306023,Bot
-0.6239778,DoS Hulk
-0.4228217,PortScan
-0.58237064,DDoS
-0.48165762,DoS Hulk
-0.4693411,DoS Hulk
-0.3917578,DDoS
-0.46417785,DDoS
-0.38486904,PortScan
-0.5580311,DoS Hulk
-0.3870062,PortScan
-0.4703649,DDoS
-0.47987345,DDoS
-0.57482195,DoS Hulk
-0.56065214,DoS Hulk
-0.5671724,DoS Hulk
-0.5626561,DDoS
-0.38774002,DDoS
-0.45918325,DDoS
-0.5647741,DoS Hulk
-0.5591444,DoS Hulk
-0.37858307,PortScan
-0.38779643,PortScan
-0.38649374,PortScan
-0.3712556,DDoS
-0.39720428,PortScan
-0.5648417,DoS Hulk
-0.49507982,DoS Hulk
-0.6302737,DDoS
-0.35226145,DoS Hulk
-0.57628244,DoS Hulk
-0.5531254,DoS Hulk
-0.37497973,PortScan
-0.38389805,DDoS
-0.371071,PortScan
-0.46183634,DDoS
-0.55464894,DoS Hulk
-0.5653875,DoS Hulk
-0.45943886,DDoS
-0.39290515,PortScan
-0.38070622,PortScan
-0.47447097,DDoS
-0.57633203,DDoS
-0.37822336,DDoS
-0.5664168,DoS Hulk
-0.630587,DoS Hulk
-0.47851166,DDoS
-0.62909985,DoS Hulk
-0.63055533,DoS Hulk
-0.3917578,DDoS
-0.47185352,DDoS
-0.46294206,DoS Hulk
-0.3640858,DoS Hulk
-0.6163127,DoS Hulk
-0.56274647,DoS Hulk
-0.57441413,DDoS
-0.39137465,PortScan
-0.43843445,DoS GoldenEye
-0.5633151,DoS Hulk
-0.60824,DoS Slowhttptest
-0.3778397,DDoS
-0.66306,DoS slowloris
-0.5636651,DoS Hulk
-0.3922842,PortScan
-0.58764476,DDoS
-0.5673381,DoS Hulk
-0.560403,DoS Hulk
-0.3880916,PortScan
-0.6016214,DoS Hulk
-0.6232965,DoS Hulk
-0.46655014,DDoS
-0.5707745,DoS Hulk
-0.3951731,FTP-Patator
-0.629897,DoS Hulk
-0.468606,DoS Hulk
-0.46627852,DDoS
-0.46627852,DDoS
-0.58016455,DDoS
-0.57003576,DoS Hulk
-0.4642893,DDoS
-0.38395596,PortScan
-0.571947,DoS Hulk
-0.6301238,DoS Hulk
-0.36045933,DoS Hulk
-0.3730332,PortScan
-0.3869909,DDoS
-0.37300184,PortScan
-0.6284548,DoS Hulk
-0.371071,PortScan
-0.3928155,DDoS
-0.40886936,PortScan
-0.5684948,DoS Hulk
-0.45972675,DDoS
-0.46678543,DDoS
-0.3928155,DDoS
-0.56145763,DoS Hulk
-0.5544613,DoS Hulk
-0.6198078,DoS Hulk
-0.38269284,DDoS
-0.46366894,DoS Hulk
-0.56079125,DoS Hulk
-0.625742,DoS Hulk
-0.564212,DoS Hulk
-0.55023926,DoS Hulk
-0.37027133,PortScan
-0.37533414,PortScan
-0.4759442,DDoS
-0.47042814,DDoS
-0.3690604,DDoS
-0.37143257,PortScan
-0.5985434,DoS Hulk
-0.62551075,DoS Hulk
-0.6308003,DoS Hulk
-0.38430285,DDoS
-0.46956235,DDoS
-0.38872966,PortScan
-0.466471,DDoS
-0.4598823,DDoS
-0.66328436,DoS slowloris
-0.38951263,DDoS
-0.55509484,DoS Hulk
-0.39864138,PortScan
-0.5142332,DoS GoldenEye
-0.5725859,DoS Hulk
-0.6290126,DoS Hulk
-0.5871029,DoS Slowhttptest
-0.37027133,PortScan
-0.37586695,PortScan
-0.45943886,DDoS
-0.38914266,PortScan
-0.56783706,DDoS
-0.5475614,DoS Hulk
-0.37545237,DDoS
-0.4753154,DDoS
-0.62897664,DoS Hulk
-0.5589758,DoS Hulk
-0.3917104,PortScan
-0.37671658,PortScan
-0.48161662,PortScan
-0.62301177,DoS Hulk
-0.38443837,DDoS
-0.48582006,DDoS
-0.39563844,PortScan
-0.5631044,DoS Hulk
-0.56475353,DoS Hulk
-0.3733095,DDoS
-0.422414,PortScan
-0.3864517,PortScan
-0.6169605,DoS Hulk
-0.56361955,DoS Hulk
-0.3734089,PortScan
-0.5594371,DoS Hulk
-0.47297603,DDoS
-0.57724655,DoS Hulk
-0.62808603,DoS Hulk
-0.35257733,DoS Hulk
-0.46327156,DDoS
-0.5582911,DoS Hulk
-0.6266255,DoS Hulk
-0.625691,DoS Hulk
-0.47317982,DDoS
-0.5606984,DoS Hulk
-0.5541562,DoS Hulk
-0.40544394,PortScan
-0.57403314,DDoS
-0.37545237,DDoS
-0.4333358,DoS GoldenEye
-0.56736195,DoS Hulk
-0.5599711,DoS Hulk
-0.3609116,DoS Hulk
-0.41127828,SSH-Patator
-0.4600148,DDoS
-0.39578366,PortScan
-0.5651494,DoS Hulk
-0.56092286,DoS Hulk
-0.5605406,DoS Hulk
-0.5633528,DoS Hulk
-0.5716537,DDoS
-0.5728787,DoS Hulk
-0.39371476,PortScan
-0.6291895,DoS Hulk
-0.39489445,DoS Hulk
-0.4665941,DDoS
-0.5294508,DDoS
-0.57715595,DoS Hulk
-0.562552,DoS Hulk
-0.4650229,DDoS
-0.37571996,DDoS
-0.4609763,DDoS
-0.5659373,DoS Hulk
-0.34978333,DoS Hulk
-0.56587976,DoS Hulk
-0.45293444,DDoS
-0.38815022,PortScan
-0.4600379,DDoS
-0.5702917,DDoS
-0.45972675,DDoS
-0.3892945,PortScan
-0.40062276,PortScan
-0.58118975,DDoS
-0.4614314,DDoS
-0.376984,PortScan
-0.62813413,DoS Hulk
-0.41644132,PortScan
-0.3727727,DDoS
-0.6288175,DoS Hulk
-0.56229556,DoS Hulk
-0.39151987,PortScan
-0.56439143,DoS Hulk
-0.4797319,DoS Hulk
-0.53440946,DDoS
-0.5656884,DoS Hulk
-0.40409088,PortScan
-0.4042276,PortScan
-0.37206167,PortScan
-0.38269284,DDoS
-0.5699303,DDoS
-0.3892945,PortScan
-0.4461383,DoS GoldenEye
-0.39211658,DDoS
-0.55418676,DoS Hulk
-0.6290955,DoS Hulk
-0.5626935,DDoS
-0.3740087,PortScan
-0.5604625,DoS Hulk
-0.5549645,DoS Hulk
-0.6243961,DoS Hulk
-0.37822336,DDoS
-0.4062709,PortScan
-0.3743064,PortScan
-0.5611471,DoS Hulk
-0.39185137,DDoS
-0.37300184,PortScan
-0.39308137,DDoS
-0.46219233,DDoS
-0.57370603,DoS Hulk
-0.40062276,PortScan
-0.5499668,DoS Hulk
-0.3893917,PortScan
-0.5161967,DoS GoldenEye
-0.46783903,DDoS
-0.405998,PortScan
-0.3808758,PortScan
-0.56167233,DoS Hulk
-0.38571852,DDoS
-0.56650573,DoS Hulk
-0.62658936,DoS Hulk
-0.388124,PortScan
-0.5471628,DoS Hulk
-0.36920732,PortScan
-0.5718524,DoS Hulk
-0.37214038,PortScan
-0.61633474,DoS Hulk
-0.47311208,DoS Hulk
-0.56826943,DDoS
-0.47277495,DDoS
-0.39457014,FTP-Patator
-0.37822336,DDoS
-0.5729663,DoS Hulk
-0.41059634,PortScan
-0.35226145,DoS Hulk
-0.56234294,DoS Hulk
-0.46404278,DDoS
-0.38484326,PortScan
-0.3928374,DDoS
-0.5620444,DoS Hulk
-0.38713768,PortScan
-0.38269284,DDoS
-0.51184505,DoS Hulk
-0.63393825,DoS Hulk
-0.38749722,DDoS
-0.43761805,PortScan
-0.5584088,DoS Hulk
-0.5672463,DoS Hulk
-0.3810578,PortScan
-0.3716899,DDoS
-0.46772498,DDoS
-0.4089484,DoS slowloris
-0.4660412,DDoS
-0.3496938,Web Attack - XSS
-0.563567,DoS Hulk
-0.5558581,DoS Hulk
-0.46073025,DDoS
-0.37545237,DDoS
-0.38433313,PortScan
-0.6314718,DoS Hulk
-0.4638852,DDoS
-0.45982906,DDoS
-0.55321044,DoS Hulk
-0.62191516,DoS Hulk
-0.49591795,DoS Hulk
-0.37313393,PortScan
-0.5825677,DDoS
-0.5627164,DoS Hulk
-0.38713768,PortScan
-0.42420635,PortScan
-0.5635847,DoS Hulk
-0.45972675,DDoS
-0.563567,DoS Hulk
-0.37034997,PortScan
-0.4602203,DDoS
-0.38668206,PortScan
-0.66462964,DoS Hulk
-0.4721492,DDoS
-0.36417672,DoS Hulk
-0.36645877,PortScan
-0.56252843,DoS Hulk
-0.3882901,PortScan
-0.6169605,DoS Hulk
-0.4685478,DDoS
-0.63225603,DoS Hulk
-0.37181035,PortScan
-0.5712934,DoS Hulk
-0.6293708,DoS Hulk
-0.37072557,PortScan
-0.4614314,DDoS
-0.4572842,DoS Hulk
-0.38452944,PortScan
-0.6157184,DoS Hulk
-0.6241822,DoS Hulk
-0.49338403,DoS GoldenEye
-0.5705778,DoS Hulk
-0.624542,DoS Hulk
-0.4089473,PortScan
-0.38774002,DDoS
-0.38942623,PortScan
-0.56077474,DoS Hulk
-0.47714,DoS Hulk
-0.5611197,DoS Hulk
-0.4699827,DDoS
-0.46805543,DDoS
-0.58001643,DDoS
-0.3868045,PortScan
-0.5599749,DoS Hulk
-0.48234463,DDoS
-0.5262263,DoS Hulk
-0.6142339,DoS Hulk
-0.3741792,PortScan
-0.6159751,DoS Hulk
-0.6248666,DoS Hulk
-0.6259027,DoS Hulk
-0.3872334,DDoS
-0.38681176,PortScan
-0.63086295,DoS Hulk
-0.56169045,DoS Hulk
-0.3620537,DDoS
-0.36417672,DoS Hulk
-0.5570354,DoS Hulk
-0.3521423,DoS Hulk
-0.4062709,PortScan
-0.3860077,PortScan
-0.6239329,DoS Hulk
-0.46049207,DDoS
-0.5517859,DDoS
-0.3648639,DoS Hulk
-0.37474716,PortScan
-0.37559426,PortScan
-0.40613675,PortScan
-0.3864517,PortScan
-0.37481,PortScan
-0.36479372,DoS Hulk
-0.36523,DoS Hulk
-0.57052076,DoS Hulk
-0.39238197,DDoS
-0.3725072,DDoS
-0.3868045,PortScan
-0.39468017,Web Attack - XSS
-0.5517151,DoS Hulk
-0.4641328,DDoS
-0.5722394,DoS Hulk
-0.3887289,PortScan
-0.46126166,DDoS
-0.3868045,PortScan
-0.4748571,DDoS
-0.55769235,DoS Hulk
-0.39046592,PortScan
-0.36823773,PortScan
-0.5811694,DDoS
-0.38443837,DDoS
-0.57102394,DoS Hulk
-0.4669529,DDoS
-0.57003576,DoS Hulk
-0.39457014,FTP-Patator
-0.5542738,DoS Hulk
-0.5547558,DoS Hulk
-0.46689978,DDoS
-0.3872334,DDoS
-0.46730393,DDoS
-0.36425182,SSH-Patator
-0.55853796,DoS Hulk
-0.49318063,DoS Hulk
-0.3688108,DDoS
-0.36015674,DoS Hulk
-0.36601955,DoS Hulk
-0.40922496,SSH-Patator
-0.5525793,DoS GoldenEye
-0.37254447,PortScan
-0.6152429,DoS Hulk
-0.4702058,DDoS
-0.4509213,DoS GoldenEye
-0.3943041,DDoS
-0.62887406,DoS Hulk
-0.5674276,DoS Hulk
-0.3746955,DDoS
-0.46719205,DDoS
-0.39290515,PortScan
-0.3894972,PortScan
-0.6208664,DoS Hulk
-0.5612589,DoS Hulk
-0.55854326,DoS Hulk
-0.3746816,PortScan
-0.57636493,DDoS
-0.45943886,DDoS
-0.37404624,PortScan
-0.5663572,DoS Hulk
-0.48079038,DDoS
-0.37404624,PortScan
-0.4090413,SSH-Patator
-0.4616818,DDoS
-0.5820468,DDoS
-0.62976587,DoS Hulk
-0.38969648,PortScan
-0.40803617,PortScan
-0.6314005,DoS Hulk
-0.39046592,PortScan
-0.46705776,DDoS
-0.40890294,SSH-Patator
-0.46217245,DDoS
-0.3965698,PortScan
-0.37719682,PortScan
-0.5583789,DoS Hulk
-0.38215742,FTP-Patator
-0.5550381,DoS Hulk
-0.38215742,FTP-Patator
-0.58217365,DDoS
-0.6232509,DDoS
-0.4598823,DDoS
-0.4696884,DDoS
-0.6148342,DoS Slowhttptest
-0.5628815,DoS Hulk
-0.46724483,DoS Hulk
-0.38790205,PortScan
-0.62287843,DoS Hulk
-0.6182981,DoS Hulk
-0.3869909,DDoS
-0.46570542,DDoS
-0.38790205,PortScan
-0.37733847,DDoS
-0.38269284,DDoS
-0.3786885,PortScan
-0.37387338,DDoS
-0.38790205,PortScan
-0.56587154,DoS Hulk
-0.5673939,DoS Hulk
-0.62687606,DoS Hulk
-0.39245862,DDoS
-0.3875814,PortScan
-0.39680082,Web Attack - Brute Force
-0.37404624,PortScan
-0.6102056,DoS Hulk
-0.6033584,DoS Hulk
-0.6299473,DoS Hulk
-0.6163436,DoS Hulk
-0.5619438,DoS Hulk
-0.38950065,PortScan
-0.37284032,PortScan
-0.4370637,DoS GoldenEye
-0.4612008,DDoS
-0.39008942,PortScan
-0.37027133,PortScan
-0.45822698,DDoS
-0.39457014,FTP-Patator
-0.3892945,PortScan
-0.570716,DoS Hulk
-0.5741559,DoS Hulk
-0.61716926,DoS Hulk
-0.47204635,DDoS
-0.36447123,DoS Hulk
-0.56606925,DoS Hulk
-0.40890294,SSH-Patator
-0.45124346,DoS GoldenEye
-0.38948348,PortScan
-0.39185137,DDoS
-0.61928815,DoS Hulk
-0.6297343,DoS Hulk
-0.48036104,DoS Hulk
-0.3949473,Web Attack - Brute Force
-0.3609116,DoS Hulk
-0.3746955,DDoS
-0.62897664,DoS Hulk
-0.63290614,DoS Hulk
-0.38498986,PortScan
-0.5595913,DDoS
-0.5574352,DoS Hulk
-0.45972675,DDoS
-0.45652083,DDoS
-0.3859796,DDoS
-0.47208178,DDoS
-0.56375766,DoS Hulk
-0.5682585,DoS Hulk
-0.630223,DoS Hulk
-0.37544012,PortScan
-0.5653875,DoS Hulk
-0.5691329,DoS Hulk
-0.4793414,DoS Hulk
-0.45967954,DDoS
-0.57580227,DoS Hulk
-0.57063776,DoS Hulk
-0.5241374,DDoS
-0.3716899,DDoS
-0.37472734,PortScan
-0.37192735,Bot
-0.62061197,DoS Hulk
-0.3640858,DoS Hulk
-0.3928155,DDoS
-0.46559826,DDoS
-0.3718287,PortScan
-0.57406545,DDoS
-0.38486904,PortScan
-0.51550186,DoS GoldenEye
-0.37179396,PortScan
-0.6178278,DoS Hulk
-0.45878872,DDoS
-0.3870062,PortScan
-0.46271828,DDoS
-0.37388498,PortScan
-0.56027293,DoS Hulk
-0.55270743,DoS Hulk
-0.41112205,PortScan
-0.5586854,DoS Hulk
-0.4726429,DDoS
-0.37649134,PortScan
-0.3594202,DoS Hulk
-0.563522,DoS Hulk
-0.5705778,DoS Hulk
-0.45971417,DoS Hulk
-0.3921045,PortScan
-0.3718287,PortScan
-0.6484458,DoS slowloris
-0.6285703,DDoS
-0.6237627,DoS Hulk
-0.63086295,DoS Hulk
-0.46126515,DDoS
-0.66049093,DoS slowloris
-0.4034706,PortScan
-0.56585896,DoS Hulk
-0.5727214,DoS Hulk
-0.38495892,DDoS
-0.56068057,DoS Hulk
-0.6258913,DoS Hulk
-0.36875457,PortScan
-0.4792207,DDoS
-0.3872334,DDoS
-0.5646128,DoS Hulk
-0.3745357,PortScan
-0.46187973,DDoS
-0.38395596,PortScan
-0.47209457,DDoS
-0.40651733,PortScan
-0.4089484,DoS slowloris
-0.5735397,DoS Hulk
-0.5619119,DoS Hulk
-0.5727652,DoS Hulk
-0.6235839,DoS Hulk
-0.5704284,DoS Hulk
-0.4768604,DDoS
-0.5602523,DoS Hulk
-0.3806906,DDoS
-0.5855138,DDoS
-0.6331122,DoS Hulk
-0.3868045,PortScan
-0.38713768,PortScan
-0.46476126,DDoS
-0.555182,DoS Hulk
-0.4876617,DoS Hulk
-0.6206541,DoS Hulk
-0.5590038,DoS Hulk
-0.5582199,DoS Hulk
-0.56234294,DoS Hulk
-0.62551075,DoS Hulk
-0.3780495,PortScan
-0.3850625,PortScan
-0.4724372,DoS Hulk
-0.5653875,DoS Hulk
-0.4784945,DDoS
-0.6001353,DoS Hulk
-0.41463828,PortScan
-0.61792296,DoS Hulk
-0.46732494,DDoS
-0.66713375,DoS slowloris
-0.38081688,DDoS
-0.46245804,DDoS
-0.38596022,DDoS
-0.45943886,DDoS
-0.55765367,DoS Hulk
-0.38919282,PortScan
-0.573813,DDoS
-0.5761805,DoS Hulk
-0.37497973,PortScan
-0.5653875,DoS Hulk
-0.5587116,DoS Hulk
-0.3967256,PortScan
-0.38973415,DDoS
-0.5668676,DoS Hulk
-0.55993474,DoS Hulk
-0.35516307,DDoS
-0.47315058,DoS Hulk
-0.37565488,PortScan
-0.5572365,DoS Hulk
-0.5000988,DoS Hulk
-0.38764295,PortScan
-0.39119935,PortScan
-0.6169385,DoS Hulk
-0.38097498,DDoS
-0.35985518,DoS Hulk
-0.47537494,DDoS
-0.46416852,DDoS
-0.4597259,DDoS
-0.5680445,DoS Hulk
-0.4089484,DoS slowloris
-0.38872966,PortScan
-0.4652658,DDoS
-0.3938371,PortScan
-0.38947195,PortScan
-0.37666214,PortScan
-0.5695747,DoS Hulk
-0.62521684,DoS Hulk
-0.36417672,DoS Hulk
-0.4089473,PortScan
-0.57329714,DoS Hulk
-0.47634465,DDoS
-0.37497973,PortScan
-0.5588445,DoS Hulk
-0.61703706,DoS Hulk
-0.36442366,DoS Hulk
-0.63006055,DDoS
-0.58566386,DDoS
-0.4777279,DDoS
-0.359759,DoS Hulk
-0.38932073,PortScan
-0.6151242,DoS Hulk
-0.46986103,DoS Hulk
-0.6237261,DDoS
-0.5695312,DoS Hulk
-0.6299473,DoS Hulk
-0.61982274,DoS Hulk
-0.64221007,DoS slowloris
-0.48200482,DoS Hulk
-0.39612797,PortScan
-0.56113976,DoS Hulk
-0.3868378,DDoS
-0.36511377,DoS Hulk
-0.39324936,FTP-Patator
-0.384326,DDoS
-0.38215742,FTP-Patator
-0.5710536,DoS Hulk
-0.6693211,DoS slowloris
-0.48241657,DoS GoldenEye
-0.37481,PortScan
-0.38747415,PortScan
-0.5623382,DoS Hulk
-0.5634549,DoS Hulk
-0.37277108,PortScan
-0.37713084,PortScan
-0.46631318,DDoS
-0.46064788,DDoS
-0.3746955,DDoS
-0.6259027,DoS Hulk
-0.39441875,PortScan
-0.6223361,DoS Hulk
-0.56667584,DoS Hulk
-0.63413185,DDoS
-0.5546289,DoS Hulk
-0.39416462,FTP-Patator
-0.37226683,PortScan
-0.61654323,DoS Hulk
-0.37180337,PortScan
-0.47748584,DoS Hulk
-0.47435012,DDoS
-0.39781362,Web Attack - XSS
-0.56897604,DoS Hulk
-0.55368197,DoS Hulk
-0.52781194,DoS Hulk
-0.35386187,DoS Hulk
-0.5537379,DoS Hulk
-0.5656884,DoS Hulk
-0.37511072,DDoS
-0.37179396,PortScan
-0.37315857,PortScan
-0.56373847,DoS Hulk
-0.46050605,DDoS
-0.37511072,DDoS
-0.44517818,DoS GoldenEye
-0.45972675,DDoS
-0.6226642,DoS Hulk
-0.61815417,DoS Hulk
-0.3859796,DDoS
-0.38926873,DDoS
-0.4601403,DDoS
-0.57237226,DoS Hulk
-0.5871029,DoS Slowhttptest
-0.3727727,DDoS
-0.3869909,DDoS
-0.36479372,DoS Hulk
-0.5542738,DoS Hulk
-0.55362463,DoS Hulk
-0.38725284,DDoS
-0.39217594,PortScan
-0.6375108,DDoS
-0.37300184,PortScan
-0.5653875,DoS Hulk
-0.5722759,DoS Hulk
-0.3490916,DoS Hulk
-0.46862987,DDoS
-0.45987183,DDoS
-0.3874955,DDoS
-0.46636933,DDoS
-0.6297343,DoS Hulk
-0.38649374,PortScan
-0.37726012,PortScan
-0.3709213,PortScan
-0.3850625,PortScan
-0.46240854,DDoS
-0.63073915,DoS Hulk
-0.4748571,DDoS
-0.37559426,PortScan
-0.57797086,DoS Hulk
-0.3697595,PortScan
-0.39146513,PortScan
-0.5644164,DoS Hulk
-0.59195685,DoS Hulk
-0.5741559,DoS Hulk
-0.47201318,DDoS
-0.38553485,PortScan
-0.550798,DoS Hulk
-0.3894972,PortScan
-0.57219785,DoS Hulk
-0.39290515,PortScan
-0.6156593,DoS Hulk
-0.48037222,DDoS
-0.37481,PortScan
-0.64221007,DoS slowloris
-0.3963654,PortScan
-0.36859265,DDoS
-0.5643065,DoS Hulk
-0.3711293,DDoS
-0.47867182,DoS Hulk
-0.56162214,DoS Hulk
-0.3748758,DDoS
-0.4060865,PortScan
-0.37779528,PortScan
-0.47175783,DDoS
-0.5557457,DoS Hulk
-0.45972675,DDoS
-0.5635057,DoS Hulk
-0.50385785,DoS Hulk
-0.5639484,DoS Hulk
-0.61633474,DoS Hulk
-0.3770239,DDoS
-0.3778397,DDoS
-0.62454057,DoS Hulk
-0.45951807,DDoS
-0.37485412,PortScan
-0.46831468,DDoS
-0.45972675,DDoS
-0.46219233,DDoS
-0.6071342,DoS Hulk
-0.39468017,Web Attack - Brute Force
-0.3844267,PortScan
-0.42163005,PortScan
-0.6002415,DoS Hulk
-0.37593,PortScan
-0.6277013,DoS Hulk
-0.56439215,DoS Hulk
-0.57417333,DoS Hulk
-0.39043072,PortScan
-0.62930834,DoS Hulk
-0.54615134,DoS Hulk
-0.62776864,DoS Hulk
-0.47307223,DDoS
-0.5768026,DoS Hulk
-0.5609506,DoS Hulk
-0.3726731,PortScan
-0.3869909,DDoS
-0.61601627,DoS Hulk
-0.37887534,DDoS
-0.37130755,PortScan
-0.4699206,DoS Hulk
-0.58666706,DDoS
-0.34946322,DoS Hulk
-0.6198989,DDoS
-0.39537063,FTP-Patator
-0.3773076,PortScan
-0.38845065,DDoS
-0.39246944,PortScan
-0.3870062,PortScan
-0.41112205,PortScan
-0.38469857,DDoS
-0.6169605,DoS Hulk
-0.38833776,PortScan
-0.38741285,PortScan
-0.5565809,DoS Hulk
-0.3850625,PortScan
-0.46687979,DoS Hulk
-0.38553485,PortScan
-0.56705445,DoS Hulk
-0.61045104,DoS Hulk
-0.63549936,DoS Hulk
-0.5685979,DoS Hulk
-0.47104147,DDoS
-0.5481288,DoS Hulk
-0.3969246,PortScan
-0.37493622,PortScan
-0.38924575,DDoS
-0.37404624,PortScan
-0.6036703,DoS Hulk
-0.5612589,DoS Hulk
-0.38969648,PortScan
-0.3754916,DDoS
-0.5446502,DoS Hulk
-0.37300184,PortScan
-0.472421,DoS GoldenEye
-0.39686024,PortScan
-0.47479913,DoS Hulk
-0.5580311,DoS Hulk
-0.5620321,DoS Hulk
-0.6226978,DoS Hulk
-0.5752241,DoS Hulk
-0.46182626,DDoS
-0.38997835,DDoS
-0.5605869,DoS Hulk
-0.45943886,DDoS
-0.39457014,FTP-Patator
-0.5707033,DoS Hulk
-0.37300184,PortScan
-0.5473762,DoS Hulk
-0.5639484,DoS Hulk
-0.56361955,DoS Hulk
-0.3740664,DDoS
-0.38571852,DDoS
-0.38553485,PortScan
-0.6167298,DoS Hulk
-0.46277106,DDoS
-0.55818874,DoS Hulk
-0.5565455,DoS Hulk
-0.46826035,DoS Hulk
-0.51149976,DoS Hulk
-0.3896519,PortScan
-0.38969648,PortScan
-0.47657922,DoS GoldenEye
-0.5614583,DoS Hulk
-0.37671658,PortScan
-0.37571996,DDoS
-0.3799737,PortScan
-0.3725072,DDoS
-0.55509746,DoS Hulk
-0.46678668,DDoS
-0.55975497,DoS Hulk
-0.56347364,DoS Hulk
-0.6222943,DoS Hulk
-0.3535035,DDoS
-0.38790205,PortScan
-0.4301239,PortScan
-0.5777534,DDoS
-0.3969605,PortScan
-0.38087896,PortScan
-0.46880233,DDoS
-0.43488938,DoS GoldenEye
-0.5961922,DDoS
-0.5678112,DoS Hulk
-0.56375766,DoS Hulk
-0.47394627,DDoS
-0.46049207,DDoS
-0.38215742,FTP-Patator
-0.47249246,DDoS
-0.6269659,DoS Hulk
-0.38269284,DDoS
-0.36498168,DoS Hulk
-0.46080375,DDoS
-0.469153,DDoS
-0.5573383,DoS Hulk
-0.3951731,FTP-Patator
-0.36535493,DoS Hulk
-0.55775136,DoS Hulk
-0.44847476,DoS GoldenEye
-0.39863056,DoS Hulk
-0.6127285,DoS Hulk
-0.39457014,FTP-Patator
-0.6188683,DoS Hulk
-0.3965918,PortScan
-0.6310627,DoS Hulk
-0.3858941,PortScan
-0.37229812,PortScan
-0.57696074,DoS Hulk
-0.4617235,DDoS
-0.61611146,DoS Hulk
-0.46285066,DDoS
-0.39509946,PortScan
-0.568903,DoS Hulk
-0.37290028,PortScan
-0.53836703,DoS GoldenEye
-0.5595667,DoS Hulk
-0.38781604,PortScan
-0.37544012,PortScan
-0.4695858,DDoS
-0.3711293,DDoS
-0.39056984,PortScan
-0.57382,DDoS
-0.39308137,DDoS
-0.38215742,FTP-Patator
-0.5414501,DoS Hulk
-0.39441875,PortScan
-0.5721625,DDoS
-0.5728446,DoS Hulk
-0.5168937,DoS GoldenEye
-0.38940042,DDoS
-0.39457014,FTP-Patator
-0.6267538,DoS Hulk
-0.5462531,DoS Hulk
-0.5639484,DoS Hulk
-0.61219424,DDoS
-0.6299473,DoS Hulk
-0.38948348,PortScan
-0.37404624,PortScan
-0.3869909,DDoS
-0.5559598,DoS Hulk
-0.5607608,DoS Hulk
-0.6162336,DoS Hulk
-0.47878638,DDoS
-0.54006934,DoS Hulk
-0.47104147,DDoS
-0.4768641,DoS Hulk
-0.37511072,DDoS
-0.5610544,DoS Hulk
-0.5668229,DoS Hulk
-0.37195343,PortScan
-0.37226683,PortScan
-0.46565208,DDoS
-0.3814869,DDoS
-0.5814375,DDoS
-0.52271575,DoS Hulk
-0.62182575,DoS Hulk
-0.56454134,DoS Hulk
-0.3584844,DoS Hulk
-0.62529033,DoS Hulk
-0.56079125,DoS Hulk
-0.4609763,DDoS
-0.54425055,DDoS
-0.49616045,DoS GoldenEye
-0.36405137,DoS Hulk
-0.38402793,DDoS
-0.46257842,DDoS
-0.5658105,DoS GoldenEye
-0.57039976,DoS Hulk
-0.56585896,DoS Hulk
-0.5568865,DoS Hulk
-0.3631997,DDoS
-0.56918263,DoS Hulk
-0.5672284,DoS Hulk
-0.3740664,DDoS
-0.376984,PortScan
-0.38469857,DDoS
-0.38854796,PortScan
-0.359759,DoS Hulk
-0.40119687,PortScan
-0.46079034,DDoS
-0.3725072,DDoS
-0.4721492,DDoS
-0.3609116,DoS Hulk
-0.4089484,DoS slowloris
-0.55491865,DoS Hulk
-0.38966396,DDoS
-0.5285898,DoS GoldenEye
-0.6065031,DDoS
-0.59033036,DDoS
-0.3716476,PortScan
-0.4606645,DDoS
-0.62454057,DoS Hulk
-0.57290137,DDoS
-0.55991536,DoS Hulk
-0.55222464,DoS Hulk
-0.48839003,DoS slowloris
-0.47223973,DDoS
-0.586776,DDoS
-0.36383662,DoS Hulk
-0.6142031,DoS Hulk
-0.5767656,DoS Hulk
-0.3718287,PortScan
-0.3864517,PortScan
-0.49533573,DoS Hulk
-0.40634492,PortScan
-0.5871029,DoS Slowhttptest
-0.56722814,DoS Hulk
-0.6246225,DoS Hulk
-0.44669843,DoS GoldenEye
-0.59329545,DDoS
-0.45984507,DDoS
-0.5651962,DoS Hulk
-0.3718287,PortScan
-0.38378745,DDoS
-0.35516307,DDoS
-0.6147232,DoS Hulk
-0.62979674,DoS Hulk
-0.57535803,DDoS
-0.3858941,PortScan
-0.38286954,PortScan
-0.3716899,DDoS
-0.57652754,DDoS
-0.36308622,DDoS
-0.36920732,PortScan
-0.3894972,PortScan
-0.5584088,DoS Hulk
-0.35523584,DDoS
-0.6235839,DoS Hulk
-0.6240216,DoS Hulk
-0.6286334,DoS Hulk
-0.5683026,DoS Hulk
-0.38818792,DDoS
-0.4777279,DDoS
-0.3711984,PortScan
-0.62312996,DoS Hulk
-0.56403697,DoS Hulk
-0.38713768,PortScan
-0.5529359,DoS Hulk
-0.55473095,DoS Hulk
-0.39328435,PortScan
-0.6333345,DoS Hulk
-0.46678668,DDoS
-0.46387765,DDoS
-0.36442366,DoS Hulk
-0.37649134,PortScan
-0.56065214,DoS Hulk
-0.46356183,DDoS
-0.38397294,PortScan
-0.6163127,DoS Hulk
-0.5427303,DoS Hulk
-0.37571996,DDoS
-0.36021554,DoS Hulk
-0.38749722,DDoS
-0.36534455,DoS Hulk
-0.46158755,DDoS
-0.38269284,DDoS
-0.47375295,DDoS
-0.3872334,DDoS
-0.5627164,DoS Hulk
-0.3822818,PortScan
-0.5871029,DoS Slowhttptest
-0.59693193,DDoS
-0.3859796,DDoS
-0.47185352,DDoS
-0.6194656,DoS Hulk
-0.56008345,DoS Hulk
-0.5530115,DoS Hulk
-0.6292997,DoS Hulk
-0.37160718,PortScan
-0.38973415,DDoS
-0.57617337,DoS Hulk
-0.6209077,DoS Hulk
-0.39606172,Bot
-0.3739449,PortScan
-0.5701484,DoS Hulk
-0.391965,PortScan
-0.63906914,DoS Hulk
-0.6158939,DDoS
-0.47951552,DoS Hulk
-0.42140177,DoS GoldenEye
-0.40941364,SSH-Patator
-0.54667604,DoS Hulk
-0.40922496,SSH-Patator
-0.61507565,DoS Hulk
-0.39306164,DDoS
-0.6349132,DDoS
-0.405379,PortScan
-0.57652473,DoS Hulk
-0.5704799,DoS Hulk
-0.38764295,PortScan
-0.5610837,DoS Hulk
-0.38649374,PortScan
-0.5686943,DoS Hulk
-0.6223798,DoS Hulk
-0.62420243,DoS Hulk
-0.6286187,DoS Hulk
-0.46014902,DDoS
-0.3731829,PortScan
-0.4535149,DoS GoldenEye
-0.55033904,DoS Hulk
-0.574645,DoS Hulk
-0.47185352,DDoS
-0.6237627,DoS Hulk
-0.35994184,DoS Hulk
-0.4652658,DDoS
-0.5572466,DoS Hulk
-0.5619626,DoS Hulk
-0.5543743,DoS Hulk
-0.35793936,DDoS
-0.4653624,DDoS
-0.38592607,PortScan
-0.625691,DoS Hulk
-0.63808984,DoS Hulk
-0.4663082,DDoS
-0.56948066,DoS Hulk
-0.6231565,DoS Hulk
-0.5469318,DoS Hulk
-0.41463366,PortScan
-0.4805236,DoS Hulk
-0.37404624,PortScan
-0.39574027,PortScan
-0.37226683,PortScan
-0.58217365,DDoS
-0.39339244,PortScan
-0.38973415,DDoS
-0.37481,PortScan
-0.5683524,DoS Hulk
-0.38926873,DDoS
-0.6284523,DoS Hulk
-0.45972675,DDoS
-0.36523,DoS Hulk
-0.62248486,DoS Hulk
-0.37411642,PortScan
-0.38389805,DDoS
-0.37578666,PortScan
-0.39033386,PortScan
-0.46064788,DDoS
-0.42701063,PortScan
-0.37511072,DDoS
-0.38286954,PortScan
-0.3723848,PortScan
-0.56801444,DoS Hulk
-0.6203631,DoS Hulk
-0.63000983,DoS Hulk
-0.38172266,PortScan
-0.5963565,DDoS
-0.37202218,PortScan
-0.5678671,DoS Hulk
-0.56389475,DoS Hulk
-0.40779793,PortScan
-0.47139594,DDoS
-0.371071,PortScan
-0.48317516,DoS Hulk
-0.6305258,DoS Hulk
-0.61724585,DoS Hulk
-0.5548729,DoS Hulk
-0.3921045,PortScan
-0.5645548,DoS Hulk
-0.38443837,DDoS
-0.359759,DoS Hulk
-0.46952954,DDoS
-0.5740591,DoS Hulk
-0.57719266,DDoS
-0.36417672,DoS Hulk
-0.47308478,DDoS
-0.38402793,DDoS
-0.6286614,DoS Hulk
-0.572252,DoS Hulk
-0.58025587,DoS Hulk
-0.56022424,DoS Hulk
-0.47893417,DDoS
-0.35257733,DoS Hulk
-0.371071,PortScan
-0.3609116,DoS Hulk
-0.4657093,DDoS
-0.46956235,DDoS
-0.39734364,PortScan
-0.62191516,DoS Hulk
-0.5750405,DDoS
-0.39046592,PortScan
-0.3745357,PortScan
-0.3920969,DDoS
-0.5503173,DoS Hulk
-0.38953218,DDoS
-0.38932073,PortScan
-0.5040283,DoS Hulk
-0.38749722,DDoS
-0.5617252,DoS Hulk
-0.56621766,DoS Hulk
-0.39056984,PortScan
-0.37300184,PortScan
-0.3718287,PortScan
-0.4271518,PortScan
-0.5632255,DoS Hulk
-0.36383662,DoS Hulk
-0.46235892,DDoS
-0.48371643,DDoS
-0.5512707,DoS Hulk
-0.38079458,PortScan
-0.38269284,DDoS
-0.55960315,DoS Hulk
-0.38774002,DDoS
-0.3858941,PortScan
-0.5604548,DoS Hulk
-0.5560163,DoS Hulk
-0.38474715,PortScan
-0.47540736,DDoS
-0.37103432,Bot
-0.5928554,DoS Hulk
-0.38553485,PortScan
-0.37300184,PortScan
-0.4694999,DoS Hulk
-0.46454602,DDoS
-0.37504488,PortScan
-0.37538514,PortScan
-0.6299758,DoS Hulk
-0.46261454,DDoS
-0.3677053,DDoS
-0.5696108,DDoS
-0.3644941,DoS Hulk
-0.6335488,DoS Hulk
-0.5653875,DoS Hulk
-0.38389805,DDoS
-0.37485412,PortScan
-0.459689,DoS GoldenEye
-0.38668206,PortScan
-0.3697595,PortScan
-0.56031376,DoS Hulk
-0.62237585,DoS Hulk
-0.37176633,PortScan
-0.62434167,DoS Hulk
-0.62823975,DoS Hulk
-0.5751186,DDoS
-0.41378874,PortScan
-0.6437199,DoS slowloris
-0.3677053,DDoS
-0.5573249,DoS Hulk
-0.40491602,PortScan
-0.571947,DoS Hulk
-0.4690342,DDoS
-0.61193126,DoS Slowhttptest
-0.37632984,DDoS
-0.36383662,DoS Hulk
-0.45943886,DDoS
-0.38872966,PortScan
-0.6299473,DoS Hulk
-0.46187973,DDoS
-0.624144,DoS Hulk
-0.3636821,DoS Hulk
-0.36020908,DoS Hulk
-0.44740748,DoS Slowhttptest
-0.61062694,DoS Hulk
-0.4793402,DDoS
-0.4046808,PortScan
-0.5614995,DoS Hulk
-0.5568865,DoS Hulk
-0.3507616,DDoS
-0.6204442,DoS Hulk
-0.5624125,DoS Hulk
-0.5574651,DoS Hulk
-0.35322532,DDoS
-0.4801266,DDoS
-0.38215742,FTP-Patator
-0.62299925,DoS Hulk
-0.3640858,DoS Hulk
-0.39655232,Web Attack - Brute Force
-0.56201714,DoS Hulk
-0.38779643,PortScan
-0.6213822,DoS Hulk
-0.54845876,DoS Hulk
-0.58290356,DDoS
-0.4042276,PortScan
-0.5639484,DoS Hulk
-0.3894972,PortScan
-0.5643035,DoS Hulk
-0.57052076,DoS Hulk
-0.6285593,DoS Hulk
-0.36417672,DoS Hulk
-0.38215742,FTP-Patator
-0.38713768,PortScan
-0.36044922,DDoS
-0.47537494,DDoS
-0.46372828,DDoS
-0.47416407,DDoS
-0.4614314,DDoS
-0.5714505,DDoS
-0.46105576,DDoS
-0.46750826,DDoS
-0.6273441,DoS Hulk
-0.44099653,DoS GoldenEye
-0.38873193,PortScan
-0.5544613,DoS Hulk
-0.3880394,PortScan
-0.35257733,DoS Hulk
-0.39138004,DDoS
-0.57580227,DoS Hulk
-0.37649134,PortScan
-0.39906386,PortScan
-0.6167298,DoS Hulk
-0.4089484,DoS slowloris
-0.57010454,DDoS
-0.39769062,PortScan
-0.46669173,DoS Hulk
-0.40483576,DoS GoldenEye
-0.36823773,PortScan
-0.48181605,DoS Hulk
-0.4014907,PortScan
-0.36308622,DDoS
-0.42512617,PortScan
-0.49406046,DDoS
-0.38293263,DDoS
-0.38168088,DDoS
-0.46033633,DDoS
-0.38393655,PortScan
-0.55355936,DoS Hulk
-0.43900338,PortScan
-0.625691,DoS Hulk
-0.3951731,FTP-Patator
-0.3845302,PortScan
-0.39530683,FTP-Patator
-0.392516,PortScan
-0.5662996,DoS Hulk
-0.4646813,DDoS
-0.4706465,DDoS
-0.46627852,DDoS
-0.4740738,DoS Hulk
-0.38926873,DDoS
-0.5583076,DoS Hulk
-0.630223,DoS Hulk
-0.45972675,DDoS
-0.64845866,DoS slowloris
-0.37055093,PortScan
-0.5609506,DoS Hulk
-0.3741416,Bot
-0.47203264,DDoS
-0.5627791,DoS Hulk
-0.5608999,DoS Hulk
-0.56485504,DoS Hulk
-0.4701653,DDoS
-0.39024228,DDoS
-0.41137964,PortScan
-0.39476848,FTP-Patator
-0.46433052,DDoS
-0.62812614,DoS Hulk
-0.56060857,DoS Hulk
-0.55433387,DoS Hulk
-0.38257134,PortScan
-0.55459,DoS Hulk
-0.37379766,PortScan
-0.46079376,DDoS
-0.4654559,DDoS
-0.3740087,PortScan
-0.38872966,PortScan
-0.63229585,DoS Hulk
-0.3850625,PortScan
-0.46974745,DoS Hulk
-0.3941946,PortScan
-0.39470762,DDoS
-0.3920969,DDoS
-0.5668583,DoS Hulk
-0.6324932,DoS Hulk
-0.39217594,PortScan
-0.37411642,PortScan
-0.5764774,DoS Hulk
-0.38973415,DDoS
-0.3911786,PortScan
-0.56736195,DoS Hulk
-0.46033174,DDoS
-0.56028444,DoS Hulk
-0.6198714,DoS Hulk
-0.356614,DDoS
-0.37481,PortScan
-0.5698661,DoS Hulk
-0.6287639,DoS Hulk
-0.37545237,DDoS
-0.38019487,DDoS
-0.4652658,DDoS
-0.3951044,FTP-Patator
-0.37258524,PortScan
-0.6285488,DoS Hulk
-0.6183633,DoS Hulk
-0.3894972,PortScan
-0.55726343,DoS Hulk
-0.630223,DoS Hulk
-0.5892295,DDoS
-0.532806,DoS GoldenEye
-0.4598823,DDoS
-0.61570954,DoS Hulk
-0.5538693,DoS Hulk
-0.62511075,DDoS
-0.55302334,DoS Hulk
-0.6202654,DoS Hulk
-0.56967336,DoS Hulk
-0.5557457,DoS Hulk
-0.5669268,DoS Hulk
-0.5591929,DoS Hulk
-0.64196366,DDoS
-0.39057404,PortScan
-0.58237064,DDoS
-0.38019487,DDoS
-0.38091174,PortScan
-0.45972675,DDoS
-0.5549071,DoS Hulk
-0.4606645,DDoS
-0.4638313,DDoS
-0.37008533,PortScan
-0.38973415,DDoS
-0.3726504,PortScan
-0.46485233,DDoS
-0.38486904,PortScan
-0.34978333,DoS Hulk
-0.47210547,DoS GoldenEye
-0.37404624,PortScan
-0.54637825,DoS Hulk
-0.5673381,DoS Hulk
-0.47075173,DoS Hulk
-0.5693382,DoS Hulk
-0.6291895,DoS Hulk
-0.37254447,PortScan
-0.3922842,PortScan
-0.39612657,PortScan
-0.46717653,DoS GoldenEye
-0.5697239,DoS Hulk
-0.4089484,DoS slowloris
-0.39138004,DDoS
-0.38395596,PortScan
-0.56230325,DoS Hulk
-0.36442366,DoS Hulk
-0.37609416,DDoS
-0.4798234,DoS Hulk
-0.66974056,DoS slowloris
-0.631714,DDoS
-0.5556403,DoS Hulk
-0.4650229,DDoS
-0.3596278,DDoS
-0.62611806,DoS Hulk
-0.5994071,DoS Hulk
-0.49337322,DoS Hulk
-0.651795,DoS Hulk
-0.3907394,PortScan
-0.38269284,DDoS
-0.4025093,PortScan
-0.62348706,DoS Hulk
-0.384326,DDoS
-0.47265613,DDoS
-0.3969605,PortScan
-0.63012886,DoS Hulk
-0.46285203,DoS Hulk
-0.615131,DoS Hulk
-0.3858941,PortScan
-0.394398,Web Attack - Brute Force
-0.37544012,PortScan
-0.39530683,FTP-Patator
-0.38215742,FTP-Patator
-0.47174323,DDoS
-0.62174845,DoS Hulk
-0.5518305,DoS Hulk
-0.39592776,Bot
-0.40890294,SSH-Patator
-0.3719539,PortScan
-0.3858941,PortScan
-0.6283467,DoS Hulk
-0.4598823,DDoS
-0.5663572,DoS Hulk
-0.34946322,DoS Hulk
-0.62156475,DoS Hulk
-0.3810578,PortScan
-0.4617235,DDoS
-0.56014144,DoS Hulk
-0.38953218,DDoS
-0.38940042,DDoS
-0.3727727,DDoS
-0.37511072,DDoS
-0.36507925,DoS Hulk
-0.36536527,DoS Hulk
-0.56130254,DoS Hulk
-0.464184,DDoS
-0.35197967,DoS Hulk
-0.3584844,DoS Hulk
-0.5629952,DoS Hulk
-0.47625688,DoS GoldenEye
-0.46925494,DDoS
-0.63034207,DoS Hulk
-0.45960495,DDoS
-0.4783644,DDoS
-0.6170874,DoS Hulk
-0.565183,DoS Hulk
-0.3894972,PortScan
-0.38365763,DDoS
-0.4617337,DDoS
-0.6343929,DoS Hulk
-0.36511377,DoS Hulk
-0.5704799,DoS Hulk
-0.3829176,PortScan
-0.37162596,PortScan
-0.54970217,DoS Hulk
-0.3636821,DoS Hulk
-0.5584965,DoS Hulk
-0.37027133,PortScan
-0.6234117,DoS Hulk
-0.5791585,DDoS
-0.3734089,PortScan
-0.61976427,DoS Hulk
-0.5531499,DoS Hulk
-0.5534559,DoS Hulk
-0.4098244,SSH-Patator
-0.3920969,DDoS
-0.3892945,PortScan
-0.62191516,DoS Hulk
-0.46064788,DDoS
-0.58237064,DDoS
-0.44230145,DoS Slowhttptest
-0.38456684,PortScan
-0.47230896,DDoS
-0.46093947,DDoS
-0.3584844,DoS Hulk
-0.39416602,DDoS
-0.5725787,DoS Hulk
-0.5727596,DoS Hulk
-0.56342995,DoS Hulk
-0.46943432,DDoS
-0.55274624,DoS Hulk
-0.47435012,DDoS
-0.38737917,DoS Slowhttptest
-0.36021554,DoS Hulk
-0.6310051,DoS Hulk
-0.55639267,DoS Hulk
-0.6292168,DoS Hulk
-0.41151884,PortScan
-0.55726343,DoS Hulk
-0.57570523,DoS Hulk
-0.6237957,DoS Hulk
-0.39095148,DDoS
-0.3727727,DDoS
-0.6169605,DoS Hulk
-0.38649374,PortScan
-0.57621306,DDoS
-0.3651504,DoS Hulk
-0.46033633,DDoS
-0.45777208,DDoS
-0.39870754,PortScan
-0.6197954,DoS Hulk
-0.47230896,DDoS
-0.57324284,DoS Hulk
-0.5555577,DoS Hulk
-0.46542323,DDoS
-0.469119,DoS Hulk
-0.6227392,DoS Hulk
-0.37404624,PortScan
-0.6310627,DoS Hulk
-0.37545237,DDoS
-0.40890294,SSH-Patator
-0.47201318,DDoS
-0.46261454,DDoS
-0.6225467,DoS Hulk
-0.56669986,DoS Hulk
-0.39033386,PortScan
-0.37179396,PortScan
-0.5648417,DoS Hulk
-0.376984,PortScan
-0.55726206,DoS Hulk
-0.37404624,PortScan
-0.4686204,DDoS
-0.38269284,DDoS
-0.47208014,DoS GoldenEye
-0.3733095,DDoS
-0.6171383,DoS Hulk
-0.39147243,PortScan
-0.39339244,PortScan
-0.38269284,DDoS
-0.39443278,DDoS
-0.56375766,DoS Hulk
-0.40734673,PortScan
-0.5871029,DoS Slowhttptest
-0.40710047,PortScan
-0.37072557,PortScan
-0.39396146,PortScan
-0.4254694,PortScan
-0.35266745,DoS Hulk
-0.45943886,DDoS
-0.3911786,PortScan
-0.57483506,DoS Hulk
-0.6241866,DoS Hulk
-0.4709414,DDoS
-0.5871029,DoS Slowhttptest
-0.5609506,DoS Hulk
-0.39491358,FTP-Patator
-0.4601403,DDoS
-0.57397974,DoS Hulk
-0.5538983,DoS Hulk
-0.37038115,DDoS
-0.5611197,DoS Hulk
-0.61675185,DoS Hulk
-0.48151523,DoS Hulk
-0.5639659,DDoS
-0.39046592,PortScan
-0.56431556,DoS Hulk
-0.48125875,DoS Hulk
-0.62723243,DoS Hulk
-0.38588324,PortScan
-0.566434,DoS Hulk
-0.37404624,PortScan
-0.5591443,DoS Hulk
-0.4663673,DDoS
-0.560752,DoS Hulk
-0.62197894,DoS Hulk
-0.38973415,DDoS
-0.47741327,DDoS
-0.4721492,DDoS
-0.373057,DDoS
-0.62979674,DoS Hulk
-0.5630739,DoS Hulk
-0.5638102,DoS Hulk
-0.61675185,DoS Hulk
-0.4720378,DoS Hulk
-0.5871029,DoS Slowhttptest
-0.56477004,DoS Hulk
-0.4231291,PortScan
-0.5592783,DoS Hulk
-0.56812453,DoS Hulk
-0.39008942,PortScan
-0.5708308,DoS Hulk
-0.558464,DoS Hulk
-0.4878267,DoS Hulk
-0.37300184,PortScan
-0.47216204,DDoS
-0.55778533,DoS Hulk
-0.5690726,DoS Hulk
-0.57425964,DDoS
-0.46179795,DDoS
-0.56965727,DoS Hulk
-0.48845306,DoS Hulk
-0.55733055,DoS Hulk
-0.5632023,DoS Hulk
-0.6210665,DoS Hulk
-0.46788323,DDoS
-0.35226145,DoS Hulk
-0.39894298,PortScan
-0.6214438,DoS Hulk
-0.48203486,DDoS
-0.44215184,DoS Slowhttptest
-0.4771835,DoS Hulk
-0.55671966,DoS Hulk
-0.37214038,PortScan
-0.6339552,DoS Hulk
-0.46049207,DDoS
-0.36015755,DDoS
-0.36859265,DDoS
-0.6296344,DDoS
-0.46997342,DDoS
-0.47249246,DDoS
-0.46518022,DDoS
-0.37606233,DDoS
-0.40381944,PortScan
-0.5718888,DoS Hulk
-0.37671658,PortScan
-0.38286257,PortScan
-0.37160718,PortScan
-0.3944984,Web Attack - XSS
-0.46046144,DDoS
-0.56682307,DoS Hulk
-0.37733847,DDoS
-0.5633151,DoS Hulk
-0.38841394,PortScan
-0.46766642,DDoS
-0.45943886,DDoS
-0.39197177,PortScan
-0.3584844,DoS Hulk
-0.38962993,PortScan
-0.35226145,DoS Hulk
-0.37784612,PortScan
-0.46616,DDoS
-0.6044007,DDoS
-0.6224884,DoS Hulk
-0.63476723,DDoS
-0.46077308,DDoS
-0.5697628,DoS Hulk
-0.38898712,PortScan
-0.63224536,DoS Hulk
-0.46245804,DDoS
-0.38997835,DDoS
-0.5626145,DoS Hulk
-0.39306164,DDoS
-0.61749226,DoS Hulk
-0.39512947,PortScan
-0.3770239,DDoS
-0.45943886,DDoS
-0.5571372,DoS Hulk
-0.56065214,DoS Hulk
-0.6228749,DoS Hulk
-0.6318365,DoS Hulk
-0.37214038,PortScan
-0.38713768,PortScan
-0.6117802,DDoS
-0.41158548,DDoS
-0.3928155,DDoS
-0.46049207,DDoS
-0.5618696,DoS Hulk
-0.5591929,DoS Hulk
-0.3892945,PortScan
-0.37419736,PortScan
-0.4792244,DoS Hulk
-0.56406635,DoS Hulk
-0.57130367,DoS Hulk
-0.57530135,DoS Hulk
-0.6327377,DDoS
-0.44823635,DoS GoldenEye
-0.6283467,DoS Hulk
-0.563567,DoS Hulk
-0.3718287,PortScan
-0.36920732,PortScan
-0.56703657,DoS Hulk
-0.4766903,DDoS
-0.46804824,DDoS
-0.36045933,DoS Hulk
-0.38664594,PortScan
-0.47499242,DDoS
-0.381342,PortScan
-0.59020185,DoS Hulk
-0.5673492,DoS Hulk
-0.40659142,PortScan
-0.6211178,DoS Hulk
-0.5674031,DoS Hulk
-0.39211658,DDoS
-0.5619607,DoS Hulk
-0.57580227,DoS Hulk
-0.3928155,DDoS
-0.4046808,PortScan
-0.45918325,DDoS
-0.3810578,PortScan
-0.47337297,DDoS
-0.4661208,DDoS
-0.6201257,DoS Hulk
-0.47249246,DDoS
-0.4612883,DDoS
-0.63055533,DoS Hulk
-0.38681176,PortScan
-0.55662966,DoS Hulk
-0.57425964,DDoS
-0.43225712,PortScan
-0.47390297,DDoS
-0.56411564,DoS Hulk
-0.5638462,DoS Hulk
-0.62278855,DoS Hulk
-0.5709032,DoS Hulk
-0.37116718,PortScan
-0.46366146,DDoS
-0.46984732,DDoS
-0.45805892,DDoS
-0.58533335,DDoS
-0.46721578,DDoS
-0.35677248,DoS Hulk
-0.48140082,DoS Hulk
-0.36868984,PortScan
-0.3928155,DDoS
-0.3727727,DDoS
-0.57324266,DDoS
-0.61936337,DDoS
-0.5784451,DoS Hulk
-0.38764295,PortScan
-0.6302093,DoS Hulk
-0.46547168,DDoS
-0.65187734,DoS Hulk
-0.36330754,DDoS
-0.38443837,DDoS
-0.46093947,DDoS
-0.3931033,DDoS
-0.56144696,DoS Hulk
-0.46661502,DDoS
-0.4128224,PortScan
-0.43597332,PortScan
-0.38269284,DDoS
-0.38001862,PortScan
-0.56606925,DoS Hulk
-0.5688638,DoS Hulk
-0.6316228,DoS Hulk
-0.5808331,DDoS
-0.45951807,DDoS
-0.38215742,FTP-Patator
-0.38269284,DDoS
-0.56361955,DoS Hulk
-0.358727,DoS Hulk
-0.5667558,DoS Hulk
-0.53818494,DoS GoldenEye
-0.42220488,PortScan
-0.46080375,DDoS
-0.393615,PortScan
-0.6225154,DoS Hulk
-0.47230896,DDoS
-0.5599216,DoS Hulk
-0.56315315,DoS Hulk
-0.46627852,DDoS
-0.34978333,DoS Hulk
-0.38339204,PortScan
-0.48224044,DoS Hulk
-0.48003992,DoS Hulk
-0.37138048,DDoS
-0.35803002,DoS Hulk
-0.36875457,PortScan
-0.5804402,DDoS
-0.4696884,DDoS
-0.3920229,DDoS
-0.37538514,PortScan
-0.38932073,PortScan
-0.48064104,DDoS
-0.61654323,DoS Hulk
-0.54518473,DoS Hulk
-0.5670213,DoS Hulk
-0.39241317,PortScan
-0.61824054,DoS Hulk
-0.4067421,PortScan
-0.5651962,DoS Hulk
-0.5677108,DoS Hulk
-0.60931724,DoS Hulk
-0.4095019,SSH-Patator
-0.630223,DoS Hulk
-0.56984293,DoS Hulk
-0.45972675,DDoS
-0.5661656,DoS Hulk
-0.4723329,DoS GoldenEye
-0.38973415,DDoS
-0.406663,PortScan
-0.38269284,DDoS
-0.38973415,DDoS
-0.40616632,PortScan
-0.37481,PortScan
-0.39308137,DDoS
-0.3856688,PortScan
-0.47963932,DoS Hulk
-0.5582199,DoS Hulk
-0.3700639,PortScan
-0.6335488,DoS Hulk
-0.3859796,DDoS
-0.5694573,DoS Hulk
-0.5622807,DoS Hulk
-0.38469857,DDoS
-0.4631583,DDoS
-0.41028428,PortScan
-0.56905466,DoS Hulk
-0.54037756,DoS Hulk
-0.4661208,DDoS
-0.63348734,DoS Hulk
-0.36640292,DoS Hulk
-0.5529359,DoS Hulk
-0.45943886,DDoS
-0.3768875,PortScan
-0.3906674,PortScan
-0.3591771,DoS Hulk
-0.624144,DoS Hulk
-0.36417672,DoS Hulk
-0.47697932,DDoS
-0.38215742,FTP-Patator
-0.39449394,PortScan
-0.56913567,DoS Hulk
-0.4590679,DDoS
-0.5656884,DoS Hulk
-0.5636651,DoS Hulk
-0.5940466,DDoS
-0.45984873,DDoS
-0.63332075,DoS Hulk
-0.6157404,DoS Hulk
-0.6302737,DDoS
-0.5749551,DDoS
-0.37181035,PortScan
-0.5883478,DDoS
-0.5651962,DoS Hulk
-0.3868045,PortScan
-0.3584844,DoS Hulk
-0.4726049,DDoS
-0.4089484,DoS Slowhttptest
-0.4595943,DDoS
-0.46188962,DDoS
-0.38709515,PortScan
-0.37547168,PortScan
-0.4070657,PortScan
-0.38185513,PortScan
-0.47610974,DDoS
-0.578351,DDoS
-0.3928845,PortScan
-0.62940234,DoS Hulk
-0.36447123,DoS Hulk
-0.3636821,DoS Hulk
-0.38276243,PortScan
-0.41215336,SSH-Patator
-0.37387338,DDoS
-0.55259836,DoS Hulk
-0.37822336,DDoS
-0.4618853,DDoS
-0.46697387,DDoS
-0.45982906,DDoS
-0.61654323,DoS Hulk
-0.37195343,PortScan
-0.4657093,DDoS
-0.4089484,DoS slowloris
-0.48096797,DoS Hulk
-0.37130755,PortScan
-0.59685594,DDoS
-0.4799124,DoS Hulk
-0.57370603,DoS Hulk
-0.46433288,DDoS
-0.4025093,PortScan
-0.38057843,DDoS
-0.36417672,DoS Hulk
-0.47014174,DDoS
-0.38668206,PortScan
-0.39308137,DDoS
-0.39578366,PortScan
-0.3870062,PortScan
-0.46037602,DDoS
-0.5690037,DoS Hulk
-0.37571996,DDoS
-0.48105133,DoS Hulk
-0.37481,PortScan
-0.35994184,DoS Hulk
-0.5871029,DoS Slowhttptest
-0.46407527,DDoS
-0.45943886,DDoS
-0.38969648,PortScan
-0.47982487,DDoS
-0.5463249,DoS Hulk
-0.56233394,DoS Hulk
-0.6320503,DoS Hulk
-0.47311231,DDoS
-0.62727106,DDoS
-0.41136804,SSH-Patator
-0.56317675,DoS Hulk
-0.36405137,DoS Hulk
-0.34849408,DoS Hulk
-0.46093947,DDoS
-0.37300184,PortScan
-0.38402793,DDoS
-0.46017045,DDoS
-0.38649374,PortScan
-0.48022455,DDoS
-0.49877578,DoS Hulk
-0.40647492,DoS Hulk
-0.39615157,PortScan
-0.55682945,DoS Hulk
-0.4391512,PortScan
-0.37538514,PortScan
-0.5532197,DoS Hulk
-0.5543743,DoS Hulk
-0.38973415,DDoS
-0.37550774,PortScan
-0.45972675,DDoS
-0.39197177,PortScan
-0.6142313,DoS Hulk
-0.6161572,DoS Hulk
-0.62804335,DoS Hulk
-0.39501014,PortScan
-0.37176633,PortScan
-0.6013547,DoS Hulk
-0.37147653,PortScan
-0.6178926,DoS Hulk
-0.6031825,DoS Hulk
-0.37544012,PortScan
-0.39615157,PortScan
-0.59726655,DDoS
-0.39457014,FTP-Patator
-0.46037602,DDoS
-0.3921045,PortScan
-0.4726669,DDoS
-0.46219233,DDoS
-0.46542132,DDoS
-0.3725314,PortScan
-0.37872517,DDoS
-0.4612008,DDoS
-0.37271866,PortScan
-0.38467085,DDoS
-0.48551846,DoS GoldenEye
-0.38995785,PortScan
-0.45972675,DDoS
-0.37504488,PortScan
-0.55767775,DoS Hulk
-0.47334534,DoS Hulk
-0.38764295,PortScan
-0.55853796,DoS Hulk
-0.5544613,DoS Hulk
-0.371071,PortScan
-0.6345593,DoS Hulk
-0.6161188,DDoS
-0.38932073,PortScan
-0.3864517,PortScan
-0.4809141,DoS Hulk
-0.39606172,Bot
-0.5751805,DDoS
-0.5586555,DoS Hulk
-0.4732323,DDoS
-0.37195343,PortScan
-0.56621855,DoS Hulk
-0.6233,DoS Hulk
-0.5727655,DDoS
-0.5653875,DoS Hulk
-0.56845105,DoS Hulk
-0.561529,DoS Hulk
-0.6176948,DoS Hulk
-0.37846035,DDoS
-0.45878044,DDoS
-0.3761256,PortScan
-0.39430326,FTP-Patator
-0.61958575,DoS Hulk
-0.57775784,DoS Hulk
-0.37481,PortScan
-0.63101375,DoS Hulk
-0.371071,PortScan
-0.46230164,DDoS
-0.56354344,DoS Hulk
-0.37559426,PortScan
-0.38774002,DDoS
-0.5707041,DoS Hulk
-0.49672893,DoS Hulk
-0.55561465,DoS Hulk
-0.56397563,DoS Hulk
-0.46864378,DDoS
-0.39008942,PortScan
-0.46787086,DoS Hulk
-0.56689054,DoS Hulk
-0.6231788,DoS Hulk
-0.5443152,DDoS
-0.3716476,PortScan
-0.5667558,DoS Hulk
-0.4129931,SSH-Patator
-0.6143602,DoS Hulk
-0.6195013,DoS Hulk
-0.55362463,DoS Hulk
-0.395213,PortScan
-0.36535493,DoS Hulk
-0.37571996,DDoS
-0.39185137,DDoS
-0.56645143,DoS Hulk
-0.46002865,DDoS
-0.5594424,DoS Hulk
-0.40643916,PortScan
-0.3894972,PortScan
-0.38957658,PortScan
-0.46409023,DDoS
-0.40922496,SSH-Patator
-0.6282196,DoS Slowhttptest
-0.36920732,PortScan
-0.39137155,PortScan
-0.3884345,PortScan
-0.5624313,DoS Hulk
-0.36920732,PortScan
-0.39072207,PortScan
-0.3584844,DoS Hulk
-0.61952424,DoS Hulk
-0.5825397,DDoS
-0.47053587,DDoS
-0.5693752,DoS Hulk
-0.5612373,DoS Hulk
-0.39185137,DDoS
-0.5605505,DoS Hulk
-0.5655,DoS Hulk
-0.37254447,PortScan
-0.3912161,DDoS
-0.3869909,DDoS
-0.5857819,DDoS
-0.36920732,PortScan
-0.46033174,DDoS
-0.5737379,DoS Hulk
-0.5737059,DDoS
-0.56079125,DoS Hulk
-0.37226683,PortScan
-0.5829869,DDoS
-0.38951263,DDoS
-0.6231363,DDoS
-0.56804305,DDoS
-0.57500494,DDoS
-0.37649134,PortScan
-0.4617667,DDoS
-0.39371476,PortScan
-0.6231205,DoS Hulk
-0.3778397,DDoS
-0.62814516,DDoS
-0.57401496,DoS Hulk
-0.3892945,PortScan
-0.46899626,DDoS
-0.6297343,DoS Hulk
-0.371071,PortScan
-0.5555838,DoS Hulk
-0.55276626,DoS GoldenEye
-0.4749543,DDoS
-0.38953218,DDoS
-0.5316945,DoS GoldenEye
-0.48018554,DDoS
-0.4046808,PortScan
-0.37822336,DDoS
-0.47531006,DDoS
-0.5675411,DoS Hulk
-0.565183,DoS Hulk
-0.38997835,DDoS
-0.47281605,DDoS
-0.6430797,DoS slowloris
-0.3764367,PortScan
-0.4637491,DDoS
-0.618005,DoS Hulk
-0.56345576,DoS Hulk
-0.37179396,PortScan
-0.54379797,DoS Hulk
-0.4844172,DoS GoldenEye
-0.5796973,DDoS
-0.48224044,DoS Hulk
-0.56130254,DoS Hulk
-0.5544089,DDoS
-0.37516394,PortScan
-0.3885274,PortScan
-0.42982456,DDoS
-0.39306164,DDoS
-0.6205419,DoS Hulk
-0.3743058,PortScan
-0.4043092,PortScan
-0.38402793,DDoS
-0.6321956,DDoS
-0.66347545,DoS slowloris
-0.592347,DoS Hulk
-0.40119687,PortScan
-0.56003994,DoS Hulk
-0.4664363,DDoS
-0.38549498,PortScan
-0.3876016,PortScan
-0.38144144,DDoS
-0.48690903,DoS Hulk
-0.5948237,DoS Hulk
-0.5871029,DoS Slowhttptest
-0.5502218,DoS Hulk
-0.40867847,PortScan
-0.38269284,DDoS
-0.61418116,DoS Hulk
-0.5812262,DDoS
-0.5589709,DoS Hulk
-0.38588324,PortScan
-0.5628073,DDoS
-0.45897955,DDoS
-0.57580227,DoS Hulk
-0.5620597,DoS Hulk
-0.46972123,DDoS
-0.38269284,DDoS
-0.38790205,PortScan
-0.37283772,PortScan
-0.6220674,DoS Hulk
-0.371071,PortScan
-0.6282985,DoS Hulk
-0.6031925,DDoS
-0.45960483,DDoS
-0.41056195,PortScan
-0.5614995,DoS Hulk
-0.4706465,DDoS
-0.48255602,DoS GoldenEye
-0.37633947,PortScan
-0.6188108,DoS Hulk
-0.371071,PortScan
-0.56637245,DoS Hulk
-0.5697952,DDoS
-0.388124,PortScan
-0.3740087,PortScan
-0.37921947,PortScan
-0.5606315,DoS Hulk
-0.38467926,DDoS
-0.5635057,DoS Hulk
-0.37593,PortScan
-0.583788,DDoS
-0.61977273,DoS Hulk
-0.39467856,PortScan
-0.3802813,PortScan
-0.5808331,DDoS
-0.57703394,DDoS
-0.3874955,DDoS
-0.4804082,DoS Hulk
-0.3711267,PortScan
-0.57645816,DDoS
-0.45943886,DDoS
-0.5562918,DoS Hulk
-0.5604625,DoS Hulk
-0.56032497,DoS Hulk
-0.6111038,DoS Slowhttptest
-0.4667104,DDoS
-0.46658227,DDoS
-0.5456394,DoS Hulk
-0.62991065,DoS Hulk
-0.3725072,DDoS
-0.6278309,DoS Hulk
-0.45967355,DDoS
-0.38039923,PortScan
-0.37493622,PortScan
-0.37404624,PortScan
-0.37545237,DDoS
-0.56439143,DoS Hulk
-0.61439735,DDoS
-0.37559426,PortScan
-0.4631769,DoS Hulk
-0.55885434,DoS Hulk
-0.46775183,DDoS
-0.37300184,PortScan
-0.5757027,DoS GoldenEye
-0.37027133,PortScan
-0.36021554,DoS Hulk
-0.5576238,DoS Hulk
-0.45916167,DDoS
-0.6269709,DoS Hulk
-0.5649016,DoS Hulk
-0.3725072,DDoS
-0.56130254,DoS Hulk
-0.4089484,DoS slowloris
-0.63140917,DoS Hulk
-0.3885274,PortScan
-0.39308137,DDoS
-0.45813608,DDoS
-0.40926397,PortScan
-0.46952954,DDoS
-0.4159623,DoS GoldenEye
-0.55311143,DoS Hulk
-0.56474584,DoS Hulk
-0.5729663,DoS Hulk
-0.38739076,PortScan
-0.62212557,DoS Hulk
-0.6245943,DoS Hulk
-0.47634465,DDoS
-0.5781719,DDoS
-0.41046184,DoS Hulk
-0.5642374,DoS Hulk
-0.5871029,DoS Slowhttptest
-0.62198544,DoS Hulk
-0.5595662,DoS Hulk
-0.39615157,PortScan
-0.5602523,DoS Hulk
-0.6257803,DoS Hulk
-0.5644597,DoS Hulk
-0.36479372,DoS Hulk
-0.4726669,DDoS
-0.3799737,PortScan
-0.64856124,DoS Slowhttptest
-0.3725072,DDoS
-0.41001338,SSH-Patator
-0.56418,DoS Hulk
-0.38973415,DDoS
-0.6020901,DoS Hulk
-0.4613713,DDoS
-0.37407142,PortScan
-0.55613345,DoS Hulk
-0.55610365,DoS Hulk
-0.466192,DDoS
-0.5670213,DoS Hulk
-0.47808495,DoS Hulk
-0.5697239,DoS Hulk
-0.41155303,PortScan
-0.47230896,DDoS
-0.5604625,DoS Hulk
-0.56167954,DoS Hulk
-0.39413008,PortScan
-0.47136167,DDoS
-0.38997835,DDoS
-0.56119794,DoS Hulk
-0.57893825,DDoS
-0.63000983,DoS Hulk
-0.3640858,DoS Hulk
-0.47185352,DDoS
-0.55580485,DoS Hulk
-0.56233585,DoS Hulk
-0.625691,DoS Hulk
-0.6094612,DDoS
-0.5519656,DoS Hulk
-0.56512153,DoS Hulk
-0.62891424,DoS Hulk
-0.37649134,PortScan
-0.57580227,DoS Hulk
-0.38919282,PortScan
-0.46719638,DDoS
-0.6203631,DoS Hulk
-0.41215336,SSH-Patator
-0.38932073,PortScan
-0.3850625,PortScan
-0.38378745,DDoS
-0.43423802,PortScan
-0.56690484,DoS Hulk
-0.38469857,DDoS
-0.3748758,DDoS
-0.46199936,DDoS
-0.3858941,PortScan
-0.58351815,DDoS
-0.632082,DoS Hulk
-0.4721492,DDoS
-0.5612608,DoS Hulk
-0.47754744,DDoS
-0.3711293,DDoS
-0.41112205,PortScan
-0.45972675,DDoS
-0.37873307,PortScan
-0.3910724,DDoS
-0.3698173,PortScan
-0.38269284,DDoS
-0.5628815,DoS Hulk
-0.45918325,DDoS
-0.56566757,DoS Hulk
-0.62195885,DoS Hulk
-0.37571996,DDoS
-0.5693602,DoS Hulk
-0.5794799,DDoS
-0.38926873,DDoS
-0.47841766,DDoS
-0.4089484,DoS slowloris
-0.55835605,DoS Hulk
-0.5620696,DoS Hulk
-0.37559426,PortScan
-0.38924724,PortScan
-0.36511377,DoS Hulk
-0.6170746,DoS Hulk
-0.38395596,PortScan
-0.6067756,DoS Hulk
-0.37481,PortScan
-0.47040924,DDoS
-0.56149244,DoS Hulk
-0.5656884,DoS Hulk
-0.5561948,DoS Hulk
-0.56375766,DoS Hulk
-0.4662667,DDoS
-0.5586073,DoS Hulk
-0.5605505,DoS Hulk
-0.5562648,DoS Hulk
-0.38668206,PortScan
-0.40890294,SSH-Patator
-0.46167007,DDoS
-0.48126215,DoS Hulk
-0.46597147,DDoS
-0.57323515,DoS Hulk
-0.5560163,DoS Hulk
-0.3716899,DDoS
-0.56626076,DoS Hulk
-0.45972675,DDoS
-0.5789204,DDoS
-0.41800132,PortScan
-0.62760246,DoS Hulk
-0.38571852,DDoS
-0.5586462,DoS Hulk
-0.6210161,DoS Hulk
-0.57102394,DoS Hulk
-0.37545237,DDoS
-0.5609299,DoS Hulk
-0.3885274,PortScan
-0.4650229,DDoS
-0.3629634,DDoS
-0.4721492,DDoS
-0.5582199,DoS Hulk
-0.6293708,DoS Hulk
-0.61779594,DoS Hulk
-0.4235375,PortScan
-0.4697694,DDoS
-0.56525064,DoS Hulk
-0.46390602,DDoS
-0.3865978,FTP-Patator
-0.3774965,PortScan
-0.5514572,DoS Hulk
-0.63049024,DoS Hulk
-0.3641445,DDoS
-0.5754558,DDoS
-0.56223345,DoS Hulk
-0.5630837,DoS Hulk
-0.561146,DoS Hulk
-0.39211658,DDoS
-0.45984453,DoS GoldenEye
-0.47388878,DoS GoldenEye
-0.36131844,DDoS
-0.47209457,DDoS
-0.45910507,DDoS
-0.35257733,DoS Hulk
-0.56603664,DDoS
-0.55687064,DoS Hulk
-0.48472667,DDoS
-0.6278736,DoS Hulk
-0.5644597,DoS Hulk
-0.3727727,DDoS
-0.5573363,DoS Hulk
-0.3648802,Web Attack - Brute Force
-0.45813608,DDoS
-0.38779643,PortScan
-0.57093793,DDoS
-0.48379105,DDoS
-0.54865384,DoS Hulk
-0.37195343,PortScan
-0.62230486,DoS Hulk
-0.37921947,PortScan
-0.39572626,Web Attack - Brute Force
-0.60682213,DoS Slowhttptest
-0.39455155,PortScan
-0.3969605,PortScan
-0.36417672,DoS Hulk
-0.5690358,DoS Hulk
-0.62972564,DoS Hulk
-0.5607402,DoS Hulk
-0.56328094,DoS Hulk
-0.57053864,DoS Hulk
-0.620332,DoS Hulk
-0.56040764,DoS Hulk
-0.3870062,PortScan
-0.46427184,DDoS
-0.61675185,DoS Hulk
-0.57222813,DDoS
-0.371071,PortScan
-0.5676422,DoS Hulk
-0.4646951,DDoS
-0.46717417,DDoS
-0.57498676,DoS Hulk
-0.37419745,PortScan
-0.62361306,DoS Hulk
-0.5555577,DoS Hulk
-0.56807095,DoS Hulk
-0.62378794,DDoS
-0.6248338,DoS Hulk
-0.4664363,DDoS
-0.46627852,DDoS
-0.45813608,DDoS
-0.564814,DoS Hulk
-0.47249246,DDoS
-0.4750619,DDoS
-0.3882901,PortScan
-0.48777017,DoS Hulk
-0.60648793,DoS Hulk
-0.56065214,DoS Hulk
-0.3917578,DDoS
-0.3727727,DDoS
-0.38365763,DDoS
-0.37419736,PortScan
-0.38395596,PortScan
-0.63244975,DDoS
-0.44717523,DoS GoldenEye
-0.45967355,DDoS
-0.36479372,DoS Hulk
-0.49509308,DoS Hulk
-0.36417672,DoS Hulk
-0.39024228,DDoS
-0.3748758,DDoS
-0.35783714,DoS Hulk
-0.37061247,DDoS
-0.37474716,PortScan
-0.5752241,DoS Hulk
-0.39680082,Web Attack - Brute Force
-0.57530135,DoS Hulk
-0.53304154,DoS Hulk
-0.54876137,DoS Hulk
-0.46741357,DoS Hulk
-0.40798,SSH-Patator
-0.3804331,DDoS
-0.62352705,DoS Hulk
-0.39189777,PortScan
-0.38822916,DDoS
-0.40492627,PortScan
-0.46002498,DDoS
-0.623758,DoS Hulk
-0.3887289,PortScan
-0.55334663,DoS Hulk
-0.37921947,PortScan
-0.5596464,DoS Hulk
-0.5943771,DDoS
-0.4062709,PortScan
-0.66758525,DoS slowloris
-0.5065268,DoS Hulk
-0.467848,DDoS
-0.6276186,DoS Hulk
-0.39529946,PortScan
-0.37445298,PortScan
-0.38524127,DoS slowloris
-0.58827233,DoS Hulk
-0.39056984,PortScan
-0.66238743,DoS slowloris
-0.58114666,DDoS
-0.3869909,DDoS
-0.5614326,DoS Hulk
-0.46685818,DDoS
-0.3969605,PortScan
-0.4777279,DDoS
-0.54966664,DoS GoldenEye
-0.39137155,PortScan
-0.37330917,PortScan
-0.625691,DoS Hulk
-0.6289957,DDoS
-0.5580311,DoS Hulk
-0.46820658,DDoS
-0.4089484,DoS slowloris
-0.38185513,PortScan
-0.62212557,DoS Hulk
-0.62195885,DoS Hulk
-0.46722966,DDoS
-0.5657705,DoS Hulk
-0.6311808,DDoS
-0.59827936,DDoS
-0.46813154,DDoS
-0.5637771,DoS Hulk
-0.46627852,DDoS
-0.3884345,PortScan
-0.6212262,DoS Hulk
-0.37407142,PortScan
-0.39457014,FTP-Patator
-0.38940042,DDoS
-0.37008533,PortScan
-0.4650229,DDoS
-0.46861088,DoS Hulk
-0.38833776,PortScan
-0.40811053,PortScan
-0.4606433,DDoS
-0.5620879,DoS Hulk
-0.6261655,DoS Hulk
-0.3912666,PortScan
-0.3951731,FTP-Patator
-0.40359178,DoS GoldenEye
-0.39652196,PortScan
-0.5682585,DoS Hulk
-0.40659142,PortScan
-0.38973415,DDoS
-0.6188683,DoS Hulk
-0.38553485,PortScan
-0.39460108,PortScan
-0.62021077,DDoS
-0.41215336,SSH-Patator
-0.55529547,DoS Hulk
-0.56541306,DoS Hulk
-0.5983269,DDoS
-0.4703649,DDoS
-0.3584844,DoS Hulk
-0.38293263,DDoS
-0.3641445,DDoS
-0.56397563,DoS Hulk
-0.46340504,DDoS
-0.45122448,DoS GoldenEye
-0.46562916,DDoS
-0.5619607,DoS Hulk
-0.40895507,PortScan
-0.56084186,DoS Hulk
-0.6259341,DoS Hulk
-0.38997835,DDoS
-0.46705776,DDoS
-0.3629634,DDoS
-0.39348456,PortScan
-0.5723778,DoS Hulk
-0.39457014,FTP-Patator
-0.35720417,DDoS
-0.39292392,DDoS
-0.45928344,DDoS
-0.38850218,DDoS
-0.46276414,DDoS
-0.40520033,PortScan
-0.35257733,DoS Hulk
-0.3727727,DDoS
-0.5255369,DoS Hulk
-0.40890294,SSH-Patator
-0.6212227,DoS Hulk
-0.37271294,PortScan
-0.5571478,DoS Hulk
-0.56011796,DoS Hulk
-0.61720026,DoS Hulk
-0.56562686,DoS Hulk
-0.57817966,DDoS
-0.57696074,DoS Hulk
-0.37545237,DDoS
-0.65187734,DoS Hulk
-0.62176156,DoS Hulk
-0.4848938,DoS Hulk
-0.6250983,DDoS
-0.468548,DDoS
-0.47853953,DoS GoldenEye
-0.4010094,PortScan
-0.567675,DoS Hulk
-0.3778397,DDoS
-0.6279217,DoS Hulk
-0.371071,PortScan
-0.5582199,DoS Hulk
-0.64221007,DoS slowloris
-0.4584873,DDoS
-0.5708803,DDoS
-0.395213,PortScan
-0.38395596,PortScan
-0.3859796,DDoS
-0.5729663,DoS Hulk
-0.3964591,PortScan
-0.3584844,DoS Hulk
-0.46810263,DoS Hulk
-0.48153585,DDoS
-0.46187973,DDoS
-0.37511072,DDoS
-0.3951731,FTP-Patator
-0.4620045,DDoS
-0.392516,PortScan
-0.57193315,DDoS
-0.38997835,DDoS
-0.47870237,DDoS
-0.39529946,PortScan
-0.37545237,DDoS
-0.3915969,PortScan
-0.36417672,DoS Hulk
-0.4073474,PortScan
-0.46678668,DDoS
-0.5871029,DoS Slowhttptest
-0.41783574,PortScan
-0.36308622,DDoS
-0.3965918,PortScan
-0.5651966,DoS Hulk
-0.38215742,FTP-Patator
-0.46719205,DDoS
-0.5544613,DoS Hulk
-0.56999904,DoS Hulk
-0.39137465,PortScan
-0.34878424,DoS Hulk
-0.62191516,DoS Hulk
-0.38395596,PortScan
-0.5562592,DoS Hulk
-0.3712556,DDoS
-0.6294214,DDoS
-0.37138048,DDoS
-0.40912554,PortScan
-0.37404624,PortScan
-0.37313393,PortScan
-0.37038115,DDoS
-0.57682014,DoS Hulk
-0.35196155,DDoS
-0.5600949,DoS Hulk
-0.47730014,DDoS
-0.5521242,DoS Hulk
-0.3725072,DDoS
-0.39430326,FTP-Patator
-0.46878842,DDoS
-0.59417605,DDoS
-0.45943886,DDoS
-0.37254447,PortScan
-0.57193315,DDoS
-0.38627616,DDoS
-0.3880394,PortScan
-0.57480294,DDoS
-0.5568865,DoS Hulk
-0.37411642,PortScan
-0.39219046,PortScan
-0.4089484,DoS slowloris
-0.56503063,DoS Hulk
-0.46187973,DDoS
-0.62191516,DoS Hulk
-0.38269284,DDoS
-0.5636964,DoS Hulk
-0.5701484,DoS Hulk
-0.5523944,DoS Hulk
-0.5871029,DoS Slowhttptest
-0.3770239,DDoS
-0.6232186,DoS Hulk
-0.61441094,DoS Hulk
-0.5971254,DoS Hulk
-0.38966396,DDoS
-0.4089484,DoS slowloris
-0.484968,DoS Hulk
-0.5625261,DoS Hulk
-0.4781327,DoS Hulk
-0.57339084,DDoS
-0.37027133,PortScan
-0.6213202,DoS slowloris
-0.5608928,DoS Hulk
-0.630587,DoS Hulk
-0.37206167,PortScan
-0.38843113,DDoS
-0.38456684,PortScan
-0.39008942,PortScan
-0.3850625,PortScan
-0.47294036,DoS Hulk
-0.46860647,DDoS
-0.38604227,PortScan
-0.6135801,DoS Hulk
-0.36417672,DoS Hulk
-0.37387338,DDoS
-0.62373805,DoS Hulk
-0.37779528,PortScan
-0.3609116,DoS Hulk
-0.45621923,DDoS
-0.5631499,DoS Hulk
-0.3858941,PortScan
-0.36308622,DDoS
-0.36044922,DDoS
-0.41215336,SSH-Patator
-0.5529359,DoS Hulk
-0.4640937,DoS Hulk
-0.61860144,DoS Hulk
-0.5710536,DoS Hulk
-0.5708972,DoS Hulk
-0.5689005,DoS Hulk
-0.39008942,PortScan
-0.38215742,FTP-Patator
-0.5718643,DoS Hulk
-0.55904937,DoS Hulk
-0.47185352,DDoS
-0.55650985,DoS Hulk
-0.40867847,PortScan
-0.38725284,DDoS
-0.6119516,DoS Hulk
-0.3922842,PortScan
-0.371071,PortScan
-0.37992904,DDoS
-0.5637753,DoS GoldenEye
-0.4606645,DDoS
-0.392516,PortScan
-0.37516394,PortScan
-0.5427239,DDoS
-0.46738774,DDoS
-0.61779594,DoS Hulk
-0.5462153,DoS Hulk
-0.625691,DoS Hulk
-0.6278736,DoS Hulk
-0.36859265,DDoS
-0.3872334,DDoS
-0.39608172,FTP-Patator
-0.57805365,DDoS
-0.38664594,PortScan
-0.6002831,DDoS
-0.66328436,DoS slowloris
-0.37313393,PortScan
-0.39416602,DDoS
-0.47434247,DDoS
-0.3802813,PortScan
-0.55598086,DoS Hulk
-0.46105576,DDoS
-0.3838339,PortScan
-0.5779841,DDoS
-0.36442366,DoS Hulk
-0.3918411,PortScan
-0.5831592,DDoS
-0.5598468,DoS Hulk
-0.36751798,DDoS
-0.37504488,PortScan
-0.5678788,DoS Hulk
-0.37294647,PortScan
-0.46651444,DDoS
-0.5673612,DoS Hulk
-0.46064788,DDoS
-0.55765367,DoS Hulk
-0.39711475,PortScan
-0.59714365,DDoS
-0.371071,PortScan
-0.56918263,DoS Hulk
-0.38395596,PortScan
-0.34978333,DoS Hulk
-0.36168644,DDoS
-0.46362075,DDoS
-0.38571852,DDoS
-0.35994184,DoS Hulk
-0.47968692,DoS Hulk
-0.37421593,PortScan
-0.61979526,DoS Hulk
-0.39217594,PortScan
-0.37014276,DDoS
-0.62191516,DoS Hulk
-0.5683235,DoS Hulk
-0.64199287,DoS slowloris
-0.58777374,DoS Hulk
-0.38953218,DDoS
-0.62822276,DDoS
-0.38469857,DDoS
-0.36479372,DoS Hulk
-0.57771134,DDoS
-0.56566757,DoS Hulk
-0.5635364,DoS Hulk
-0.39308137,DDoS
-0.40890294,SSH-Patator
-0.3850625,PortScan
-0.37290028,PortScan
-0.63225603,DoS Hulk
-0.56021345,DoS Hulk
-0.61711895,DoS Hulk
-0.55509484,DoS Hulk
-0.46064138,DDoS
-0.6220674,DoS Hulk
-0.55368197,DoS Hulk
-0.48451748,DoS Hulk
-0.4091734,PortScan
-0.5645548,DoS Hulk
-0.37726012,PortScan
-0.38668206,PortScan
-0.47058806,DoS GoldenEye
-0.37162596,PortScan
-0.3718287,PortScan
-0.5871029,DoS Slowhttptest
-0.35257733,DoS Hulk
-0.56241715,DoS Hulk
-0.39072207,PortScan
-0.4711477,DoS GoldenEye
-0.46627852,DDoS
-0.55252004,DDoS
-0.5497568,DoS Hulk
-0.36461148,DoS Hulk
-0.39306164,DDoS
-0.37525648,DDoS
-0.37254447,PortScan
-0.56770116,DoS Hulk
-0.41008025,SSH-Patator
-0.37387338,DDoS
-0.46724483,DoS Hulk
-0.47830072,DDoS
-0.37072557,PortScan
-0.56499183,DoS Hulk
-0.35994184,DoS Hulk
-0.5693681,DoS Hulk
-0.5757946,DDoS
-0.35720417,DDoS
-0.56914186,DoS Hulk
-0.35386187,DoS Hulk
-0.3884345,PortScan
-0.35516307,DDoS
-0.6206408,DDoS
-0.4598823,DDoS
-0.46143436,DDoS
-0.61991596,DoS Hulk
-0.6272415,DoS Hulk
-0.3591771,DoS Hulk
-0.5547698,DoS Hulk
-0.39056984,PortScan
-0.39082748,DDoS
-0.6148268,DoS Hulk
-0.3928155,DDoS
-0.5541437,DoS Hulk
-0.3686423,DDoS
-0.5687541,DoS Hulk
-0.5843509,DoS Hulk
-0.38818792,DDoS
-0.5617053,DoS Hulk
-0.40922496,SSH-Patator
-0.39185137,DDoS
-0.5689392,DoS Hulk
-0.50169235,DoS Hulk
-0.6329379,DoS Hulk
-0.4695991,DDoS
-0.34849408,DoS Hulk
-0.3594202,DoS Hulk
-0.56084186,DoS Hulk
-0.37290028,PortScan
-0.4621997,DDoS
-0.40585974,PortScan
-0.377174,DoS GoldenEye
-0.5726393,DoS Hulk
-0.5750243,DDoS
-0.5603511,DoS Hulk
-0.5871029,DoS Slowhttptest
-0.37481,PortScan
-0.624383,DoS Hulk
-0.6195472,DoS Hulk
-0.35374218,DoS Hulk
-0.38926873,DDoS
-0.4697021,DoS Hulk
-0.46203598,DDoS
-0.5871029,DoS Slowhttptest
-0.5730418,DDoS
-0.4657093,DDoS
-0.5493369,DoS Hulk
-0.4725132,DoS GoldenEye
-0.5607608,DoS Hulk
-0.5653875,DoS Hulk
-0.48654392,DoS Hulk
-0.562552,DoS Hulk
-0.563567,DoS Hulk
-0.37038115,DDoS
-0.6175339,DoS Hulk
-0.6255753,DoS Hulk
-0.4601403,DDoS
-0.39046592,PortScan
-0.4704873,DDoS
-0.3872334,DDoS
-0.5658449,DoS Hulk
-0.624253,DDoS
-0.36751798,DDoS
-0.35836312,DoS Hulk
-0.45967355,DDoS
-0.3636821,DoS Hulk
-0.4062709,PortScan
-0.46033174,DDoS
-0.6291493,DoS Hulk
-0.5628815,DoS Hulk
-0.47281605,DDoS
-0.3969605,PortScan
-0.38749722,DDoS
-0.40912554,PortScan
-0.4076231,PortScan
-0.3917652,PortScan
-0.38919282,PortScan
-0.5657309,DDoS
-0.55894774,DoS Hulk
-0.39783236,DDoS
-0.38969648,PortScan
-0.36553276,DoS Hulk
-0.47547382,DoS Hulk
-0.62334746,DoS Hulk
-0.60359627,DDoS
-0.47185352,DDoS
-0.6246225,DoS Hulk
-0.6352844,DoS Hulk
-0.4633072,DDoS
-0.46864378,DDoS
-0.5574464,DDoS
-0.3889016,PortScan
-0.58531576,DDoS
-0.39339244,PortScan
-0.56428206,DoS Hulk
-0.38760757,PortScan
-0.57705724,DoS Hulk
-0.38668206,PortScan
-0.36479372,DoS Hulk
-0.47905046,DoS Hulk
-0.39185137,DDoS
-0.3892945,PortScan
-0.62080604,DoS Hulk
-0.4640283,DDoS
-0.5396483,DDoS
-0.371071,PortScan
-0.47098443,DDoS
-0.5544613,DoS Hulk
-0.3869909,DDoS
-0.55707496,DoS Hulk
-0.4634153,DDoS
-0.359759,DoS Hulk
-0.40634492,PortScan
-0.46161768,DDoS
-0.3584844,DoS Hulk
-0.38997835,DDoS
-0.5541437,DoS Hulk
-0.3726504,PortScan
-0.38774002,DDoS
-0.4706465,DDoS
-0.38973415,DDoS
-0.3712899,PortScan
-0.39578366,PortScan
-0.64013714,DoS Hulk
-0.5679874,DoS Hulk
-0.62808603,DoS Hulk
-0.37545237,DDoS
-0.561529,DoS Hulk
-0.5596926,DoS Hulk
-0.3928155,DDoS
-0.46691996,DDoS
-0.5608001,DoS Hulk
-0.5628815,DoS Hulk
-0.4701653,DDoS
-0.46639472,DDoS
-0.56575567,DoS Hulk
-0.5462925,DoS Hulk
-0.6288289,DoS Hulk
-0.6138185,DoS Hulk
-0.6352263,DoS Hulk
-0.41033626,SSH-Patator
-0.38215742,FTP-Patator
-0.48457357,DoS GoldenEye
-0.47394627,DDoS
-0.49451095,DoS Hulk
-0.5611778,DoS Hulk
-0.39011455,DDoS
-0.6230425,DoS Hulk
-0.6040189,DoS Hulk
-0.5545433,DoS Hulk
-0.61654323,DoS Hulk
-0.55661076,DoS Hulk
-0.56059957,DoS Hulk
-0.4095019,SSH-Patator
-0.56084186,DoS Hulk
-0.56385577,DoS Hulk
-0.4696884,DDoS
-0.5580311,DoS Hulk
-0.3743064,PortScan
-0.5871029,DoS Slowhttptest
-0.3754916,DDoS
-0.358727,DoS Hulk
-0.5602223,DoS Hulk
-0.4817909,DoS GoldenEye
-0.3950443,PortScan
-0.55460536,DoS Hulk
-0.39606172,Bot
-0.5586854,DoS Hulk
-0.6281123,DoS Hulk
-0.4652658,DDoS
-0.36920732,PortScan
-0.4709414,DDoS
-0.38957658,PortScan
-0.46606582,DDoS
-0.57626677,DDoS
-0.6211178,DoS Hulk
-0.5492719,DoS Hulk
-0.48563063,DoS GoldenEye
-0.57853174,DDoS
-0.6174091,DoS Hulk
-0.5670834,DoS Hulk
-0.39173147,PortScan
-0.3858941,PortScan
-0.47815686,DoS Hulk
-0.45990536,DDoS
-0.5990147,DDoS
-0.57652473,DoS Hulk
-0.3725072,DDoS
-0.43359196,PortScan
-0.6113702,DoS Hulk
-0.39339244,PortScan
-0.3893192,PortScan
-0.5415475,DDoS
-0.47374266,DDoS
-0.39606172,Bot
-0.47102645,DDoS
-0.47886342,DoS GoldenEye
-0.56375766,DoS Hulk
-0.5641972,DoS Hulk
-0.3748758,DDoS
-0.45928344,DDoS
-0.37258524,PortScan
-0.5597855,DoS Hulk
-0.41335332,PortScan
-0.56585896,DoS Hulk
-0.3770239,DDoS
-0.5590038,DoS Hulk
-0.57324284,DoS Hulk
-0.39185137,DDoS
-0.3609116,DoS Hulk
-0.5648971,DoS Hulk
-0.4046808,PortScan
-0.56503284,DoS Hulk
-0.37226683,PortScan
-0.63549936,DoS Hulk
-0.39197177,PortScan
-0.56499183,DoS Hulk
-0.37404624,PortScan
-0.6297343,DoS Hulk
-0.4064955,PortScan
-0.6233278,DoS Hulk
-0.39146513,PortScan
-0.625691,DoS Hulk
-0.3889016,PortScan
-0.4593386,DDoS
-0.61576676,DoS Hulk
-0.3739449,PortScan
-0.55925274,DoS Hulk
-0.6406812,DDoS
-0.38469857,DDoS
-0.5655874,DoS Hulk
-0.56845284,DoS Hulk
-0.43087777,PortScan
-0.56967336,DoS Hulk
-0.47265235,DDoS
-0.3778397,DDoS
-0.48317525,DDoS
-0.36856037,DoS Hulk
-0.45972675,DDoS
-0.47824055,DDoS
-0.36426774,DDoS
-0.41023555,PortScan
-0.38612175,PortScan
-0.5824447,DDoS
-0.5583076,DoS Hulk
-0.39241317,PortScan
-0.37545237,DDoS
-0.36426774,DDoS
-0.5710536,DoS Hulk
-0.61441094,DoS Hulk
-0.5609299,DoS Hulk
-0.6259027,DoS Hulk
-0.57708836,DoS Hulk
-0.5609506,DoS Hulk
-0.5542199,DoS Hulk
-0.37411642,PortScan
-0.4644864,DDoS
-0.39753568,PortScan
-0.5871029,DoS Slowhttptest
-0.46627852,DDoS
-0.38973415,DDoS
-0.48839003,DoS slowloris
-0.38378745,DDoS
-0.37072557,PortScan
-0.3648639,DoS Hulk
-0.3657259,DoS Hulk
-0.4615905,DDoS
-0.55464894,DoS Hulk
-0.4062709,PortScan
-0.61955637,DoS Hulk
-0.6097929,DoS Hulk
-0.37544012,PortScan
-0.39027086,PortScan
-0.56653625,DoS Hulk
-0.39339244,PortScan
-0.4040048,DoS GoldenEye
-0.4666288,DDoS
-0.4696884,DDoS
-0.6283467,DoS Hulk
-0.6261655,DoS Hulk
-0.56454134,DoS Hulk
-0.40530682,PortScan
-0.38749722,DDoS
-0.63144505,DDoS
-0.49345,DDoS
-0.5755032,DoS Hulk
-0.45922592,DDoS
-0.39138004,DDoS
-0.47742432,DDoS
-0.6081951,DDoS
-0.5651962,DoS Hulk
-0.62174845,DoS Hulk
-0.5565809,DoS Hulk
-0.62114084,DoS Hulk
-0.47663584,DoS Hulk
-0.56653625,DoS Hulk
-0.4650229,DDoS
-0.3869909,DDoS
-0.47721004,DDoS
-0.3906674,PortScan
-0.47921655,DDoS
-0.48198298,DDoS
-0.37538514,PortScan
-0.57459784,DoS Hulk
-0.624144,DoS Hulk
-0.4046808,PortScan
-0.62195885,DoS Hulk
-0.45928344,DDoS
-0.5632817,DoS GoldenEye
-0.38919282,PortScan
-0.47327238,DDoS
-0.56622523,DoS Hulk
-0.40848956,SSH-Patator
-0.60650927,DoS Slowhttptest
-0.56708866,DoS Hulk
-0.6412306,DDoS
-0.612109,DoS Hulk
-0.37379766,PortScan
-0.405616,PortScan
-0.39371476,PortScan
-0.42393908,PortScan
-0.45798114,DDoS
-0.39467856,PortScan
-0.3829176,PortScan
-0.46017602,DDoS
-0.55920166,DoS Hulk
-0.38467926,DDoS
-0.5663572,DoS Hulk
-0.6271628,DDoS
-0.4600817,DDoS
-0.3882901,PortScan
-0.3894972,PortScan
-0.45811114,DoS GoldenEye
-0.3892945,PortScan
-0.36920732,PortScan
-0.41892013,DoS GoldenEye
-0.4089484,DoS slowloris
-0.3894972,PortScan
-0.39008942,PortScan
-0.39109284,PortScan
-0.4726753,DDoS
-0.6142031,DoS Hulk
-0.3892945,PortScan
-0.36479372,DoS Hulk
-0.46366894,DoS Hulk
-0.3951731,FTP-Patator
-0.36920732,PortScan
-0.55988765,DoS Hulk
-0.3712556,DDoS
-0.3725072,DDoS
-0.56667584,DoS Hulk
-0.4643349,DDoS
-0.37404624,PortScan
-0.39385238,Web Attack - Brute Force
-0.5620597,DoS Hulk
-0.46750826,DDoS
-0.36875457,PortScan
-0.38378745,DDoS
-0.56248945,DoS Hulk
-0.617587,DoS Hulk
-0.4769027,DoS GoldenEye
-0.38790205,PortScan
-0.46878842,DDoS
-0.45972675,DDoS
-0.5627236,DoS Hulk
-0.3492342,DoS Hulk
-0.56433,DoS Hulk
-0.46659613,DoS Hulk
-0.46015996,DDoS
-0.3963656,PortScan
-0.48125875,DoS Hulk
-0.57261544,DDoS
-0.5871029,DoS Slowhttptest
-0.3869909,DDoS
-0.62562716,DDoS
-0.44840327,DoS Slowhttptest
-0.6367096,DoS Hulk
-0.61441094,DoS Hulk
-0.4699827,DDoS
-0.45951807,DDoS
-0.38402793,DDoS
-0.56084186,DoS Hulk
-0.3755587,PortScan
-0.38725284,DDoS
-0.5651962,DoS Hulk
-0.55048573,DoS Hulk
-0.35677248,DoS Hulk
-0.56551737,DoS Hulk
-0.6286187,DoS Hulk
-0.37547168,PortScan
-0.4709414,DDoS
-0.52686805,DoS Hulk
-0.6188683,DoS Hulk
-0.45928344,DDoS
-0.40492627,PortScan
-0.37404624,PortScan
-0.37565488,PortScan
-0.55998,DoS Hulk
-0.5506606,DoS Hulk
-0.5610837,DoS Hulk
-0.39211658,DDoS
-0.47082514,DDoS
-0.56444913,DoS Hulk
-0.5567991,DoS Hulk
-0.6199653,DoS Hulk
-0.5598435,DoS Hulk
-0.5633834,DoS Hulk
-0.46750826,DDoS
-0.39056984,PortScan
-0.5678762,DoS Hulk
-0.62306005,DoS Hulk
-0.47131038,DDoS
-0.61461884,DoS Hulk
-0.45972675,DDoS
-0.376984,PortScan
-0.38973415,DDoS
-0.3740664,DDoS
-0.5022406,Infiltration
-0.38932073,PortScan
-0.62954605,DoS Hulk
-0.38019487,DDoS
-0.4771637,DoS Hulk
-0.5557457,DoS Hulk
-0.38406608,DDoS
-0.4895022,DDoS
-0.5613878,DoS Hulk
-0.55732566,DoS Hulk
-0.4152708,DDoS
-0.46287337,DoS Hulk
-0.4480775,DoS Slowhttptest
-0.5673492,DoS Hulk
-0.5722759,DoS Hulk
-0.6205723,DoS Hulk
-0.5718524,DoS Hulk
-0.3859796,DDoS
-0.56789327,DoS Hulk
-0.56685156,DoS Hulk
-0.358212,DoS Hulk
-0.46027288,DDoS
-0.6636999,DoS slowloris
-0.4590706,DDoS
-0.5653875,DoS Hulk
-0.3609116,DoS Hulk
-0.55911875,DoS Hulk
-0.55990547,DoS Hulk
-0.61841583,DDoS
-0.5702989,DoS Hulk
-0.56298625,DoS Hulk
-0.47398466,DDoS
-0.36045933,DoS Hulk
-0.45977452,DoS Hulk
-0.3731829,PortScan
-0.62617236,DoS Hulk
-0.3850625,PortScan
-0.37214038,PortScan
-0.6253677,DoS Hulk
-0.36920732,PortScan
-0.57654333,DDoS
-0.40874806,DoS Hulk
-0.3892945,PortScan
-0.38919282,PortScan
-0.62215716,DDoS
-0.4684619,DDoS
-0.39072207,PortScan
-0.55528265,DoS Hulk
-0.49615702,DoS GoldenEye
-0.45960495,DDoS
-0.37143257,PortScan
-0.56359637,DoS Hulk
-0.3951731,FTP-Patator
-0.37571996,DDoS
-0.61976427,DoS Hulk
-0.3745357,PortScan
-0.563567,DoS Hulk
-0.46604335,DDoS
-0.48443428,DDoS
-0.61651444,DoS Hulk
-0.5590038,DoS Hulk
-0.4802803,DoS Hulk
-0.4598823,DDoS
-0.46896097,DDoS
-0.5582682,DoS Hulk
-0.5645044,DoS Hulk
-0.5871029,DoS Slowhttptest
-0.36552536,DoS Hulk
-0.60592395,DoS Hulk
-0.4680063,DDoS
-0.46565428,DDoS
-0.35266745,DoS Hulk
-0.55364156,DoS Hulk
-0.46365282,DoS Hulk
-0.38430285,DDoS
-0.4128884,DDoS
-0.6226337,DoS Hulk
-0.39291248,PortScan
-0.5552259,DoS Hulk
-0.55402994,DoS Hulk
-0.41316786,DDoS
-0.39407733,FTP-Patator
-0.56258875,DoS Hulk
-0.6188958,DoS Hulk
-0.38973415,DDoS
-0.38764295,PortScan
-0.3850625,PortScan
-0.4777279,DDoS
-0.564439,DoS Hulk
-0.3507616,DDoS
-0.57668227,DoS Hulk
-0.37671658,PortScan
-0.6172589,DoS Hulk
-0.38649374,PortScan
-0.46033633,DDoS
-0.38962993,PortScan
-0.38937905,PortScan
-0.55894774,DoS Hulk
-0.5566823,DoS Hulk
-0.38790205,PortScan
-0.5580311,DoS Hulk
-0.48200482,DoS Hulk
-0.4119225,PortScan
-0.61610425,DoS Hulk
-0.4615905,DDoS
-0.39072207,PortScan
-0.45972675,DDoS
-0.56722814,DoS Hulk
-0.62352705,DoS Hulk
-0.5701484,DoS Hulk
-0.6226035,DoS Hulk
-0.38269284,DDoS
-0.6193468,DoS Hulk
-0.5877662,DDoS
-0.5596464,DoS Hulk
-0.38395596,PortScan
-0.39980638,PortScan
-0.56729007,DoS Hulk
-0.37559426,PortScan
-0.55366284,DoS Hulk
-0.38999793,DDoS
-0.38973415,DDoS
-0.46049178,DDoS
-0.3872334,DDoS
-0.39315134,PortScan
-0.38269284,DDoS
-0.3911786,PortScan
-0.5190322,DoS Hulk
-0.3963196,PortScan
-0.4661208,DDoS
-0.36941415,DDoS
-0.45918325,DDoS
-0.380836,DDoS
-0.3734089,PortScan
-0.36447123,DoS Hulk
-0.37226683,PortScan
-0.45972675,DDoS
-0.5786336,DoS Hulk
-0.570199,DoS Hulk
-0.3859796,DDoS
-0.3917578,DDoS
-0.47304475,DDoS
-0.3777902,PortScan
-0.46049207,DDoS
-0.35720417,DDoS
-0.5522907,DoS Hulk
-0.46094966,DDoS
-0.384326,DDoS
-0.56541306,DoS Hulk
-0.45967355,DDoS
-0.38293263,DDoS
-0.408066,PortScan
-0.39506337,FTP-Patator
-0.5566892,DoS Hulk
-0.40491602,PortScan
-0.39202785,Web Attack - Brute Force
-0.41179737,PortScan
-0.37387338,DDoS
-0.5698292,DoS Hulk
-0.47537494,DDoS
-0.62212557,DoS Hulk
-0.47261915,DDoS
-0.39231223,PortScan
-0.54827356,DoS Hulk
-0.4881793,DDoS
-0.46896097,DDoS
-0.6265418,DoS Hulk
-0.39095148,DDoS
-0.61828804,DoS Hulk
-0.6248227,DoS Hulk
-0.476644,DoS GoldenEye
-0.61441094,DoS Hulk
-0.5677662,DoS Hulk
-0.37649134,PortScan
-0.6034169,DDoS
-0.39355475,Web Attack - Brute Force
-0.4693411,DoS Hulk
-0.5564225,DoS Hulk
-0.38681176,PortScan
-0.5600438,DoS Hulk
-0.48179066,DoS Hulk
-0.5576238,DoS Hulk
-0.37481,PortScan
-0.38571852,DDoS
-0.38608658,PortScan
-0.35386187,DoS Hulk
-0.46627852,DDoS
-0.45928344,DDoS
-0.45782137,DoS Hulk
-0.46750826,DDoS
-0.61633474,DoS Hulk
-0.61477065,DoS Hulk
-0.56291395,DoS Hulk
-0.4799124,DoS Hulk
-0.56079125,DoS Hulk
-0.54172796,DoS Hulk
-0.6610443,DoS slowloris
-0.56229556,DoS Hulk
-0.39022142,PortScan
-0.6005939,DoS slowloris
-0.46592328,PortScan
-0.38966396,DDoS
-0.562693,DoS Hulk
-0.53500414,DDoS
-0.62776864,DoS Hulk
-0.3740664,DDoS
-0.56531274,DoS Hulk
-0.5634549,DoS Hulk
-0.38146415,PortScan
-0.5710208,DoS Hulk
-0.6045492,DoS Hulk
-0.6177555,DoS Hulk
-0.40749338,PortScan
-0.3640858,DoS Hulk
-0.47544205,DoS Hulk
-0.45972675,DDoS
-0.35677248,DoS Hulk
-0.41494277,SSH-Patator
-0.6283563,DoS Hulk
-0.37565488,PortScan
-0.46520087,DoS Hulk
-0.37550774,PortScan
-0.5499668,DoS Hulk
-0.469003,DDoS
-0.54652256,DoS Hulk
-0.39556843,PortScan
-0.38626975,PortScan
-0.62812614,DoS Hulk
-0.6271222,DoS Hulk
-0.38467926,DDoS
-0.5774094,DDoS
-0.45943886,DDoS
-0.38504303,PortScan
-0.56239337,DoS Hulk
-0.45953405,DDoS
-0.38749722,DDoS
-0.55002916,DoS Hulk
-0.598602,DoS slowloris
-0.48087838,DoS Hulk
-0.39477116,FTP-Patator
-0.3694109,PortScan
-0.38447842,DDoS
-0.5609756,DoS Hulk
-0.5569606,DoS Hulk
-0.3858941,PortScan
-0.6037819,DoS Hulk
-0.39151987,PortScan
-0.3725072,DDoS
-0.6167608,DoS Hulk
-0.5583789,DoS Hulk
-0.5564225,DoS Hulk
-0.55464894,DoS Hulk
-0.5617706,DoS Hulk
-0.38973415,DDoS
-0.3770239,DDoS
-0.57102394,DoS Hulk
-0.5769455,DDoS
-0.4089484,DoS slowloris
-0.35994184,DoS Hulk
-0.4615905,DDoS
-0.5599711,DoS Hulk
-0.5579001,DoS Hulk
-0.61654323,DoS Hulk
-0.46954888,DDoS
-0.5498365,DoS Hulk
-0.38910663,PortScan
-0.46187973,DDoS
-0.38723513,DDoS
-0.38469857,DDoS
-0.5651962,DoS Hulk
-0.6341371,DoS Hulk
-0.36417672,DoS Hulk
-0.46293798,DDoS
-0.57853174,DDoS
-0.39046592,PortScan
-0.36523,DoS Hulk
-0.37516394,PortScan
-0.56736434,DoS Hulk
-0.47634465,DDoS
-0.61654323,DoS Hulk
-0.5707745,DoS Hulk
-0.38339204,PortScan
-0.35145813,DoS Hulk
-0.37545237,DDoS
-0.6524924,DoS Hulk
-0.47338387,DoS GoldenEye
-0.37545237,DDoS
-0.3894972,PortScan
-0.4830089,DoS Hulk
-0.63057834,DoS Hulk
-0.3514673,DDoS
-0.5610924,DoS Hulk
-0.5761348,DoS Hulk
-0.4086306,SSH-Patator
-0.4723672,DDoS
-0.45930213,DoS Hulk
-0.6169915,DoS Hulk
-0.38790205,PortScan
-0.47120085,DDoS
-0.62833863,DoS Hulk
-0.48126,DoS Hulk
-0.47277495,DDoS
-0.47201318,DDoS
-0.39290515,PortScan
-0.3725072,DDoS
-0.3887668,PortScan
-0.4390392,DoS GoldenEye
-0.49680224,DoS Hulk
-0.4089484,DoS slowloris
-0.37027133,PortScan
-0.55450207,DoS Hulk
-0.45798114,DDoS
-0.37307394,PortScan
-0.38692436,PortScan
-0.44211417,DoS GoldenEye
-0.47209457,DDoS
-0.39468017,Web Attack - XSS
-0.56770116,DoS Hulk
-0.4062709,PortScan
-0.5604625,DoS Hulk
-0.46049207,DDoS
-0.5720705,DDoS
-0.46773887,DDoS
-0.35765767,DDoS
-0.54876137,DoS Hulk
-0.6163657,DoS Hulk
-0.373057,DDoS
-0.55349743,DoS Hulk
-0.37545237,DDoS
-0.5607093,DoS Hulk
-0.48002765,DoS Hulk
-0.40634492,PortScan
-0.45943886,DDoS
-0.6200946,DoS Hulk
-0.6263263,DoS Hulk
-0.65787596,DoS Hulk
-0.6333815,DDoS
-0.38973415,DDoS
-0.57236433,DoS Hulk
-0.4598823,DDoS
-0.358727,DoS Hulk
-0.4708493,DDoS
-0.6362789,DoS Hulk
-0.3748758,DDoS
-0.39008942,PortScan
-0.6370743,DoS Hulk
-0.5564225,DoS Hulk
-0.41280776,SSH-Patator
-0.40067255,PortScan
-0.5607303,DoS Hulk
-0.62061197,DoS Hulk
-0.6335264,DoS Hulk
-0.46698397,DDoS
-0.38389805,DDoS
-0.55358577,DoS Hulk
-0.38973415,DDoS
-0.48081887,DoS Hulk
-0.55641705,DoS Hulk
-0.37472075,DoS GoldenEye
-0.4606645,DDoS
-0.62934947,DDoS
-0.56354344,DoS Hulk
-0.5620042,DoS Hulk
-0.62991065,DoS Hulk
-0.38489845,PortScan
-0.48424682,DDoS
-0.3872334,DDoS
-0.55164546,DoS Hulk
-0.39173147,PortScan
-0.37366953,Bot
-0.37421593,PortScan
-0.3640858,DoS Hulk
-0.37571996,DDoS
-0.3869909,DDoS
-0.37411642,PortScan
-0.56084186,DoS Hulk
-0.5802127,DDoS
-0.38997835,DDoS
-0.3927176,FTP-Patator
-0.55408627,DoS Hulk
-0.55418676,DoS Hulk
-0.36045933,DoS Hulk
-0.3874955,DDoS
-0.45864242,DDoS
-0.3780495,PortScan
-0.5563904,DoS Hulk
-0.38397294,PortScan
-0.39720923,PortScan
-0.5491511,DoS Hulk
-0.38916466,PortScan
-0.5637388,DoS Hulk
-0.56365544,DoS Hulk
-0.5578908,DoS Hulk
-0.38723513,DDoS
-0.61193126,DoS Slowhttptest
-0.3870234,PortScan
-0.38841394,PortScan
-0.5564661,DoS Hulk
-0.3527325,DDoS
-0.38790205,PortScan
-0.35975343,DDoS
-0.40973902,PortScan
-0.38818792,DDoS
-0.37179396,PortScan
-0.45967355,DDoS
-0.46078154,DDoS
-0.38486904,PortScan
-0.3850625,PortScan
-0.46333954,DDoS
-0.556449,DoS Hulk
-0.56557876,DoS Hulk
-0.36021554,DoS Hulk
-0.46094966,DDoS
-0.64845866,DoS slowloris
-0.38760757,PortScan
-0.38269284,DDoS
-0.5721915,DoS Hulk
-0.36920732,PortScan
-0.61224735,DoS Hulk
-0.371071,PortScan
-0.564821,DoS Hulk
-0.57724655,DoS Hulk
-0.36417672,DoS Hulk
-0.59193856,DoS Hulk
-0.6259027,DoS Hulk
-0.56532633,DoS Hulk
-0.41892594,PortScan
-0.37726012,PortScan
-0.36383662,DoS Hulk
-0.55613345,DoS Hulk
-0.45293444,DDoS
-0.45972675,DDoS
-0.5660029,DoS Hulk
-0.36417672,DoS Hulk
-0.40776235,PortScan
-0.37841174,Bot
-0.36511377,DoS Hulk
-0.46261454,DDoS
-0.5538119,DoS Hulk
-0.37609395,PortScan
-0.35181502,DoS Hulk
-0.38937905,PortScan
-0.38257134,PortScan
-0.37481,PortScan
-0.38571852,DDoS
-0.39887875,PortScan
-0.3740664,DDoS
-0.55593646,DoS Hulk
-0.5619229,DoS Hulk
-0.4089484,DoS slowloris
-0.38973415,DDoS
-0.57684827,DDoS
-0.5118237,DoS Hulk
-0.56686324,DDoS
-0.6242843,DDoS
-0.37649134,PortScan
-0.40922496,SSH-Patator
-0.46627852,DDoS
-0.39791936,PortScan
-0.39467856,PortScan
-0.46510842,DDoS
-0.48213756,DoS GoldenEye
-0.37485412,PortScan
-0.38389805,DDoS
-0.37544012,PortScan
-0.5672284,DoS Hulk
-0.4612783,DDoS
-0.4772451,DoS Hulk
-0.5871029,DoS Slowhttptest
-0.37419736,PortScan
-0.5597817,DoS Hulk
-0.39413425,Web Attack - Brute Force
-0.6437199,DoS slowloris
-0.38467085,DDoS
-0.5663017,DoS Hulk
-0.5578112,DoS Hulk
-0.37481,PortScan
-0.4606645,DDoS
-0.5544613,DoS Hulk
-0.37271866,PortScan
-0.3921045,PortScan
-0.560621,DoS Hulk
-0.41019812,SSH-Patator
-0.3906674,PortScan
-0.38365763,DDoS
-0.38774002,DDoS
-0.40634492,PortScan
-0.36043838,DoS slowloris
-0.3640858,DoS Hulk
-0.61418116,DoS Hulk
-0.38942623,PortScan
-0.3894972,PortScan
-0.5598863,DoS Hulk
-0.55268896,DoS Hulk
-0.6185504,DoS Hulk
-0.58947027,DDoS
-0.4089484,DoS slowloris
-0.3865606,PortScan
-0.5600161,DDoS
-0.37387338,DDoS
-0.4089484,DoS slowloris
-0.37846035,DDoS
-0.6229457,DoS Hulk
-0.5607303,DoS Hulk
-0.38324845,PortScan
-0.37586695,PortScan
-0.6316228,DoS Hulk
-0.38993728,PortScan
-0.39146513,PortScan
-0.6299696,DoS Hulk
-0.38966772,PortScan
-0.39457014,FTP-Patator
-0.561631,DoS Hulk
-0.38818792,DDoS
-0.5796124,DDoS
-0.65452904,DoS Hulk
-0.4432063,DoS Slowhttptest
-0.61675185,DoS Hulk
-0.3756822,PortScan
-0.3916168,PortScan
-0.5871029,DoS Slowhttptest
-0.4593786,DDoS
-0.467848,DDoS
-0.3770239,DDoS
-0.6355698,DoS Hulk
-0.5558575,DoS Hulk
-0.4701653,DDoS
-0.56856173,DoS Hulk
-0.5538119,DoS Hulk
-0.5630739,DoS Hulk
-0.61815417,DoS Hulk
-0.62951267,DoS Hulk
-0.55669814,DoS Hulk
-0.37571996,DDoS
-0.38997835,DDoS
-0.38668206,PortScan
-0.5609506,DoS Hulk
-0.47419992,DDoS
-0.5600329,DoS Hulk
-0.4089484,DoS slowloris
-0.40710047,PortScan
-0.6307917,DoS Hulk
-0.5831592,DDoS
-0.3617643,DoS slowloris
-0.62212557,DoS Hulk
-0.5467808,DDoS
-0.35181502,DoS Hulk
-0.3865978,FTP-Patator
-0.41002947,PortScan
-0.3893118,PortScan
-0.3864517,PortScan
-0.62991065,DoS Hulk
-0.4606645,DDoS
-0.36442366,DoS Hulk
-0.5631858,DoS Hulk
-0.62082595,DoS Hulk
-0.37538514,PortScan
-0.38443032,PortScan
-0.56789327,DoS Hulk
-0.3507616,DDoS
-0.56307197,DoS Hulk
-0.5410659,PortScan
-0.39378923,FTP-Patator
-0.37511072,DDoS
-0.37559426,PortScan
-0.46222937,DoS GoldenEye
-0.39248195,DDoS
-0.5591975,DoS Hulk
-0.47829598,DoS GoldenEye
-0.562757,DoS Hulk
-0.6232509,DDoS
-0.47928083,DoS Hulk
-0.39468017,Web Attack - Brute Force
-0.36920732,PortScan
-0.46435007,DoS Hulk
-0.39137465,PortScan
-0.5655338,DoS Hulk
-0.39416602,DDoS
-0.5530907,DoS Hulk
-0.56065214,DoS Hulk
-0.47201318,DDoS
-0.380836,DDoS
-0.45988595,DDoS
-0.56065214,DoS Hulk
-0.38725284,DDoS
-0.41151884,PortScan
-0.62616336,DoS Hulk
-0.45967355,DDoS
-0.60709244,DDoS
-0.46967998,DoS GoldenEye
-0.4796626,DDoS
-0.39524567,PortScan
-0.39308137,DDoS
-0.36523,DoS Hulk
-0.36546898,DoS Hulk
-0.38932073,PortScan
-0.37290028,PortScan
-0.3584844,DoS Hulk
-0.39185137,DDoS
-0.3718287,PortScan
-0.4606645,DDoS
-0.5631044,DoS Hulk
-0.553465,DoS Hulk
-0.37176633,PortScan
-0.6140262,DoS Hulk
-0.36920732,PortScan
-0.37649134,PortScan
-0.5618795,DoS Hulk
-0.38328394,DDoS
-0.46627852,DDoS
-0.38395596,PortScan
-0.6126981,DoS Hulk
-0.4823675,DoS GoldenEye
-0.6337407,DoS Hulk
-0.60997546,DDoS
-0.6437199,DoS slowloris
-0.39457014,FTP-Patator
-0.4501386,DoS GoldenEye
-0.39894298,PortScan
-0.38664594,PortScan
-0.5595962,DoS Hulk
-0.57580227,DoS Hulk
-0.57817966,DDoS
-0.3733095,DDoS
-0.5847396,DDoS
-0.47664922,DDoS
-0.62943834,DoS Hulk
-0.46717417,DDoS
-0.37226683,PortScan
-0.39622268,PortScan
-0.38668206,PortScan
-0.46219233,DDoS
-0.560982,DoS Hulk
-0.5569487,DoS Hulk
-0.61675185,DoS Hulk
-0.37469268,Bot
-0.3716476,PortScan
-0.59140736,DoS Hulk
-0.5606929,DoS Hulk
-0.60303974,DDoS
-0.4709414,DDoS
-0.62114084,DoS Hulk
-0.37544012,PortScan
-0.4089484,DoS slowloris
-0.38903433,PortScan
-0.35196155,DDoS
-0.6295837,DoS Hulk
-0.3869909,DDoS
-0.35257733,DoS Hulk
-0.37404624,PortScan
-0.3885274,PortScan
-0.47722444,DDoS
-0.39140236,PortScan
-0.39056984,PortScan
-0.34849408,DoS Hulk
-0.39046592,PortScan
-0.636517,DoS Hulk
-0.52037543,DoS slowloris
-0.45550007,DoS GoldenEye
-0.3932003,PortScan
-0.38681224,PortScan
-0.5556403,DoS Hulk
-0.5540664,DoS Hulk
-0.39443278,DDoS
-0.57652473,DoS Hulk
-0.45976046,DDoS
-0.55819,DoS Hulk
-0.5476651,DoS Hulk
-0.3802813,PortScan
-0.38241607,FTP-Patator
-0.38758028,PortScan
-0.46064788,DDoS
-0.46993703,DDoS
-0.39622378,PortScan
-0.6165522,DoS Hulk
-0.393615,PortScan
-0.54615253,DoS Hulk
-0.5705111,DoS Hulk
-0.40890294,SSH-Patator
-0.40530682,PortScan
-0.5594787,DoS Hulk
-0.5576166,DoS Hulk
-0.5624125,DoS Hulk
-0.3804331,DDoS
-0.45943886,DDoS
-0.4703244,DDoS
-0.5499668,DoS Hulk
-0.41215336,SSH-Patator
-0.5871717,DoS Hulk
-0.39008942,PortScan
-0.5508318,DoS Hulk
-0.38969648,PortScan
-0.36920732,PortScan
-0.38571852,DDoS
-0.55982405,DoS Hulk
-0.37379766,PortScan
-0.37586695,PortScan
-0.5759708,DDoS
-0.48227528,DoS Hulk
-0.5793879,DDoS
-0.48137456,DoS Hulk
-0.5871029,DoS Slowhttptest
-0.39564204,FTP-Patator
-0.5527647,DoS Hulk
-0.45982906,DDoS
-0.460505,DDoS
-0.3922842,PortScan
-0.62420243,DoS Hulk
-0.61991596,DoS Hulk
-0.56967336,DoS Hulk
-0.5615708,DoS Hulk
-0.41023043,PortScan
-0.37300184,PortScan
-0.40378055,PortScan
-0.4696884,DDoS
-0.55239236,DoS GoldenEye
-0.3746955,DDoS
-0.45893565,DDoS
-0.38269284,DDoS
-0.5619258,DoS Hulk
-0.47230896,DDoS
-0.40836188,SSH-Patator
-0.45829108,DDoS
-0.5612685,DoS Hulk
-0.47860822,DoS Hulk
-0.37389535,PortScan
-0.38764295,PortScan
-0.57530135,DoS Hulk
-0.6197954,DoS Hulk
-0.62352705,DoS Hulk
-0.35885093,DDoS
-0.5583076,DoS Hulk
-0.6197954,DoS Hulk
-0.3969605,PortScan
-0.3872334,DDoS
-0.40801653,PortScan
-0.40636778,DoS GoldenEye
-0.3922842,PortScan
-0.3733095,DDoS
-0.38764295,PortScan
-0.36382416,DoS Hulk
-0.38340312,PortScan
-0.62195885,DoS Hulk
-0.6233886,DoS Hulk
-0.38301778,PortScan
-0.39680082,Web Attack - Brute Force
-0.46305367,DDoS
-0.63226414,DoS Hulk
-0.55846655,DoS Hulk
-0.47249246,DDoS
-0.56316227,DoS Hulk
-0.39893332,PortScan
-0.5631148,DoS Hulk
-0.38681224,PortScan
-0.46167007,DDoS
-0.35257733,DoS Hulk
-0.45849764,DDoS
-0.6307539,DDoS
-0.39470762,DDoS
-0.56531274,DoS Hulk
-0.6048787,DoS Hulk
-0.56209093,DoS Hulk
-0.5607602,DoS Hulk
-0.5405454,DDoS
-0.36920732,PortScan
-0.40811053,PortScan
-0.38316604,DoS Hulk
-0.62102455,DoS Hulk
-0.5548729,DoS Hulk
-0.37649134,PortScan
-0.37300184,PortScan
-0.6211178,DoS Hulk
-0.4792207,DDoS
-0.37008533,PortScan
-0.34978333,DoS Hulk
-0.37921947,PortScan
-0.56466484,DoS Hulk
-0.6323269,DoS Hulk
-0.55412984,DoS Hulk
-0.56009525,DoS Hulk
-0.559952,DoS Hulk
-0.6086255,DDoS
-0.6237304,DoS Hulk
-0.41215336,SSH-Patator
-0.57436466,DoS Hulk
-0.46511704,DDoS
-0.5562918,DoS Hulk
-0.56695926,DoS Hulk
-0.44196734,DoS Slowhttptest
-0.5815884,DoS Hulk
-0.38145715,DDoS
-0.37307394,PortScan
-0.5633151,DoS Hulk
-0.37659717,Web Attack - Brute Force
-0.6259027,DoS Hulk
-0.373057,DDoS
-0.3938371,PortScan
-0.6263263,DoS Hulk
-0.5612239,DoS Hulk
-0.35994184,DoS Hulk
-0.39211658,DDoS
-0.40695694,PortScan
-0.45918325,DDoS
-0.47112438,DDoS
-0.39622378,PortScan
-0.5676422,DoS Hulk
-0.5682456,DoS Hulk
-0.37271866,PortScan
-0.37226683,PortScan
-0.38966772,PortScan
-0.57359517,DDoS
-0.61633474,DoS Hulk
-0.37649134,PortScan
-0.4637491,DDoS
-0.5605505,DoS Hulk
-0.51401436,DoS GoldenEye
-0.5609299,DoS Hulk
-0.376984,PortScan
-0.35885093,DDoS
-0.39046592,PortScan
-0.562673,DoS Hulk
-0.37214038,PortScan
-0.37008533,PortScan
-0.56008154,DoS Hulk
-0.55250204,DoS Hulk
-0.4560582,DoS GoldenEye
-0.56559443,DoS Hulk
-0.38946474,PortScan
-0.3718287,PortScan
-0.35897234,DDoS
-0.3770239,DDoS
-0.34978333,DoS Hulk
-0.3885274,PortScan
-0.371071,PortScan
-0.38919282,PortScan
-0.5623382,DoS Hulk
-0.37300184,PortScan
-0.39529946,PortScan
-0.46580002,DDoS
-0.39328435,PortScan
-0.6212262,DoS Hulk
-0.56271875,DoS Hulk
-0.46065083,DDoS
-0.55827767,DoS Hulk
-0.36021554,DoS Hulk
-0.5631499,DoS Hulk
-0.6308003,DoS Hulk
-0.55321044,DoS Hulk
-0.49281397,DoS GoldenEye
-0.62222457,DDoS
-0.57450765,DoS Hulk
-0.38293418,PortScan
-0.62808603,DoS Hulk
-0.38395596,PortScan
-0.57280916,DDoS
-0.40466034,PortScan
-0.5557998,DoS Hulk
-0.5844184,DDoS
-0.58016455,DDoS
-0.3725072,DDoS
-0.5699919,DDoS
-0.38919282,PortScan
-0.5791585,DDoS
-0.3690604,DDoS
-0.39449394,PortScan
-0.4962726,DoS GoldenEye
-0.621195,DoS Hulk
-0.4829261,PortScan
-0.35386187,DoS Hulk
-0.47419992,DDoS
-0.3798653,PortScan
-0.57817966,DDoS
-0.6267077,DoS Hulk
-0.62791365,DoS Hulk
-0.36417672,DoS Hulk
-0.39652196,PortScan
-0.5704284,DoS Hulk
-0.3892945,PortScan
-0.38395596,PortScan
-0.3521423,DoS Hulk
-0.46330553,DDoS
-0.5499668,DoS Hulk
-0.5573976,DoS Hulk
-0.6168768,DoS Hulk
-0.3571587,DDoS
-0.36417672,DoS Hulk
-0.5774419,DoS Hulk
-0.63155365,DDoS
-0.40779653,DoS Hulk
-0.47284693,DoS GoldenEye
-0.39457014,FTP-Patator
-0.5580311,DoS Hulk
-0.371071,PortScan
-0.38269284,DDoS
-0.5656884,DoS Hulk
-0.3869909,DDoS
-0.3850625,PortScan
-0.3894972,PortScan
-0.56463253,DoS Hulk
-0.39308137,DDoS
-0.5605406,DoS Hulk
-0.43870646,PortScan
-0.55515224,DoS Hulk
-0.47209457,DDoS
-0.36920732,PortScan
-0.6303823,DoS Hulk
-0.376984,PortScan
-0.5555879,DoS Hulk
-0.4073474,PortScan
-0.358212,DoS Hulk
-0.45967355,DDoS
-0.55282485,DoS Hulk
-0.37404624,PortScan
-0.3887289,PortScan
-0.57826966,DDoS
-0.3894972,PortScan
-0.38365763,DDoS
-0.55212134,DoS Hulk
-0.3640858,DoS Hulk
-0.38596022,DDoS
-0.5499668,DoS Hulk
-0.38940042,DDoS
-0.37027133,PortScan
-0.561346,DoS Hulk
-0.37559426,PortScan
-0.48035085,DoS Hulk
-0.56918263,DoS Hulk
-0.5568865,DoS Hulk
-0.39457014,FTP-Patator
-0.6265441,DoS Hulk
-0.40062276,PortScan
-0.40890408,PortScan
-0.5207527,DoS slowloris
-0.58237064,DDoS
-0.6247519,DoS Hulk
-0.39217594,PortScan
-0.62216926,DoS Hulk
-0.566386,DoS Hulk
-0.3780495,PortScan
-0.3912161,DDoS
-0.4906991,DoS Hulk
-0.6199839,DoS Hulk
-0.5751769,DoS Hulk
-0.38725284,DDoS
-0.57023543,DoS Hulk
-0.47329614,DDoS
-0.4818917,DoS Hulk
-0.3869909,DDoS
-0.3584844,DoS Hulk
-0.3858941,PortScan
-0.62558883,DoS Hulk
-0.56658286,DoS Hulk
-0.47205815,DoS Hulk
-0.6212843,DoS Hulk
-0.6154223,DoS Hulk
-0.4025093,PortScan
-0.38389805,DDoS
-0.5657459,DoS Hulk
-0.38389805,DDoS
-0.5708308,DoS Hulk
-0.42061418,PortScan
-0.3740664,DDoS
-0.6302587,DoS Hulk
-0.37497973,PortScan
-0.37571996,DDoS
-0.39430326,FTP-Patator
-0.5529359,DoS Hulk
-0.4766903,DDoS
-0.5767728,DoS Hulk
-0.4614314,DDoS
-0.47377563,DDoS
-0.3748758,DDoS
-0.3973901,DoS GoldenEye
-0.37114277,PortScan
-0.563359,DoS Hulk
-0.57020414,DoS Hulk
-0.6151158,DoS Hulk
-0.39119935,PortScan
-0.3725314,PortScan
-0.5871029,DoS Slowhttptest
-0.5738891,DDoS
-0.38293263,DDoS
-0.38881204,PortScan
-0.62608075,DDoS
-0.58024395,DDoS
-0.38571852,DDoS
-0.3712746,Bot
-0.6292997,DoS Hulk
-0.39521402,FTP-Patator
-0.57482195,DoS Hulk
-0.6296976,DoS Hulk
-0.38195097,DDoS
-0.38790205,PortScan
-0.39541996,Web Attack - XSS
-0.38286954,PortScan
-0.5586983,DoS Hulk
-0.61610425,DoS Hulk
-0.46691957,DDoS
-0.56050324,DoS Hulk
-0.55539995,DoS Hulk
-0.6233278,DoS Hulk
-0.62352705,DoS Hulk
-0.46606582,DDoS
-0.61441094,DoS Hulk
-0.38430285,DDoS
-0.5624282,DoS Hulk
-0.6213559,DoS slowloris
-0.62685037,DoS Hulk
-0.45967355,DDoS
-0.46080375,DDoS
-0.39008942,PortScan
-0.38293263,DDoS
-0.36417672,DoS Hulk
-0.3697039,PortScan
-0.47277495,DDoS
-0.4060865,PortScan
-0.3754916,DDoS
-0.45084524,DoS GoldenEye
-0.56119794,DoS Hulk
-0.47991112,DDoS
-0.39529946,PortScan
-0.5637271,DoS Hulk
-0.47185352,DDoS
-0.3727727,DDoS
-0.46481588,DDoS
-0.56503284,DoS Hulk
-0.44963378,DoS GoldenEye
-0.5641665,DoS Hulk
-0.5639548,DDoS
-0.620332,DoS Hulk
-0.63037366,DoS Hulk
-0.371071,PortScan
-0.46079463,DDoS
-0.3793711,PortScan
-0.47203264,DDoS
-0.5624125,DoS Hulk
-0.3906674,PortScan
-0.63097346,DoS Hulk
-0.55406123,DoS Hulk
-0.6437199,DoS slowloris
-0.37544012,PortScan
-0.6138185,DoS Hulk
-0.47085997,DDoS
-0.55358577,DoS Hulk
-0.63064957,DoS Hulk
-0.37379766,PortScan
-0.39211658,DDoS
-0.41035903,PortScan
-0.47201318,DDoS
-0.6151158,DoS Hulk
-0.39138004,DDoS
-0.4089484,DoS slowloris
-0.40876168,PortScan
-0.35386187,DoS Hulk
-0.39980638,PortScan
-0.40409088,PortScan
-0.5651962,DoS Hulk
-0.44699854,DoS GoldenEye
-0.52764267,DoS Hulk
-0.4783498,DDoS
-0.6676307,DoS slowloris
-0.47537494,DDoS
-0.5837018,DDoS
-0.6175649,DoS Hulk
-0.46219233,DDoS
-0.3717013,PortScan
-0.37559426,PortScan
-0.46927774,DoS Hulk
-0.62198544,DoS Hulk
-0.6138185,DoS Hulk
-0.384186,PortScan
-0.4652658,DDoS
-0.38664594,PortScan
-0.560665,DoS Hulk
-0.5529244,DoS Hulk
-0.38919282,PortScan
-0.3850625,PortScan
-0.38269284,DDoS
-0.4611147,DDoS
-0.46939358,DoS Hulk
-0.39753568,PortScan
-0.62595373,DoS Hulk
-0.55321825,DoS Hulk
-0.5658449,DoS Hulk
-0.4598823,DDoS
-0.46173352,DDoS
-0.36684898,DoS Hulk
-0.36920732,PortScan
-0.55979246,DoS Hulk
-0.56854004,DoS Hulk
-0.62378097,DoS Hulk
-0.57280916,DDoS
-0.5547189,DoS Hulk
-0.37027133,PortScan
-0.47201318,DDoS
-0.4637491,DDoS
-0.46510842,DDoS
-0.36920732,PortScan
-0.3727727,DDoS
-0.47870237,DDoS
-0.37472075,DoS GoldenEye
-0.48208073,DoS Hulk
-0.37195343,PortScan
-0.57580787,DoS Hulk
-0.3953659,PortScan
-0.6218839,DoS Hulk
-0.56130254,DoS Hulk
-0.564814,DoS Hulk
-0.5570284,DoS Hulk
-0.5502209,DoS Hulk
-0.39138004,DDoS
-0.37481,PortScan
-0.46513048,DDoS
-0.37300184,PortScan
-0.48410177,DoS Hulk
-0.38131708,PortScan
-0.55639035,DoS Hulk
-0.371071,PortScan
-0.6256799,DoS Hulk
-0.38843113,DDoS
-0.5690358,DoS Hulk
-0.5628815,DoS Hulk
-0.46665305,DDoS
-0.3858941,PortScan
-0.62541556,DDoS
-0.3885274,PortScan
-0.5594419,DoS Hulk
-0.38952014,DDoS
-0.6169915,DoS Hulk
-0.38822916,DDoS
-0.38571852,DDoS
-0.57090694,DoS Hulk
-0.4089484,DoS slowloris
-0.4855696,DoS Hulk
-0.47044972,DDoS
-0.38973415,DDoS
-0.38843113,DDoS
-0.5562918,DoS Hulk
-0.38843113,DDoS
-0.46230164,DDoS
-0.3850625,PortScan
-0.4775663,DDoS
-0.6253863,DoS Hulk
-0.56065214,DoS Hulk
-0.39245862,DDoS
-0.3641445,DDoS
-0.47230896,DDoS
-0.47340807,DoS GoldenEye
-0.557601,DoS Hulk
-0.56011575,DoS Hulk
-0.5871029,DoS Slowhttptest
-0.39578366,PortScan
-0.60190356,DoS Hulk
-0.47262862,DDoS
-0.3893851,PortScan
-0.38843113,DDoS
-0.39460108,PortScan
-0.568493,DoS Hulk
-0.47158784,DDoS
-0.63834804,DDoS
-0.38265863,PortScan
-0.37649134,PortScan
-0.4748216,DDoS
-0.3712899,PortScan
-0.56008345,DoS Hulk
-0.47230896,DDoS
-0.45972675,DDoS
-0.4727376,DDoS
-0.3770239,DDoS
-0.6317997,DDoS
-0.4696884,DDoS
-0.4644901,DDoS
-0.5604625,DoS Hulk
-0.61675185,DoS Hulk
-0.45972675,DDoS
-0.6073642,DDoS
-0.5601301,DoS Hulk
-0.5930426,DDoS
-0.61532396,DoS Hulk
-0.39905953,PortScan
-0.48246557,DoS GoldenEye
-0.37157226,PortScan
-0.47546974,DDoS
-0.3725072,DDoS
-0.40978232,PortScan
-0.3739449,PortScan
-0.40890294,SSH-Patator
-0.48382562,DoS Hulk
-0.6150348,DoS Hulk
-0.6157184,DoS Hulk
-0.5768026,DoS Hulk
-0.5634098,DoS Hulk
-0.38588324,PortScan
-0.38215742,FTP-Patator
-0.3878445,PortScan
-0.371071,PortScan
-0.4598823,DDoS
-0.40381944,PortScan
-0.47079685,DDoS
-0.5628815,DoS Hulk
-0.62891424,DoS Hulk
-0.62808603,DoS Hulk
-0.45972675,DDoS
-0.40353575,PortScan
-0.614798,DoS Hulk
-0.6158676,DoS Hulk
-0.5578424,DoS Hulk
-0.43287313,DoS GoldenEye
-0.40922496,SSH-Patator
-0.3928155,DDoS
-0.38632146,PortScan
-0.37229812,PortScan
-0.3584844,DoS Hulk
-0.3894518,PortScan
-0.4721492,DDoS
-0.5616824,DoS Hulk
-0.5473741,DoS Hulk
-0.36417672,DoS Hulk
-0.57705134,DoS Hulk
-0.4663726,DDoS
-0.3850625,PortScan
-0.38681176,PortScan
-0.5580311,DoS Hulk
-0.38973415,DDoS
-0.55926657,DoS Hulk
-0.3850625,PortScan
-0.38456684,PortScan
-0.5564225,DoS Hulk
-0.38256872,PortScan
-0.61498404,DoS Hulk
-0.38728973,PortScan
-0.3923425,Bot
-0.3894972,PortScan
-0.38973415,DDoS
-0.41056195,PortScan
-0.59244245,DoS Hulk
-0.5529365,DoS Hulk
-0.5596464,DoS Hulk
-0.358212,DoS Hulk
-0.40811053,PortScan
-0.46037602,DDoS
-0.4106767,SSH-Patator
-0.6483419,DoS Slowhttptest
-0.541842,DoS Hulk
-0.47230896,DDoS
-0.5639292,DoS Hulk
-0.39046592,PortScan
-0.4165172,PortScan
-0.5779137,DDoS
-0.5622922,DoS Hulk
-0.6201257,DoS Hulk
-0.56364644,DoS Hulk
-0.63267833,DoS Hulk
-0.4908355,DDoS
-0.6303496,DDoS
-0.38969648,PortScan
-0.48019823,DDoS
-0.564664,DoS Hulk
-0.5635364,DoS Hulk
-0.5697628,DoS Hulk
-0.37757492,DDoS
-0.3725072,DDoS
-0.47201318,DDoS
-0.39180002,PortScan
-0.56149244,DoS Hulk
-0.6197954,DoS Hulk
-0.3648639,DoS Hulk
-0.58647496,DDoS
-0.57666105,DoS Hulk
-0.61654323,DoS Hulk
-0.39137465,PortScan
-0.45967355,DDoS
-0.3730943,PortScan
-0.45972675,DDoS
-0.62922543,DoS Hulk
-0.561849,DoS Hulk
-0.38293263,DDoS
-0.47249246,DDoS
-0.5618696,DoS Hulk
-0.46667403,DDoS
-0.38057843,DDoS
-0.47088125,DDoS
-0.36231157,DoS Hulk
-0.62212557,DoS Hulk
-0.5584033,DoS Hulk
-0.55872697,DoS Hulk
-0.55303854,DoS Hulk
-0.5784457,DDoS
-0.5622605,DoS Hulk
-0.45943886,DDoS
-0.4598823,DDoS
-0.6218535,DoS Hulk
-0.5648417,DoS Hulk
-0.38591123,PortScan
-0.6211053,DoS Hulk
-0.56355035,DoS Hulk
-0.38152507,PortScan
-0.51100796,DoS GoldenEye
-0.38973415,DDoS
-0.6233637,DoS Hulk
-0.6188683,DoS Hulk
-0.62183857,DoS Hulk
-0.6223798,DoS Hulk
-0.56499183,DoS Hulk
-0.37671658,PortScan
-0.5754558,DDoS
-0.6223361,DoS Hulk
-0.38681176,PortScan
-0.48690563,DoS GoldenEye
-0.5752271,DoS Hulk
-0.5637984,DoS Hulk
-0.55498993,DoS Hulk
-0.5741636,DoS Hulk
-0.459294,DDoS
-0.38395596,PortScan
-0.62275726,DDoS
-0.45761725,DDoS
-0.38973415,DDoS
-0.62315285,DoS Hulk
-0.40912554,PortScan
-0.4595943,DDoS
-0.55512494,DoS Hulk
-0.37055093,PortScan
-0.5539961,DoS Hulk
-0.38553485,PortScan
-0.38788247,PortScan
-0.55140936,DoS Hulk
-0.5681601,DoS Hulk
-0.47317982,DDoS
-0.570199,DoS Hulk
-0.4598823,DDoS
-0.37195343,PortScan
-0.5710536,DoS Hulk
-0.47422415,DoS Hulk
-0.6104839,DoS Slowhttptest
-0.47525296,DDoS
-0.57403314,DDoS
-0.46401894,DDoS
-0.4062709,PortScan
-0.3885274,PortScan
-0.38627616,DDoS
-0.37511072,DDoS
-0.3928155,DDoS
-0.5599749,DoS Hulk
-0.6469249,DoS slowloris
-0.48455232,DoS Hulk
-0.5474562,PortScan
-0.37055093,PortScan
-0.56435037,DoS Hulk
-0.61131054,DoS Slowhttptest
-0.46970302,DDoS
-0.39245862,DDoS
-0.56070685,DoS Hulk
-0.55613345,DoS Hulk
-0.56454134,DoS Hulk
-0.6363017,DoS Hulk
-0.3810578,PortScan
-0.563567,DoS Hulk
-0.56222016,Web Attack - XSS
-0.36417672,DoS Hulk
-0.46187973,DDoS
-0.6241305,DoS Hulk
-0.46064788,DDoS
-0.5782493,DDoS
-0.620332,DoS Hulk
-0.6287015,DoS Hulk
-0.38257134,PortScan
-0.56011105,DoS Hulk
-0.571726,DDoS
-0.5701484,DoS Hulk
-0.45943886,DDoS
-0.625691,DoS Hulk
-0.45308772,DDoS
-0.38796657,DDoS
-0.6198774,DDoS
-0.58142287,DDoS
-0.38850603,DDoS
-0.47078186,DoS Hulk
-0.46372828,DDoS
-0.38969648,PortScan
-0.46619642,DoS Hulk
-0.3874955,DDoS
-0.62451965,DoS Hulk
-0.4697694,DDoS
-0.561591,DoS Hulk
-0.5705111,DoS Hulk
-0.3917578,DDoS
-0.5705111,DoS Hulk
-0.37571996,DDoS
-0.4804428,DoS Hulk
-0.5241075,DDoS
-0.45972675,DDoS
-0.6172433,DDoS
-0.5603609,DoS Hulk
-0.38081688,DDoS
-0.62342525,DoS Hulk
-0.38713768,PortScan
-0.3716476,PortScan
-0.39385214,PortScan
-0.5731607,DDoS
-0.4654559,DDoS
-0.38997835,DDoS
-0.4089484,DoS slowloris
-0.58217365,DDoS
-0.3584844,DoS Hulk
-0.5635057,DoS Hulk
-0.5162443,DoS slowloris
-0.38649374,PortScan
-0.3823326,PortScan
-0.3727727,DDoS
-0.5541872,DoS Hulk
-0.45972675,DDoS
-0.56850195,DoS Hulk
-0.5669475,DoS Hulk
-0.47537494,DDoS
-0.5781664,DoS Hulk
-0.47214833,DDoS
-0.4862564,DoS Hulk
-0.62808603,DoS Hulk
-0.34946322,DoS Hulk
-0.37760472,PortScan
-0.37179396,PortScan
-0.393615,PortScan
-0.4791079,DoS GoldenEye
-0.42480475,PortScan
-0.54713416,DoS Hulk
-0.4637491,DDoS
-0.47111306,DDoS
-0.48068202,DoS GoldenEye
-0.35866144,DoS Hulk
-0.38953218,DDoS
-0.4650229,DDoS
-0.5557457,DoS Hulk
-0.66713375,DoS slowloris
-0.62276626,DoS Hulk
-0.4606645,DDoS
-0.62194675,DDoS
-0.57827747,DDoS
-0.39355475,Web Attack - XSS
-0.38365763,DDoS
-0.5607608,DoS Hulk
-0.3894972,PortScan
-0.36417672,DoS Hulk
-0.6278866,DoS Hulk
-0.45943886,DDoS
-0.40801653,PortScan
-0.46880233,DDoS
-0.37027133,PortScan
-0.38395596,PortScan
-0.62132794,DoS Hulk
-0.6320422,DoS Hulk
-0.5651774,DoS Hulk
-0.5755134,DoS Hulk
-0.37559426,PortScan
-0.47870237,DDoS
-0.38402793,DDoS
-0.37571996,DDoS
-0.46356183,DDoS
-0.39385238,Web Attack - XSS
-0.45894393,DDoS
-0.55770206,DoS Hulk
-0.56451696,DoS Hulk
-0.5631499,DoS Hulk
-0.42847955,DoS Slowhttptest
-0.38796657,DDoS
-0.36308622,DDoS
-0.39468017,Web Attack - XSS
-0.45951807,DDoS
-0.56028444,DoS Hulk
-0.5871029,DoS Slowhttptest
-0.57671976,DoS Hulk
-0.6247812,DDoS
-0.38443837,DDoS
-0.36479372,DoS Hulk
-0.37027133,PortScan
-0.3928155,DDoS
-0.46182626,DDoS
-0.3894972,PortScan
-0.39457014,FTP-Patator
-0.3748758,DDoS
-0.3609116,DoS Hulk
-0.3711267,PortScan
-0.41028428,PortScan
-0.48126215,DoS Hulk
-0.6269659,DoS Hulk
-0.4606645,DDoS
-0.3892945,PortScan
-0.38286954,PortScan
-0.55920166,DoS Hulk
-0.3774965,PortScan
-0.5670484,DoS Hulk
-0.6197742,DoS Hulk
-0.62180626,DoS Hulk
-0.58448327,DDoS
-0.46203598,DDoS
-0.6040789,DoS Hulk
-0.5590038,DoS Hulk
-0.39109284,PortScan
-0.38713768,PortScan
-0.57239145,DoS Hulk
-0.5479542,DoS Hulk
-0.53593487,DoS Hulk
-0.4089484,DoS slowloris
-0.37419736,PortScan
-0.45918325,DDoS
-0.4697694,DDoS
-0.5741636,DoS Hulk
-0.46949902,DoS GoldenEye
-0.37195343,PortScan
-0.46017602,DDoS
-0.48128018,DoS Hulk
-0.56207633,DoS Hulk
-0.46049207,DDoS
-0.3725072,DDoS
-0.37271294,PortScan
-0.39345556,Web Attack - XSS
-0.37411642,PortScan
-0.4598823,DDoS
-0.36552215,DDoS
-0.55687416,DoS Hulk
-0.3718287,PortScan
-0.61740446,DoS Hulk
-0.58003604,DDoS
-0.37995896,PortScan
-0.56722814,DoS Hulk
-0.38995785,PortScan
-0.40491602,PortScan
-0.36511377,DoS Hulk
-0.5799085,DDoS
-0.38395596,PortScan
-0.61694115,DoS Hulk
-0.64221007,DoS slowloris
-0.4089484,DoS slowloris
-0.46844798,DDoS
-0.4648656,DDoS
-0.34946322,DoS Hulk
-0.39046592,PortScan
-0.4600379,DDoS
-0.38997835,DDoS
-0.38803235,PortScan
-0.39292392,DDoS
-0.5629145,DDoS
-0.3648639,DoS Hulk
-0.47993296,DoS Hulk
-0.37072557,PortScan
-0.3894972,PortScan
-0.45972675,DDoS
-0.3725314,PortScan
-0.5753281,DoS Hulk
-0.39137465,PortScan
-0.55422187,DoS Hulk
-0.4769027,DoS GoldenEye
-0.63571435,DoS Hulk
-0.46826,DDoS
-0.47766268,DDoS
-0.5717146,DoS Hulk
-0.5554705,DoS Hulk
-0.3726731,PortScan
-0.38649374,PortScan
-0.62528586,DDoS
-0.5689828,DoS Hulk
-0.5554705,DoS Hulk
-0.5559338,DoS Hulk
-0.40505302,PortScan
-0.38215742,FTP-Patator
-0.40533864,PortScan
-0.43745247,DDoS
-0.62685037,DoS Hulk
-0.57805365,DDoS
-0.37300184,PortScan
-0.5758926,DoS Hulk
-0.39095148,DDoS
-0.4653967,DDoS
-0.63267833,DoS Hulk
-0.563567,DoS Hulk
-0.5134595,DoS Hulk
-0.42460585,PortScan
-0.5835539,DDoS
-0.39137155,PortScan
-0.55401206,DoS Hulk
-0.48510405,DDoS
-0.56031376,DoS Hulk
-0.57715595,DoS Hulk
-0.62023216,DDoS
-0.45910507,DDoS
-0.56298625,DoS Hulk
-0.5696941,DDoS
-0.3878445,PortScan
-0.47249368,DoS GoldenEye
-0.61438894,DoS Hulk
-0.5624125,DoS Hulk
-0.46720394,DDoS
-0.56161505,DoS Hulk
-0.4788193,DDoS
-0.5641831,DDoS
-0.37027133,PortScan
-0.37921947,PortScan
-0.5594419,DoS Hulk
-0.5605869,DoS Hulk
-0.39264855,PortScan
-0.37138048,DDoS
-0.3636821,DoS Hulk
-0.57378894,DDoS
-0.47902977,DoS Hulk
-0.61418116,DoS Hulk
-0.3677053,DDoS
-0.37181035,PortScan
-0.56660897,DoS Hulk
-0.38571852,DDoS
-0.56404656,DoS Hulk
-0.37300184,PortScan
-0.39328435,PortScan
-0.3969605,PortScan
-0.40913358,PortScan
-0.6316177,DoS Hulk
-0.47277495,DDoS
-0.39306164,DDoS
-0.4684619,DDoS
-0.3894972,PortScan
-0.6028337,DDoS
-0.56918263,DoS Hulk
-0.3727727,DDoS
-0.5611197,DoS Hulk
-0.57288784,DoS Hulk
-0.46701616,DDoS
-0.38962993,PortScan
-0.46340504,DDoS
-0.45558372,DDoS
-0.5725139,DDoS
-0.40067255,PortScan
-0.6190777,DoS Hulk
-0.40922496,SSH-Patator
-0.6180314,DoS Hulk
-0.36941415,DDoS
-0.39057404,PortScan
-0.56793296,DoS Hulk
-0.4705241,DoS Hulk
-0.5728688,DoS Hulk
-0.37421593,PortScan
-0.55509484,DoS Hulk
-0.5635,DoS Hulk
-0.3697595,PortScan
-0.37516394,PortScan
-0.45951807,DDoS
-0.37072557,PortScan
-0.62592274,DoS Hulk
-0.56009096,DoS Hulk
-0.56413513,DoS Hulk
-0.38995785,PortScan
-0.5792405,DDoS
-0.42391446,DoS GoldenEye
-0.61576676,DoS Hulk
-0.5665488,DoS Hulk
-0.45102772,DoS GoldenEye
-0.38872966,PortScan
-0.38815022,PortScan
-0.6245719,DoS Hulk
-0.46943432,DDoS
-0.3829695,FTP-Patator
-0.4600379,DDoS
-0.3850625,PortScan
-0.56433713,DoS Hulk
-0.57580227,DoS Hulk
-0.4583791,DDoS
-0.5582199,DoS Hulk
-0.46245804,DDoS
-0.5708308,DoS Hulk
-0.56099457,DoS Hulk
-0.55205595,DoS Hulk
-0.45990536,DDoS
-0.40710047,PortScan
-0.59992653,DDoS
-0.560981,DoS Hulk
-0.5609299,DoS Hulk
-0.558464,DoS Hulk
-0.35257733,DoS Hulk
-0.38966396,DDoS
-0.5508838,DoS Hulk
-0.39355475,Web Attack - Brute Force
-0.47986865,DoS Hulk
-0.46820658,DDoS
-0.6310627,DoS Hulk
-0.3850625,PortScan
-0.37271866,PortScan
-0.6222013,DoS Hulk
-0.49319953,DoS Hulk
-0.55382466,DoS Hulk
-0.6257507,DoS Hulk
-0.36564,DoS Hulk
-0.46033174,DDoS
-0.5722759,DoS Hulk
-0.55930126,DoS Hulk
-0.3719539,PortScan
-0.46772498,DDoS
-0.4065583,PortScan
-0.5695874,DoS Hulk
-0.39146513,PortScan
-0.41023555,PortScan
-0.46717417,DDoS
-0.39524567,PortScan
-0.40469813,PortScan
-0.57763726,DoS Hulk
-0.38353166,PortScan
-0.5554732,DoS Hulk
-0.4637491,DDoS
-0.4664363,DDoS
-0.5651962,DoS Hulk
-0.56581485,DoS Hulk
-0.52371275,DoS Hulk
-0.55253136,DoS Hulk
-0.6199757,DoS Hulk
-0.38146058,DDoS
-0.4703649,DDoS
-0.5539993,DoS Hulk
-0.47230896,DDoS
-0.55793947,DoS Hulk
-0.47760025,DDoS
-0.45953238,DDoS
-0.38858268,PortScan
-0.3892945,PortScan
-0.3727727,DDoS
-0.5751497,DDoS
-0.36920732,PortScan
-0.5871029,DoS Slowhttptest
-0.56622523,DoS Hulk
-0.61570954,DoS Hulk
-0.3696281,PortScan
-0.6140262,DoS Hulk
-0.56404656,DoS Hulk
-0.56168944,DoS Hulk
-0.5430585,DoS GoldenEye
-0.6180921,DoS Hulk
-0.6437199,DoS slowloris
-0.3858941,PortScan
-0.6220674,DoS Hulk
-0.38596022,DDoS
-0.55329597,DoS Hulk
-0.39046592,PortScan
-0.46814504,DDoS
-0.47922105,DoS Hulk
-0.36021554,DoS Hulk
-0.6152857,DDoS
-0.57387125,DDoS
-0.56637245,DoS Hulk
-0.56229556,DoS Hulk
-0.5735452,DoS Hulk
-0.38681176,PortScan
-0.61654323,DoS Hulk
-0.46461985,DDoS
-0.5579001,DoS Hulk
-0.47511503,DDoS
-0.46143475,DDoS
-0.39726254,PortScan
-0.39151987,PortScan
-0.37226683,PortScan
-0.5519769,DoS Hulk
-0.37195343,PortScan
-0.39578888,DDoS
-0.49970326,DoS Hulk
-0.4652658,DDoS
-0.627183,DoS Hulk
-0.46349537,PortScan
-0.5762922,DoS Hulk
-0.6263263,DoS Hulk
-0.392516,PortScan
-0.5642278,DoS Hulk
-0.6308003,DoS Hulk
-0.47846094,DDoS
-0.46562916,DDoS
-0.3875725,PortScan
-0.37055093,PortScan
-0.3869909,DDoS
-0.4708824,DoS GoldenEye
-0.37545237,DDoS
-0.5733936,DoS Hulk
-0.37008533,PortScan
-0.6233034,DDoS
-0.38571852,DDoS
-0.47244793,DoS GoldenEye
-0.36564,DoS Hulk
-0.47177526,DDoS
-0.63415277,DoS Hulk
-0.62191516,DoS Hulk
-0.40480077,PortScan
-0.46830344,DDoS
-0.3882394,DDoS
-0.48316723,DDoS
-0.5753941,DDoS
-0.40480077,PortScan
-0.36198676,DoS GoldenEye
-0.5871029,DoS Slowhttptest
-0.4601172,DDoS
-0.45998466,DDoS
-0.37038115,DDoS
-0.38820967,DDoS
-0.63348013,DoS Hulk
-0.3804331,DDoS
-0.6282777,DoS Hulk
-0.3889857,PortScan
-0.47209606,DoS GoldenEye
-0.56385577,DoS Hulk
-0.61654323,DoS Hulk
-0.56451696,DoS Hulk
-0.39303744,PortScan
-0.55934554,DoS Hulk
-0.5779841,DDoS
-0.37404624,PortScan
-0.38951263,DDoS
-0.3872334,DDoS
-0.36523,DoS Hulk
-0.6437199,DoS slowloris
-0.57211965,DoS Hulk
-0.56506383,DoS Hulk
-0.62872857,DoS Hulk
-0.47808522,DDoS
-0.40922496,SSH-Patator
-0.38340312,PortScan
-0.5653831,DoS Hulk
-0.38692436,PortScan
-0.359759,DoS Hulk
-0.56215084,DoS Hulk
-0.6355366,DoS Hulk
-0.5767146,DDoS
-0.46333364,DoS Hulk
-0.57652473,DoS Hulk
-0.54374105,DoS slowloris
-0.6471438,DoS slowloris
-0.5771407,DDoS
-0.5588606,DoS Hulk
-0.39303744,PortScan
-0.62197196,DoS Hulk
-0.46193463,DDoS
-0.4663082,DDoS
-0.47013244,DDoS
-0.6688684,DoS slowloris
-0.37138048,DDoS
-0.39608172,FTP-Patator
-0.43225712,PortScan
-0.38395596,PortScan
-0.46187973,DDoS
-0.4849497,DDoS
-0.56875694,DoS Hulk
-0.6282985,DoS Hulk
-0.4674912,DDoS
-0.5796793,DDoS
-0.38973415,DDoS
-0.3746955,DDoS
-0.62972564,DoS Hulk
-0.38957658,PortScan
-0.46937072,DDoS
-0.39315134,PortScan
-0.57258725,DoS Hulk
-0.4724593,DDoS
-0.38402793,DDoS
-0.47635344,DoS Hulk
-0.46093947,DDoS
-0.4497368,DoS GoldenEye
-0.5628815,DoS Hulk
-0.6268992,DDoS
-0.3859796,DDoS
-0.38168094,PortScan
-0.6202654,DoS Hulk
-0.5688208,DoS Hulk
-0.623373,DoS Hulk
-0.39236227,DDoS
-0.61829835,DoS Hulk
-0.58278894,DDoS
-0.6204442,DoS Hulk
-0.35226145,DoS Hulk
-0.5555126,DoS Hulk
-0.623443,DoS Hulk
-0.3912161,DDoS
-0.58356965,DDoS
-0.56664604,DoS Hulk
-0.41009805,PortScan
-0.36021554,DoS Hulk
-0.37504488,PortScan
-0.6297793,DoS Hulk
-0.4788918,DoS Hulk
-0.5690867,DoS Hulk
-0.5717146,DoS Hulk
-0.556078,DoS Hulk
-0.4700063,DDoS
-0.5690203,DoS Hulk
-0.5608183,DoS Hulk
-0.59996516,DDoS
-0.38293263,DDoS
-0.38745543,DDoS
-0.4778895,DDoS
-0.5636964,DoS Hulk
-0.46874592,DoS Hulk
-0.3654457,DoS Hulk
-0.37565488,PortScan
-0.37570646,DDoS
-0.46595544,DoS Hulk
-0.6317816,DoS slowloris
-0.39043072,PortScan
-0.3718287,PortScan
-0.56788653,DoS Hulk
-0.6248338,DoS Hulk
-0.56439143,DoS Hulk
-0.47185352,DDoS
-0.5563567,DoS Hulk
-0.48571512,DDoS
-0.5553093,DoS Hulk
-0.38293263,DDoS
-0.46105576,DDoS
-0.39457014,FTP-Patator
-0.47193488,DDoS
-0.557554,DoS Hulk
-0.6318682,DoS Hulk
-0.5688622,DoS Hulk
-0.38668206,PortScan
-0.57580227,DoS Hulk
-0.5614271,DoS Hulk
-0.552311,DoS Hulk
-0.3892945,PortScan
-0.3770239,DDoS
-0.57228255,DDoS
-0.4598823,DDoS
-0.56918263,DoS Hulk
-0.4615139,DDoS
-0.5840879,DDoS
-0.6250165,DoS Hulk
-0.4089484,DoS slowloris
-0.4661208,DDoS
-0.5624125,DoS Hulk
-0.6250301,DoS Hulk
-0.3874955,DDoS
-0.46721578,DDoS
-0.36664844,DDoS
-0.56481034,DoS Hulk
-0.61675185,DoS Hulk
-0.4638756,DDoS
-0.38775948,DDoS
-0.5645548,DoS Hulk
-0.5623382,DoS Hulk
-0.3804331,DDoS
-0.3885274,PortScan
-0.56566757,DoS Hulk
-0.5690863,DoS Hulk
-0.46158755,DDoS
-0.37504488,PortScan
-0.56733906,DoS Hulk
-0.3731829,PortScan
-0.5827897,DDoS
-0.39189777,PortScan
-0.36426774,DDoS
-0.563574,DoS Hulk
-0.60397744,DoS slowloris
-0.6339174,DDoS
-0.39612657,PortScan
-0.46627852,DDoS
-0.62454057,DoS Hulk
-0.56765115,DoS Hulk
-0.48068094,DoS GoldenEye
-0.38749722,DDoS
-0.36666423,DoS Hulk
-0.5558738,DDoS
-0.37481,PortScan
-0.37481,PortScan
-0.38713768,PortScan
-0.5432422,DoS GoldenEye
-0.56396186,DoS Hulk
-0.45960495,DDoS
-0.62191516,DoS Hulk
-0.38790205,PortScan
-0.63097405,DoS Hulk
-0.6518447,DoS Hulk
-0.6297343,DoS Hulk
-0.37649134,PortScan
-0.3716476,PortScan
-0.38681224,PortScan
-0.46049207,DDoS
-0.40734673,PortScan
-0.6147196,DoS Hulk
-0.39185137,DDoS
-0.3928155,DDoS
-0.54713416,DoS Hulk
-0.5460449,DoS slowloris
-0.46078357,DDoS
-0.4478164,DoS Slowhttptest
-0.39430326,FTP-Patator
-0.4822878,DoS Hulk
-0.568493,DoS Hulk
-0.518286,DoS Hulk
-0.47000036,DoS GoldenEye
-0.46199948,DDoS
-0.40739286,DoS Hulk
-0.3850625,PortScan
-0.62362266,DoS Hulk
-0.47623017,DoS Hulk
-0.58777374,DoS Hulk
-0.5753941,DDoS
-0.56537026,DoS Hulk
-0.4697694,DDoS
-0.62908685,DoS Hulk
-0.371071,PortScan
-0.625691,DoS Hulk
-0.45972675,DDoS
-0.5574929,DoS Hulk
-0.37571996,DDoS
-0.38664594,PortScan
-0.55770206,DoS Hulk
-0.37846035,DDoS
-0.5790879,DDoS
-0.46518022,DDoS
-0.5609299,DoS Hulk
-0.45972675,DDoS
-0.6140262,DoS Hulk
-0.62295324,DoS Hulk
-0.5871029,DoS Slowhttptest
-0.48471177,DDoS
-0.46125144,DDoS
-0.6169385,DoS Hulk
-0.56498194,DoS Hulk
-0.39006856,PortScan
-0.47673053,DDoS
-0.47674137,DoS GoldenEye
-0.38924724,PortScan
-0.38649374,PortScan
-0.38817072,PortScan
-0.38189894,FTP-Patator
-0.38790205,PortScan
-0.39059803,PortScan
-0.63016045,DoS Hulk
-0.56802726,DoS Hulk
-0.46722966,DDoS
-0.54514843,DoS Hulk
-0.50205547,DoS Hulk
-0.39211658,DDoS
-0.6274063,DoS Hulk
-0.46034926,DDoS
-0.4802938,DDoS
-0.56801933,DoS Hulk
-0.67523926,DoS Slowhttptest
-0.39864,PortScan
-0.35637808,DDoS
-0.5750889,DoS Hulk
-0.5684361,DoS Hulk
-0.5735076,DDoS
-0.46416852,DDoS
-0.5410659,PortScan
-0.5636964,DoS Hulk
-0.5668676,DoS Hulk
-0.39185137,DDoS
-0.46504828,DDoS
-0.39095148,DDoS
-0.5638669,DoS Hulk
-0.35677248,DoS Hulk
-0.3865606,PortScan
-0.5534401,DoS Hulk
-0.41023555,PortScan
-0.37034997,PortScan
-0.38833988,PortScan
-0.5629206,DoS Hulk
-0.56672513,DoS Hulk
-0.393615,PortScan
-0.57671976,DoS Hulk
-0.6318365,DoS Hulk
-0.3973016,DoS Hulk
-0.56705934,DoS Hulk
-0.39460108,PortScan
-0.37300184,PortScan
-0.5697239,DoS Hulk
-0.57173973,DDoS
-0.37379766,PortScan
-0.5634674,DoS Hulk
-0.4095019,SSH-Patator
-0.4685437,DoS Hulk
-0.3928155,DDoS
-0.3870062,PortScan
-0.58629966,DDoS
-0.47209457,DDoS
-0.37404624,PortScan
-0.37550774,PortScan
-0.448555,DoS Slowhttptest
-0.39430326,FTP-Patator
-0.55239236,DoS GoldenEye
-0.61240137,DDoS
-0.47438127,DoS Hulk
-0.38019487,DDoS
-0.56465065,DoS Hulk
-0.35637808,DDoS
-0.47230896,DDoS
-0.5556889,DoS Hulk
-0.37481,PortScan
-0.6110012,DoS Hulk
-0.6173781,DoS Hulk
-0.46366844,DDoS
-0.56276447,DoS Hulk
-0.42155322,PortScan
-0.3718287,PortScan
-0.56216395,DoS Hulk
-0.46576405,DDoS
-0.56957006,DoS Hulk
-0.38973415,DDoS
-0.5672284,DoS Hulk
-0.38469857,DDoS
-0.5629264,DoS Hulk
-0.4769027,DoS GoldenEye
-0.46245804,DDoS
-0.39119935,PortScan
-0.46580002,DDoS
-0.5607693,DoS Hulk
-0.47764376,DoS GoldenEye
-0.3725314,PortScan
-0.35969344,DDoS
-0.35196155,DDoS
-0.37713084,PortScan
-0.40907478,PortScan
-0.57107115,DoS Hulk
-0.47986865,DoS Hulk
-0.371071,PortScan
-0.5787695,DDoS
-0.5538689,DDoS
-0.55515224,DoS Hulk
-0.3928155,DDoS
-0.358212,DoS Hulk
-0.5539993,DoS Hulk
-0.669514,DoS slowloris
-0.40749338,PortScan
-0.37649134,PortScan
-0.36829937,DDoS
-0.5693752,DoS Hulk
-0.46048748,DDoS
-0.6321956,DDoS
-0.37571996,DDoS
-0.6223673,DoS Hulk
-0.39355475,Web Attack - Brute Force
-0.39662424,DoS slowloris
-0.5529359,DoS Hulk
-0.38966772,PortScan
-0.392516,PortScan
-0.40895507,PortScan
-0.37609395,PortScan
-0.34849408,DoS Hulk
-0.5647406,DDoS
-0.40067255,PortScan
-0.47695953,DoS Hulk
-0.4089484,DoS slowloris
-0.38618162,DDoS
-0.37300184,PortScan
-0.37921947,PortScan
-0.40756616,SSH-Patator
-0.36859265,DDoS
-0.384326,DDoS
-0.39416602,DDoS
-0.625454,DoS Hulk
-0.37481,PortScan
-0.45943886,DDoS
-0.37559426,PortScan
-0.37658992,PortScan
-0.45972675,DDoS
-0.48020193,DoS Hulk
-0.62227786,DoS Hulk
-0.46238574,DoS GoldenEye
-0.63034207,DoS Hulk
-0.62802726,DoS Hulk
-0.37271866,PortScan
-0.38713768,PortScan
-0.3651504,DoS Hulk
-0.6148268,DoS Hulk
-0.4730444,DDoS
-0.38854796,PortScan
-0.46476272,DoS GoldenEye
-0.6108461,DDoS
-0.38402793,DDoS
-0.46883765,DDoS
-0.39457014,FTP-Patator
-0.61515117,DoS Hulk
-0.4600379,DDoS
-0.46864966,DoS Hulk
-0.56049997,DoS Hulk
-0.56319284,DoS Hulk
-0.5624866,DoS Hulk
-0.62373805,DoS Hulk
-0.5600356,DoS Hulk
-0.47216204,DDoS
-0.39457014,FTP-Patator
-0.58280134,DDoS
-0.37300184,PortScan
-0.3711267,PortScan
-0.3921045,PortScan
-0.36044922,DDoS
-0.47204635,DDoS
-0.6341921,DoS Hulk
-0.40358925,DoS GoldenEye
-0.37038115,DDoS
-0.55804396,DoS Hulk
-0.4014907,PortScan
-0.56519246,DDoS
-0.47527578,DDoS
-0.56011105,DoS Hulk
-0.6302093,DoS Hulk
-0.38764295,PortScan
-0.37404624,PortScan
-0.46452412,DDoS
-0.6290442,DoS Hulk
-0.40926397,PortScan
-0.48330992,DDoS
-0.38451466,PortScan
-0.45943886,DDoS
-0.38553485,PortScan
-0.46235892,DDoS
-0.35756686,DDoS
-0.4724428,DDoS
-0.6233278,DoS Hulk
-0.3712556,DDoS
-0.5698286,DoS Hulk
-0.5672636,DoS Hulk
-0.40735555,PortScan
-0.47297603,DDoS
-0.56229556,DoS Hulk
-0.58008623,DDoS
-0.5538119,DoS Hulk
-0.45953527,DDoS
-0.57530785,DDoS
-0.57488066,DoS Hulk
-0.6274537,DoS Hulk
-0.3859796,DDoS
-0.38946474,PortScan
-0.39824158,PortScan
-0.6275878,DoS Hulk
-0.3743064,PortScan
-0.3746955,DDoS
-0.4818192,DoS Hulk
-0.387927,PortScan
-0.5589884,DoS Hulk
-0.5792405,DDoS
-0.48289293,DoS Hulk
-0.6296513,DoS Hulk
-0.38571852,DDoS
-0.63376313,DoS Hulk
-0.38905016,PortScan
-0.4696884,DDoS
-0.63016045,DoS Hulk
-0.4625153,DoS Hulk
-0.38668206,PortScan
-0.60556924,DDoS
-0.36692145,DoS Hulk
-0.5651962,DoS Hulk
-0.37481,PortScan
-0.5595434,DoS Hulk
-0.3727727,DDoS
-0.6155013,DoS Hulk
-0.45813608,DDoS
-0.6239913,DoS Hulk
-0.4608579,DDoS
-0.63000983,DoS Hulk
-0.40409088,PortScan
-0.5655791,DoS Hulk
-0.39072207,PortScan
-0.39219046,PortScan
-0.40774056,PortScan
-0.38760757,PortScan
-0.4089484,DoS slowloris
-0.47870237,DDoS
-0.39046592,PortScan
-0.3921045,PortScan
-0.38820967,DDoS
-0.39241317,PortScan
-0.56640923,DoS Hulk
-0.3698173,PortScan
-0.65541536,DoS Hulk
-0.38649374,PortScan
-0.45977053,DDoS
-0.625733,DDoS
-0.38571852,DDoS
-0.39460108,PortScan
-0.46728158,DDoS
-0.46750826,DDoS
-0.38973415,DDoS
-0.3718287,PortScan
-0.55541515,DoS Hulk
-0.5514572,DoS Hulk
-0.5374586,DDoS
-0.40416452,PortScan
-0.62595373,DoS Hulk
-0.552435,DoS Hulk
-0.5578259,DoS Hulk
-0.5584965,DoS Hulk
-0.47291222,DDoS
-0.6231205,DoS Hulk
-0.6142031,DoS Hulk
-0.3892945,PortScan
-0.6248869,DDoS
-0.3858941,PortScan
-0.4721492,DDoS
-0.3920229,DDoS
-0.37481,PortScan
-0.40492627,PortScan
-0.558801,DoS Hulk
-0.47537494,DDoS
-0.5717438,DDoS
-0.55515224,DoS Hulk
-0.55742204,DoS Hulk
-0.61438894,DoS Hulk
-0.61829835,DoS Hulk
-0.62812614,DoS Hulk
-0.37887534,DDoS
-0.3912161,DDoS
-0.5627164,DoS Hulk
-0.3640858,DoS Hulk
-0.56653625,DoS Hulk
-0.39290515,PortScan
-0.38443837,DDoS
-0.56801444,DoS Hulk
-0.57290137,DDoS
-0.62394905,DoS Hulk
-0.38796288,PortScan
-0.5729663,DoS Hulk
-0.57238567,DDoS
-0.606555,DDoS
-0.4606645,DDoS
-0.5218183,DoS Hulk
-0.4697173,DDoS
-0.37040904,PortScan
-0.4121692,PortScan
-0.46245804,DDoS
-0.3928374,DDoS
-0.37179396,PortScan
-0.38649374,PortScan
-0.3719539,PortScan
-0.3770239,DDoS
-0.37404624,PortScan
-0.4089484,DoS slowloris
-0.46123162,DDoS
-0.4775663,DDoS
-0.46389616,DDoS
-0.5585476,DoS Hulk
-0.63018274,DoS Hulk
-0.38571852,DDoS
-0.62250423,DDoS
-0.470708,DDoS
-0.38910663,PortScan
-0.450356,DoS GoldenEye
-0.47310036,DoS Hulk
-0.37300184,PortScan
-0.47014174,DDoS
-0.56667584,DoS Hulk
-0.3780495,PortScan
-0.5673403,DoS Hulk
-0.37472734,PortScan
-0.3951731,FTP-Patator
-0.3850625,PortScan
-0.6161572,DoS Hulk
-0.47097826,DoS Hulk
-0.3716476,PortScan
-0.3870234,PortScan
-0.45941362,DDoS
-0.63182783,DoS Hulk
-0.38402793,DDoS
-0.5556701,DoS Hulk
-0.35374218,DoS Hulk
-0.48155102,DoS Hulk
-0.47610974,DDoS
-0.39339244,PortScan
-0.46775332,DoS GoldenEye
-0.5729994,DoS Hulk
-0.3869909,DDoS
-0.55775136,DoS Hulk
-0.36447123,DoS Hulk
-0.38649374,PortScan
-0.6527601,DoS Hulk
-0.5605406,DoS Hulk
-0.3868045,PortScan
-0.46049207,DDoS
-0.39072207,PortScan
-0.3584844,DoS Hulk
-0.4696884,DDoS
-0.40530682,PortScan
-0.61319584,DoS Hulk
-0.37726012,PortScan
-0.5582505,DoS Hulk
-0.47583282,DDoS
-0.3892945,PortScan
-0.56404656,DoS Hulk
-0.54667604,DoS Hulk
-0.36535493,DoS Hulk
-0.36719176,DoS Hulk
-0.5693752,DoS Hulk
-0.56298625,DoS Hulk
-0.60516006,DDoS
-0.3858941,PortScan
-0.55704874,DoS Hulk
-0.469003,DDoS
-0.6232509,DDoS
-0.56507903,DoS Hulk
-0.5628815,DoS Hulk
-0.39621574,FTP-Patator
-0.61991596,DoS Hulk
-0.36442366,DoS Hulk
-0.5790252,DoS Hulk
-0.6284903,DoS Hulk
-0.518566,DoS GoldenEye
-0.4089484,DoS slowloris
-0.45967355,DDoS
-0.56359416,DoS Hulk
-0.37176633,PortScan
-0.56941146,DoS Hulk
-0.6229192,DoS Hulk
-0.5607303,DoS Hulk
-0.36920732,PortScan
-0.5609299,DoS Hulk
-0.40890294,SSH-Patator
-0.38570783,PortScan
-0.3780495,PortScan
-0.36417672,DoS Hulk
-0.38553485,PortScan
-0.38195097,DDoS
-0.4697021,DoS Hulk
-0.56375766,DoS Hulk
-0.38664594,PortScan
-0.39824158,PortScan
-0.481632,DDoS
-0.6301921,DoS Hulk
-0.38973415,DDoS
-0.5432422,DoS GoldenEye
-0.46754208,DDoS
-0.6271319,DoS Hulk
-0.553735,DoS Hulk
-0.38833776,PortScan
-0.37545237,DDoS
-0.61991596,DoS Hulk
-0.5615708,DoS Hulk
-0.39630157,PortScan
-0.38953218,DDoS
-0.45953405,DDoS
-0.4606112,DDoS
-0.3885274,PortScan
-0.5789917,DDoS
-0.38057843,DDoS
-0.37921947,PortScan
-0.34849408,DoS Hulk
-0.4830089,DoS Hulk
-0.37208053,PortScan
-0.5703588,DoS Hulk
-0.48224044,DoS Hulk
-0.38737917,DoS Slowhttptest
-0.3636821,DoS Hulk
-0.61860144,DoS Hulk
-0.36868984,PortScan
-0.46321034,DDoS
-0.59638685,DDoS
-0.47201318,DDoS
-0.36537698,DDoS
-0.40922496,SSH-Patator
-0.38790205,PortScan
-0.48404694,DoS Hulk
-0.3718287,PortScan
-0.3688108,DDoS
-0.5711793,DoS Hulk
-0.5570284,DoS Hulk
-0.5594371,DoS Hulk
-0.5006108,DoS GoldenEye
-0.6183294,DoS Hulk
-0.5702617,DDoS
-0.3892945,PortScan
-0.6232965,DoS Hulk
-0.5522774,DoS Hulk
-0.39700878,PortScan
-0.61991596,DoS Hulk
-0.358727,DoS Hulk
-0.46182004,DDoS
-0.62334746,DoS Hulk
-0.38593978,DDoS
-0.5946014,DoS Hulk
-0.5665776,DoS Hulk
-0.61921614,DoS Hulk
-0.37544012,PortScan
-0.37921947,PortScan
-0.37481,PortScan
-0.62355834,DoS Hulk
-0.6188115,DoS Hulk
-0.39980638,PortScan
-0.36920732,PortScan
-0.4744758,DoS GoldenEye
-0.62791365,DoS Hulk
-0.469753,DoS Hulk
-0.61654323,DoS Hulk
-0.4706465,DDoS
-0.40516973,PortScan
-0.47995546,DoS Hulk
-0.47390297,DDoS
-0.3733095,DDoS
-0.47341847,DDoS
-0.574757,DoS Hulk
-0.46595764,DDoS
-0.62741315,DoS Hulk
-0.47987345,DDoS
-0.62805027,DoS Hulk
-0.62879986,DoS Hulk
-0.46031618,DDoS
-0.48146266,DoS Hulk
-0.393615,PortScan
-0.4842246,DoS Hulk
-0.48387232,DDoS
-0.3584844,DoS Hulk
-0.38395596,PortScan
-0.55923426,DoS Hulk
-0.5605869,DoS Hulk
-0.46561337,DDoS
-0.37481,PortScan
-0.39203465,PortScan
-0.4882717,DoS Hulk
-0.5651962,DoS Hulk
-0.5576223,DoS Hulk
-0.56357807,DoS Hulk
-0.55509436,DoS Hulk
-0.37027133,PortScan
-0.57349116,DoS Hulk
-0.6232101,DoS Hulk
-0.4782982,DoS GoldenEye
-0.479482,DDoS
-0.5163019,DoS GoldenEye
-0.4701653,DDoS
-0.37411642,PortScan
-0.5547056,DoS Hulk
-0.37511072,DDoS
-0.6298264,DDoS
-0.46629265,DoS Hulk
-0.62879986,DoS Hulk
-0.38301778,PortScan
-0.38790205,PortScan
-0.37544012,PortScan
-0.56499183,DoS Hulk
-0.38997835,DDoS
-0.3718287,PortScan
-0.58454865,DoS Hulk
-0.55906403,DoS Hulk
-0.46618092,DDoS
-0.65452904,DoS Hulk
-0.62212557,DoS Hulk
-0.56948066,DoS Hulk
-0.4584873,DDoS
-0.46627852,DDoS
-0.46214673,DDoS
-0.62139255,DoS Hulk
-0.3858941,PortScan
-0.38796657,DDoS
-0.464184,DDoS
-0.45974982,DDoS
-0.55989397,DoS Hulk
-0.3885274,PortScan
-0.5629906,DoS Hulk
-0.6275563,DoS Hulk
-0.5693752,DoS Hulk
-0.3727727,DDoS
-0.47862887,DoS Hulk
-0.5612589,DoS Hulk
-0.38596022,DDoS
-0.38668206,PortScan
-0.35257733,DoS Hulk
-0.46506155,DDoS
-0.38019487,DDoS
-0.37822336,DDoS
-0.46864378,DDoS
-0.57817966,DDoS
-0.38681176,PortScan
-0.39421317,Web Attack - Brute Force
-0.390139,PortScan
-0.47437465,DDoS
-0.5718643,DoS Hulk
-0.61570954,DoS Hulk
-0.3859796,DDoS
-0.3698173,PortScan
-0.39537063,FTP-Patator
-0.39416602,DDoS
-0.4600379,DDoS
-0.5653875,DoS Hulk
-0.3874955,DDoS
-0.45054686,DoS GoldenEye
-0.6210161,DoS Hulk
-0.6229457,DoS Hulk
-0.38269284,DDoS
-0.5604885,DoS Hulk
-0.54469085,DoS Hulk
-0.6182066,DDoS
-0.37027133,PortScan
-0.4796626,DDoS
-0.36552536,DoS Hulk
-0.45813608,DDoS
-0.3770464,DoS GoldenEye
-0.46627852,DDoS
-0.3686423,DDoS
-0.63358057,DoS Hulk
-0.39416462,FTP-Patator
-0.55042064,DoS Hulk
-0.3950443,PortScan
-0.46627852,DDoS
-0.3872334,DDoS
-0.47761288,DoS GoldenEye
-0.38389805,DDoS
-0.3765641,PortScan
-0.38924575,DDoS
-0.38924724,PortScan
-0.3869909,DDoS
-0.41268843,PortScan
-0.57339084,DDoS
-0.5562343,DoS Hulk
-0.6201257,DoS Hulk
-0.37072557,PortScan
-0.36458558,DoS Hulk
-0.5544259,DoS Hulk
-0.37313393,PortScan
-0.5507142,DoS Hulk
-0.47233266,DDoS
-0.48249426,DoS Hulk
-0.37027133,PortScan
-0.38681942,PortScan
-0.6203355,DoS Hulk
-0.62143636,DoS Hulk
-0.48284838,DoS Hulk
-0.62675023,DoS Hulk
-0.6205838,DDoS
-0.3774564,PortScan
-0.3711293,DDoS
-0.460505,DDoS
-0.37545237,DDoS
-0.5617706,DoS Hulk
-0.37404624,PortScan
-0.38668206,PortScan
-0.46483144,DDoS
-0.46945164,DDoS
-0.39211658,DDoS
-0.3840472,DDoS
-0.5555577,DoS Hulk
-0.45910507,DDoS
-0.5682066,DoS Hulk
-0.46953425,DoS Hulk
-0.38973415,DDoS
-0.47052202,DoS Hulk
-0.5537395,DoS Slowhttptest
-0.36751798,DDoS
-0.5705667,DDoS
-0.39578366,PortScan
-0.37195343,PortScan
-0.5499338,DoS Hulk
-0.62557787,DoS Hulk
-0.37544012,PortScan
-0.57073224,DoS GoldenEye
-0.3725072,DDoS
-0.35994184,DoS Hulk
-0.45951807,DDoS
-0.6201506,DoS Hulk
-0.3928155,DDoS
-0.3912161,DDoS
-0.36382416,DoS Hulk
-0.56331396,DoS Hulk
-0.56011105,DoS Hulk
-0.3733095,DDoS
-0.4773715,DDoS
-0.47077855,DoS Hulk
-0.5654104,DoS Hulk
-0.56239927,DoS Hulk
-0.37544012,PortScan
-0.47634897,DoS GoldenEye
-0.56566757,DoS Hulk
-0.38749722,DDoS
-0.5938394,DoS Hulk
-0.41215336,SSH-Patator
-0.5564225,DoS Hulk
-0.5534973,DoS Hulk
-0.47175783,DDoS
-0.47886434,DDoS
-0.38932073,PortScan
-0.356614,DDoS
-0.56850195,DoS Hulk
-0.45909095,DDoS
-0.40973607,SSH-Patator
-0.4888381,DoS GoldenEye
-0.55973125,DoS Hulk
-0.532806,DoS GoldenEye
-0.4025093,PortScan
-0.57608765,DDoS
-0.45918325,DDoS
-0.35897234,DDoS
-0.56172884,DoS Hulk
-0.37559426,PortScan
-0.6776935,DoS Slowhttptest
-0.6257224,DoS Hulk
-0.37649134,PortScan
-0.47151977,DDoS
-0.3924116,DoS Slowhttptest
-0.55819,DoS Hulk
-0.39238197,DDoS
-0.46048748,DDoS
-0.55624396,DoS Hulk
-0.3921045,PortScan
-0.38749722,DDoS
-0.37519655,PortScan
-0.37481,PortScan
-0.6358566,DoS Hulk
-0.44144434,DoS GoldenEye
-0.5635057,DoS Hulk
-0.62255514,DoS Hulk
-0.3807789,PortScan
-0.39180002,PortScan
-0.62552136,DDoS
-0.38790205,PortScan
-0.46719578,DoS Hulk
-0.38428786,DDoS
-0.37404624,PortScan
-0.55942154,DoS Hulk
-0.3902984,PortScan
-0.47541377,DDoS
-0.5470498,DoS Hulk
-0.5871029,DoS Slowhttptest
-0.3707298,PortScan
-0.37176633,PortScan
-0.38973415,DDoS
-0.4718251,DoS Hulk
-0.41247794,SSH-Patator
-0.60076374,DDoS
-0.3716476,PortScan
-0.38796657,DDoS
-0.5780819,DDoS
-0.5681294,DoS Hulk
-0.6095376,DDoS
-0.6437199,DoS slowloris
-0.55955625,DoS Hulk
-0.5749974,DDoS
-0.6272059,DoS Hulk
-0.55196977,DoS Hulk
-0.46334785,DDoS
-0.38948348,PortScan
-0.46093947,DDoS
-0.384215,FTP-Patator
-0.35885093,DDoS
-0.5651962,DoS Hulk
-0.62093425,DoS Hulk
-0.46435696,DoS Hulk
-0.5755129,DoS Hulk
-0.5582199,DoS Hulk
-0.6199354,DoS Hulk
-0.38749722,DDoS
-0.57242393,DoS Hulk
-0.47132787,DDoS
-0.4696884,DDoS
-0.38664594,PortScan
-0.39467856,PortScan
-0.4614485,DoS Hulk
-0.47961804,PortScan
-0.561774,DoS Hulk
-0.6352263,DoS Hulk
-0.5627164,DoS Hulk
-0.38649374,PortScan
-0.5722526,DDoS
-0.47656345,DDoS
-0.5342048,DoS Hulk
-0.56001,DoS Hulk
-0.45972675,DDoS
-0.39381078,FTP-Patator
-0.5285898,DoS GoldenEye
-0.5628049,DoS Hulk
-0.56917965,DoS Hulk
-0.37822336,DDoS
-0.46235892,DDoS
-0.46188992,DDoS
-0.37206167,PortScan
-0.56009525,DoS Hulk
-0.5544613,DoS Hulk
-0.38749722,DDoS
-0.38040963,PortScan
-0.371071,PortScan
-0.4021107,PortScan
-0.56079125,DoS Hulk
-0.37404624,PortScan
-0.55362463,DoS Hulk
-0.3734785,PortScan
-0.6280167,DDoS
-0.62671876,DoS Hulk
-0.49096087,DDoS
-0.3584844,DoS Hulk
-0.63325936,DoS Hulk
-0.37404624,PortScan
-0.5574092,DoS Hulk
-0.3810578,PortScan
-0.47209457,DDoS
-0.6229457,DoS Hulk
-0.5715692,DoS Hulk
-0.4979521,DoS GoldenEye
-0.5544317,DoS Hulk
-0.5627033,DoS Hulk
-0.6163294,DoS Hulk
-0.56242466,DoS Hulk
-0.39098027,PortScan
-0.39211658,DDoS
-0.47232962,DoS GoldenEye
-0.6157184,DoS Hulk
-0.4806726,DoS Hulk
-0.3921045,PortScan
-0.46878842,DDoS
-0.63592947,DoS Hulk
-0.6201506,DoS Hulk
-0.6333345,DoS Hulk
-0.62177503,DoS Hulk
-0.628162,DoS Hulk
-0.38443837,DDoS
-0.5841831,DDoS
-0.50018185,DDoS
-0.40409088,PortScan
-0.55391276,DoS Hulk
-0.46940354,DDoS
-0.48743188,DDoS
-0.55960315,DoS Hulk
-0.3616474,DoS slowloris
-0.36162105,DoS Hulk
-0.617387,DoS Hulk
-0.6479034,DoS Slowhttptest
-0.37545237,DDoS
-0.4054125,PortScan
-0.46867907,DDoS
-0.55639213,DoS Hulk
-0.5615505,DoS Hulk
-0.5786747,DDoS
-0.5663572,DoS Hulk
-0.38932073,PortScan
-0.5583776,DoS Hulk
-0.5599749,DoS Hulk
-0.38395596,PortScan
-0.5564225,DoS Hulk
-0.6273441,DoS Hulk
-0.3780495,PortScan
-0.38378003,PortScan
-0.5779631,DoS Hulk
-0.39501014,PortScan
-0.3778397,DDoS
-0.561346,DoS Hulk
-0.46940354,DDoS
-0.38790205,PortScan
-0.5580311,DoS Hulk
-0.45714542,DoS Hulk
-0.39308137,DDoS
-0.46433288,DDoS
-0.5673492,DoS Hulk
-0.3640858,DoS Hulk
-0.48881406,DoS Hulk
-0.46766642,DDoS
-0.5741704,DoS Hulk
-0.5871029,DoS Slowhttptest
-0.4121692,PortScan
-0.5492441,DoS Hulk
-0.37206167,PortScan
-0.4691588,DoS Hulk
-0.5618141,DoS Hulk
-0.47013232,DDoS
-0.3869909,DDoS
-0.37300184,PortScan
-0.48375168,DoS Hulk
-0.37757492,DDoS
-0.38749722,DDoS
-0.34978333,DoS Hulk
-0.38571852,DDoS
-0.3629634,DDoS
-0.57696074,DoS Hulk
-0.47583282,DDoS
-0.56411195,DoS Hulk
-0.46127534,DDoS
-0.38378745,DDoS
-0.40918228,PortScan
-0.3726935,PortScan
-0.6251562,DoS Hulk
-0.36875457,PortScan
-0.38997835,DDoS
-0.38215742,FTP-Patator
-0.6140262,DoS Hulk
-0.566546,DoS Hulk
-0.4611147,DDoS
-0.47265235,DDoS
-0.57697195,DoS Hulk
-0.6304324,DoS Hulk
-0.6245716,DoS Hulk
-0.46049207,DDoS
-0.3874955,DDoS
-0.570199,DoS Hulk
-0.5647741,DoS Hulk
-0.38269284,DDoS
-0.5728837,DDoS
-0.44828683,DoS Slowhttptest
-0.3859796,DDoS
-0.37138048,DDoS
-0.38553485,PortScan
-0.5733036,DoS Hulk
-0.3869909,DDoS
-0.3868045,PortScan
-0.46864378,DDoS
-0.56404656,DoS Hulk
-0.38997835,DDoS
-0.5692483,DoS Hulk
-0.40643916,PortScan
-0.5368496,DoS Hulk
-0.62361604,DoS Hulk
-0.6144183,DoS Slowhttptest
-0.37300184,PortScan
-0.62539697,DoS Hulk
-0.38668206,PortScan
-0.5584088,DoS Hulk
-0.38571852,DDoS
-0.34978333,DoS Hulk
-0.571947,DoS Hulk
-0.46623698,DDoS
-0.4090218,PortScan
-0.55819,DoS Hulk
-0.46216753,DoS Hulk
-0.37411642,PortScan
-0.5563589,DoS Hulk
-0.5656884,DoS Hulk
-0.3631997,DDoS
-0.62174845,DoS Hulk
-0.5539993,DoS Hulk
-0.46401152,DDoS
-0.55671924,DoS Hulk
-0.5544613,DoS Hulk
-0.55433387,DoS Hulk
-0.59994423,DoS Hulk
-0.61991596,DoS Hulk
-0.614916,DoS Hulk
-0.38395596,PortScan
-0.6184497,DoS Hulk
-0.56375766,DoS Hulk
-0.38692436,PortScan
-0.4037318,PortScan
-0.6563528,DoS Hulk
-0.4207083,PortScan
-0.56566757,DoS Hulk
-0.5565809,DoS Hulk
-0.35963175,DDoS
-0.39079326,PortScan
-0.52271575,DoS Hulk
-0.622977,DoS Hulk
-0.5637271,DoS Hulk
-0.45976046,DDoS
-0.38668206,PortScan
-0.5566457,DoS Hulk
-0.38269284,DDoS
-0.3840472,DDoS
-0.36475843,DDoS
-0.5624125,DoS Hulk
-0.5676422,DoS Hulk
-0.36417672,DoS Hulk
-0.48704302,DoS Hulk
-0.62595373,DoS Hulk
-0.3864517,PortScan
-0.62352705,DoS Hulk
-0.62454057,DoS Hulk
-0.39470762,DDoS
-0.5618542,DoS Hulk
-0.56008345,DoS Hulk
-0.40803617,PortScan
-0.5641972,DoS Hulk
-0.48961458,DoS Hulk
-0.47233775,DoS GoldenEye
-0.46049207,DDoS
-0.38713768,PortScan
-0.3911786,PortScan
-0.3944984,Web Attack - Brute Force
-0.59017205,DDoS
-0.41215336,SSH-Patator
-0.4726753,DDoS
-0.47178996,DDoS
-0.61551017,DoS Hulk
-0.6273441,DoS Hulk
-0.40586206,PortScan
-0.38790205,PortScan
-0.4085354,SSH-Patator
-0.37040904,PortScan
-0.3804702,DDoS
-0.45951807,DDoS
-0.4595943,DDoS
-0.39903852,DoS Hulk
-0.55516326,DoS Hulk
-0.62808603,DoS Hulk
-0.46622315,DDoS
-0.3928155,DDoS
-0.5806366,DDoS
-0.564726,DoS Hulk
-0.5650256,DoS Hulk
-0.36045933,DoS Hulk
-0.38872966,PortScan
-0.39355475,Web Attack - XSS
-0.3718287,PortScan
-0.5661809,DoS Hulk
-0.4697694,DDoS
-0.62855124,DoS Hulk
-0.5627633,DoS Hulk
-0.56291395,DoS Hulk
-0.5679792,DoS Hulk
-0.3892945,PortScan
-0.45943886,DDoS
-0.3895647,PortScan
-0.36523,DoS Hulk
-0.3929299,PortScan
-0.6241889,DoS Hulk
-0.38725284,DDoS
-0.3853273,PortScan
-0.4089484,DoS slowloris
-0.3941946,PortScan
-0.39457014,FTP-Patator
-0.44159466,DoS GoldenEye
-0.6239913,DoS Hulk
-0.532806,DoS GoldenEye
-0.41386414,PortScan
-0.40890294,SSH-Patator
-0.47634465,DDoS
-0.61633474,DoS Hulk
-0.56375766,DoS Hulk
-0.5608646,DoS Hulk
-0.56861246,DoS Hulk
-0.36868984,PortScan
-0.38469857,DDoS
-0.60088086,DDoS
-0.46678668,DDoS
-0.38413656,FTP-Patator
-0.37300184,PortScan
-0.40520033,PortScan
-0.37481,PortScan
-0.3965918,PortScan
-0.35998452,DoS slowloris
-0.36859265,DDoS
-0.562552,DoS Hulk
-0.38973415,DDoS
-0.5653549,DoS Hulk
-0.37481,PortScan
-0.55572516,DoS Hulk
-0.5693611,DoS Hulk
-0.3584844,DoS Hulk
-0.36396664,DoS Hulk
-0.63557297,DDoS
-0.55584913,DoS Hulk
-0.46986666,DDoS
-0.3600937,DoS Hulk
-0.6121383,DoS Slowhttptest
-0.6244291,DoS Hulk
-0.5562021,DoS Hulk
-0.5727214,DoS Hulk
-0.5617725,DoS Hulk
-0.39457014,FTP-Patator
-0.37300184,PortScan
-0.57805365,DDoS
-0.5592797,DoS Hulk
-0.5636456,DoS Hulk
-0.56918263,DoS Hulk
-0.5611471,DoS Hulk
-0.5567991,DoS Hulk
-0.66328436,DoS slowloris
-0.37214038,PortScan
-0.39291248,PortScan
-0.5574512,DoS Hulk
-0.3870062,PortScan
-0.45972675,DDoS
-0.46076706,DDoS
-0.46203598,DDoS
-0.3859796,DDoS
-0.6234021,DoS Hulk
-0.56375766,DoS Hulk
-0.55277365,DoS Hulk
-0.39693993,PortScan
-0.46627852,DDoS
-0.38293263,DDoS
-0.47278875,DoS Hulk
-0.46143436,DDoS
-0.46718213,DoS Hulk
-0.36417672,DoS Hulk
-0.5535381,DoS Hulk
-0.6352478,DDoS
-0.46069828,DDoS
-0.34978333,DoS Hulk
-0.5771419,DDoS
-0.6234618,DDoS
-0.48321012,DDoS
-0.47193488,DDoS
-0.4696884,DDoS
-0.5534947,DoS Hulk
-0.46188962,DDoS
-0.6138185,DoS Hulk
-0.56027293,DoS Hulk
-0.5584965,DoS Hulk
-0.37863055,FTP-Patator
-0.38553485,PortScan
-0.5625332,DoS Hulk
-0.37387338,DDoS
-0.4704196,DoS GoldenEye
-0.571912,DoS Hulk
-0.5627236,DoS Hulk
-0.3928374,DDoS
-0.36447123,DoS Hulk
-0.46627852,DDoS
-0.50368744,DoS Hulk
-0.46219233,DDoS
-0.47830072,DDoS
-0.602521,DDoS
-0.39588547,PortScan
-0.5564983,DoS Hulk
-0.6062862,DDoS
-0.38725284,DDoS
-0.57580227,DoS Hulk
-0.3591771,DoS Hulk
-0.39084464,PortScan
-0.42155322,PortScan
-0.38942623,PortScan
-0.38790205,PortScan
-0.3859796,DDoS
-0.45943886,DDoS
-0.37738714,PortScan
-0.55438703,DoS Hulk
-0.63225603,DoS Hulk
-0.37290028,PortScan
-0.5669015,DoS Hulk
-0.63078666,DoS Hulk
-0.5617706,DoS Hulk
-0.468367,DoS Hulk
-0.46497202,DDoS
-0.56592953,DoS Hulk
-0.551596,DoS Hulk
-0.6270625,DDoS
-0.46049207,DDoS
-0.36920732,PortScan
-0.46356368,DoS GoldenEye
-0.3869909,DDoS
-0.6241915,DoS Hulk
-0.64221007,DoS slowloris
-0.5665641,DoS Hulk
-0.558662,DoS Hulk
-0.6224884,DoS Hulk
-0.37849283,PortScan
-0.4482516,DoS Slowhttptest
-0.38957658,PortScan
-0.39052406,PortScan
-0.3620537,DDoS
-0.5608826,DoS Hulk
-0.38886473,PortScan
-0.5782493,DDoS
-0.3758012,PortScan
-0.46033174,DDoS
-0.5700497,DoS Hulk
-0.37027133,PortScan
-0.39146513,PortScan
-0.4615905,DDoS
-0.46691957,DDoS
-0.5871029,DoS Slowhttptest
-0.5501472,DoS Hulk
-0.58335656,DDoS
-0.37404624,PortScan
-0.37290028,PortScan
-0.58940375,DoS Hulk
-0.4727342,DoS Hulk
-0.5554705,DoS Hulk
-0.40734673,PortScan
-0.47143784,DDoS
-0.55715764,DoS Hulk
-0.61441094,DoS Hulk
-0.48769313,DoS Hulk
-0.5608999,DoS Hulk
-0.55195117,DoS Hulk
-0.47815654,DDoS
-0.5604381,DoS Hulk
-0.3885274,PortScan
-0.37379766,PortScan
-0.38713768,PortScan
-0.36875457,PortScan
-0.47408473,DoS GoldenEye
-0.6157859,DoS Hulk
-0.6437199,DoS slowloris
-0.46627852,DDoS
-0.46804824,DDoS
-0.36920732,PortScan
-0.39622277,Web Attack - XSS
-0.4777279,DDoS
-0.4089484,DoS slowloris
-0.3761256,PortScan
-0.5672006,DoS Hulk
-0.3928155,DDoS
-0.3904693,PortScan
-0.630223,DoS Hulk
-0.4089484,DoS slowloris
-0.39376768,PortScan
-0.6290639,DoS Hulk
-0.46199858,DDoS
-0.40651733,PortScan
-0.38973415,DDoS
-0.47493896,DDoS
-0.3831918,DDoS
-0.6299696,DoS Hulk
-0.3967256,PortScan
-0.6225467,DoS Hulk
-0.38293263,DDoS
-0.3688108,DDoS
-0.5819768,DDoS
-0.5835539,DDoS
-0.47635344,DoS Hulk
-0.62833863,DoS Hulk
-0.4693411,DoS Hulk
-0.59699947,DDoS
-0.38692436,PortScan
-0.36417672,DoS Hulk
-0.55541724,DoS Hulk
-0.4083279,PortScan
-0.47493896,DDoS
-0.45972675,DDoS
-0.5871029,DoS Slowhttptest
-0.6163611,DoS Hulk
-0.5574352,DoS Hulk
-0.4089484,DoS slowloris
-0.5640912,DoS Hulk
-0.58167166,DDoS
-0.6169605,DoS Hulk
-0.56337637,DoS Hulk
-0.3894972,PortScan
-0.56708205,DoS Hulk
-0.38571852,DDoS
-0.57468516,DDoS
-0.40659142,PortScan
-0.5566544,DoS Hulk
-0.37300184,PortScan
-0.46665305,DDoS
-0.5598252,DoS Hulk
-0.5562964,DoS Hulk
-0.5655791,DoS Hulk
-0.3584844,DoS Hulk
-0.4766414,DDoS
-0.36442366,DoS Hulk
-0.5714551,DoS Hulk
-0.6157184,DoS Hulk
-0.6238872,DoS Hulk
-0.38295186,DDoS
-0.4713603,DDoS
-0.37519655,PortScan
-0.40584907,PortScan
-0.3712556,DDoS
-0.3920229,DDoS
-0.38764295,PortScan
-0.62004447,DDoS
-0.5793121,DoS Hulk
-0.38764295,PortScan
-0.39137155,PortScan
-0.564821,DoS Hulk
-0.38402793,DDoS
-0.5599749,DoS Hulk
-0.57335645,DoS Hulk
-0.5703848,DoS Hulk
-0.55197203,DoS Hulk
-0.5782493,DDoS
-0.561346,DoS Hulk
-0.55778533,DoS Hulk
-0.5855314,DDoS
-0.5568865,DoS Hulk
-0.358727,DoS Hulk
-0.58036083,DDoS
-0.37411642,PortScan
-0.5614995,DoS Hulk
-0.46465868,DDoS
-0.6010031,DDoS
-0.6267538,DoS Hulk
-0.62153816,DoS Hulk
-0.55247754,DoS Hulk
-0.37485412,PortScan
-0.38779643,PortScan
-0.3912161,DDoS
-0.47452086,DDoS
-0.3895647,PortScan
-0.561197,DoS Hulk
-0.37380373,Bot
-0.46232343,DoS Hulk
-0.4095019,SSH-Patator
-0.37206167,PortScan
-0.3731829,PortScan
-0.4764414,DDoS
-0.4585486,DoS Hulk
-0.56435037,DoS Hulk
-0.56716925,DoS Hulk
-0.39430326,FTP-Patator
-0.37658992,PortScan
-0.47477698,DDoS
-0.62905025,DoS Hulk
-0.5588591,DoS Hulk
-0.5547581,DoS Hulk
-0.61217296,DDoS
-0.39151987,PortScan
-0.384186,PortScan
-0.6332644,DoS Hulk
-0.38215742,FTP-Patator
-0.4697694,DDoS
-0.66974056,DoS slowloris
-0.66758525,DoS slowloris
-0.5667558,DoS Hulk
-0.46105576,DDoS
-0.5620133,DoS Hulk
-0.36751798,DDoS
-0.5546897,DoS Hulk
-0.52686733,DoS GoldenEye
-0.6221144,DDoS
-0.5529036,DoS Hulk
-0.5832334,DDoS
-0.57552665,DDoS
-0.5572027,DoS Hulk
-0.6316545,DoS Hulk
-0.41151884,PortScan
-0.6269309,DoS Hulk
-0.5568865,DoS Hulk
-0.55715185,DoS Hulk
-0.3748758,DDoS
-0.40506634,PortScan
-0.6154264,DDoS
-0.6195542,DDoS
-0.57671976,DoS Hulk
-0.56667584,DoS Hulk
-0.5702286,DoS Hulk
-0.46338406,DDoS
-0.46738774,DDoS
-0.39138004,DDoS
-0.5662039,DoS Hulk
-0.3917578,DDoS
-0.57580227,DoS Hulk
-0.47276506,DDoS
-0.3922842,PortScan
-0.38649374,PortScan
-0.55545276,DoS Hulk
-0.37300184,PortScan
-0.38850603,DDoS
-0.48298806,DoS Hulk
-0.5597461,DoS Hulk
-0.40890294,SSH-Patator
-0.62671876,DoS Hulk
-0.3965918,PortScan
-0.38596022,DDoS
-0.5538989,DoS Hulk
-0.37038115,DDoS
-0.5758986,DoS Hulk
-0.3725072,DDoS
-0.39441875,PortScan
-0.40798,SSH-Patator
-0.3591771,DoS Hulk
-0.3852057,PortScan
-0.46758318,DoS GoldenEye
-0.38389805,DDoS
-0.56375766,DoS Hulk
-0.46773887,DDoS
-0.48841134,DoS Hulk
-0.3869909,DDoS
-0.36535493,DoS Hulk
-0.5666271,DoS GoldenEye
-0.55123055,DoS Hulk
-0.46543512,DDoS
-0.4089473,PortScan
-0.57612956,DDoS
-0.3885274,PortScan
-0.56161505,DoS Hulk
-0.38973415,DDoS
-0.5708605,DoS Hulk
-0.6240981,DoS Hulk
-0.4089484,DoS slowloris
-0.3716476,PortScan
-0.6297343,DoS Hulk
-0.5746842,DoS GoldenEye
-0.37545237,DDoS
-0.60482717,DDoS
-0.5365083,DoS Slowhttptest
-0.3743064,PortScan
-0.36920732,PortScan
-0.44981965,DoS GoldenEye
-0.37545237,DDoS
-0.6026865,DDoS
-0.37008533,PortScan
-0.56520617,DoS Hulk
-0.56463,DoS Hulk
-0.560026,DoS Hulk
-0.40890294,SSH-Patator
-0.3927176,FTP-Patator
-0.38750073,PortScan
-0.47792405,DoS Hulk
-0.371071,PortScan
-0.63267833,DoS Hulk
-0.6287324,DoS Hulk
-0.62812614,DoS Hulk
-0.55220556,DoS GoldenEye
-0.56568015,DoS Hulk
-0.42921507,DoS GoldenEye
-0.5624125,DoS Hulk
-0.3746955,DDoS
-0.5670087,DoS Hulk
-0.48088852,DoS GoldenEye
-0.371071,PortScan
-0.3677053,DDoS
-0.5608791,DoS Hulk
-0.5632169,DoS Hulk
-0.6676218,DoS Hulk
-0.46232343,DoS Hulk
-0.3629634,DDoS
-0.61696947,DoS Hulk
-0.37481,PortScan
-0.38286954,PortScan
-0.35897234,DDoS
-0.38469857,DDoS
-0.65055555,DoS Hulk
-0.42671642,DoS Slowhttptest
-0.38524127,DoS slowloris
-0.4664363,DDoS
-0.45972675,DDoS
-0.45920953,DoS Hulk
-0.38973415,DDoS
-0.39245862,DDoS
-0.40643916,PortScan
-0.4766918,DDoS
-0.5668676,DoS Hulk
-0.38467926,DDoS
-0.3850625,PortScan
-0.3916517,PortScan
-0.63082576,DoS slowloris
-0.5676842,DoS Hulk
-0.5491328,DoS Hulk
-0.3748758,DDoS
-0.39098027,PortScan
-0.37038115,DDoS
-0.47169393,DDoS
-0.4638852,DDoS
-0.38486904,PortScan
-0.38269284,DDoS
-0.41023555,PortScan
-0.38070622,PortScan
-0.38486904,PortScan
-0.35257733,DoS Hulk
-0.38997835,DDoS
-0.6313904,DoS Hulk
-0.4089484,DoS slowloris
-0.38973415,DDoS
-0.5571465,DoS Hulk
-0.45974982,DDoS
-0.55539995,DoS Hulk
-0.35197967,DoS Hulk
-0.5672131,DoS Hulk
-0.66328436,DoS slowloris
-0.62227786,DoS Hulk
-0.62270856,DoS Hulk
-0.3885274,PortScan
-0.46476126,DDoS
-0.47182763,DDoS
-0.47113657,DDoS
-0.4643123,DDoS
-0.38430673,DDoS
-0.38973415,DDoS
-0.3893118,PortScan
-0.45972675,DDoS
-0.62164664,DoS Hulk
-0.38395596,PortScan
-0.3870234,PortScan
-0.56379116,DoS Hulk
-0.3892945,PortScan
-0.62808603,DoS Hulk
-0.37271866,PortScan
-0.5570415,DDoS
-0.560752,DoS Hulk
-0.44816625,DDoS
-0.40914097,SSH-Patator
-0.61865896,DoS Hulk
-0.5776671,DoS Hulk
-0.36442366,DoS Hulk
-0.37485412,PortScan
-0.6259027,DoS Hulk
-0.46245804,DDoS
-0.4089484,DoS slowloris
-0.37807646,DDoS
-0.5608928,DoS Hulk
-0.38596022,DDoS
-0.39787117,DoS slowloris
-0.4627853,DDoS
-0.38926873,DDoS
-0.5871029,DoS Slowhttptest
-0.48282468,DoS Hulk
-0.47848105,DDoS
-0.4740948,DDoS
-0.5603847,DoS Hulk
-0.3906674,PortScan
-0.62905884,DoS Hulk
-0.57098645,DoS Hulk
-0.4777279,DDoS
-0.5679029,DoS Hulk
-0.46958363,DDoS
-0.4612008,DDoS
-0.62808603,DoS Hulk
-0.5699245,DoS Hulk
-0.53593487,DoS Hulk
-0.5710536,DoS Hulk
-0.5871029,DoS Slowhttptest
-0.38749722,DDoS
-0.50949395,DoS Hulk
-0.38789102,PortScan
-0.3875725,PortScan
-0.3780495,PortScan
-0.38664594,PortScan
-0.4769027,DoS GoldenEye
-0.37206167,PortScan
-0.45941362,DDoS
-0.5683524,DoS Hulk
-0.562148,DoS Hulk
-0.37544012,PortScan
-0.46783215,DoS Hulk
-0.5635364,DoS Hulk
-0.3745357,PortScan
-0.47986865,DoS Hulk
-0.6242559,DoS Hulk
-0.63076866,DoS Hulk
-0.571658,DDoS
-0.4699827,DDoS
-0.38869405,DDoS
-0.5870446,DoS Hulk
-0.38215742,FTP-Patator
-0.5770055,DoS Hulk
-0.3880394,PortScan
-0.55311143,DoS Hulk
-0.37181035,PortScan
-0.37733847,DDoS
-0.38940042,DDoS
-0.46764398,DDoS
-0.3748758,DDoS
-0.611164,DoS Hulk
-0.40016714,SSH-Patator
-0.48865646,DoS Hulk
-0.50326025,DDoS
-0.4650229,DDoS
-0.56454134,DoS Hulk
-0.56454134,DoS Hulk
-0.37214038,PortScan
-0.37300184,PortScan
-0.3859796,DDoS
-0.6181831,DoS Hulk
-0.4089484,DoS slowloris
-0.35257733,DoS Hulk
-0.48366106,DoS Hulk
-0.46002498,DDoS
-0.55403244,DoS Hulk
-0.5751634,DDoS
-0.36417672,DoS Hulk
-0.48834223,DoS GoldenEye
-0.4641328,DDoS
-0.39138004,DDoS
-0.45972675,DDoS
-0.37176633,PortScan
-0.5776671,DoS Hulk
-0.4693411,DoS Hulk
-0.5628049,DoS Hulk
-0.56250083,DoS Hulk
-0.5871029,DoS Slowhttptest
-0.40067255,PortScan
-0.5498488,DoS Hulk
-0.4876831,DoS GoldenEye
-0.6135889,DoS Hulk
-0.46859992,DoS Hulk
-0.43618032,DoS GoldenEye
-0.3850625,PortScan
-0.36475843,DDoS
-0.39219046,PortScan
-0.45943886,DDoS
-0.46952954,DDoS
-0.6333345,DoS Hulk
-0.4754413,DoS Hulk
-0.46627852,DDoS
-0.47938317,DoS Hulk
-0.36920732,PortScan
-0.5705778,DoS Hulk
-0.38749722,DDoS
-0.37229812,PortScan
-0.5713817,DDoS
-0.46433288,DDoS
-0.46049207,DDoS
-0.6352263,DoS Hulk
-0.56435037,DoS Hulk
-0.553036,DoS Hulk
-0.6302587,DoS Hulk
-0.5604381,DoS Hulk
-0.44740748,DoS Slowhttptest
-0.39260992,PortScan
-0.6335264,DoS Hulk
-0.56436336,DoS Hulk
-0.47054645,DoS Hulk
-0.5211529,DDoS
-0.5597115,DoS Hulk
-0.55052525,DoS Hulk
-0.38790205,PortScan
-0.56838816,DoS Hulk
-0.39606172,Bot
-0.39578366,PortScan
-0.54689264,DoS Hulk
-0.63083124,DoS Hulk
-0.5624125,DoS Hulk
-0.57186216,DoS Hulk
-0.56850195,DoS Hulk
-0.40756616,SSH-Patator
-0.6305366,DoS Hulk
-0.37404624,PortScan
-0.36417672,DoS Hulk
-0.37511072,DDoS
-0.5631499,DoS Hulk
-0.4616771,DoS Hulk
-0.3869909,DDoS
-0.56204796,DoS Hulk
-0.4665304,DDoS
-0.39680082,Web Attack - Brute Force
-0.4128884,DDoS
-0.62808603,DoS Hulk
-0.38269284,DDoS
-0.5871029,DoS Slowhttptest
-0.3858941,PortScan
-0.46033928,DDoS
-0.4696884,DDoS
-0.39211658,DDoS
-0.62646425,DoS Hulk
-0.62355834,DoS Hulk
-0.5770055,DoS Hulk
-0.37516394,PortScan
-0.56130254,DoS Hulk
-0.38973415,DDoS
-0.63919795,DDoS
-0.5693538,DoS Hulk
-0.57639384,DDoS
-0.3748758,DDoS
-0.62191516,DoS Hulk
-0.47574806,DDoS
-0.4652658,DDoS
-0.62107414,DoS Hulk
-0.54028994,DoS Hulk
-0.461501,DoS GoldenEye
-0.38378003,PortScan
-0.37214038,PortScan
-0.5618795,DoS Hulk
-0.38997835,DDoS
-0.4089484,DoS slowloris
-0.37020597,PortScan
-0.39053348,PortScan
-0.3869909,DDoS
-0.4650229,DDoS
-0.35994184,DoS Hulk
-0.514435,DoS GoldenEye
-0.358212,DoS Hulk
-0.46542323,DDoS
-0.46627852,DDoS
-0.358727,DoS Hulk
-0.46945778,DDoS
-0.3711267,PortScan
-0.54966664,DoS GoldenEye
-0.61654323,DoS Hulk
-0.6223361,DoS Hulk
-0.6188665,DoS Hulk
-0.3946659,PortScan
-0.5601136,DoS Hulk
-0.3876016,PortScan
-0.66758525,DoS slowloris
-0.39457014,FTP-Patator
-0.58114666,DDoS
-0.3748758,DDoS
-0.55661076,DoS Hulk
-0.38571852,DDoS
-0.3571587,DDoS
-0.38571852,DDoS
-0.5831841,DDoS
-0.47029847,DoS Hulk
-0.5519424,DoS Hulk
-0.4650229,DDoS
-0.6265962,DoS Hulk
-0.5578424,DoS Hulk
-0.3868045,PortScan
-0.60551417,DDoS
-0.4696884,DDoS
-0.42163005,PortScan
-0.5581523,DoS Hulk
-0.46867907,DDoS
-0.55528265,DoS Hulk
-0.55648464,DoS Hulk
-0.56426877,DoS Hulk
-0.35803002,DoS Hulk
-0.36920732,PortScan
-0.5618233,DoS Hulk
-0.39241317,PortScan
-0.46093947,DDoS
-0.4593386,DDoS
-0.37421593,PortScan
-0.4186569,PortScan
-0.5541872,DoS Hulk
-0.5925714,DDoS
-0.5551455,DoS Hulk
-0.5780652,DDoS
-0.46750826,DDoS
-0.48255304,PortScan
-0.39308137,DDoS
-0.621032,DoS Hulk
-0.60980886,DoS Hulk
-0.5576372,DoS Hulk
-0.46092898,DDoS
-0.45928344,DDoS
-0.39095148,DDoS
-0.3807789,PortScan
-0.39378923,FTP-Patator
-0.6230892,DoS Hulk
-0.43870646,PortScan
-0.46158293,DDoS
-0.41658223,PortScan
-0.3858941,PortScan
-0.36308622,DDoS
-0.6169605,DoS Hulk
-0.37214038,PortScan
-0.5575183,DoS Hulk
-0.39291248,PortScan
-0.43225712,PortScan
-0.46219793,DDoS
-0.35322532,DDoS
-0.40890294,SSH-Patator
-0.47448683,DDoS
-0.38833988,PortScan
-0.55932605,DoS Hulk
-0.39457014,FTP-Patator
-0.38749722,DDoS
-0.39146513,PortScan
-0.6212843,DoS Hulk
-0.6210161,DoS Hulk
-0.48200524,DoS Hulk
-0.62373805,DoS Hulk
-0.56144696,DoS Hulk
-0.37671658,PortScan
-0.38135752,PortScan
-0.5704095,DDoS
-0.55661076,DoS Hulk
-0.6257852,DoS Slowhttptest
-0.45972675,DDoS
-0.45862526,DDoS
-0.3591771,DoS Hulk
-0.6269457,DDoS
-0.5537531,DoS Hulk
-0.40922496,SSH-Patator
-0.62334746,DoS Hulk
-0.56307197,DoS Hulk
-0.6289451,DoS Hulk
-0.6272415,DoS Hulk
-0.37214038,PortScan
-0.45727342,DDoS
-0.38664594,PortScan
-0.54667604,DoS Hulk
-0.38269284,DDoS
-0.39494568,PortScan
-0.37214038,PortScan
-0.5723412,DoS Hulk
-0.55941194,DoS Hulk
-0.66306,DoS slowloris
-0.39260992,PortScan
-0.3850625,PortScan
-0.57383543,DoS Hulk
-0.41386414,PortScan
-0.35803002,DoS Hulk
-0.61860144,DoS Hulk
-0.37404624,PortScan
-0.6202654,DoS Hulk
-0.4701653,DDoS
-0.6142031,DoS Hulk
-0.37571996,DDoS
-0.49576995,DoS GoldenEye
-0.56276447,DoS Hulk
-0.38230997,PortScan
-0.37649134,PortScan
-0.38749722,DDoS
-0.40779653,DoS Hulk
-0.38973415,DDoS
-0.38919282,PortScan
-0.5613095,DoS Hulk
-0.35998452,DoS slowloris
-0.55819,DoS Hulk
-0.38525948,PortScan
-0.46627852,DDoS
-0.39290515,PortScan
-0.46867907,DDoS
-0.371071,PortScan
-0.38997835,DDoS
-0.5776913,DDoS
-0.63225603,DoS Hulk
-0.4807532,DoS Hulk
-0.48047847,DDoS
-0.3711267,PortScan
-0.38571852,DDoS
-0.3894972,PortScan
-0.4637491,DDoS
-0.47634465,DDoS
-0.4165735,DoS GoldenEye
-0.36920732,PortScan
-0.57179904,DoS Hulk
-0.38189894,FTP-Patator
-0.39608172,FTP-Patator
-0.4664363,DDoS
-0.3865606,PortScan
-0.37271866,PortScan
-0.61461884,DoS Hulk
-0.47086713,DDoS
-0.5604381,DoS Hulk
-0.4636522,PortScan
-0.6243293,DoS Hulk
-0.3850625,PortScan
-0.5640063,DoS Hulk
-0.5837514,DDoS
-0.5517194,DoS Hulk
-0.38215742,FTP-Patator
-0.6229457,DoS Hulk
-0.55819,DoS Hulk
-0.5539993,DoS Hulk
-0.37254447,PortScan
-0.46105576,DDoS
-0.4482291,DoS Slowhttptest
-0.57243586,DoS Hulk
-0.45918325,DDoS
-0.5661081,DoS Hulk
-0.5617251,DoS Hulk
-0.40619412,PortScan
-0.38953218,DDoS
-0.3726504,PortScan
-0.3606374,DoS Hulk
-0.5020527,DoS GoldenEye
-0.356614,DDoS
-0.49528033,DoS Hulk
-0.55782926,DoS Hulk
-0.36941415,DDoS
-0.38293263,DDoS
-0.5972291,DDoS
-0.6270904,DDoS
-0.45972675,DDoS
-0.38850603,DDoS
-0.35998452,DoS slowloris
-0.560981,DoS Hulk
-0.37038115,DDoS
-0.5618146,DoS Hulk
-0.5633834,DoS Hulk
-0.4706465,DDoS
-0.49115226,DoS Hulk
-0.38779643,PortScan
-0.38969648,PortScan
-0.358727,DoS Hulk
-0.5528562,DoS Hulk
-0.56008345,DoS Hulk
-0.5517826,DoS Hulk
-0.38947195,PortScan
-0.37649134,PortScan
-0.62791365,DoS Hulk
-0.63082576,DoS slowloris
-0.38215742,FTP-Patator
-0.46461985,DDoS
-0.63055533,DoS Hulk
-0.3731829,PortScan
-0.3696315,PortScan
-0.4089484,DoS slowloris
-0.5706396,DoS Hulk
-0.39608172,FTP-Patator
-0.36920732,PortScan
-0.37544012,PortScan
-0.37481,PortScan
-0.3965918,PortScan
-0.5668784,DoS Hulk
-0.39119935,PortScan
-0.5633151,DoS Hulk
-0.4608405,DDoS
-0.6259027,DoS Hulk
-0.5642278,DoS Hulk
-0.44620204,DoS GoldenEye
-0.5691753,DoS Hulk
-0.46979794,DDoS
-0.46860296,DDoS
-0.45972675,DDoS
-0.37313393,PortScan
-0.458382,DDoS
-0.4562586,DDoS
-0.47076812,DDoS
-0.55060667,DoS Hulk
-0.47950238,DDoS
-0.5718643,DoS Hulk
-0.37038115,DDoS
-0.61698407,DDoS
-0.62972564,DoS Hulk
-0.5620696,DoS Hulk
-0.55997735,DoS Hulk
-0.38681176,PortScan
-0.4042276,PortScan
-0.46943432,DDoS
-0.5885638,DoS Hulk
-0.3745357,PortScan
-0.38120443,PortScan
-0.55464894,DoS Hulk
-0.60314476,DDoS
-0.56454134,DoS Hulk
-0.3804331,DDoS
-0.38269284,DDoS
-0.63246435,DoS Hulk
-0.63122725,DoS Hulk
-0.38378003,PortScan
-0.5484271,DoS Hulk
-0.6295837,DoS Hulk
-0.467848,DDoS
-0.3920853,PortScan
-0.48812944,DoS Hulk
-0.46235892,DDoS
-0.62891424,DoS Hulk
-0.4777279,DDoS
-0.3892945,PortScan
-0.3800731,PortScan
-0.5640063,DoS Hulk
-0.36552215,DDoS
-0.38673848,PortScan
-0.39022142,PortScan
-0.57038885,DoS Hulk
-0.37649134,PortScan
-0.38498986,PortScan
-0.38822916,DDoS
-0.61976427,DoS Hulk
-0.39022142,PortScan
-0.6272415,DoS Hulk
-0.54525334,DoS Hulk
-0.38467085,DDoS
-0.6437199,DoS slowloris
-0.40416452,PortScan
-0.3928155,DDoS
-0.38649374,PortScan
-0.57309276,DoS Hulk
-0.38443837,DDoS
-0.3951731,FTP-Patator
-0.35249987,DoS Hulk
-0.4733968,DoS Hulk
-0.39529946,PortScan
-0.55639565,DoS Hulk
-0.62079126,DoS Hulk
-0.37671658,PortScan
-0.47067544,DDoS
-0.37481,PortScan
-0.49720445,DoS Hulk
-0.38019487,DDoS
-0.46627852,DDoS
-0.38815022,PortScan
-0.5871029,DoS Slowhttptest
-0.6235517,DoS Hulk
-0.5559425,DoS Hulk
-0.47414696,DoS GoldenEye
-0.47165015,DDoS
-0.36507925,DoS Hulk
-0.62808603,DoS Hulk
-0.37538514,PortScan
-0.4703244,DDoS
-0.5757076,DoS Hulk
-0.46109542,DDoS
-0.38966772,PortScan
-0.39189872,PortScan
-0.39501014,PortScan
-0.47545838,DDoS
-0.38098377,Bot
-0.5436445,DDoS
-0.3864517,PortScan
-0.39622277,Web Attack - Brute Force
-0.5762516,DDoS
-0.61633474,DoS Hulk
-0.38713768,PortScan
-0.55306304,DoS Hulk
-0.39328435,PortScan
-0.6148268,DoS Hulk
-0.5533647,DoS Hulk
-0.56965727,DoS Hulk
-0.4709414,DDoS
-0.5164765,DoS GoldenEye
-0.4777279,DDoS
-0.5871029,DoS Slowhttptest
-0.627666,DoS Hulk
-0.4388549,PortScan
-0.5670213,DoS Hulk
-0.37684786,PortScan
-0.57052076,DoS Hulk
-0.38269284,DDoS
-0.38664594,PortScan
-0.6211178,DoS Hulk
-0.57271606,DDoS
-0.5801389,DDoS
-0.46049207,DDoS
-0.46255103,DDoS
-0.5708308,DoS Hulk
-0.38571852,DDoS
-0.46230564,DDoS
-0.4811893,DDoS
-0.5672284,DoS Hulk
-0.3829695,FTP-Patator
-0.5741813,DoS Hulk
-0.38997835,DDoS
-0.37423435,Bot
-0.3869909,DDoS
-0.4089484,DoS slowloris
-0.3892945,PortScan
-0.4614314,DDoS
-0.45813608,DDoS
-0.552876,DoS Hulk
-0.3697039,PortScan
-0.47182763,DDoS
-0.3858941,PortScan
-0.6286198,DoS Hulk
-0.47649938,DoS GoldenEye
-0.632082,DoS Hulk
-0.40630305,PortScan
-0.55770206,DoS Hulk
-0.48335022,DDoS
-0.38230723,PortScan
-0.46064788,DDoS
-0.6144198,DoS Hulk
-0.3906674,PortScan
-0.34978333,DoS Hulk
-0.35322532,DDoS
-0.5616824,DoS Hulk
-0.58168197,DDoS
-0.39026725,PortScan
-0.39072207,PortScan
-0.39467856,PortScan
-0.5621365,DoS Hulk
-0.37271255,PortScan
-0.46366894,DoS Hulk
-0.46627852,DDoS
-0.6168993,DoS Hulk
-0.37544012,PortScan
-0.40803617,PortScan
-0.4817321,DDoS
-0.37918633,PortScan
-0.66650236,DoS slowloris
-0.56789327,DoS Hulk
-0.58244073,DDoS
-0.56626487,DoS Hulk
-0.38395596,PortScan
-0.48445374,DoS Hulk
-0.37027133,PortScan
-0.3831918,DDoS
-0.60517985,DDoS
-0.3651504,DoS Hulk
-0.38854796,PortScan
-0.37138048,DDoS
-0.6142339,DoS Hulk
-0.56512153,DoS Hulk
-0.56967336,DoS Hulk
-0.3912161,DDoS
-0.47746164,DDoS
-0.63000983,DoS Hulk
-0.5717146,DoS Hulk
-0.4062709,PortScan
-0.5720354,DoS Hulk
-0.3882901,PortScan
-0.5613012,DoS Hulk
-0.5496544,DoS Hulk
-0.39769062,PortScan
-0.62813413,DoS Hulk
-0.36751798,DDoS
-0.5686714,DoS Hulk
-0.46952954,DDoS
-0.4874001,DoS GoldenEye
-0.38269284,DDoS
-0.47634465,DDoS
-0.36941415,DDoS
-0.40710047,PortScan
-0.40890294,SSH-Patator
-0.6248666,DoS Hulk
-0.37404624,PortScan
-0.56403697,DoS Hulk
-0.62222356,DoS Hulk
-0.572296,DDoS
-0.57882935,DoS Hulk
-0.55666834,DoS Hulk
-0.39011455,DDoS
-0.358727,DoS Hulk
-0.3864517,PortScan
-0.4692273,DDoS
-0.4600379,DDoS
-0.5699556,DoS Hulk
-0.37179396,PortScan
-0.39556962,Web Attack - Brute Force
-0.46627852,DDoS
-0.37226683,PortScan
-0.38779643,PortScan
-0.448236,DoS GoldenEye
-0.36880314,Bot
-0.5461077,DoS Hulk
-0.36523,DoS Hulk
-0.54871476,DoS Hulk
-0.65094906,DoS Hulk
-0.62582004,DDoS
-0.38790205,PortScan
-0.3887985,PortScan
-0.46687979,DoS Hulk
-0.3733095,DDoS
-0.6099446,DoS Hulk
-0.5770097,DDoS
-0.3850625,PortScan
-0.38774002,DDoS
-0.5671484,DoS Hulk
-0.46068764,DDoS
-0.3869909,DDoS
-0.6392723,PortScan
-0.39680082,Web Attack - Brute Force
-0.6081422,DoS Slowhttptest
-0.5586854,DoS Hulk
-0.468367,DoS Hulk
-0.46562916,DDoS
-0.5715692,DoS Hulk
-0.47151458,DoS GoldenEye
-0.6223361,DoS Hulk
-0.38365763,DDoS
-0.39008942,PortScan
-0.5723778,DoS Hulk
-0.5631499,DoS Hulk
-0.5658989,DoS Hulk
-0.5552259,DoS Hulk
-0.36442366,DoS Hulk
-0.5871029,DoS Slowhttptest
-0.48992616,DoS Hulk
-0.47251827,DDoS
-0.38019487,DDoS
-0.38057843,DDoS
-0.45970365,DDoS
-0.35322532,DDoS
-0.38243023,DDoS
-0.36941415,DDoS
-0.3859796,DDoS
-0.5702589,DoS Hulk
-0.5763297,DoS Hulk
-0.3594202,DoS Hulk
-0.38172266,PortScan
-0.37330917,PortScan
-0.6002518,DoS Hulk
-0.6261655,DoS Hulk
-0.63228214,DoS Hulk
-0.5871029,DoS Slowhttptest
-0.63006055,DDoS
-0.565183,DoS Hulk
-0.36417672,DoS Hulk
-0.48167923,DoS Hulk
-0.39360577,Web Attack - XSS
-0.48443556,DoS Hulk
-0.5573249,DoS Hulk
-0.38664594,PortScan
-0.37214038,PortScan
-0.38790205,PortScan
-0.38269284,DDoS
-0.38942623,PortScan
-0.36181986,DoS Hulk
-0.46188992,DDoS
-0.58168197,DDoS
-0.38525948,PortScan
-0.5678788,DoS Hulk
-0.3853273,PortScan
-0.40533864,PortScan
-0.3894972,PortScan
-0.58016455,DDoS
-0.570711,DoS Hulk
-0.39046592,PortScan
-0.55819,DoS Hulk
-0.5667558,DoS Hulk
-0.6331116,DoS Hulk
-0.54921585,DoS Hulk
-0.37807646,DDoS
-0.56801444,DoS Hulk
-0.46830344,DDoS
-0.37649134,PortScan
-0.47498232,DDoS
-0.3894972,PortScan
-0.4669081,DDoS
-0.38571852,DDoS
-0.3778397,DDoS
-0.4807765,DoS Hulk
-0.3746955,DDoS
-0.38596022,DDoS
-0.6169605,DoS Hulk
-0.36308622,DDoS
-0.63185954,DoS Hulk
-0.6276075,DoS Hulk
-0.406663,PortScan
-0.37726012,PortScan
-0.55661076,DoS Hulk
-0.6157184,DoS Hulk
-0.4148114,PortScan
-0.47634465,DDoS
-0.6220674,DoS Hulk
-0.57206434,DDoS
-0.46798214,DoS Hulk
-0.39734364,PortScan
-0.57652473,DoS Hulk
-0.5931491,DoS Hulk
-0.4674885,DoS Hulk
-0.3894972,PortScan
-0.3869909,DDoS
-0.39612657,PortScan
-0.37421593,PortScan
-0.41028428,PortScan
-0.48152095,DoS GoldenEye
-0.63289243,DoS Hulk
-0.4186569,PortScan
-0.38019487,DDoS
-0.47745565,DDoS
-0.5538989,DoS Hulk
-0.470434,DoS Hulk
-0.39008942,PortScan
-0.5701919,DoS Hulk
-0.3640858,DoS Hulk
-0.38215742,FTP-Patator
-0.5480837,DoS Hulk
-0.39430326,FTP-Patator
-0.5590423,DoS Hulk
-0.5635829,DoS Hulk
-0.37822336,DDoS
-0.5648417,DoS Hulk
-0.37404624,PortScan
-0.61709625,DoS Hulk
-0.57179904,DoS Hulk
-0.39706936,Web Attack - Brute Force
-0.3893118,PortScan
-0.4661039,DDoS
-0.38997835,DDoS
-0.3591771,DoS Hulk
-0.56528497,DoS Hulk
-0.3967979,PortScan
-0.56242466,DoS Hulk
-0.62107414,DoS Hulk
-0.37411642,PortScan
-0.6193376,DoS Hulk
-0.62791365,DoS Hulk
-0.4131335,SSH-Patator
-0.39734364,PortScan
-0.47634465,DDoS
-0.3869909,DDoS
-0.55859596,DoS GoldenEye
-0.37404624,PortScan
-0.35226145,DoS Hulk
-0.55938154,DoS Hulk
-0.38973415,DDoS
-0.43226522,PortScan
-0.5641972,DoS Hulk
-0.39443138,FTP-Patator
-0.3921219,PortScan
-0.5685437,DoS Hulk
-0.45967355,DDoS
-0.39308137,DDoS
-0.5556302,DoS Hulk
-0.55528265,DoS Hulk
-0.6358491,DoS Hulk
-0.36021554,DoS Hulk
-0.45878872,DDoS
-0.59952223,DDoS
-0.3864517,PortScan
-0.45918325,DDoS
-0.3896519,PortScan
-0.62765694,DoS Hulk
-0.39057404,PortScan
-0.38664594,PortScan
-0.358212,DoS Hulk
-0.46986666,DDoS
-0.5628815,DoS Hulk
-0.3894972,PortScan
-0.39506337,FTP-Patator
-0.3667883,DoS Hulk
-0.46687466,PortScan
-0.5761371,DDoS
-0.5538119,DoS Hulk
-0.38664594,PortScan
-0.38749722,DDoS
-0.46627852,DDoS
-0.56918263,DoS Hulk
-0.61675185,DoS Hulk
-0.3712556,DDoS
-0.3910724,DDoS
-0.37179396,PortScan
-0.45972675,DDoS
-0.40756616,SSH-Patator
-0.56189233,DoS Hulk
-0.4598823,DDoS
-0.38924724,PortScan
-0.38942623,PortScan
-0.3865606,PortScan
-0.5707203,DoS Hulk
-0.37418336,Bot
-0.45845997,DDoS
-0.38940042,DDoS
-0.38973415,DDoS
-0.39008942,PortScan
-0.39612657,PortScan
-0.5660504,DoS Hulk
-0.62930834,DoS Hulk
-0.563567,DoS Hulk
-0.45943886,DDoS
-0.5583789,DoS Hulk
-0.379488,DDoS
-0.46017602,DDoS
-0.5631858,DoS Hulk
-0.55819,DoS Hulk
-0.47511503,DDoS
-0.41575631,DoS GoldenEye
-0.45637465,DDoS
-0.358212,DoS Hulk
-0.5774419,DoS Hulk
-0.3934706,PortScan
-0.6114946,DoS Hulk
-0.46750826,DDoS
-0.4979521,DoS GoldenEye
-0.62454057,DoS Hulk
-0.3850625,PortScan
-0.39008942,PortScan
-0.46814504,DDoS
-0.3859796,DDoS
-0.47813624,DoS Hulk
-0.4707307,DoS GoldenEye
-0.46902364,DoS Hulk
-0.6248025,DoS Hulk
-0.39457014,FTP-Patator
-0.37633947,PortScan
-0.36405137,DoS Hulk
-0.57324284,DoS Hulk
-0.6175649,DoS Hulk
-0.42701063,PortScan
-0.55368197,DoS Hulk
-0.38916466,PortScan
-0.5738275,DDoS
-0.5200791,DoS GoldenEye
-0.6437199,DoS slowloris
-0.56447387,DoS Hulk
-0.3799737,PortScan
-0.62373805,DoS Hulk
-0.612146,DDoS
-0.46419922,DDoS
-0.5871029,DoS Slowhttptest
-0.47249246,DDoS
-0.61958575,DoS Hulk
-0.56657743,DoS Hulk
-0.65347356,DoS Hulk
-0.46033174,DDoS
-0.5511403,DoS Hulk
-0.38215742,FTP-Patator
-0.37379766,PortScan
-0.5533455,DoS Hulk
-0.56585896,DoS Hulk
-0.56079125,DoS Hulk
-0.39720923,PortScan
-0.45378718,DDoS
-0.3858941,PortScan
-0.4709414,DDoS
-0.6138185,DoS Hulk
-0.56793296,DoS Hulk
-0.6225912,DoS Hulk
-0.5582199,DoS Hulk
-0.4703919,DDoS
-0.6144183,DoS Slowhttptest
-0.37300184,PortScan
-0.61399883,DoS Hulk
-0.56122845,DoS Hulk
-0.38668206,PortScan
-0.48149356,DoS Hulk
-0.5595434,DoS Hulk
-0.3707298,PortScan
-0.46804824,DDoS
-0.37300184,PortScan
-0.4775663,DDoS
-0.5871029,DoS Slowhttptest
-0.35963175,DDoS
-0.468365,DDoS
-0.62438995,DDoS
-0.4089484,DoS slowloris
-0.39261886,PortScan
-0.54615134,DoS Hulk
-0.5539993,DoS Hulk
-0.5839855,DDoS
-0.3584844,DoS Hulk
-0.42391446,DoS GoldenEye
-0.39991376,PortScan
-0.66181856,DoS Slowhttptest
-0.56023085,DoS Hulk
-0.45600227,DoS GoldenEye
-0.37649134,PortScan
-0.3733095,DDoS
-0.5590038,DoS Hulk
-0.39530683,FTP-Patator
-0.563567,DoS Hulk
-0.39008942,PortScan
-0.4654979,DDoS
-0.3725072,DDoS
-0.4833254,DoS Hulk
-0.36021554,DoS Hulk
-0.5495221,DoS Hulk
-0.38932073,PortScan
-0.5227818,DoS Hulk
-0.6301921,DoS Hulk
-0.56716925,DoS Hulk
-0.36021554,DoS Hulk
-0.39033386,PortScan
-0.6491669,DoS Hulk
-0.5610316,DoS Hulk
-0.39022076,PortScan
-0.46185014,DoS Hulk
-0.38952014,DDoS
-0.46830717,DoS Hulk
-0.3921045,PortScan
-0.6220674,DoS Hulk
-0.39457014,FTP-Patator
-0.5751186,DDoS
-0.5650256,DoS Hulk
-0.36552536,DoS Hulk
-0.35516307,DDoS
-0.38443837,DDoS
-0.45891532,DDoS
-0.57124686,DoS Hulk
-0.5658846,DoS Hulk
-0.37411642,PortScan
-0.5454143,DoS Hulk
-0.5661809,DoS Hulk
-0.37571996,DDoS
-0.48382428,DDoS
-0.36501944,DoS Hulk
-0.37138048,DDoS
-0.3917652,PortScan
-0.3804331,DDoS
-0.3872334,DDoS
-0.47390297,DDoS
-0.39517286,PortScan
-0.5636964,DoS Hulk
-0.45928344,DDoS
-0.37020597,PortScan
-0.36383662,DoS Hulk
-0.38719276,PortScan
-0.625691,DoS Hulk
-0.5741235,DDoS
-0.5690721,DoS Hulk
-0.6216314,DoS Hulk
-0.38389805,DDoS
-0.5510811,DoS Hulk
-0.3780495,PortScan
-0.46082038,DDoS
-0.39033386,PortScan
-0.56403697,DoS Hulk
-0.36535493,DoS Hulk
-0.5636456,DoS Hulk
-0.5662655,DoS Hulk
-0.46994573,DDoS
-0.37921947,PortScan
-0.46113226,DDoS
-0.56385577,DoS Hulk
-0.5058009,DDoS
-0.47230896,DDoS
-0.5673492,DoS Hulk
-0.56754667,DoS Hulk
-0.356614,DDoS
-0.5776294,DDoS
-0.39541996,Web Attack - XSS
-0.4619376,DoS Hulk
-0.40491602,PortScan
-0.5534947,DoS Hulk
-0.3770239,DDoS
-0.41017783,PortScan
-0.62819105,DoS Hulk
-0.5871029,DoS Slowhttptest
-0.38973415,DDoS
-0.63315207,DoS Hulk
-0.47616938,DDoS
-0.38019487,DDoS
-0.56474584,DoS Hulk
-0.38489845,PortScan
-0.58016455,DDoS
-0.5871029,DoS Slowhttptest
-0.5647324,DoS Hulk
-0.4600379,DDoS
-0.5720963,DoS Hulk
-0.42263246,DoS GoldenEye
-0.5651962,DoS Hulk
-0.38293263,DDoS
-0.37271294,PortScan
-0.39046592,PortScan
-0.4598823,DDoS
-0.4783644,DDoS
-0.4839109,DDoS
-0.37649134,PortScan
-0.358212,DoS Hulk
-0.46518022,DDoS
-0.5871029,DoS Slowhttptest
-0.39348456,PortScan
-0.47209457,DDoS
-0.56454134,DoS Hulk
-0.4600379,DDoS
-0.46946853,DDoS
-0.48377633,DDoS
-0.3654457,DoS Hulk
-0.38490194,PortScan
-0.56129247,DoS Hulk
-0.56499183,DoS Hulk
-0.464063,DDoS
-0.40890294,SSH-Patator
-0.36467692,DDoS
-0.57010114,DoS Hulk
-0.47169393,DDoS
-0.5670087,DoS Hulk
-0.39606172,Bot
-0.37571996,DDoS
-0.37195343,PortScan
-0.47618353,DDoS
-0.4664363,DDoS
-0.40774056,PortScan
-0.62285465,DoS Hulk
-0.4056287,DoS GoldenEye
-0.5717934,DDoS
-0.54845876,DoS Hulk
-0.59254664,DoS Hulk
-0.3804331,DDoS
-0.55280346,DoS Hulk
-0.47186434,DDoS
-0.3640858,DoS Hulk
-0.6188108,DoS Hulk
-0.38164625,PortScan
-0.39371476,PortScan
-0.37481,PortScan
-0.38596022,DDoS
-0.46185014,DoS Hulk
-0.5590038,DoS Hulk
-0.38608658,PortScan
-0.62979674,DoS Hulk
-0.5578908,DoS Hulk
-0.37645873,DDoS
-0.6437199,DoS slowloris
-0.5564225,DoS Hulk
-0.4650229,DDoS
-0.63436735,DoS Hulk
-0.4706465,DDoS
-0.38467085,DDoS
-0.39008942,PortScan
-0.38019487,DDoS
-0.36021554,DoS Hulk
-0.5916533,DoS Hulk
-0.6232965,DoS Hulk
-0.37388128,Bot
-0.3969605,PortScan
-0.5490861,DoS Hulk
-0.56252843,DoS Hulk
-0.38681224,PortScan
-0.39151987,PortScan
-0.5650121,DoS Hulk
-0.3591771,DoS Hulk
-0.38395596,PortScan
-0.36405137,DoS Hulk
-0.45974058,DDoS
-0.46674988,DoS Hulk
-0.38649374,PortScan
-0.46182626,DDoS
-0.5597555,DoS Hulk
-0.5489471,DoS Hulk
-0.4634014,DDoS
-0.56711775,DoS Hulk
-0.37138048,DDoS
-0.37545237,DDoS
-0.6297343,DoS Hulk
-0.5973416,DoS Hulk
-0.5611197,DoS Hulk
-0.38486904,PortScan
-0.47414082,DoS GoldenEye
-0.37545237,DDoS
-0.3740664,DDoS
-0.5609299,DoS Hulk
-0.61975557,DoS Hulk
-0.55250406,DoS Hulk
-0.4095019,SSH-Patator
-0.48173127,DDoS
-0.46867907,DDoS
-0.5640931,DoS Hulk
-0.57039976,DoS Hulk
-0.46450624,DoS Hulk
-0.4786001,DoS Hulk
-0.38854796,PortScan
-0.3584844,DoS Hulk
-0.57699776,DoS Hulk
-0.38973415,DDoS
-0.37300184,PortScan
-0.39457014,FTP-Patator
-0.6216641,DoS Hulk
-0.39211658,DDoS
-0.5781664,DoS Hulk
-0.39119646,DDoS
-0.62840605,DoS Hulk
-0.39376768,PortScan
-0.6352263,DoS Hulk
-0.61904377,DDoS
-0.47251827,DDoS
-0.6264445,DoS Hulk
-0.3802813,PortScan
-0.39497477,DDoS
-0.39315134,PortScan
-0.47861022,DDoS
-0.38664594,PortScan
-0.56812453,DoS Hulk
-0.46972123,DDoS
-0.5643065,DoS Hulk
-0.45967355,DDoS
-0.5776909,DDoS
-0.6288314,DoS Hulk
-0.5607402,DoS Hulk
-0.56492734,DoS Hulk
-0.38737917,DoS Slowhttptest
-0.5614271,DoS Hulk
-0.35325864,DoS Hulk
-0.57143545,DoS Hulk
-0.46126166,DDoS
-0.5620321,DoS Hulk
-0.37921947,PortScan
-0.4709414,DDoS
-0.4071993,PortScan
-0.34849408,DoS Hulk
-0.46352792,DDoS
-0.34946322,DoS Hulk
-0.37375477,Bot
-0.5647393,DoS Hulk
-0.46847805,DDoS
-0.5553358,DoS Hulk
-0.4219724,DoS GoldenEye
-0.46867907,DDoS
-0.37038115,DDoS
-0.39894298,PortScan
-0.55938476,DoS Hulk
-0.45972675,DDoS
-0.5381395,DoS Hulk
-0.47166014,DoS Hulk
-0.40353575,PortScan
-0.61976427,DoS Hulk
-0.45922324,DDoS
-0.38395596,PortScan
-0.36458558,DoS Hulk
-0.464367,DDoS
-0.6211178,DoS Hulk
-0.3886779,PortScan
-0.57363343,DDoS
-0.37008533,PortScan
-0.4619926,DDoS
-0.5739249,DoS Hulk
-0.47185352,DDoS
-0.39463115,Web Attack - Brute Force
-0.5606896,DoS Hulk
-0.39416602,DDoS
-0.5543743,DoS Hulk
-0.47902977,DoS Hulk
-0.3893118,PortScan
-0.5599216,DoS Hulk
-0.5580012,DoS Hulk
-0.4640937,DoS Hulk
-0.6259027,DoS Hulk
-0.3869909,DDoS
-0.62418014,DoS Hulk
-0.46627852,DDoS
-0.3745357,PortScan
-0.39463755,Bot
-0.38469857,DDoS
-0.38365763,DDoS
-0.5564661,DoS Hulk
-0.56168944,DoS Hulk
-0.38269284,DDoS
-0.5871029,DoS Slowhttptest
-0.55530524,DoS Hulk
-0.3872334,DDoS
-0.62808603,DoS Hulk
-0.45960495,DDoS
-0.62334746,DoS Hulk
-0.5668912,DoS Hulk
-0.38649374,PortScan
-0.46088615,DDoS
-0.5557457,DoS Hulk
-0.38790205,PortScan
-0.6113664,DDoS
-0.37379766,PortScan
-0.56889415,DoS Hulk
-0.47345626,DDoS
-0.66713375,DoS slowloris
-0.61654323,DoS Hulk
-0.62191516,DoS Hulk
-0.62334746,DoS Hulk
-0.57421756,DDoS
-0.36383662,DoS Hulk
-0.6273441,DoS Hulk
-0.46947643,DDoS
-0.37757492,DDoS
-0.37214038,PortScan
-0.36442366,DoS Hulk
-0.57705724,DoS Hulk
-0.63048697,DDoS
-0.6177739,DoS Hulk
-0.38999793,DDoS
-0.5530362,DoS Hulk
-0.37559426,PortScan
-0.4763244,DDoS
-0.48008326,DoS Hulk
-0.630223,DoS Hulk
-0.57792336,DDoS
-0.57257146,DoS Hulk
-0.35720417,DDoS
-0.44585636,DDoS
-0.48564494,DDoS
-0.4073474,PortScan
-0.48600432,DoS GoldenEye
-0.5743133,DoS Hulk
-0.41463366,PortScan
-0.40651733,PortScan
-0.62004447,DDoS
-0.4025093,PortScan
-0.3640858,DoS Hulk
-0.39615157,PortScan
-0.62904525,DoS Hulk
-0.37008533,PortScan
-0.46094966,DDoS
-0.3658237,DoS Hulk
-0.51266557,DoS GoldenEye
-0.38973415,DDoS
-0.55778533,DoS Hulk
-0.3774965,PortScan
-0.38622144,DDoS
-0.63142717,DoS Hulk
-0.621736,DoS Hulk
-0.5509844,DoS Hulk
-0.34978333,DoS Hulk
-0.37138048,DDoS
-0.39603904,PortScan
-0.39556843,PortScan
-0.57815725,DDoS
-0.45943886,DDoS
-0.5603609,DoS Hulk
-0.3739449,PortScan
-0.5546897,DoS Hulk
-0.5557457,DoS Hulk
-0.45943886,DDoS
-0.37649134,PortScan
-0.3773915,Bot
-0.52053,DoS Hulk
-0.38469857,DDoS
-0.62396425,DoS Hulk
-0.45928344,DDoS
-0.5567114,DDoS
-0.46064788,DDoS
-0.46225214,DDoS
-0.62833863,DoS Hulk
-0.590683,DoS Hulk
-0.5279902,DoS Hulk
-0.62171155,DoS Hulk
-0.56155765,DoS Hulk
-0.6302737,DDoS
-0.3804331,DDoS
-0.55430514,DoS Hulk
-0.3718287,PortScan
-0.4615845,DoS Hulk
-0.38951263,DDoS
-0.39430326,FTP-Patator
-0.5763245,DDoS
-0.35341337,DoS Hulk
-0.5569302,DoS Hulk
-0.560723,DoS Hulk
-0.3852057,PortScan
-0.38952014,DDoS
-0.38796657,DDoS
-0.4839634,DoS GoldenEye
-0.4089484,DoS slowloris
-0.5535727,DoS Hulk
-0.5624125,DoS Hulk
-0.5590038,DoS Hulk
-0.37300184,PortScan
-0.36941415,DDoS
-0.57095563,DoS Hulk
-0.5707625,DoS Hulk
-0.37872517,DDoS
-0.37516394,PortScan
-0.3976823,DoS slowloris
-0.3907658,Web Attack - Brute Force
-0.5653875,DoS Hulk
-0.56359416,DoS Hulk
-0.3637351,DDoS
-0.41783574,PortScan
-0.55296546,DoS Hulk
-0.46816465,DDoS
-0.5629953,DoS Hulk
-0.62951267,DoS Hulk
-0.62276626,DoS Hulk
-0.4710972,DoS Hulk
-0.5729663,DoS Hulk
-0.36308622,DDoS
-0.46417582,DDoS
-0.36941415,DDoS
-0.46804154,DDoS
-0.5449997,DoS Hulk
-0.39211658,DDoS
-0.36479372,DoS Hulk
-0.3963196,PortScan
-0.61675185,DoS Hulk
-0.38395596,PortScan
-0.3745357,PortScan
-0.3545237,DDoS
-0.3745357,PortScan
-0.4696884,DDoS
-0.4740633,DDoS
-0.55285066,DoS Hulk
-0.37559426,PortScan
-0.6227989,DoS Hulk
-0.38668206,PortScan
-0.5663099,DoS Hulk
-0.57467765,DDoS
-0.41019812,SSH-Patator
-0.5199697,DDoS
-0.38414454,PortScan
-0.57671976,DoS Hulk
-0.5774225,DDoS
-0.35963175,DDoS
-0.4590762,DDoS
-0.56439143,DoS Hulk
-0.37545237,DDoS
-0.46816882,DDoS
-0.37545237,DDoS
-0.3629634,DDoS
-0.37544012,PortScan
-0.55321044,DoS Hulk
-0.358212,DoS Hulk
-0.56709665,DoS Hulk
-0.4083013,SSH-Patator
-0.3892945,PortScan
-0.38779643,PortScan
-0.57332516,DoS Hulk
-0.55804396,DoS Hulk
-0.47373936,DDoS
-0.62925804,DoS Hulk
-0.56397563,DoS Hulk
-0.563567,DoS Hulk
-0.5619607,DoS Hulk
-0.5626145,DoS Hulk
-0.39291003,PortScan
-0.4706465,DDoS
-0.4073474,PortScan
-0.46567765,DDoS
-0.5715326,DDoS
-0.54145473,DoS Hulk
-0.5682839,DoS Hulk
-0.38057843,DDoS
-0.39622277,Web Attack - Brute Force
-0.5605406,DoS Hulk
-0.38997835,DDoS
-0.5933288,DoS Hulk
-0.56557876,DoS Hulk
-0.56079125,DoS Hulk
-0.5517331,DoS Hulk
-0.5651962,DoS Hulk
-0.44340062,Bot
-0.56405544,DoS Hulk
-0.62212557,DoS Hulk
-0.5742487,DDoS
-0.5727214,DoS Hulk
-0.35897234,DDoS
-0.35994184,DoS Hulk
-0.45967355,DDoS
-0.56644464,DoS Hulk
-0.4595943,DDoS
-0.4646813,DDoS
-0.4598823,DDoS
-0.5552121,DoS Hulk
-0.36417672,DoS Hulk
-0.57705,DoS Hulk
-0.36523,DoS Hulk
-0.56455433,DoS Hulk
-0.55771136,DoS Hulk
-0.61570954,DoS Hulk
-0.51797575,DoS GoldenEye
-0.5713725,DoS Hulk
-0.5487261,DoS Hulk
-0.61814195,DoS Hulk
-0.56657577,DoS Hulk
-0.380836,DDoS
-0.38999793,DDoS
-0.3688108,DDoS
-0.5871029,DoS Slowhttptest
-0.5758926,DoS Hulk
-0.5604625,DoS Hulk
-0.56587976,DoS Hulk
-0.3745357,PortScan
-0.5650126,DoS Hulk
-0.6176712,DoS Hulk
-0.40888557,PortScan
-0.56210226,DoS Hulk
-0.48072928,DoS Hulk
-0.4638522,DDoS
-0.40922496,SSH-Patator
-0.553735,DoS Hulk
-0.37545237,DDoS
-0.5285898,DoS GoldenEye
-0.4652658,DDoS
-0.3924116,DoS Slowhttptest
-0.5650254,DoS Hulk
-0.3648639,DoS Hulk
-0.38571852,DDoS
-0.39449394,PortScan
-0.373294,Bot
-0.46235892,DDoS
-0.36021554,DoS Hulk
-0.57628244,DoS Hulk
-0.500776,DoS Hulk
-0.55528265,DoS Hulk
-0.56697816,DoS Hulk
-0.56008345,DoS Hulk
-0.5649531,DoS Hulk
-0.3716476,PortScan
-0.38571852,DDoS
-0.38257807,DDoS
-0.3718287,PortScan
-0.48424682,DDoS
-0.5087013,DoS Hulk
-0.38856527,PortScan
-0.5871029,DoS Slowhttptest
-0.38973415,DDoS
-0.62802976,DoS Hulk
-0.5588583,DoS Hulk
-0.5701919,DoS Hulk
-0.5871029,DoS Slowhttptest
-0.5584965,DoS Hulk
-0.56957227,DoS Hulk
-0.55892295,DoS Hulk
-0.38365763,DDoS
-0.6322793,DoS Hulk
-0.5611127,DoS Hulk
-0.45972675,DDoS
-0.63072133,DDoS
-0.44908717,DoS GoldenEye
-0.3718287,PortScan
-0.359759,DoS Hulk
-0.3740664,DDoS
-0.47175783,DDoS
-0.4661208,DDoS
-0.43477723,DoS GoldenEye
-0.55819,DoS Hulk
-0.580409,DDoS
-0.39238197,DDoS
-0.5927062,DoS Hulk
-0.38764295,PortScan
-0.46796694,DoS Hulk
-0.5386337,DDoS
-0.37387338,DDoS
-0.58753216,DDoS
-0.3591771,DoS Hulk
-0.37544012,PortScan
-0.5659166,DoS Hulk
-0.46746927,DoS GoldenEye
-0.5690358,DoS Hulk
-0.3740664,DDoS
-0.3916168,PortScan
-0.46627852,DDoS
-0.47233266,DDoS
-0.6230892,DoS Hulk
-0.39791936,PortScan
-0.56256914,DoS Hulk
-0.57403314,DDoS
-0.4095019,SSH-Patator
-0.38999793,DDoS
-0.5616241,DoS Hulk
-0.57599705,DoS Hulk
-0.5714641,DoS Hulk
-0.3892945,PortScan
-0.5728266,DoS Hulk
-0.39457014,FTP-Patator
-0.5618141,DoS Hulk
-0.34978333,DoS Hulk
-0.56454134,DoS Hulk
-0.40162203,PortScan
-0.34849408,DoS Hulk
-0.5642278,DoS Hulk
-0.57111365,DoS Hulk
-0.56861246,DoS Hulk
-0.56223446,DoS Hulk
-0.5529036,DoS Hulk
-0.3591771,DoS Hulk
-0.45943886,DDoS
-0.61174893,DoS Hulk
-0.3859796,DDoS
-0.4463232,PortScan
-0.55408627,DoS Hulk
-0.36463886,Web Attack - XSS
-0.4768641,DoS Hulk
-0.39217594,PortScan
-0.49305722,DoS Hulk
-0.45972675,DDoS
-0.5527942,DoS Hulk
-0.61740446,DoS Hulk
-0.47537494,DDoS
-0.56229556,DoS Hulk
-0.6297343,DoS Hulk
-0.44464642,DoS GoldenEye
-0.45310652,DDoS
-0.3884345,PortScan
-0.5594424,DoS Hulk
-0.38168088,DDoS
-0.3928155,DDoS
-0.36868984,PortScan
-0.39457014,FTP-Patator
-0.61675185,DoS Hulk
-0.47688505,DDoS
-0.6261145,DoS Hulk
-0.38919282,PortScan
-0.6188238,DoS Hulk
-0.39980638,PortScan
-0.6320422,DoS Hulk
-0.39008942,PortScan
-0.3887041,PortScan
-0.3780495,PortScan
-0.3823326,PortScan
-0.4796626,DDoS
-0.46990737,DDoS
-0.38952014,DDoS
-0.47953308,DoS Hulk
-0.5647119,DoS Hulk
-0.5701484,DoS Hulk
-0.38443837,DDoS
-0.625691,DoS Hulk
-0.39524403,PortScan
-0.5387699,DoS Hulk
-0.4602789,DDoS
-0.5612589,DoS Hulk
-0.6100832,DDoS
-0.47017786,DDoS
-0.358212,DoS Hulk
-0.46576405,DDoS
-0.39524403,PortScan
-0.3894972,PortScan
-0.45813608,DDoS
-0.39238197,DDoS
-0.47680342,DDoS
-0.38393655,PortScan
-0.37795392,DDoS
-0.5600356,DoS Hulk
-0.5715474,DoS Hulk
-0.5629836,DoS Hulk
-0.46203598,DDoS
-0.3727727,DDoS
-0.57708836,DoS Hulk
-0.37038115,DDoS
-0.62812614,DoS Hulk
-0.39011455,DDoS
-0.47177526,DDoS
-0.59476084,DoS Hulk
-0.38815022,PortScan
-0.3746955,DDoS
-0.39421317,Web Attack - Brute Force
-0.39396146,PortScan
-0.3631997,DDoS
-0.56027293,DoS Hulk
-0.38997835,DDoS
-0.5635057,DoS Hulk
-0.3912666,PortScan
-0.5685182,DoS Hulk
-0.47111306,DDoS
-0.5631044,DoS Hulk
-0.46878842,DDoS
-0.4790404,DDoS
-0.37404624,PortScan
-0.5771597,DDoS
-0.39529946,PortScan
-0.38443837,DDoS
-0.6059791,DDoS
-0.6183412,DoS Hulk
-0.5142259,DoS Hulk
-0.4595943,DDoS
-0.3726731,PortScan
-0.3706089,PortScan
-0.5659588,DoS Hulk
-0.358727,DoS Hulk
-0.61418116,DoS Hulk
-0.47156888,DDoS
-0.46518022,DDoS
-0.6225467,DoS Hulk
-0.39046592,PortScan
-0.37020597,PortScan
-0.371071,PortScan
-0.47281605,DDoS
-0.34978333,DoS Hulk
-0.39377597,FTP-Patator
-0.3894972,PortScan
-0.6287639,DoS Hulk
-0.61976427,DoS Hulk
-0.47369415,DoS GoldenEye
-0.38469857,DDoS
-0.37300184,PortScan
-0.3921045,PortScan
-0.38973415,DDoS
-0.37208053,PortScan
-0.59814054,DoS Hulk
-0.47201318,DDoS
-0.55916417,DoS Hulk
-0.560665,DoS Hulk
-0.5529993,DoS Hulk
-0.371071,PortScan
-0.37007624,PortScan
-0.3584844,DoS Hulk
-0.6430797,DoS slowloris
-0.56435037,DoS Hulk
-0.46749339,DDoS
-0.61782235,DoS Hulk
-0.38395596,PortScan
-0.47870237,DDoS
-0.5782493,DDoS
-0.35386187,DoS Hulk
-0.5213525,DoS GoldenEye
-0.57124215,DoS Hulk
-0.36920732,PortScan
-0.62382406,DoS Hulk
-0.57628244,DoS Hulk
-0.5521379,DoS Hulk
-0.37571996,DDoS
-0.60158247,DoS Hulk
-0.46093947,DDoS
-0.61588764,DoS Hulk
-0.38215742,FTP-Patator
-0.50460833,DDoS
-0.5514699,DoS Hulk
-0.38760757,PortScan
-0.6283745,DoS Hulk
-0.36303076,DoS Hulk
-0.39371476,PortScan
-0.5619008,DoS Hulk
-0.40890294,SSH-Patator
-0.5628815,DoS Hulk
-0.5614515,DoS Hulk
-0.56336576,DoS Hulk
-0.60628283,DoS Hulk
-0.39008942,PortScan
-0.62195885,DoS Hulk
-0.46099028,DoS Hulk
-0.39457014,FTP-Patator
-0.3521423,DoS Hulk
-0.57118976,DoS Hulk
-0.56130254,DoS Hulk
-0.56863874,DoS Hulk
-0.37571996,DDoS
-0.6165522,DoS Hulk
-0.56499183,DoS Hulk
-0.38486904,PortScan
-0.36015755,DDoS
-0.37008533,PortScan
-0.3923163,PortScan
-0.6050711,DoS Hulk
-0.3921045,PortScan
-0.4793402,DDoS
-0.56371,DoS Hulk
-0.5596312,DoS Hulk
-0.55462193,DoS Hulk
-0.3892945,PortScan
-0.4152708,DDoS
-0.41179737,PortScan
-0.5689248,DoS Hulk
-0.47634465,DDoS
-0.5568865,DoS Hulk
-0.3869909,DDoS
-0.41017783,PortScan
-0.4598823,DDoS
-0.62315285,DoS Hulk
-0.37076932,PortScan
-0.572344,DoS Hulk
-0.38052464,PortScan
-0.4073051,PortScan
-0.5598206,DoS Hulk
-0.47283512,DDoS
-0.57580227,DoS Hulk
-0.39308137,DDoS
-0.37313393,PortScan
-0.39443278,DDoS
-0.36920732,PortScan
-0.56375766,DoS Hulk
-0.409662,PortScan
-0.5605869,DoS Hulk
-0.5647799,DoS GoldenEye
-0.45862526,DDoS
-0.39430326,FTP-Patator
-0.56157345,DoS Hulk
-0.5625836,DoS Hulk
-0.359759,DoS Hulk
-0.37195343,PortScan
-0.4550328,DDoS
-0.57482195,DoS Hulk
-0.557374,DoS Hulk
-0.4552214,DoS Hulk
-0.46586928,DDoS
-0.4089484,DoS slowloris
-0.5767728,DoS Hulk
-0.3727727,DDoS
-0.3850625,PortScan
-0.57580227,DoS Hulk
-0.5529359,DoS Hulk
-0.37379766,PortScan
-0.47846094,DDoS
-0.4606377,DDoS
-0.5530362,DoS Hulk
-0.43137628,PortScan
-0.63029474,DDoS
-0.55623525,DoS Hulk
-0.4605318,DDoS
-0.38215742,FTP-Patator
-0.55661076,DoS Hulk
-0.56872255,DoS Hulk
-0.37404624,PortScan
-0.6314005,DoS Hulk
-0.39056984,PortScan
-0.5660504,DoS Hulk
-0.39217594,PortScan
-0.56512153,DoS Hulk
-0.37387338,DDoS
-0.4654761,DoS GoldenEye
-0.45982906,DDoS
-0.5672611,DDoS
-0.3629634,DDoS
-0.6139139,DoS Hulk
-0.5701694,DoS Hulk
-0.5600329,DoS Hulk
-0.62227786,DoS Hulk
-0.39151987,PortScan
-0.38441268,PortScan
-0.5597848,DoS Hulk
-0.36405137,DoS Hulk
-0.46049207,DDoS
-0.519242,DDoS
-0.5604625,DoS Hulk
-0.56991667,DoS Hulk
-0.38946474,PortScan
-0.39315194,DoS Slowhttptest
-0.48881406,DoS Hulk
-0.3740664,DDoS
-0.359759,DoS Hulk
-0.34978333,DoS Hulk
-0.6140262,DoS Hulk
-0.36458558,DoS Hulk
-0.37283772,PortScan
-0.54185236,DoS Hulk
-0.630223,DoS Hulk
-0.5713069,DoS Hulk
-0.5611471,DoS Hulk
-0.6239801,DDoS
-0.38973415,DDoS
-0.46294188,DDoS
-0.37027133,PortScan
-0.6281985,DDoS
-0.5571186,DoS Hulk
-0.4061031,DoS GoldenEye
-0.6316408,DoS Hulk
-0.4615905,DDoS
-0.46561337,DDoS
-0.55984676,DoS Hulk
-0.3912666,PortScan
-0.47511503,DDoS
-0.40025517,PortScan
-0.37138048,DDoS
-0.4089473,PortScan
-0.56293666,DoS Hulk
-0.5551672,DoS Hulk
-0.37545237,DDoS
-0.6228956,DoS Hulk
-0.5628815,DoS Hulk
-0.47013232,DDoS
-0.57995534,DDoS
-0.56011796,DoS Hulk
-0.38692436,PortScan
-0.46732494,DDoS
-0.46691957,DDoS
-0.5072347,DoS GoldenEye
-0.37214038,PortScan
-0.5548366,DoS Hulk
-0.62246937,DoS Hulk
-0.62212557,DoS Hulk
-0.5871029,DoS Slowhttptest
-0.66758525,DoS slowloris
-0.46093947,DDoS
-0.3892945,PortScan
-0.4198871,DoS Hulk
-0.66758525,DoS slowloris
-0.38790205,PortScan
-0.6144183,DoS Slowhttptest
-0.5803615,DoS Hulk
-0.4769027,DoS GoldenEye
-0.36991993,DDoS
-0.5562592,DoS Hulk
-0.4724418,DoS Hulk
-0.3727727,DDoS
-0.3850625,PortScan
-0.39008942,PortScan
-0.5355299,DDoS
-0.4753154,DDoS
-0.46907887,DoS GoldenEye
-0.46049207,DDoS
-0.5871029,DoS Slowhttptest
-0.37376538,Bot
-0.3740087,PortScan
-0.56606925,DoS Hulk
-0.5598435,DoS Hulk
-0.39185137,DDoS
-0.63329524,DoS Hulk
-0.5704284,DoS Hulk
-0.6255372,DoS Hulk
-0.5590038,DoS Hulk
-0.3893118,PortScan
-0.5683298,DoS Hulk
-0.46115226,DDoS
-0.3733095,DDoS
-0.6205815,DoS Hulk
-0.37131676,PortScan
-0.3885274,PortScan
-0.61719567,DoS Hulk
-0.5637271,DoS Hulk
-0.37027133,PortScan
-0.55456185,DoS Hulk
-0.37300184,PortScan
-0.39211658,DDoS
-0.37411642,PortScan
-0.50765127,DDoS
-0.5678788,DoS Hulk
-0.35994184,DoS Hulk
-0.5580311,DoS Hulk
-0.36535493,DoS Hulk
-0.6196175,DDoS
-0.5717626,DoS Hulk
-0.6393821,DDoS
-0.6150657,DoS Hulk
-0.60992473,DoS Hulk
-0.39119935,PortScan
-0.46415523,DDoS
-0.5638103,DoS Hulk
-0.5502913,DoS Hulk
-0.38962993,PortScan
-0.63084716,DDoS
-0.48082805,DoS Hulk
-0.5628834,DoS Hulk
-0.37007624,PortScan
-0.46278998,DDoS
-0.5763245,DDoS
-0.6265383,DoS Hulk
-0.38815022,PortScan
-0.4876617,DoS Hulk
-0.47175783,DDoS
-0.56774086,DoS Hulk
-0.5639554,DoS Hulk
-0.38973415,DDoS
-0.6127301,DDoS
-0.46518022,DDoS
-0.5578908,DoS Hulk
-0.3858941,PortScan
-0.57797086,DoS Hulk
-0.40890294,SSH-Patator
-0.6219464,DoS Hulk
-0.38790205,PortScan
-0.6497569,DoS Slowhttptest
-0.6299473,DoS Hulk
-0.37072557,PortScan
-0.46750826,DDoS
-0.39290515,PortScan
-0.6311956,DoS Hulk
-0.564488,DoS Hulk
-0.45943886,DDoS
-0.3688108,DDoS
-0.56084186,DoS Hulk
-0.3712556,DDoS
-0.46043465,DDoS
-0.57034135,DoS Hulk
-0.56403697,DoS Hulk
-0.38969648,PortScan
-0.46830344,DDoS
-0.4802803,DoS Hulk
-0.45972675,DDoS
-0.5642278,DoS Hulk
-0.40890294,SSH-Patator
-0.36920732,PortScan
-0.38239846,PortScan
-0.38192004,DDoS
-0.62191516,DoS Hulk
-0.4089484,DoS slowloris
-0.3594202,DoS Hulk
-0.62779987,DoS Hulk
-0.56392115,DoS Hulk
-0.37733847,DDoS
-0.46984732,DDoS
-0.38993728,PortScan
-0.36021554,DoS Hulk
-0.58331877,DoS Hulk
-0.4620416,DDoS
-0.56777745,DDoS
-0.5673492,DoS Hulk
-0.62174845,DoS Hulk
-0.6204309,DDoS
-0.45960495,DDoS
-0.37130755,PortScan
-0.57311684,DoS Hulk
-0.39470762,DDoS
-0.4152708,DDoS
-0.38788247,PortScan
-0.5604419,DoS Hulk
-0.452853,PortScan
-0.61722666,DoS Hulk
-0.4778895,DDoS
-0.3977956,PortScan
-0.36564,DoS Hulk
-0.46372828,DDoS
-0.5673906,DoS Hulk
-0.39008942,PortScan
-0.36920732,PortScan
-0.47201318,DDoS
-0.45972458,DDoS
-0.37404624,PortScan
-0.6310051,DoS Hulk
-0.56598103,DoS GoldenEye
-0.4883778,DoS slowloris
-0.56211907,DoS Hulk
-0.5715538,DoS Hulk
-0.5636456,DoS Hulk
-0.5562343,DoS Hulk
-0.4089484,DoS slowloris
-0.56375766,DoS Hulk
-0.3658862,DDoS
-0.37969112,DDoS
-0.61976427,DoS Hulk
-0.36523,DoS Hulk
-0.4046808,PortScan
-0.6211178,DoS Hulk
-0.38774002,DDoS
-0.55515224,DoS Hulk
-0.62872374,DoS Hulk
-0.39987922,PortScan
-0.39315134,PortScan
-0.5300488,DoS GoldenEye
-0.46033633,DDoS
-0.56319284,DoS Hulk
-0.39046592,PortScan
-0.36417672,DoS Hulk
-0.6239377,DoS Hulk
-0.62520707,DoS Hulk
-0.38406608,DDoS
-0.46538928,DDoS
-0.56286746,DoS Hulk
-0.38487184,PortScan
-0.58237064,DDoS
-0.5267682,DoS Hulk
-0.39385238,Web Attack - XSS
-0.5746842,DoS GoldenEye
-0.38596022,DDoS
-0.39308137,DDoS
-0.38596022,DDoS
-0.56685156,DoS Hulk
-0.47230896,DDoS
-0.568493,DoS Hulk
-0.38909158,PortScan
-0.617714,DoS Hulk
-0.47209457,DDoS
-0.62782735,DDoS
-0.48987135,DDoS
-0.45941362,DDoS
-0.37008533,PortScan
-0.4646813,DDoS
-0.46588823,DDoS
-0.5407307,DoS Hulk
-0.38951263,DDoS
-0.6225161,DoS Hulk
-0.4818917,DoS Hulk
-0.48375428,DDoS
-0.38977626,DDoS
-0.38138378,PortScan
-0.44638115,PortScan
-0.6187065,DoS Hulk
-0.46327156,DDoS
-0.56317353,DoS Hulk
-0.39524567,PortScan
-0.39189777,PortScan
-0.47096726,DoS Hulk
-0.56965727,DoS Hulk
-0.38969648,PortScan
-0.38378745,DDoS
-0.57440346,DoS Hulk
-0.39377385,FTP-Patator
-0.57628244,DoS Hulk
-0.576987,DoS GoldenEye
-0.62498915,DoS Hulk
-0.34946322,DoS Hulk
-0.36447123,DoS Hulk
-0.5566866,DoS Hulk
-0.39603695,PortScan
-0.6263578,DoS Hulk
-0.5678762,DoS Hulk
-0.6250427,DoS Hulk
-0.37214038,PortScan
-0.55488133,DoS Hulk
-0.43002766,PortScan
-0.5619626,DoS Hulk
-0.37485412,PortScan
-0.46847805,DDoS
-0.46699402,DDoS
-0.5549071,DoS Hulk
-0.622801,DoS Hulk
-0.5531499,DoS Hulk
-0.62334746,DoS Hulk
-0.56060857,DoS Hulk
-0.40651733,PortScan
-0.46278065,DDoS
-0.39291248,PortScan
-0.38389805,DDoS
-0.3748758,DDoS
-0.6097019,DDoS
-0.46772498,DDoS
-0.40803617,PortScan
-0.37300184,PortScan
-0.39103162,PortScan
-0.39612657,PortScan
-0.4692288,DDoS
-0.45972675,DDoS
-0.38725284,DDoS
-0.6233313,DoS Hulk
-0.39371476,PortScan
-0.5607402,DoS Hulk
-0.38790205,PortScan
-0.3718287,PortScan
-0.39612657,PortScan
-0.39319953,PortScan
-0.39290515,PortScan
-0.39315134,PortScan
-0.46586928,DDoS
-0.6207554,DoS Hulk
-0.46112928,DoS Hulk
-0.557918,DoS Hulk
-0.4469442,DoS GoldenEye
-0.36859265,DDoS
-0.38406608,DDoS
-0.6205419,DoS Hulk
-0.6295837,DoS Hulk
-0.46703774,DoS Hulk
-0.6139847,DDoS
-0.3948372,FTP-Patator
-0.38421836,DDoS
-0.3640858,DoS Hulk
-0.5665001,DoS Hulk
-0.46219233,DDoS
-0.40665913,PortScan
-0.47827375,DDoS
-0.3739449,PortScan
-0.38378003,PortScan
-0.4062709,PortScan
-0.46088615,DDoS
-0.4721729,DDoS
-0.3709213,PortScan
-0.3889999,PortScan
-0.64221007,DoS slowloris
-0.47511503,DDoS
-0.553572,DoS Hulk
-0.62223315,DoS Hulk
-0.3523371,DoS Hulk
-0.54263157,DDoS
-0.56485593,DoS Hulk
-0.561719,DoS Hulk
-0.5715538,DoS Hulk
-0.56404656,DoS Hulk
-0.6259027,DoS Hulk
-0.4618853,DDoS
-0.47804207,DoS Hulk
-0.38524127,DoS slowloris
-0.46970752,DDoS
-0.38942623,PortScan
-0.5705111,DoS Hulk
-0.5617053,DoS Hulk
-0.46937948,DDoS
-0.37130755,PortScan
-0.63000983,DoS Hulk
-0.37160718,PortScan
-0.36417672,DoS Hulk
-0.36523,DoS Hulk
-0.6693211,DoS slowloris
-0.3591771,DoS Hulk
-0.3941946,PortScan
-0.5636762,DoS Hulk
-0.5578908,DoS Hulk
-0.3689789,PortScan
-0.6189846,DoS Hulk
-0.38681176,PortScan
-0.627183,DoS Hulk
-0.5542277,DoS Hulk
-0.37544012,PortScan
-0.5605406,DoS Hulk
-0.38749722,DDoS
-0.358727,DoS Hulk
-0.66195136,DoS Hulk
-0.47567067,DoS Hulk
-0.36417672,DoS Hulk
-0.4669807,DoS Hulk
-0.51172495,DoS Hulk
-0.61681426,DoS Hulk
-0.57379746,DDoS
-0.51596594,DoS GoldenEye
-0.56788975,DoS Hulk
-0.44867036,DoS GoldenEye
-0.37545237,DDoS
-0.6226642,DoS Hulk
-0.5529628,DoS Hulk
-0.47277495,DDoS
-0.54573834,DoS Hulk
-0.3869909,DDoS
-0.39608172,FTP-Patator
-0.4014907,PortScan
-0.3887985,PortScan
-0.40616632,PortScan
-0.35374218,DoS Hulk
-0.38553485,PortScan
-0.38707176,PortScan
-0.5833815,DDoS
-0.41386414,PortScan
-0.551577,DDoS
-0.62791365,DoS Hulk
-0.38378745,DDoS
-0.37481,PortScan
-0.39033386,PortScan
-0.3584844,DoS Hulk
-0.38395596,PortScan
-0.4725967,DDoS
-0.39008942,PortScan
-0.5665641,DoS Hulk
-0.56079125,DoS Hulk
-0.39615157,PortScan
-0.38215742,FTP-Patator
-0.37609416,DDoS
-0.38395596,PortScan
-0.35998452,DoS slowloris
-0.38395596,PortScan
-0.4709414,DDoS
-0.36920732,PortScan
-0.57696074,DoS Hulk
-0.44123575,DoS GoldenEye
-0.39220333,PortScan
-0.4612063,DDoS
-0.4793402,DDoS
-0.56059724,DoS Hulk
-0.3725072,DDoS
-0.561346,DoS Hulk
-0.62357825,DoS Hulk
-0.45110112,PortScan
-0.38902307,PortScan
-0.57003576,DoS Hulk
-0.37271866,PortScan
-0.4610693,DDoS
-0.6139954,DoS Hulk
-0.3745357,PortScan
-0.45967355,DDoS
-0.46367443,DDoS
-0.40926397,PortScan
-0.6317816,DoS slowloris
-0.55943185,DoS Hulk
-0.46245804,DDoS
-0.4598823,DDoS
-0.37661365,PortScan
-0.62143636,DoS Hulk
-0.5574352,DoS Hulk
-0.5702536,DoS Hulk
-0.37237528,PortScan
-0.5648971,DoS Hulk
-0.38872966,PortScan
-0.4634069,DoS GoldenEye
-0.38749722,DDoS
-0.62195885,DoS Hulk
-0.45972675,DDoS
-0.57568973,DDoS
-0.3864517,PortScan
-0.5604625,DoS Hulk
-0.36417672,DoS Hulk
-0.553056,DoS Hulk
-0.38571852,DDoS
-0.5549066,DoS Hulk
-0.41050595,PortScan
-0.5583076,DoS Hulk
-0.66909474,DoS slowloris
-0.46816882,DDoS
-0.563567,DoS Hulk
-0.39430326,FTP-Patator
-0.57558125,DDoS
-0.6067481,DDoS
-0.47537494,DDoS
-0.37418336,Bot
-0.58125025,DDoS
-0.6201837,DoS Hulk
-0.5639484,DoS Hulk
-0.5529365,DoS Hulk
-0.37407142,PortScan
-0.62174845,DoS Hulk
-0.47193488,DDoS
-0.4855696,DoS Hulk
-0.5641392,DoS Hulk
-0.5635057,DoS Hulk
-0.47701442,DDoS
-0.37330917,PortScan
-0.5615708,DoS Hulk
-0.4606645,DDoS
-0.46034926,DDoS
-0.5560461,DoS Hulk
-0.55765367,DoS Hulk
-0.61400425,DoS Hulk
-0.38395596,PortScan
-0.3651504,DoS Hulk
-0.56793296,DoS Hulk
-0.6383723,DDoS
-0.61418116,DoS Hulk
-0.38957658,PortScan
-0.4540439,DDoS
-0.35226145,DoS Hulk
-0.46918488,DDoS
-0.358212,DoS Hulk
-0.3869909,DDoS
-0.39236227,DDoS
-0.57939535,DDoS
-0.3951731,FTP-Patator
-0.55584913,DoS Hulk
-0.5529036,DoS Hulk
-0.4638756,DDoS
-0.38057843,DDoS
-0.48337802,DoS GoldenEye
-0.3885274,PortScan
-0.5673612,DoS Hulk
-0.38951263,DDoS
-0.48152095,DoS GoldenEye
-0.4615905,DDoS
-0.379806,PortScan
-0.46518022,DDoS
-0.37568152,PortScan
-0.37206167,PortScan
-0.54823476,DoS Hulk
-0.4165172,PortScan
-0.5673202,DoS Hulk
-0.39409477,PortScan
-0.3727727,DDoS
-0.46844444,DDoS
-0.5545049,DoS Hulk
-0.37257856,PortScan
-0.38397294,PortScan
-0.37493622,PortScan
-0.358212,DoS Hulk
-0.57453525,DDoS
-0.36552536,DoS Hulk
-0.5568865,DoS Hulk
-0.6267588,DoS Hulk
-0.46907008,DDoS
-0.37008533,PortScan
-0.6237856,DoS Hulk
-0.37300184,PortScan
-0.37404624,PortScan
-0.5580924,DoS Hulk
-0.6269659,DoS Hulk
-0.40749583,PortScan
-0.3725072,DDoS
-0.35626122,DoS Hulk
-0.37609416,DDoS
-0.4593141,DDoS
-0.5559268,DoS Hulk
-0.38395596,PortScan
-0.38872966,PortScan
-0.38973415,DDoS
-0.6212733,DoS Hulk
-0.56967336,DoS Hulk
-0.3944344,PortScan
-0.40890294,SSH-Patator
-0.53759366,DoS Hulk
-0.39056984,PortScan
-0.36751798,DDoS
-0.56229556,DoS Hulk
-0.39137155,PortScan
-0.63003826,DDoS
-0.46245804,DDoS
-0.67523926,DoS Slowhttptest
-0.57459784,DoS Hulk
-0.5741347,DDoS
-0.4680189,DoS Hulk
-0.57530135,DoS Hulk
-0.6271941,DoS Hulk
-0.54688364,DoS Hulk
-0.4797276,DoS Hulk
-0.38443837,DDoS
-0.4305214,PortScan
-0.57859385,DoS GoldenEye
-0.58068764,DDoS
-0.6198148,DoS Hulk
-0.57124686,DoS Hulk
-0.46050605,DDoS
-0.5587116,DoS Hulk
-0.37511072,DDoS
-0.38926873,DDoS
-0.6296976,DoS Hulk
-0.62984747,DDoS
-0.62287843,DoS Hulk
-0.38402793,DDoS
-0.46092898,DDoS
-0.55276626,DoS GoldenEye
-0.51053053,Web Attack - Brute Force
-0.46677366,DoS Hulk
-0.46595764,DDoS
-0.38215742,FTP-Patator
-0.4692986,DoS GoldenEye
-0.5604625,DoS Hulk
-0.57407343,DoS Hulk
-0.37571996,DDoS
-0.55362463,DoS Hulk
-0.36507925,DoS Hulk
-0.47928083,DoS Hulk
-0.45910507,DDoS
-0.45893565,DDoS
-0.48204958,DoS Hulk
-0.3719539,PortScan
-0.4696884,DDoS
-0.35637808,DDoS
-0.37208053,PortScan
-0.38926873,DDoS
-0.3653246,DoS Hulk
-0.37822336,DDoS
-0.48249426,DoS Hulk
-0.38596022,DDoS
-0.46372718,DDoS
-0.39657462,PortScan
-0.46425226,DDoS
-0.36467692,DDoS
-0.49860707,DoS Hulk
-0.3951731,FTP-Patator
-0.37379766,PortScan
-0.58567566,DoS Hulk
-0.45817718,DDoS
-0.4598823,DDoS
-0.6212733,DoS Hulk
-0.38413656,FTP-Patator
-0.5770055,DoS Hulk
-0.560562,DoS Hulk
-0.3770239,DDoS
-0.46261817,DDoS
-0.6142031,DoS Hulk
-0.39095148,DDoS
-0.47813863,DoS Hulk
-0.36829937,DDoS
-0.46294758,DoS Hulk
-0.4089484,DoS slowloris
-0.5777886,DDoS
-0.6437199,DoS slowloris
-0.5612589,DoS Hulk
-0.3527325,DDoS
-0.3629634,DDoS
-0.46902823,DDoS
-0.6197063,DoS Hulk
-0.6509632,DoS Hulk
-0.46952954,DDoS
-0.48371333,DoS GoldenEye
-0.55736446,DoS Hulk
-0.4209737,SSH-Patator
-0.36511377,DoS Hulk
-0.4501386,DoS GoldenEye
-0.5592251,DoS Hulk
-0.3727727,DDoS
-0.6161391,DoS Hulk
-0.5651962,DoS Hulk
-0.5758926,DoS Hulk
-0.3921219,PortScan
-0.5562831,DoS Hulk
-0.39245862,DDoS
-0.3726731,PortScan
-0.56653625,DoS Hulk
-0.3770239,DDoS
-0.61193126,DoS Slowhttptest
-0.5598801,DoS Hulk
-0.561849,DoS Hulk
-0.39033386,PortScan
-0.5651243,DoS Hulk
-0.38241607,FTP-Patator
-0.3887289,PortScan
-0.6231629,DoS Hulk
-0.6117842,DDoS
-0.4606112,DDoS
-0.48033014,DoS Hulk
-0.47305757,DDoS
-0.5661809,DoS Hulk
-0.39503416,FTP-Patator
-0.38775948,DDoS
-0.62191516,DoS Hulk
-0.38269284,DDoS
-0.39308137,DDoS
-0.6208508,DDoS
-0.5588675,DoS Hulk
-0.45972675,DDoS
-0.36859265,DDoS
-0.46076706,DDoS
-0.37547168,PortScan
-0.5683765,DoS Hulk
-0.58592767,DDoS
-0.46079463,DDoS
-0.48193312,DDoS
-0.56049997,DoS Hulk
-0.3910724,DDoS
-0.6117802,DDoS
-0.6233,DoS Hulk
-0.57124686,DoS Hulk
-0.56414837,DoS Hulk
-0.5579001,DoS Hulk
-0.39529946,PortScan
-0.36417672,DoS Hulk
-0.4614177,DDoS
-0.37330917,PortScan
-0.3730943,PortScan
-0.5581449,DoS Hulk
-0.36045933,DoS Hulk
-0.36045933,DoS Hulk
-0.5616614,DoS Hulk
-0.384326,DDoS
-0.62760246,DoS Hulk
-0.3770239,DDoS
-0.37206167,PortScan
-0.56782234,DoS Hulk
-0.55946815,DoS Hulk
-0.45943886,DDoS
-0.38997835,DDoS
-0.5582165,DoS Hulk
-0.56122845,DoS Hulk
-0.6203624,DoS Hulk
-0.38681176,PortScan
-0.5620216,DoS Hulk
-0.40651733,PortScan
-0.38973415,DDoS
-0.38096544,PortScan
-0.47002062,DoS GoldenEye
-0.48336223,DoS Hulk
-0.56451696,DoS Hulk
-0.4779948,DDoS
-0.46788993,DDoS
-0.37511072,DDoS
-0.3917104,PortScan
-0.38948348,PortScan
-0.38713768,PortScan
-0.38973415,DDoS
-0.57425964,DDoS
-0.36405137,DoS Hulk
-0.4612783,DDoS
-0.38969648,PortScan
-0.39468017,Web Attack - Brute Force
-0.54561335,DoS Hulk
-0.38286954,PortScan
-0.56001145,DDoS
-0.38489845,PortScan
-0.38395596,PortScan
-0.3743064,PortScan
-0.5602523,DoS Hulk
-0.6193376,DoS Hulk
-0.3745357,PortScan
-0.6265803,DDoS
-0.3727727,DDoS
-0.6154196,DoS Hulk
-0.39308137,DDoS
-0.57193315,DDoS
-0.46078357,DDoS
-0.55669814,DoS Hulk
-0.38486904,PortScan
-0.6493865,DoS Hulk
-0.55418676,DoS Hulk
-0.5582016,DoS Hulk
-0.6275563,DoS Hulk
-0.45972675,DDoS
-0.38997835,DDoS
-0.39189777,PortScan
-0.37495527,Bot
-0.358212,DoS Hulk
-0.40353575,PortScan
-0.37593,PortScan
-0.38997835,DDoS
-0.38340312,PortScan
-0.39082748,DDoS
-0.5697298,DDoS
-0.3571587,DDoS
-0.47040924,DDoS
-0.3733095,DDoS
-0.46629256,DDoS
-0.6347967,DoS Hulk
-0.4659078,DDoS
-0.3584844,DoS Hulk
-0.6093804,DoS Hulk
-0.558279,DDoS
-0.55365586,DoS Hulk
-0.38788247,PortScan
-0.5568603,DoS Hulk
-0.6227573,DoS Hulk
-0.39245862,DDoS
-0.5580311,DoS Hulk
-0.62943834,DoS Hulk
-0.5642983,DoS Hulk
-0.39057404,PortScan
-0.3802813,PortScan
-0.5612008,DoS Hulk
-0.5648417,DoS Hulk
-0.47096986,DDoS
-0.3770464,DoS GoldenEye
-0.3865606,PortScan
-0.37300184,PortScan
-0.5748394,DoS Hulk
-0.6188683,DoS Hulk
-0.6202654,DoS Hulk
-0.37545237,DDoS
-0.5966979,DoS Hulk
-0.39308137,DDoS
-0.3892945,PortScan
-0.3850625,PortScan
-0.55333704,DoS Hulk
-0.55368197,DoS Hulk
-0.56801933,DoS Hulk
-0.6288461,DoS Hulk
-0.56556594,DoS Hulk
-0.3746955,DDoS
-0.37545237,DDoS
-0.61813754,DDoS
-0.35677248,DoS Hulk
-0.46885806,DDoS
-0.37525648,DDoS
-0.3718287,PortScan
-0.39657462,PortScan
-0.4089484,DoS slowloris
-0.3880394,PortScan
-0.56967336,DoS Hulk
-0.37195343,PortScan
-0.47227177,DDoS
-0.39308137,DDoS
-0.5602223,DoS Hulk
-0.467848,DDoS
-0.38395596,PortScan
-0.52484894,DDoS
-0.66306,DoS slowloris
-0.55276626,DoS GoldenEye
-0.5567418,DoS Hulk
-0.6095282,DDoS
-0.56765115,DoS Hulk
-0.45984507,DDoS
-0.55033904,DoS Hulk
-0.6693211,DoS slowloris
-0.62345153,DoS Hulk
-0.4089484,DoS slowloris
-0.577355,DDoS
-0.48126,DoS Hulk
-0.5644669,DoS Hulk
-0.613639,DoS Hulk
-0.632082,DoS Hulk
-0.5588725,DoS Hulk
-0.37511072,DDoS
-0.3693319,PortScan
-0.38443837,DDoS
-0.39413008,PortScan
-0.46049207,DDoS
-0.3591771,DoS Hulk
-0.39219046,PortScan
-0.5683636,DoS Hulk
-0.62227786,DoS Hulk
-0.38839778,PortScan
-0.56025857,DoS Hulk
-0.5628815,DoS Hulk
-0.47185352,DDoS
-0.37404624,PortScan
-0.4482516,DoS Slowhttptest
-0.5589452,DoS Hulk
-0.5628834,DoS Hulk
-0.5678788,DoS Hulk
-0.47018117,DDoS
-0.37040904,PortScan
-0.46596944,DDoS
-0.5813433,DDoS
-0.5604625,DoS Hulk
-0.56202984,DoS Hulk
-0.37404624,PortScan
-0.55173045,DoS Hulk
-0.57663643,DoS Hulk
-0.56805164,DoS Hulk
-0.5161272,DoS GoldenEye
-0.56375766,DoS Hulk
-0.6309634,DoS Hulk
-0.47390297,DDoS
-0.56065214,DoS Hulk
-0.46110648,DDoS
-0.45928344,DDoS
-0.6269709,DoS Hulk
-0.5699556,DoS Hulk
-0.38916466,PortScan
-0.553735,DoS Hulk
-0.5612008,DoS Hulk
-0.3716476,PortScan
-0.3601605,DoS slowloris
-0.40710047,PortScan
-0.37294647,PortScan
-0.56499183,DoS Hulk
-0.5572131,DoS Hulk
-0.39291003,PortScan
-0.57679075,DDoS
-0.48031595,DDoS
-0.48061386,DoS Hulk
-0.3780495,PortScan
-0.37226683,PortScan
-0.62382704,DoS Hulk
-0.35998452,DoS slowloris
-0.46219233,DDoS
-0.3869909,DDoS
-0.46187973,DDoS
-0.4644901,DDoS
-0.6203238,DoS Hulk
-0.4680105,DDoS
-0.66306,DoS slowloris
-0.5650254,DoS Hulk
-0.5511431,DDoS
-0.37387338,DDoS
-0.3584844,DoS Hulk
-0.369393,PortScan
-0.38973415,DDoS
-0.5612496,DoS Hulk
-0.47169393,DDoS
-0.4046808,PortScan
-0.47461483,DDoS
-0.3755984,Bot
-0.3740087,PortScan
-0.3712556,DDoS
-0.38461527,PortScan
-0.55420744,DoS Hulk
-0.55661076,DoS Hulk
-0.4442485,DoS GoldenEye
-0.3778397,DDoS
-0.39298406,PortScan
-0.37404624,PortScan
-0.59728825,DoS Hulk
-0.39046592,PortScan
-0.46049207,DDoS
-0.4707616,DDoS
-0.4800215,PortScan
-0.5642278,DoS Hulk
-0.45951807,DDoS
-0.61675185,DoS Hulk
-0.63325936,DoS Hulk
-0.37516394,PortScan
-0.376984,PortScan
-0.5871029,DoS Slowhttptest
-0.35249987,DoS Hulk
-0.5538432,DoS Hulk
-0.47976747,DoS Hulk
-0.5607402,DoS Hulk
-0.36523,DoS Hulk
-0.39219046,PortScan
-0.5577896,DoS Hulk
-0.63433725,DDoS
-0.56736964,DoS Hulk
-0.6180314,DoS Hulk
-0.62212557,DoS Hulk
-0.3892945,PortScan
-0.6288289,DoS Hulk
-0.46829015,DDoS
-0.5017659,DDoS
-0.6216525,DoS Hulk
-0.36021554,DoS Hulk
-0.625691,DoS Hulk
-0.37290028,PortScan
-0.47438127,DoS Hulk
-0.3810799,PortScan
-0.5594463,DoS Hulk
-0.36829782,PortScan
-0.45943886,DDoS
-0.4026455,PortScan
-0.506843,DoS GoldenEye
-0.6212262,DoS Hulk
-0.5703848,DoS Hulk
-0.5990747,DDoS
-0.38796657,DDoS
-0.5547456,DoS Hulk
-0.5710536,DoS Hulk
-0.47017786,DDoS
-0.35998452,DoS slowloris
-0.3725072,DDoS
-0.38973415,DDoS
-0.5922082,DoS Hulk
-0.40637013,PortScan
-0.47377563,DDoS
-0.5582505,DoS Hulk
-0.55941385,DoS Hulk
-0.3917652,PortScan
-0.5943346,DoS Hulk
-0.5692881,DoS Hulk
-0.57696074,DoS Hulk
-0.3962312,PortScan
-0.3887289,PortScan
-0.4892928,DoS Hulk
-0.3584844,DoS Hulk
-0.61576676,DoS Hulk
-0.56823426,DoS Hulk
-0.47958317,DoS Hulk
-0.39430326,FTP-Patator
-0.38973415,DDoS
-0.4778895,DDoS
-0.3718287,PortScan
-0.63145465,DDoS
-0.5628815,DoS Hulk
-0.38604227,PortScan
-0.3636821,DoS Hulk
-0.3949521,Web Attack - Brute Force
-0.36417672,DoS Hulk
-0.48212466,DoS Hulk
-0.3859796,DDoS
-0.5568567,DoS Hulk
-0.6275563,DoS Hulk
-0.37389535,PortScan
-0.39189777,PortScan
-0.625691,DoS Hulk
-0.38596022,DDoS
-0.3748758,DDoS
-0.38057843,DDoS
-0.618998,DoS Hulk
-0.37404624,PortScan
-0.56092,DoS Hulk
-0.39371476,PortScan
-0.47230896,DDoS
-0.48823246,DoS Hulk
-0.4090218,PortScan
-0.6144391,DoS Hulk
-0.38215742,FTP-Patator
-0.41056195,PortScan
-0.47233266,DDoS
-0.3629634,DDoS
-0.41184747,PortScan
-0.3719539,PortScan
-0.3725072,DDoS
-0.56375766,DoS Hulk
-0.37544012,PortScan
-0.3717141,DoS slowloris
-0.46750826,DDoS
-0.4637491,DDoS
-0.39211658,DDoS
-0.617556,DoS Hulk
-0.56130254,DoS Hulk
-0.35998452,DoS slowloris
-0.55339766,DoS Hulk
-0.5621169,DoS Hulk
-0.6286187,DoS Hulk
-0.37465948,PortScan
-0.62287843,DoS Hulk
-0.38680443,PortScan
-0.47870237,DDoS
-0.37538514,PortScan
-0.5624125,DoS Hulk
-0.60110784,DDoS
-0.6253188,DoS Hulk
-0.5991371,DDoS
-0.46403816,DDoS
-0.4740948,DDoS
-0.38565627,PortScan
-0.66755176,DoS slowloris
-0.38953218,DDoS
-0.6057741,DDoS
-0.38631582,PortScan
-0.64014685,DDoS
-0.37544012,PortScan
-0.6271319,DoS Hulk
-0.42220488,PortScan
-0.39524567,PortScan
-0.40648612,PortScan
-0.40875864,PortScan
-0.47149637,DoS GoldenEye
-0.6302826,DoS Hulk
-0.5607946,DoS Hulk
-0.45878044,DDoS
-0.34978333,DoS Hulk
-0.36168644,DDoS
-0.4595943,DDoS
-0.37421593,PortScan
-0.37472734,PortScan
-0.61904377,DDoS
-0.65613085,DoS Hulk
-0.38973415,DDoS
-0.4089473,PortScan
-0.46401152,DDoS
-0.6284903,DoS Hulk
-0.37669465,DDoS
-0.56939477,DoS Hulk
-0.3636821,DoS Hulk
-0.5768026,DoS Hulk
-0.6212316,DoS Hulk
-0.4819066,DoS Hulk
-0.48828366,DDoS
-0.38649374,PortScan
-0.5573687,DoS Hulk
-0.42155322,PortScan
-0.58777374,DoS Hulk
-0.56319284,DoS Hulk
-0.38430285,DDoS
-0.6178629,DDoS
-0.38973415,DDoS
-0.5590057,DoS Hulk
-0.6319953,DoS slowloris
-0.3917578,DDoS
-0.5562964,DoS Hulk
-0.38790205,PortScan
-0.6211043,DoS Hulk
-0.4701653,DDoS
-0.38997835,DDoS
-0.5676447,DoS Hulk
-0.57580227,DoS Hulk
-0.48881406,DoS Hulk
-0.37226683,PortScan
-0.56691784,DoS Hulk
-0.4095019,SSH-Patator
-0.4766991,DDoS
-0.6176134,DoS Hulk
-0.3748758,DDoS
-0.37071547,Bot
-0.37481,PortScan
-0.6312186,DoS Hulk
-0.6233278,DoS Hulk
-0.46640533,DDoS
-0.5763245,DDoS
-0.5648417,DoS Hulk
-0.5701694,DoS Hulk
-0.39467856,PortScan
-0.37290028,PortScan
-0.38749722,DDoS
-0.36476845,DoS Hulk
-0.4794177,DoS Hulk
-0.3870062,PortScan
-0.57814884,DoS Hulk
-0.5619475,DoS Hulk
-0.46926996,DDoS
-0.62191516,DoS Hulk
-0.36875457,PortScan
-0.46596944,DDoS
-0.38973415,DDoS
-0.47111306,DDoS
-0.62290615,DoS Hulk
-0.6010755,DDoS
-0.4482516,DoS Slowhttptest
-0.6646653,DoS slowloris
-0.3584844,DoS Hulk
-0.6133619,DDoS
-0.39443278,DDoS
-0.47905046,DoS Hulk
-0.3928155,DDoS
-0.5871029,DoS Slowhttptest
-0.58290356,DDoS
-0.62380034,DDoS
-0.5648417,DoS Hulk
-0.641444,DoS Hulk
-0.37545237,DDoS
-0.4863758,DoS Hulk
-0.39056984,PortScan
-0.37726012,PortScan
-0.38094723,FTP-Patator
-0.39841312,DoS slowloris
-0.37404624,PortScan
-0.46182626,DDoS
-0.61633474,DoS Hulk
-0.40890294,SSH-Patator
-0.5409366,DoS Hulk
-0.38790205,PortScan
-0.5524097,DoS Hulk
-0.5645829,DoS Hulk
-0.57482195,DoS Hulk
-0.56637925,DoS Hulk
-0.56404656,DoS Hulk
-0.36442366,DoS Hulk
-0.38773212,PortScan
-0.37072557,PortScan
-0.62521684,DoS Hulk
-0.56298625,DoS Hulk
-0.57825005,DDoS
-0.36751798,DDoS
-0.4091675,DoS GoldenEye
-0.46049502,DDoS
-0.4640937,DoS Hulk
-0.5695726,DoS Hulk
-0.46006465,DDoS
-0.40774056,PortScan
-0.3746816,PortScan
-0.56143945,DoS Hulk
-0.66758525,DoS slowloris
-0.58422077,DDoS
-0.37300184,PortScan
-0.39236227,DDoS
-0.47277495,DDoS
-0.6259027,DoS Hulk
-0.5617162,DoS Hulk
-0.61433613,DDoS
-0.3876016,PortScan
-0.5739617,DoS Hulk
-0.619683,DoS Hulk
-0.5519865,DoS Hulk
-0.46033174,DDoS
-0.61652124,DoS Hulk
-0.38948348,PortScan
-0.39906386,PortScan
-0.44860962,DoS GoldenEye
-0.627489,DoS Hulk
-0.5595352,DoS Hulk
-0.5871029,DoS Slowhttptest
-0.39022076,PortScan
-0.5871029,DoS Slowhttptest
-0.3850625,PortScan
-0.56011575,DoS Hulk
-0.47525296,DDoS
-0.6157184,DoS Hulk
-0.5565809,DoS Hulk
-0.36479372,DoS Hulk
-0.56027293,DoS Hulk
-0.3928155,DDoS
-0.34978333,DoS Hulk
-0.373057,DDoS
-0.3770239,DDoS
-0.359759,DoS Hulk
-0.37330917,PortScan
-0.38215742,FTP-Patator
-0.4652658,DDoS
-0.5509485,DoS Hulk
-0.4714056,DDoS
-0.5871029,DoS Slowhttptest
-0.36479372,DoS Hulk
-0.3591771,DoS Hulk
-0.46085417,DDoS
-0.55555177,DDoS
-0.38269284,DDoS
-0.3892945,PortScan
-0.4098244,SSH-Patator
-0.5599701,DDoS
-0.37290028,PortScan
-0.38159135,PortScan
-0.4707524,DoS GoldenEye
-0.34946322,DoS Hulk
-0.39443278,DDoS
-0.37511072,DDoS
-0.39463755,Bot
-0.3677053,DDoS
-0.40803617,PortScan
-0.6216454,DoS Hulk
-0.37511072,DDoS
-0.38725284,DDoS
-0.36920732,PortScan
-0.5061783,PortScan
-0.38856527,PortScan
-0.4089484,DoS slowloris
-0.3943041,DDoS
-0.38097498,DDoS
-0.5628834,DoS Hulk
-0.5699556,DoS Hulk
-0.6381974,DoS Hulk
-0.6279957,DoS Hulk
-0.4653267,DDoS
-0.587363,DDoS
-0.6114538,DoS Hulk
-0.47297603,DDoS
-0.3804331,DDoS
-0.6231482,DoS Hulk
-0.37671658,PortScan
-0.38713768,PortScan
-0.46596557,DoS Hulk
-0.37632984,DDoS
-0.38595235,PortScan
-0.38194537,PortScan
-0.3850625,PortScan
-0.47464374,DDoS
-0.4763511,DDoS
-0.4593962,DDoS
-0.5688208,DoS Hulk
-0.6207242,DoS Hulk
-0.4661208,DDoS
-0.48002765,DoS Hulk
-0.48576015,DDoS
-0.41562688,SSH-Patator
-0.39501014,PortScan
-0.37476796,PortScan
-0.55852264,DoS Hulk
-0.550559,DoS Hulk
-0.61871684,DoS Hulk
-0.3718287,PortScan
-0.5586555,DoS Hulk
-0.44687015,DoS GoldenEye
-0.3712556,DDoS
-0.56272304,DoS GoldenEye
-0.56765115,DoS Hulk
-0.37504488,PortScan
-0.3745357,PortScan
-0.5599449,DoS Hulk
-0.36838865,PortScan
-0.55164385,DoS Hulk
-0.37632984,DDoS
-0.4046808,PortScan
-0.47265235,DDoS
-0.46945164,DDoS
-0.56008345,DoS Hulk
-0.36044922,DDoS
-0.56438243,DoS Hulk
-0.5669793,DoS Hulk
-0.5701484,DoS Hulk
-0.38872966,PortScan
-0.36021554,DoS Hulk
-0.3858941,PortScan
-0.47359285,DoS GoldenEye
-0.46564364,DDoS
-0.3748758,DDoS
-0.3943041,DDoS
-0.46257842,DDoS
-0.358727,DoS Hulk
-0.3840472,DDoS
-0.6318055,DoS Hulk
-0.36920732,PortScan
-0.558473,DoS Hulk
-0.5615708,DoS Hulk
-0.41160172,SSH-Patator
-0.39457014,FTP-Patator
-0.39236227,DDoS
-0.6277013,DoS Hulk
-0.5584803,DoS Hulk
-0.5654286,DoS Hulk
-0.37138048,DDoS
-0.38973415,DDoS
-0.55698746,DoS Hulk
-0.47054645,DoS Hulk
-0.47521415,DDoS
-0.5641831,DDoS
-0.3731114,Bot
-0.35994184,DoS Hulk
-0.63125825,DoS Hulk
-0.38973415,DDoS
-0.4766903,DDoS
-0.5084736,DoS Hulk
-0.37160718,PortScan
-0.617587,DoS Hulk
-0.60350394,DoS Hulk
-0.5834721,DDoS
-0.3852876,PortScan
-0.56986296,DoS Hulk
-0.3712556,DDoS
-0.46950376,DDoS
-0.3740664,DDoS
-0.57597846,DoS Hulk
-0.39680082,Web Attack - Brute Force
-0.66974056,DoS slowloris
-0.55499244,DoS Hulk
-0.62132794,DoS Hulk
-0.38215742,FTP-Patator
-0.39385238,Web Attack - Brute Force
-0.6126397,DoS Hulk
-0.4614177,DDoS
-0.39497477,DDoS
-0.4684619,DDoS
-0.38293263,DDoS
-0.36417672,DoS Hulk
-0.56130254,DoS Hulk
-0.39072207,PortScan
-0.47808495,DoS Hulk
-0.5871029,DoS Slowhttptest
-0.38969648,PortScan
-0.46894506,DoS Hulk
-0.51211315,DoS Slowhttptest
-0.38571852,DDoS
-0.56291395,DoS Hulk
-0.38378745,DDoS
-0.47583282,DDoS
-0.4650846,DoS Hulk
-0.5608279,DoS Hulk
-0.40774056,PortScan
-0.6163127,DoS Hulk
-0.45893613,DoS GoldenEye
-0.55661076,DoS Hulk
-0.39298406,PortScan
-0.37271866,PortScan
-0.3858941,PortScan
-0.3921219,PortScan
-0.38168088,DDoS
-0.62191516,DoS Hulk
-0.6220832,DDoS
-0.55079913,DDoS
-0.62080604,DoS Hulk
-0.36523,DoS Hulk
-0.54734683,DDoS
-0.5539266,DoS Hulk
-0.61792296,DoS Hulk
-0.37404624,PortScan
-0.5526708,DoS Hulk
-0.56778246,DoS Hulk
-0.62195885,DoS Hulk
-0.4766903,DDoS
-0.36875457,PortScan
-0.41463366,PortScan
-0.5721476,DoS Hulk
-0.38818792,DDoS
-0.37355617,PortScan
-0.492396,DoS Hulk
-0.46597147,DDoS
-0.36920732,PortScan
-0.62290615,DoS Hulk
-0.61997396,DoS Hulk
-0.38097498,DDoS
-0.6201257,DoS Hulk
-0.61654323,DoS Hulk
-0.5715692,DoS Hulk
-0.47843558,DDoS
-0.46049207,DDoS
-0.38973415,DDoS
-0.5804402,DDoS
-0.37195343,PortScan
-0.39118612,PortScan
-0.39291248,PortScan
-0.580409,DDoS
-0.57335645,DoS Hulk
-0.45943886,DDoS
-0.37407142,PortScan
-0.3770239,DDoS
-0.38286257,PortScan
-0.5791585,DDoS
-0.3697039,PortScan
-0.37726012,PortScan
-0.56703657,DoS Hulk
-0.38575846,PortScan
-0.5683765,DoS Hulk
-0.5630168,DoS Hulk
-0.3804331,DDoS
-0.6142339,DoS Hulk
-0.45813608,DDoS
-0.6251073,DoS Hulk
-0.6267406,DoS Hulk
-0.57599705,DoS Hulk
-0.3865606,PortScan
-0.57304895,DoS Hulk
-0.39615157,PortScan
-0.5672284,DoS Hulk
-0.62887967,DDoS
-0.3584844,DoS Hulk
-0.38957658,PortScan
-0.5295323,DDoS
-0.45249665,PortScan
-0.5623408,DoS Hulk
-0.5546743,DoS Hulk
-0.62005854,DoS Hulk
-0.46187973,DDoS
-0.4232283,PortScan
-0.5767507,DDoS
-0.49090904,DoS Hulk
-0.37223524,PortScan
-0.45967355,DDoS
-0.3727727,DDoS
-0.5553965,DoS Hulk
-0.5006971,DoS Hulk
-0.45878044,DDoS
-0.3859941,PortScan
-0.462703,DDoS
-0.37179396,PortScan
-0.5871029,DoS Slowhttptest
-0.4805371,DDoS
-0.5651962,DoS Hulk
-0.62150496,DDoS
-0.37497973,PortScan
-0.4777279,DDoS
-0.5538466,DoS Hulk
-0.6077838,DDoS
-0.47290415,DoS GoldenEye
-0.5711379,DDoS
-0.56397563,DoS Hulk
-0.5607138,DoS Hulk
-0.39457014,FTP-Patator
-0.39491358,FTP-Patator
-0.39308137,DDoS
-0.38973415,DDoS
-0.5657772,DoS Hulk
-0.3727727,DDoS
-0.570711,DoS Hulk
-0.39457014,FTP-Patator
-0.38668206,PortScan
-0.4702319,DoS GoldenEye
-0.38723513,DDoS
-0.39046592,PortScan
-0.40890294,SSH-Patator
-0.4239411,PortScan
-0.62561715,DoS Hulk
-0.47109547,DDoS
-0.38916466,PortScan
-0.57444036,DoS Hulk
-0.46758065,DDoS
-0.39517286,PortScan
-0.5863654,DDoS
-0.3810578,PortScan
-0.47121233,DDoS
-0.5871029,DoS Slowhttptest
-0.45967355,DDoS
-0.46366894,DoS Hulk
-0.6261256,DoS Hulk
-0.3636821,DoS Hulk
-0.5548366,DoS Hulk
-0.6310224,DoS Hulk
-0.57782483,DDoS
-0.6329379,DoS Hulk
-0.3514673,DDoS
-0.38999793,DDoS
-0.38553485,PortScan
-0.5642278,DoS Hulk
-0.39673662,PortScan
-0.45972675,DDoS
-0.5710536,DoS Hulk
-0.64998317,DoS slowloris
-0.41075093,DDoS
-0.37726012,PortScan
-0.5579401,DoS Hulk
-0.577492,DDoS
-0.5634549,DoS Hulk
-0.40973607,SSH-Patator
-0.5651358,DoS Hulk
-0.38815022,PortScan
-0.6225906,DoS Hulk
-0.59718114,DDoS
-0.5989303,DoS Hulk
-0.4095257,SSH-Patator
-0.3967256,PortScan
-0.46960485,DDoS
-0.57083976,DoS Hulk
-0.5715692,DoS Hulk
-0.36523,DoS Hulk
-0.4089484,DoS slowloris
-0.5855314,DDoS
-0.5689301,DoS Hulk
-0.5653875,DoS Hulk
-0.37160718,PortScan
-0.5686943,DoS Hulk
-0.47188857,DoS GoldenEye
-0.56014144,DoS Hulk
-0.624383,DoS Hulk
-0.36495578,DoS Hulk
-0.37545237,DDoS
-0.4489539,DoS Slowhttptest
-0.38969648,PortScan
-0.38269284,DDoS
-0.5596952,DoS GoldenEye
-0.46145147,DDoS
-0.62991065,DoS Hulk
-0.359759,DoS Hulk
-0.5724847,DoS Hulk
-0.5628815,DoS Hulk
-0.5618406,DoS Hulk
-0.560665,DoS Hulk
-0.38138378,PortScan
-0.6271319,DoS Hulk
-0.60647696,DDoS
-0.5978943,DoS Hulk
-0.38973415,DDoS
-0.3640858,DoS Hulk
-0.5643035,DoS Hulk
-0.48152095,DoS GoldenEye
-0.46688038,DDoS
-0.45878044,DDoS
-0.47537494,DDoS
-0.3706754,PortScan
-0.6294563,DoS Hulk
-0.37363142,Bot
-0.61746186,DDoS
-0.46783215,DoS Hulk
-0.3892945,PortScan
-0.4989742,DoS Hulk
-0.3829176,PortScan
-0.5622781,DoS Hulk
-0.56856173,DoS Hulk
-0.38779643,PortScan
-0.37511072,DDoS
-0.47249246,DDoS
-0.38749722,DDoS
-0.62877196,DoS Hulk
-0.5703848,DoS Hulk
-0.3629634,DDoS
-0.356614,DDoS
-0.5597327,DoS Hulk
-0.38741285,PortScan
-0.5613129,DoS Hulk
-0.3951731,FTP-Patator
-0.47249246,DDoS
-0.37300184,PortScan
-0.6190777,DoS Hulk
-0.39056984,PortScan
-0.5632742,DoS Hulk
-0.46658227,DDoS
-0.55848664,DoS Hulk
-0.5543278,DoS Hulk
-0.39457014,FTP-Patator
-0.4674225,DDoS
-0.3745357,PortScan
-0.3748758,DDoS
-0.36751798,DDoS
-0.36015755,DDoS
-0.5665641,DoS Hulk
-0.48064104,DDoS
-0.5710776,DoS Hulk
-0.46489015,DDoS
-0.46082038,DDoS
-0.6287015,DoS Hulk
-0.47966072,DDoS
-0.5539993,DoS Hulk
-0.3748758,DDoS
-0.47540396,DDoS
-0.46230164,DDoS
-0.62143636,DoS Hulk
-0.37116718,PortScan
-0.39530683,FTP-Patator
-0.6148783,DoS Hulk
-0.56121415,DoS Hulk
-0.39457014,FTP-Patator
-0.39035898,DDoS
-0.57760483,DDoS
-0.37544012,PortScan
-0.5729152,DoS Hulk
-0.4701158,DoS GoldenEye
-0.46656594,DoS Hulk
-0.6194702,DoS Hulk
-0.46002498,DDoS
-0.3746955,DDoS
-0.38997835,DDoS
-0.62940234,DoS Hulk
-0.61874557,DoS Hulk
-0.3912161,DDoS
-0.62382406,DoS Hulk
-0.4665941,DDoS
-0.3584844,DoS Hulk
-0.37040904,PortScan
-0.56145763,DoS Hulk
-0.6437199,DoS slowloris
-0.3780495,PortScan
-0.39308137,DDoS
-0.38001862,PortScan
-0.5967905,DDoS
-0.5915971,DDoS
-0.38760757,PortScan
-0.37571996,DDoS
-0.37284032,PortScan
-0.37138048,DDoS
-0.3845302,PortScan
-0.3745247,PortScan
-0.39217594,PortScan
-0.5757632,DoS Hulk
-0.38854796,PortScan
-0.5676447,DoS Hulk
-0.37822336,DDoS
-0.555182,DoS Hulk
-0.37071204,PortScan
-0.4714586,DoS Hulk
-0.46017602,DDoS
-0.4863373,DoS slowloris
-0.468286,DDoS
-0.55575854,DoS Hulk
-0.46867907,DDoS
-0.39079326,PortScan
-0.39315134,PortScan
-0.56845605,DoS Hulk
-0.37545237,DDoS
-0.46184298,DDoS
-0.5916533,DoS Hulk
-0.4654453,DDoS
-0.37220344,PortScan
-0.56918263,DoS Hulk
-0.5693752,DoS Hulk
-0.3740087,PortScan
-0.38467926,DDoS
-0.39524567,PortScan
-0.47571617,DDoS
-0.43436873,PortScan
-0.38591453,FTP-Patator
-0.3892945,PortScan
-0.6299473,DoS Hulk
-0.38713768,PortScan
-0.55765367,DoS Hulk
-0.39119646,DDoS
-0.6247826,DoS Hulk
-0.38395596,PortScan
-0.46619892,DDoS
-0.46261454,DDoS
-0.6250744,DDoS
-0.62798214,DoS Hulk
-0.38489845,PortScan
-0.6197954,DoS Hulk
-0.3849396,DDoS
-0.3780495,PortScan
-0.58386326,DDoS
-0.37964323,PortScan
-0.4701653,DDoS
-0.38365763,DDoS
-0.4802803,DoS Hulk
-0.37179396,PortScan
-0.5697674,DoS Hulk
-0.5779869,DDoS
-0.3895647,PortScan
-0.46984732,DDoS
-0.5614509,DoS Hulk
-0.6106904,DoS Slowhttptest
-0.5192784,DDoS
-0.37474716,PortScan
-0.6776935,DoS Slowhttptest
-0.56451696,DoS Hulk
-0.37682587,PortScan
-0.56918263,DoS Hulk
-0.6156525,DoS Hulk
-0.38854465,PortScan
-0.44942522,PortScan
-0.38932073,PortScan
-0.36920732,PortScan
-0.37214038,PortScan
-0.57293016,DDoS
-0.62942004,DoS Hulk
-0.54374105,DoS slowloris
-0.3811861,PortScan
-0.46143436,DDoS
-0.6241912,DDoS
-0.6220674,DoS Hulk
-0.5559492,DoS Hulk
-0.3718287,PortScan
-0.46735013,DDoS
-0.63246435,DoS Hulk
-0.384326,DDoS
-0.371071,PortScan
-0.625691,DoS Hulk
-0.56138086,DoS Hulk
-0.6010755,DDoS
-0.59454185,DoS Hulk
-0.6192449,DoS Hulk
-0.62760246,DoS Hulk
-0.5898274,DoS Hulk
-0.5584367,DoS Hulk
-0.6232865,DoS Hulk
-0.6437199,DoS slowloris
-0.38910663,PortScan
-0.38257807,DDoS
-0.4482516,DoS Slowhttptest
-0.5734591,DoS Hulk
-0.5538693,DoS Hulk
-0.62373805,DoS Hulk
-0.37545237,DDoS
-0.56050265,DoS Hulk
-0.4089484,DoS slowloris
-0.45984507,DDoS
-0.5651523,DoS Hulk
-0.61652124,DoS Hulk
-0.63026226,DoS Hulk
-0.38286954,PortScan
-0.3892945,PortScan
-0.55323607,DoS Hulk
-0.37571996,DDoS
-0.6104839,DoS Slowhttptest
-0.46772498,DDoS
-0.46456647,DDoS
-0.62142164,DoS Hulk
-0.6080014,DoS Hulk
-0.5586414,DoS Hulk
-0.38057843,DDoS
-0.56557876,DoS Hulk
-0.565183,DoS Hulk
-0.39290515,PortScan
-0.5626145,DoS Hulk
-0.4784994,DoS Hulk
-0.5568865,DoS Hulk
-0.5758453,DDoS
-0.63315207,DoS Hulk
-0.46674818,DDoS
-0.57559574,DoS Hulk
-0.62888706,DoS Hulk
-0.46490893,DoS GoldenEye
-0.3748758,DDoS
-0.36425182,SSH-Patator
-0.39634255,PortScan
-0.35975343,DDoS
-0.49641144,DoS Hulk
-0.3748758,DDoS
-0.36523,DoS Hulk
-0.5782493,DDoS
-0.4802457,DoS Hulk
-0.49106735,DoS Hulk
-0.5871029,DoS Slowhttptest
-0.55999964,DDoS
-0.46830344,DDoS
-0.61812025,DoS Hulk
-0.56014144,DoS Hulk
-0.36417672,DoS Hulk
-0.552239,DoS Hulk
-0.66306,DoS slowloris
-0.37404624,PortScan
-0.46961048,DDoS
-0.61735606,DoS Hulk
-0.3745247,PortScan
-0.47132438,DDoS
-0.35257733,DoS Hulk
-0.5698286,DoS Hulk
-0.61557764,DoS Hulk
-0.3802813,PortScan
-0.38973415,DDoS
-0.5730712,DoS Hulk
-0.5727562,DoS Hulk
-0.38741285,PortScan
-0.38914266,PortScan
-0.4714146,DDoS
-0.5599711,DoS Hulk
-0.5725724,DDoS
-0.39308137,DDoS
-0.4696884,DDoS
-0.43805566,PortScan
-0.3894972,PortScan
-0.55901253,DoS Hulk
-0.56688917,DoS Hulk
-0.35523584,DDoS
-0.4810049,DoS Hulk
-0.3629634,DDoS
-0.3640858,DoS Hulk
-0.56765115,DoS Hulk
-0.57619894,DDoS
-0.37138048,DDoS
-0.48047847,DDoS
-0.41141868,PortScan
-0.56028104,DoS Hulk
-0.44966987,DoS GoldenEye
-0.39463755,Bot
-0.38553485,PortScan
-0.45878872,DDoS
-0.52476716,DoS Hulk
-0.393615,PortScan
-0.38790205,PortScan
-0.5638462,DoS Hulk
-0.55368197,DoS Hulk
-0.38997835,DDoS
-0.37559426,PortScan
-0.56102365,DoS Hulk
-0.36015755,DDoS
-0.5579001,DoS Hulk
-0.36665532,DoS Hulk
-0.6339776,DoS Hulk
-0.46002498,DDoS
-0.46840042,DoS GoldenEye
-0.376984,PortScan
-0.41463366,PortScan
-0.3730332,PortScan
-0.38395596,PortScan
-0.5602523,DoS Hulk
-0.5615983,DoS Hulk
-0.3725314,PortScan
-0.464296,DDoS
-0.61779135,DoS Hulk
-0.3716899,DDoS
-0.38741285,PortScan
-0.5780328,DDoS
-0.47329503,DDoS
-0.46240854,DDoS
-0.5639484,DoS Hulk
-0.48135808,DoS GoldenEye
-0.55418676,DoS Hulk
-0.552904,DoS Hulk
-0.37138048,DDoS
-0.39309362,Bot
-0.38790205,PortScan
-0.5995402,DoS slowloris
-0.44183686,DoS Slowhttptest
-0.565183,DoS Hulk
-0.37300184,PortScan
-0.66328436,DoS slowloris
-0.5581166,DoS Hulk
-0.37726012,PortScan
-0.4606645,DDoS
-0.563574,DoS Hulk
-0.3869909,DDoS
-0.5627526,DoS Hulk
-0.5655381,DoS Hulk
-0.4152708,DDoS
-0.55803263,DoS Hulk
-0.46079463,DDoS
-0.5618247,DoS Hulk
-0.3594202,DoS Hulk
-0.5609299,DoS Hulk
-0.41308674,PortScan
-0.6243203,DoS Hulk
-0.3896444,DDoS
-0.37887534,DDoS
-0.5562918,DoS Hulk
-0.38779643,PortScan
-0.3711293,DDoS
-0.5506848,DoS Hulk
-0.56404656,DoS Hulk
-0.37497973,PortScan
-0.5871029,DoS Slowhttptest
-0.46880233,DDoS
-0.5648553,DoS Hulk
-0.5870291,DDoS
-0.5997014,DDoS
-0.57541996,DoS Hulk
-0.38057843,DDoS
-0.49319854,DoS Hulk
-0.4076231,PortScan
-0.55509484,DoS Hulk
-0.37034997,PortScan
-0.37669465,DDoS
-0.3966859,FTP-Patator
-0.5737845,DDoS
-0.3858941,PortScan
-0.3640858,DoS Hulk
-0.36308622,DDoS
-0.3884345,PortScan
-0.5629269,DoS Hulk
-0.3928155,DDoS
-0.46834707,DDoS
-0.37544012,PortScan
-0.37294647,PortScan
-0.45972675,DDoS
-0.3850625,PortScan
-0.47818303,DDoS
-0.36552215,DDoS
-0.5650121,DoS Hulk
-0.35963175,DDoS
-0.37544012,PortScan
-0.48626274,DoS GoldenEye
-0.55989397,DoS Hulk
-0.62842077,DoS Hulk
-0.39245862,DDoS
-0.6242548,DoS Hulk
-0.56106734,DoS Hulk
-0.3896444,DDoS
-0.35677248,DoS Hulk
-0.37130755,PortScan
-0.47201318,DDoS
-0.37545237,DDoS
-0.62125427,DoS Hulk
-0.4631769,DoS Hulk
-0.39588547,PortScan
-0.5686121,DoS Hulk
-0.3770239,DDoS
-0.45943886,DDoS
-0.3636821,DoS Hulk
-0.46871698,DDoS
-0.38596022,DDoS
-0.55816716,DoS Hulk
-0.6290273,DDoS
-0.5946984,DDoS
-0.46082038,DDoS
-0.38815022,PortScan
-0.46433288,DDoS
-0.6329379,DoS Hulk
-0.54576474,DoS Hulk
-0.48512697,DoS Hulk
-0.56130254,DoS Hulk
-0.39409477,PortScan
-0.6243552,DoS Hulk
-0.370318,PortScan
-0.6225975,DoS Hulk
-0.39524403,PortScan
-0.38427803,PortScan
-0.35386187,DoS Hulk
-0.45943886,DDoS
-0.3869909,DDoS
-0.3874955,DDoS
-0.37181035,PortScan
-0.62195486,DoS Hulk
-0.6241405,DoS Hulk
-0.39345622,PortScan
-0.3973016,DoS Hulk
-0.4039561,PortScan
-0.6211755,DoS Hulk
-0.376984,PortScan
-0.48036647,DoS GoldenEye
-0.3895647,PortScan
-0.37666214,PortScan
-0.47064358,DDoS
-0.6331203,DoS Hulk
-0.37195343,PortScan
-0.5585301,DoS Hulk
-0.56849027,DoS Hulk
-0.5732072,DDoS
-0.5653742,DoS Hulk
-0.60556924,DDoS
-0.46049207,DDoS
-0.4677628,DDoS
-0.37481,PortScan
-0.58095014,DDoS
-0.563567,DoS Hulk
-0.46226832,DoS GoldenEye
-0.39457014,FTP-Patator
-0.45798114,DDoS
-0.48152095,DoS GoldenEye
-0.46943715,DDoS
-0.56119794,DoS Hulk
-0.47265235,DDoS
-0.629127,DoS Hulk
-0.6648807,DoS slowloris
-0.5552121,DoS Hulk
-0.5704284,DoS Hulk
-0.38725284,DDoS
-0.5638363,DoS Hulk
-0.6437199,DoS slowloris
-0.5990747,DDoS
-0.4606645,DDoS
-0.39084464,PortScan
-0.6163127,DoS Hulk
-0.47827375,DDoS
-0.6233,DoS Hulk
-0.38978377,DDoS
-0.38368908,PortScan
-0.56008345,DoS Hulk
-0.43981424,DoS GoldenEye
-0.3658237,DoS Hulk
-0.48704764,DoS Hulk
-0.46795145,DoS Hulk
-0.3718287,PortScan
-0.37571996,DDoS
-0.6300164,DoS Hulk
-0.6262901,DoS Hulk
-0.5741636,DoS Hulk
-0.45968786,DDoS
-0.38997835,DDoS
-0.41028428,PortScan
-0.47243157,DDoS
-0.56065214,DoS Hulk
-0.40780845,PortScan
-0.6265383,DoS Hulk
-0.35257733,DoS Hulk
-0.6075697,DDoS
-0.46750826,DDoS
-0.5607303,DoS Hulk
-0.4062709,PortScan
-0.62079126,DoS Hulk
-0.57142174,DoS Hulk
-0.4665646,DDoS
-0.39151987,PortScan
-0.56960416,DoS Hulk
-0.37300184,PortScan
-0.54554176,DoS Hulk
-0.47329614,DDoS
-0.3725072,DDoS
-0.53365755,DDoS
-0.46288162,DoS Hulk
-0.5624767,DDoS
-0.36475843,DDoS
-0.38725284,DDoS
-0.48844752,DoS Hulk
-0.38713768,PortScan
-0.45967355,DDoS
-0.39524567,PortScan
-0.37379766,PortScan
-0.4664572,DDoS
-0.56435037,DoS Hulk
-0.5538983,DoS Hulk
-0.41588166,DDoS
-0.38269284,DDoS
-0.452853,PortScan
-0.38796288,PortScan
-0.37404624,PortScan
-0.5721088,DoS Hulk
-0.371071,PortScan
-0.46191174,DDoS
-0.39095148,DDoS
-0.3807155,PortScan
-0.5635057,DoS Hulk
-0.48300406,DoS Hulk
-0.38384086,PortScan
-0.56530875,DoS Hulk
-0.42140177,DoS GoldenEye
-0.3716476,PortScan
-0.39754456,Web Attack - Brute Force
-0.4627944,DDoS
-0.38395596,PortScan
-0.3894972,PortScan
-0.56422484,DoS Hulk
-0.39396146,PortScan
-0.6312107,DoS Hulk
-0.41495174,PortScan
-0.41365984,PortScan
-0.6343452,DoS Hulk
-0.47185352,DDoS
-0.3523371,DoS Hulk
-0.39769062,PortScan
-0.3727727,DDoS
-0.38713768,PortScan
-0.40020603,PortScan
-0.4046808,PortScan
-0.46208733,DDoS
-0.39409477,PortScan
-0.38097498,DDoS
-0.37472734,PortScan
-0.5562918,DoS Hulk
-0.5006971,DoS Hulk
-0.3807759,Bot
-0.47073796,DoS GoldenEye
-0.38940042,DDoS
-0.5555577,DoS Hulk
-0.3892945,PortScan
-0.5677098,DoS Hulk
-0.5707138,DoS Hulk
-0.5556886,DoS Hulk
-0.56397563,DoS Hulk
-0.56685156,DoS Hulk
-0.46498063,DDoS
-0.56130254,DoS Hulk
-0.4803027,DoS GoldenEye
-0.6285159,DoS Hulk
-0.57763726,DoS Hulk
-0.38775948,DDoS
-0.5549784,DoS Hulk
-0.3884345,PortScan
-0.3844591,DDoS
-0.41575631,DoS GoldenEye
-0.55807006,DoS Hulk
-0.58237064,DDoS
-0.6297343,DoS Hulk
-0.38575846,PortScan
-0.59357494,DoS Hulk
-0.3690604,DDoS
-0.39315194,DoS Slowhttptest
-0.3712556,DDoS
-0.3928155,DDoS
-0.6486652,DoS slowloris
-0.3894972,PortScan
-0.38393655,PortScan
-0.37171182,PortScan
-0.46642447,DDoS
-0.56234103,DoS Hulk
-0.63018274,DoS Hulk
-0.5098011,DoS Hulk
-0.47257394,DDoS
-0.40651733,PortScan
-0.6305366,DoS Hulk
-0.4790404,DDoS
-0.6078269,DDoS
-0.47096536,DoS Hulk
-0.38790205,PortScan
-0.38286954,PortScan
-0.38822916,DDoS
-0.61860144,DoS Hulk
-0.37571996,DDoS
-0.5672284,DoS Hulk
-0.38725284,DDoS
-0.38378745,DDoS
-0.38779643,PortScan
-0.6347967,DoS Hulk
-0.5707041,DoS Hulk
-0.62560666,DoS Hulk
-0.39185137,DDoS
-0.39463115,Web Attack - Brute Force
-0.41125068,PortScan
-0.38692436,PortScan
-0.40890294,SSH-Patator
-0.37116718,PortScan
-0.5997073,DDoS
-0.45974982,DDoS
-0.38916466,PortScan
-0.37571996,DDoS
-0.38599366,PortScan
-0.46240854,DDoS
-0.6302093,DoS Hulk
-0.51473945,DoS Hulk
-0.37921947,PortScan
-0.6308003,DoS Hulk
-0.6297343,DoS Hulk
-0.394398,Web Attack - XSS
-0.38913816,PortScan
-0.37179396,PortScan
-0.56842643,DoS Hulk
-0.371071,PortScan
-0.5335411,DDoS
-0.48208073,DoS Hulk
-0.56193906,DoS Hulk
-0.38570783,PortScan
-0.38097498,DDoS
-0.62276626,DoS Hulk
-0.3911786,PortScan
-0.4089473,PortScan
-0.6297343,DoS Hulk
-0.50053275,DDoS
-0.3804331,DDoS
-0.37485412,PortScan
-0.62198544,DoS Hulk
-0.37404624,PortScan
-0.38571852,DDoS
-0.5580311,DoS Hulk
-0.56916195,DoS Hulk
-0.38886473,PortScan
-0.38019487,DDoS
-0.5871029,DoS Slowhttptest
-0.56307185,DoS Hulk
-0.38973415,DDoS
-0.49074352,DoS Hulk
-0.45813608,DDoS
-0.3718287,PortScan
-0.44866115,PortScan
-0.6295837,DoS Hulk
-0.4032682,PortScan
-0.62791365,DoS Hulk
-0.55464894,DoS Hulk
-0.37216604,DDoS
-0.3892945,PortScan
-0.57397914,DoS Hulk
-0.6224614,DDoS
-0.38120443,PortScan
-0.55771136,DoS Hulk
-0.46145147,DDoS
-0.3858941,PortScan
-0.39291003,PortScan
-0.36920732,PortScan
-0.3874955,DDoS
-0.67026097,DoS slowloris
-0.63436735,DoS Hulk
-0.371071,PortScan
-0.46691957,DDoS
-0.39345556,Web Attack - Brute Force
-0.5604625,DoS Hulk
-0.3745357,PortScan
-0.56826377,DoS Hulk
-0.47600225,DDoS
-0.62177503,DoS Hulk
-0.47347927,DDoS
-0.37300184,PortScan
-0.37565488,PortScan
-0.6276449,DoS Hulk
-0.62290615,DoS Hulk
-0.6230857,DoS Hulk
-0.37760472,PortScan
-0.56585944,DoS Hulk
-0.6204442,DoS Hulk
-0.38019487,DDoS
-0.3929204,PortScan
-0.57480294,DDoS
-0.45911416,DDoS
-0.3727727,DDoS
-0.6200997,DoS Hulk
-0.56277364,DoS Hulk
-0.47802812,DoS GoldenEye
-0.6171383,DoS Hulk
-0.40890294,SSH-Patator
-0.55771136,DoS Hulk
-0.5618542,DoS Hulk
-0.38571852,DDoS
-0.36523,DoS Hulk
-0.55191714,DoS Hulk
-0.4775663,DDoS
-0.3754916,DDoS
-0.38916466,PortScan
-0.6693211,DoS slowloris
-0.37300184,PortScan
-0.45943886,DDoS
-0.46918234,DoS Hulk
-0.46864378,DDoS
-0.3584844,DoS Hulk
-0.46693996,DDoS
-0.55300987,DoS Hulk
-0.38395596,PortScan
-0.37921947,PortScan
-0.47335398,DDoS
-0.3886988,PortScan
-0.4660333,DoS Hulk
-0.5719576,DDoS
-0.4232283,PortScan
-0.6070689,DoS Hulk
-0.46645796,DoS Hulk
-0.38668206,PortScan
-0.6168092,DoS Hulk
-0.6241602,DoS Hulk
-0.5633151,DoS Hulk
-0.4185153,PortScan
-0.44307053,DoS GoldenEye
-0.45813608,DDoS
-0.40890294,SSH-Patator
-0.46182626,DDoS
-0.55761534,DoS Hulk
-0.48238572,DoS Hulk
-0.3892945,PortScan
-0.554114,DoS Hulk
