 Destination Port, Flow Duration, Total Fwd Packets, Total Backward Packets,Total Length of Fwd Packets, Total Length of Bwd Packets, Fwd Packet Length Max, Fwd Packet Length Min, Fwd Packet Length Mean, Fwd Packet Length Std,Bwd Packet Length Max, Bwd Packet Length Min, Bwd Packet Length Mean, Bwd Packet Length Std,Flow Bytes/s, Flow Packets/s, Flow IAT Mean, Flow IAT Std, Flow IAT Max, Flow IAT Min,Fwd IAT Total, Fwd IAT Mean, Fwd IAT Std, Fwd IAT Max, Fwd IAT Min,Bwd IAT Total, Bwd IAT Mean, Bwd IAT Std, Bwd IAT Max, Bwd IAT Min,Fwd PSH Flags, Bwd PSH Flags, Fwd URG Flags, Bwd URG Flags, Fwd Header Length, Bwd Header Length,Fwd Packets/s, Bwd Packets/s, Min Packet Length, Max Packet Length, Packet Length Mean, Packet Length Std, Packet Length Variance,FIN Flag Count, SYN Flag Count, RST Flag Count, PSH Flag Count, ACK Flag Count, URG Flag Count, CWE Flag Count, ECE Flag Count, Down/Up Ratio, Average Packet Size, Avg Fwd Segment Size, Avg Bwd Segment Size, Fwd Header Length,Fwd Avg Bytes/Bulk, Fwd Avg Packets/Bulk, Fwd Avg Bulk Rate, Bwd Avg Bytes/Bulk, Bwd Avg Packets/Bulk,Bwd Avg Bulk Rate,Subflow Fwd Packets, Subflow Fwd Bytes, Subflow Bwd Packets, Subflow Bwd Bytes,Init_Win_bytes_forward, Init_Win_bytes_backward, act_data_pkt_fwd, min_seg_size_forward,Active Mean, Active Std, Active Max, Active Min,Idle Mean, Idle Std, Idle Max, Idle Min
443,101264207,13,7,1184,3823,693,0,91.07692,196.70216,1400,0,546.1429,667.8726,49.444916,0.19750315,5.329695e+06,2.3136576e+07,100871704,1,101264207,8.438684e+06,2.9108884e+07,100871704,1,357143,59523.832,72766.11,197300,2,0,0,0,0,428,232,0.12837705,0.0691261,0,1400,238.42857,455.1127,207127.56,0,0,0,1,0,0,0,0,0,250.35,91.07692,546.1429,428,0,0,0,0,0,0,13,1184,7,3823,65535,13860,6,32,392424.0,0.0,392424,392424,1.00871704e+08,0.0,100871704,100871704
53,259,2,2,84,208,42,42,42.0,0.0,104,104,104.0,0.0,1.1274131e+06,15444.016,86.333336,66.40281,163,47,47,47.0,0.0,47,47,49,49.0,0.0,49,49,0,0,0,0,40,40,7722.008,7722.008,42,104,66.8,33.958797,1153.2,0,0,0,0,0,0,0,0,1,83.5,42.0,104.0,40,0,0,0,0,0,0,2,84,2,208,-1,-1,1,20,0.0,0.0,0,0,0.0,0.0,0,0
51923,3,2,0,0,0,0,0,0.0,0.0,0,0,0.0,0.0,0.0,666666.7,3.0,0.0,3,3,3,3.0,0.0,3,3,0,0.0,0.0,0,0,0,0,0,0,64,0,666666.7,0.0,0,0,0.0,0.0,0.0,0,0,0,0,1,0,0,0,0,0.0,0.0,0.0,64,0,0,0,0,0,0,2,0,0,0,4171,-1,0,32,0.0,0.0,0,0,0.0,0.0,0,0
53,293,2,2,60,264,30,30,30.0,0.0,132,132,132.0,0.0,1.105802e+06,13651.877,97.666664,164.84033,288,1,4,4.0,0.0,4,4,1,1.0,0.0,1,1,0,0,0,0,40,40,6825.9385,6825.9385,30,132,70.8,55.867702,3121.2,0,0,0,0,0,0,0,0,1,88.5,30.0,132.0,40,0,0,0,0,0,0,2,60,2,264,-1,-1,1,20,0.0,0.0,0,0,0.0,0.0,0,0
53,168,2,2,90,122,45,45,45.0,0.0,61,61,61.0,0.0,1.2619048e+06,23809.523,56.0,90.934044,161,3,3,3.0,0.0,3,3,4,4.0,0.0,4,4,0,0,0,0,64,64,11904.762,11904.762,45,61,51.4,8.763561,76.8,0,0,0,0,0,0,0,0,1,64.25,45.0,61.0,64,0,0,0,0,0,0,2,90,2,122,-1,-1,1,32,0.0,0.0,0,0,0.0,0.0,0,0
443,315790,7,8,3494,3493,3125,0,499.14285,1161.157,1481,0,436.625,646.3062,22125.463,47.49992,22556.428,37243.184,90620,3,194398,32399.666,47874.586,97677,197,225363,32194.715,42503.76,96442,3,0,0,0,0,232,264,22.16663,25.333292,0,3125,436.6875,865.32056,748779.7,0,0,0,1,0,0,0,0,1,465.8,499.14285,436.625,232,0,0,0,0,0,0,7,3494,8,3493,29200,50,3,32,0.0,0.0,0,0,0.0,0.0,0,0
443,118397719,18,20,1137,6862,362,0,63.166668,94.578476,1430,0,343.1,545.6949,67.560425,0.32095212,3.1999382e+06,1.34e+07,58900000,1,118000000,6.9645715e+06,1.94e+07,58900000,49,118000000,6.226548e+06,1.84e+07,59000000,1,0,0,0,0,372,412,0.15202996,0.16892217,0,1430,205.10257,416.61227,173565.78,0,0,0,1,0,0,0,0,1,210.5,63.166668,343.1,372,0,0,0,0,0,0,18,1137,20,6862,8192,360,10,20,667448.0,819142.2,1246669,88227,5.85e+07,639056.25,58900000,58000000
53,60657,4,2,132,256,33,33,33.0,0.0,128,128,128.0,0.0,6396.6235,98.91686,12131.4,20551.145,47444,3,47450,15816.667,27390.074,47444,3,4,4.0,0.0,4,4,0,0,0,0,80,40,65.94457,32.972286,33,128,60.142857,46.355255,2148.8096,0,0,0,0,0,0,0,0,0,70.166664,33.0,128.0,80,0,0,0,0,0,0,4,132,2,256,-1,-1,3,20,0.0,0.0,0,0,0.0,0.0,0,0
53,31033,2,2,72,328,36,36,36.0,0.0,164,164,164.0,0.0,12889.505,128.89505,10344.333,17872.758,30982,3,3,3.0,0.0,3,3,48,48.0,0.0,48,48,0,0,0,0,64,64,64.447525,64.447525,36,164,87.2,70.10849,4915.2,0,0,0,0,0,0,0,0,1,109.0,36.0,164.0,64,0,0,0,0,0,0,2,72,2,328,-1,-1,1,32,0.0,0.0,0,0,0.0,0.0,0,0
416,92,2,2,4,12,2,2,2.0,0.0,6,6,6.0,0.0,173913.05,43478.26,30.666666,47.92007,86,3,3,3.0,0.0,3,3,3,3.0,0.0,3,3,0,0,0,0,48,40,21739.13,21739.13,2,6,3.6,2.1908903,4.8,0,0,0,1,0,0,0,0,1,4.5,2.0,6.0,48,0,0,0,0,0,0,2,4,2,12,1024,0,1,24,0.0,0.0,0,0,0.0,0.0,0,0
53,67584,2,2,62,318,31,31,31.0,0.0,159,159,159.0,0.0,5622.633,59.185608,22528.0,39013.58,67577,3,4,4.0,0.0,4,4,3,3.0,0.0,3,3,0,0,0,0,40,40,29.592804,29.592804,31,159,82.2,70.10849,4915.2,0,0,0,0,0,0,0,0,1,102.75,31.0,159.0,40,0,0,0,0,0,0,2,62,2,318,-1,-1,1,20,0.0,0.0,0,0,0.0,0.0,0,0
53,256,2,2,68,326,34,34,34.0,0.0,163,163,163.0,0.0,1.5390625e+06,15625.0,85.333336,105.09678,204,4,48,48.0,0.0,48,48,4,4.0,0.0,4,4,0,0,0,0,40,40,7812.5,7812.5,34,163,85.6,70.65621,4992.3,0,0,0,0,0,0,0,0,1,107.0,34.0,163.0,40,0,0,0,0,0,0,2,68,2,326,-1,-1,1,20,0.0,0.0,0,0,0.0,0.0,0,0
52675,3,2,0,12,0,6,6,6.0,0.0,0,0,0.0,0.0,4e+06,666666.7,3.0,0.0,3,3,3,3.0,0.0,3,3,0,0.0,0.0,0,0,0,0,0,0,40,0,666666.7,0.0,6,6,6.0,0.0,0.0,0,0,0,0,1,0,0,0,0,9.0,6.0,0.0,40,0,0,0,0,0,0,2,12,0,0,382,-1,1,20,0.0,0.0,0,0,0.0,0.0,0,0
80,116039234,16,14,467,717,456,0,29.1875,113.81753,717,0,51.214287,191.62631,10.203445,0.25853324,4.001353e+06,4.8554885e+06,10000000,84,116000000,7.735949e+06,4.117185e+06,10100000,412,111000000,8.507608e+06,3.7643812e+06,10100000,741,0,0,0,0,332,284,0.1378844,0.120648846,0,717,38.19355,150.2015,22560.494,0,0,0,1,0,0,0,0,0,39.466667,29.1875,51.214287,332,0,0,0,0,0,0,16,467,14,717,8192,30016,12,20,76103.91,86743.75,337636,47695,9.978361e+06,71618.69,10000000,9762518
38776,62,1,1,0,0,0,0,0.0,0.0,0,0,0.0,0.0,0.0,32258.064,62.0,0.0,62,62,0,0.0,0.0,0,0,0,0.0,0.0,0,0,0,0,0,0,32,32,16129.032,16129.032,0,0,0.0,0.0,0.0,0,0,0,0,1,1,0,0,1,0.0,0.0,0.0,32,0,0,0,0,0,0,1,0,1,0,114,229,0,32,0.0,0.0,0,0,0.0,0.0,0,0
80,5975109,3,1,12,0,6,0,4.0,3.4641016,0,0,0.0,0.0,2.0083315,0.66944385,1.991703e+06,3.4295245e+06,5951754,53,5975109,2.9875545e+06,4.1920112e+06,5951754,23355,0,0.0,0.0,0,0,0,0,0,0,72,32,0.5020829,0.16736096,0,6,2.4,3.2863352,10.8,0,0,0,1,0,0,0,0,0,3.0,4.0,0.0,72,0,0,0,0,0,0,3,12,1,0,8192,29200,2,20,0.0,0.0,0,0,0.0,0.0,0,0
22,11996595,21,32,2008,2745,640,0,95.61905,140.04517,976,0,85.78125,220.24059,396.19574,4.41792,230703.75,630493.44,2567650,3,10300000,514527.25,920181.44,2642171,553,12000000,386983.03,783190.75,2567650,3,0,0,0,0,680,1032,1.7504967,2.6674235,0,976,88.01852,189.59027,35944.473,0,0,0,1,0,0,0,0,1,89.679245,95.61905,85.78125,680,0,0,0,0,0,0,21,2008,32,2745,29200,247,16,32,0.0,0.0,0,0,0.0,0.0,0,0
50855,185,2,1,0,0,0,0,0.0,0.0,0,0,0.0,0.0,0.0,16216.216,92.5,125.1579,181,4,4,4.0,0.0,4,4,0,0.0,0.0,0,0,0,0,0,0,64,32,10810.811,5405.4053,0,0,0.0,0.0,0.0,0,0,0,0,1,1,0,0,0,0.0,0.0,0.0,64,0,0,0,0,0,0,2,0,1,0,357,32832,0,32,0.0,0.0,0,0,0.0,0.0,0,0
80,5655433,3,1,12,0,6,0,4.0,3.4641016,0,0,0.0,0.0,2.1218534,0.7072845,1.8851444e+06,3.2332978e+06,5618575,119,5655433,2.8277165e+06,3.94687e+06,5618575,36858,0,0.0,0.0,0,0,0,0,0,0,72,32,0.53046334,0.17682113,0,6,2.4,3.2863352,10.8,0,0,0,1,0,0,0,0,0,3.0,4.0,0.0,72,0,0,0,0,0,0,3,12,1,0,8192,42780,2,20,0.0,0.0,0,0,0.0,0.0,0,0
80,60274968,9,9,926,644,884,0,102.888885,292.9234,600,2,71.55556,198.17108,26.047297,0.29863143,3.5455862e+06,4.850801e+06,10000000,59,50600000,6.328762e+06,5.1698485e+06,10100000,4628,60200000,7.521446e+06,4.612586e+06,10100000,1616,0,0,0,0,192,184,0.14931571,0.14931571,0,884,82.63158,237.13948,56235.133,0,0,0,1,0,0,0,0,1,87.22222,102.888885,71.55556,192,0,0,0,0,0,0,9,926,9,644,8192,30940,8,20,135243.4,68752.35,258183,103324,9.990776e+06,20880.006,10000000,9954972
80,1605160,5,0,30,0,6,6,6.0,0.0,0,0,0.0,0.0,18.689726,3.1149542,401290.0,799953.5,1601217,1,1605160,401290.0,799953.5,1601217,1,0,0.0,0.0,0,0,0,0,0,0,100,0,3.1149542,0.0,6,6,6.0,0.0,0.0,0,0,0,0,1,0,0,0,0,7.2,6.0,0.0,100,0,0,0,0,0,0,5,30,0,0,256,-1,4,20,0.0,0.0,0,0,0.0,0.0,0,0
80,1255714,3,5,26,11607,20,0,8.666667,10.263203,5840,0,2321.4,3173.3738,9264.052,6.3708773,179387.72,474211.8,1254799,4,676,338.0,93.3381,404,272,1255694,313923.5,627250.4,1254799,4,0,0,0,0,72,112,2.389079,3.9817984,0,5840,1292.5555,2554.1592,6.5237295e+06,0,0,0,1,0,0,0,0,1,1454.125,8.666667,2321.4,72,0,0,0,0,0,0,3,26,5,11607,8192,229,2,20,0.0,0.0,0,0,0.0,0.0,0,0
51324,2,2,0,12,0,6,6,6.0,0.0,0,0,0.0,0.0,6e+06,1e+06,2.0,0.0,2,2,2,2.0,0.0,2,2,0,0.0,0.0,0,0,0,0,0,0,40,0,1e+06,0.0,6,6,6.0,0.0,0.0,0,0,0,0,1,0,0,0,0,9.0,6.0,0.0,40,0,0,0,0,0,0,2,12,0,0,30,-1,1,20,0.0,0.0,0,0,0.0,0.0,0,0
53,117213,4,2,144,258,36,36,36.0,0.0,129,129,129.0,0.0,3429.6538,51.18886,23442.6,37264.51,85404,1,31806,10602.0,18320.783,31757,1,3,3.0,0.0,3,3,0,0,0,0,104,40,34.125908,17.062954,36,129,62.57143,45.379353,2059.2856,0,0,0,0,0,0,0,0,0,73.0,36.0,129.0,104,0,0,0,0,0,0,4,144,2,258,-1,-1,3,20,0.0,0.0,0,0,0.0,0.0,0,0
53,30656,1,1,44,204,44,44,44.0,0.0,204,204,204.0,0.0,8089.7705,65.24008,30656.0,0.0,30656,30656,0,0.0,0.0,0,0,0,0.0,0.0,0,0,0,0,0,0,20,20,32.62004,32.62004,44,204,97.333336,92.376045,8533.333,0,0,0,0,0,0,0,0,1,146.0,44.0,204.0,20,0,0,0,0,0,0,1,44,1,204,-1,-1,0,20,0.0,0.0,0,0,0.0,0.0,0,0
53,30709,1,1,67,149,67,67,67.0,0.0,149,149,149.0,0.0,7033.7686,65.12749,30709.0,0.0,30709,30709,0,0.0,0.0,0,0,0,0.0,0.0,0,0,0,0,0,0,32,32,32.563744,32.563744,67,149,94.333336,47.342724,2241.3333,0,0,0,0,0,0,0,0,1,141.5,67.0,149.0,32,0,0,0,0,0,0,1,67,1,149,-1,-1,0,32,0.0,0.0,0,0,0.0,0.0,0,0
53097,35,1,1,6,6,6,6,6.0,0.0,6,6,6.0,0.0,342857.16,57142.855,35.0,0.0,35,35,0,0.0,0.0,0,0,0,0.0,0.0,0,0,0,0,0,0,20,20,28571.428,28571.428,6,6,6.0,0.0,0.0,0,0,0,0,1,1,0,0,1,9.0,6.0,6.0,20,0,0,0,0,0,0,1,6,1,6,237,256,0,20,0.0,0.0,0,0,0.0,0.0,0,0
443,185512,7,5,376,3508,201,0,53.714287,78.68654,1460,0,701.6,731.56464,20936.65,64.685844,16864.727,34111.87,85907,49,185512,30918.666,44010.59,89604,195,94590,23647.5,44900.22,90959,49,0,0,0,0,152,112,37.73341,26.952435,0,1460,298.76923,539.97577,291573.84,0,0,0,1,0,0,0,0,0,323.66666,53.714287,701.6,152,0,0,0,0,0,0,7,376,5,3508,8192,60,6,20,0.0,0.0,0,0,0.0,0.0,0,0
36948,83,1,1,0,0,0,0,0.0,0.0,0,0,0.0,0.0,0.0,24096.385,83.0,0.0,83,83,0,0.0,0.0,0,0,0,0.0,0.0,0,0,0,0,0,0,32,32,12048.192,12048.192,0,0,0.0,0.0,0.0,0,0,0,0,1,1,0,0,1,0.0,0.0,0.0,32,0,0,0,0,0,0,1,0,1,0,126,445,0,32,0.0,0.0,0,0,0.0,0.0,0,0
53,31695,2,2,78,342,39,39,39.0,0.0,171,171,171.0,0.0,13251.302,126.20287,10565.0,18256.697,31646,1,1,1.0,0.0,1,1,48,48.0,0.0,48,48,0,0,0,0,40,40,63.101437,63.101437,39,171,91.8,72.29938,5227.2,0,0,0,0,0,0,0,0,1,114.75,39.0,171.0,40,0,0,0,0,0,0,2,78,2,342,-1,-1,1,20,0.0,0.0,0,0,0.0,0.0,0,0
80,999,5,0,0,0,0,0,0.0,0.0,0,0,0.0,0.0,0.0,5005.005,249.75,496.1696,994,0,999,249.75,496.1696,994,0,0,0.0,0.0,0,0,0,0,0,0,160,0,5005.005,0.0,0,0,0.0,0.0,0.0,0,0,0,0,1,0,0,0,0,0.0,0.0,0.0,160,0,0,0,0,0,0,5,0,0,0,274,-1,0,32,0.0,0.0,0,0,0.0,0.0,0,0
53,94537,4,4,140,204,35,35,35.0,0.0,51,51,51.0,0.0,3638.7869,84.622955,13505.286,24908.535,63718,3,94376,31458.666,54482.812,94370,3,63885,21295.0,36840.727,63835,3,0,0,0,0,80,80,42.311478,42.311478,35,51,42.11111,8.43274,71.111115,0,0,0,0,0,0,0,0,1,47.375,35.0,51.0,80,0,0,0,0,0,0,4,140,4,204,-1,-1,3,20,0.0,0.0,0,0,0.0,0.0,0,0
443,60332699,10,8,3021,4579,901,0,302.1,392.92337,1460,0,572.375,593.8114,125.96818,0.29834569,3.5489822e+06,1.45e+07,60000000,4,60300000,6.703633e+06,2e+07,60000000,207,289633,41376.145,28385.447,62725,48,0,0,0,0,212,172,0.1657476,0.13259807,0,1460,400.0,491.6713,241740.67,0,0,0,1,0,0,0,0,0,422.22223,302.1,572.375,212,0,0,0,0,0,0,10,3021,8,4579,8192,509,9,20,0.0,0.0,0,0,0.0,0.0,0,0
51488,3,2,0,12,0,6,6,6.0,0.0,0,0,0.0,0.0,4e+06,666666.7,3.0,0.0,3,3,3,3.0,0.0,3,3,0,0.0,0.0,0,0,0,0,0,0,40,0,666666.7,0.0,6,6,6.0,0.0,0.0,0,0,0,0,1,0,0,0,0,9.0,6.0,0.0,40,0,0,0,0,0,0,2,12,0,0,5114,-1,1,20,0.0,0.0,0,0,0.0,0.0,0,0
80,5923046,3,1,0,0,0,0,0.0,0.0,0,0,0.0,0.0,0.0,0.6753282,1.9743486e+06,3.19431e+06,5659689,85,5923046,2.961523e+06,3.815783e+06,5659689,263357,0,0.0,0.0,0,0,0,0,0,0,80,40,0.50649613,0.16883205,0,0,0.0,0.0,0.0,0,0,0,1,0,0,0,0,0,0.0,0.0,0.0,80,0,0,0,0,0,0,3,0,1,0,29200,12960,0,20,0.0,0.0,0,0,0.0,0.0,0,0
57899,78,1,1,6,6,6,6,6.0,0.0,6,6,6.0,0.0,153846.16,25641.025,78.0,0.0,78,78,0,0.0,0.0,0,0,0,0.0,0.0,0,0,0,0,0,0,20,20,12820.513,12820.513,6,6,6.0,0.0,0.0,0,0,0,0,1,1,0,0,1,9.0,6.0,6.0,20,0,0,0,0,0,0,1,6,1,6,292,253,0,20,0.0,0.0,0,0,0.0,0.0,0,0
10009,99,2,2,4,12,2,2,2.0,0.0,6,6,6.0,0.0,161616.16,40404.04,33.0,27.712812,49,1,49,49.0,0.0,49,49,1,1.0,0.0,1,1,0,0,0,0,48,40,20202.02,20202.02,2,6,3.6,2.1908903,4.8,0,0,0,1,0,0,0,0,1,4.5,2.0,6.0,48,0,0,0,0,0,0,2,4,2,12,1024,0,1,24,0.0,0.0,0,0,0.0,0.0,0,0
443,115184294,22,23,821,12537,352,0,37.31818,85.86112,2021,0,545.087,745.7091,115.97067,0.39067826,2.6178248e+06,4.367213e+06,10000000,2,115000000,5.4849665e+06,4.9805535e+06,10000000,2,110000000,5.0140005e+06,5.12524e+06,10000000,2,0,0,0,0,452,604,0.19099826,0.19968,0,2021,290.3913,584.5029,341643.72,0,0,0,1,0,0,0,0,1,296.84445,37.31818,545.087,452,0,0,0,0,0,0,22,821,23,12537,8192,123,21,20,36422.637,21899.953,102451,29573,9.99159e+06,5141.285,10000000,9980697
443,115870368,27,28,661,22960,314,0,24.481482,72.151215,2896,0,820.0,904.73615,203.85712,0.47466838,2.1457475e+06,4.1367788e+06,10218048,2,115870368,4.4565525e+06,5.075008e+06,10240010,2,112495514,4.1665005e+06,5.1164035e+06,10240265,48,0,0,0,0,872,904,0.23301902,0.24164936,0,2896,421.80356,752.1616,565747.1,0,0,0,1,0,0,0,0,1,429.47272,24.481482,820.0,872,0,0,0,0,0,0,27,661,28,22960,29200,122,4,32,27379.0,17565.545,80340,21954,1.0199513e+07,61051.96,10218048,10015435
45140,3,2,0,31,0,31,0,15.5,21.920311,0,0,0.0,0.0,1.03e+07,666666.7,3.0,0.0,3,3,3,3.0,0.0,3,3,0,0.0,0.0,0,0,1,0,0,0,64,0,666666.7,0.0,0,31,20.666666,17.897858,320.33334,0,1,0,0,1,0,0,0,0,31.0,15.5,0.0,64,0,0,0,0,0,0,2,31,0,0,59,-1,0,32,0.0,0.0,0,0,0.0,0.0,0,0
3261,64,2,2,4,12,2,2,2.0,0.0,6,6,6.0,0.0,250000.0,62500.0,21.333334,30.022215,56,4,4,4.0,0.0,4,4,4,4.0,0.0,4,4,0,0,0,0,48,40,31250.0,31250.0,2,6,3.6,2.1908903,4.8,0,0,0,1,0,0,0,0,1,4.5,2.0,6.0,48,0,0,0,0,0,0,2,4,2,12,1024,0,1,24,0.0,0.0,0,0,0.0,0.0,0,0
53,48718,1,1,60,125,60,60,60.0,0.0,125,125,125.0,0.0,3797.3645,41.05259,48718.0,0.0,48718,48718,0,0.0,0.0,0,0,0,0.0,0.0,0,0,0,0,0,0,20,20,20.526295,20.526295,60,125,81.666664,37.527767,1408.3334,0,0,0,0,0,0,0,0,1,122.5,60.0,125.0,20,0,0,0,0,0,0,1,60,1,125,-1,-1,0,20,0.0,0.0,0,0,0.0,0.0,0,0
5902,41,1,1,2,6,2,2,2.0,0.0,6,6,6.0,0.0,195121.95,48780.49,41.0,0.0,41,41,0,0.0,0.0,0,0,0,0.0,0.0,0,0,0,0,0,0,24,20,24390.244,24390.244,2,6,3.3333333,2.309401,5.3333335,0,0,0,1,0,0,0,0,1,5.0,2.0,6.0,24,0,0,0,0,0,0,1,2,1,6,1024,0,0,24,0.0,0.0,0,0,0.0,0.0,0,0
53,47818,2,2,88,120,44,44,44.0,0.0,60,60,60.0,0.0,4349.8267,83.650505,15939.333,27601.674,47811,3,3,3.0,0.0,3,3,4,4.0,0.0,4,4,0,0,0,0,40,40,41.825253,41.825253,44,60,50.4,8.763561,76.8,0,0,0,0,0,0,0,0,1,63.0,44.0,60.0,40,0,0,0,0,0,0,2,88,2,120,-1,-1,1,20,0.0,0.0,0,0,0.0,0.0,0,0
53,46900,4,2,160,206,40,40,40.0,0.0,103,103,103.0,0.0,7803.838,127.93177,9380.0,13697.68,30195,3,30203,10067.667,17430.781,30195,4,3,3.0,0.0,3,3,0,0,0,0,80,40,85.28785,42.643925,40,103,58.0,30.740852,945.0,0,0,0,0,0,0,0,0,0,67.666664,40.0,103.0,80,0,0,0,0,0,0,4,160,2,206,-1,-1,3,20,0.0,0.0,0,0,0.0,0.0,0,0
53,77807,4,2,148,298,37,37,37.0,0.0,149,149,149.0,0.0,5732.132,77.113884,15561.4,22070.506,47056,3,30747,10249.0,17745.727,30740,3,4,4.0,0.0,4,4,0,0,0,0,92,40,51.409256,25.704628,37,149,69.0,54.650406,2986.6667,0,0,0,0,0,0,0,0,0,80.5,37.0,149.0,92,0,0,0,0,0,0,4,148,2,298,-1,-1,3,20,0.0,0.0,0,0,0.0,0.0,0,0
443,274,1,1,31,6,31,31,31.0,0.0,6,6,6.0,0.0,135036.5,7299.27,274.0,0.0,274,274,0,0.0,0.0,0,0,0,0.0,0.0,0,0,1,0,0,0,20,20,3649.635,3649.635,6,31,22.666666,14.433757,208.33333,0,1,0,0,1,0,0,0,1,34.0,31.0,6.0,20,0,0,0,0,0,0,1,31,1,6,980,980,0,20,0.0,0.0,0,0,0.0,0.0,0,0
443,119559294,23,23,1555,8833,273,0,67.608696,81.29673,2230,0,384.0435,594.4864,86.88576,0.38474634,2.6568732e+06,1.23e+07,58900000,4,120000000,5.4345135e+06,1.73e+07,58900000,21,119000000,5.4308905e+06,1.73e+07,59000000,4,0,0,0,0,472,472,0.19237317,0.19237317,0,2230,221.02127,445.31204,198302.8,0,0,0,1,0,0,0,0,1,225.82608,67.608696,384.0435,472,0,0,0,0,0,0,23,1555,23,8833,8192,131,22,20,873326.5,1.1124762e+06,1659966,86687,5.89e+07,60430.05,58900000,58800000
53,150,2,2,64,96,32,32,32.0,0.0,48,48,48.0,0.0,1.0666666e+06,26666.666,50.0,48.03124,99,3,3,3.0,0.0,3,3,48,48.0,0.0,48,48,0,0,0,0,64,64,13333.333,13333.333,32,48,38.4,8.763561,76.8,0,0,0,0,0,0,0,0,1,48.0,32.0,48.0,64,0,0,0,0,0,0,2,64,2,96,-1,-1,1,32,0.0,0.0,0,0,0.0,0.0,0,0
443,117360203,25,25,1554,10315,411,0,62.16,95.49506,1448,0,412.6,525.484,101.13309,0.4260388,2.3951062e+06,1.17e+07,59000000,1,117000000,4.8900085e+06,1.65e+07,59000000,17,117000000,4.889374e+06,1.65e+07,59000000,1,0,0,0,0,808,808,0.2130194,0.2130194,0,1448,232.7255,410.76544,168728.25,0,0,0,1,0,0,0,0,1,237.38,62.16,412.6,808,0,0,0,0,0,0,25,1554,25,10315,29200,139,13,32,134818.0,146864.67,238667,30969,5.85e+07,630908.94,59000000,58100000
443,6249540,13,17,652,13747,333,0,50.153847,104.60788,2979,0,808.64703,861.3747,2304.0095,4.8003535,215501.38,1.1157581e+06,6016050,3,6249540,520795.0,1.7308288e+06,6016347,209,6198182,387386.38,1.5011686e+06,6016058,3,0,0,0,0,272,352,2.080153,2.7202003,0,2979,464.48386,740.8068,548794.8,0,0,0,1,0,0,0,0,1,479.96667,50.153847,808.64703,272,0,0,0,0,0,0,13,652,17,13747,8192,66,3,20,233193.0,0.0,233193,233193,6.01605e+06,0.0,6016050,6016050
53,293,2,2,64,96,32,32,32.0,0.0,48,48,48.0,0.0,546075.06,13651.877,97.666664,85.16063,196,48,49,49.0,0.0,49,49,48,48.0,0.0,48,48,0,0,0,0,80,80,6825.9385,6825.9385,32,48,38.4,8.763561,76.8,0,0,0,0,0,0,0,0,1,48.0,32.0,48.0,80,0,0,0,0,0,0,2,64,2,96,-1,-1,1,40,0.0,0.0,0,0,0.0,0.0,0,0
53,202,2,2,76,396,38,38,38.0,0.0,198,198,198.0,0.0,2.3366338e+06,19801.98,67.333336,111.428604,196,3,3,3.0,0.0,3,3,3,3.0,0.0,3,3,0,0,0,0,64,64,9900.99,9900.99,38,198,102.0,87.63561,7680.0,0,0,0,0,0,0,0,0,1,127.5,38.0,198.0,64,0,0,0,0,0,0,2,76,2,396,-1,-1,1,32,0.0,0.0,0,0,0.0,0.0,0,0
443,11132,1,1,0,356,0,0,0.0,0.0,356,356,356.0,0.0,31979.877,179.66223,11132.0,0.0,11132,11132,0,0.0,0.0,0,0,0,0.0,0.0,0,0,0,0,0,0,32,32,89.831116,89.831116,0,356,118.666664,205.5367,42245.332,0,0,0,0,1,0,0,0,1,178.0,0.0,356.0,32,0,0,0,0,0,0,1,0,1,356,319,64,0,32,0.0,0.0,0,0,0.0,0.0,0,0
443,29853891,10,11,1854,5618,1253,0,185.4,393.4444,2920,0,510.72726,948.9884,250.28563,0.7034259,1.4926945e+06,3.5937755e+06,10001020,79,20240636,2.2489595e+06,4.37423e+06,10027658,747,29826942,2.9826942e+06,4.7724465e+06,10074207,206,0,0,0,0,212,228,0.33496472,0.3684612,0,2920,339.63635,726.18414,527343.4,0,0,0,1,0,0,0,0,1,355.8095,185.4,510.72726,212,0,0,0,0,0,0,10,1854,11,5618,8192,6198,9,20,122230.336,165465.14,313293,26638,9.829067e+06,216097.1,10001020,9586495
53,61019,4,2,148,270,37,37,37.0,0.0,135,135,135.0,0.0,6850.325,98.330025,12203.8,16705.266,30513,4,30521,10173.667,17614.379,30513,4,4,4.0,0.0,4,4,0,0,0,0,104,64,65.55335,32.776676,37,135,65.0,47.819103,2286.6667,0,0,0,0,0,0,0,0,0,75.833336,37.0,135.0,104,0,0,0,0,0,0,4,148,2,270,-1,-1,3,20,0.0,0.0,0,0,0.0,0.0,0,0
7008,3,2,0,31,0,31,0,15.5,21.920311,0,0,0.0,0.0,1.03e+07,666666.7,3.0,0.0,3,3,3,3.0,0.0,3,3,0,0.0,0.0,0,0,1,0,0,0,40,0,666666.7,0.0,0,31,20.666666,17.897858,320.33334,0,1,0,0,1,0,0,0,0,31.0,15.5,0.0,40,0,0,0,0,0,0,2,31,0,0,110,-1,0,20,0.0,0.0,0,0,0.0,0.0,0,0
53,95654,2,2,82,340,41,41,41.0,0.0,170,170,170.0,0.0,4411.734,41.817383,31884.666,55219.8,95647,3,3,3.0,0.0,3,3,4,4.0,0.0,4,4,0,0,0,0,40,80,20.908691,20.908691,41,170,92.6,70.65621,4992.3,0,0,0,0,0,0,0,0,1,115.75,41.0,170.0,40,0,0,0,0,0,0,2,82,2,340,-1,-1,1,20,0.0,0.0,0,0,0.0,0.0,0,0
80,5210203,3,1,0,0,0,0,0.0,0.0,0,0,0.0,0.0,0.0,0.7677244,1.7367344e+06,2.976574e+06,5173722,70,5210203,2.6051015e+06,3.632578e+06,5173722,36481,0,0.0,0.0,0,0,0,0,0,0,104,40,0.5757933,0.1919311,0,0,0.0,0.0,0.0,0,0,0,1,0,0,0,0,0,0.0,0.0,0.0,104,0,0,0,0,0,0,3,0,1,0,29200,42408,0,32,0.0,0.0,0,0,0.0,0.0,0,0
53,96534,1,1,62,189,62,62,62.0,0.0,189,189,189.0,0.0,2600.12,20.718088,96534.0,0.0,96534,96534,0,0.0,0.0,0,0,0,0.0,0.0,0,0,0,0,0,0,32,32,10.359044,10.359044,62,189,104.333336,73.32349,5376.3335,0,0,0,0,0,0,0,0,1,156.5,62.0,189.0,32,0,0,0,0,0,0,1,62,1,189,-1,-1,0,32,0.0,0.0,0,0,0.0,0.0,0,0
21,9277049,9,15,93,188,19,0,10.333333,7.905694,34,0,12.533334,14.54975,30.289804,2.5870295,403349.97,1.0529256e+06,3375544,3,6576159,822019.9,1.5220782e+06,3418173,4,9276977,662641.2,1.3004465e+06,3375544,3,0,0,0,0,296,488,0.9701361,1.6168935,0,34,11.24,12.285764,150.94,0,0,0,1,0,0,0,0,1,11.708333,10.333333,12.533334,296,0,0,0,0,0,0,9,93,15,188,29200,227,6,32,0.0,0.0,0,0,0.0,0.0,0,0
443,5271522,8,6,593,2800,342,0,74.125,128.18562,1460,0,466.66666,671.1607,643.64716,2.6557796,405501.7,1.3892582e+06,5027549,4,5271522,753074.56,1.8858338e+06,5027549,48,209111,41822.2,54890.46,134788,195,0,0,0,0,184,132,1.5175883,1.1381912,0,1460,226.2,459.06973,210745.03,0,0,0,1,0,0,0,0,0,242.35715,74.125,466.66666,184,0,0,0,0,0,0,8,593,6,2800,8192,8738,3,20,243925.0,0.0,243925,243925,5.027549e+06,0.0,5027549,5027549
443,5092189,5,1,123,46,46,0,24.6,23.276598,46,46,46.0,0.0,33.188084,1.1782752,1.0184378e+06,2.2093292e+06,4970147,4,5092189,1.2730472e+06,2.4649565e+06,4970147,4,0,0.0,0.0,0,0,1,0,0,0,160,32,0.981896,0.1963792,0,46,30.714285,21.684975,470.2381,0,1,0,0,1,0,0,0,0,35.833332,24.6,46.0,160,0,0,0,0,0,0,5,123,1,46,1877,26,2,32,0.0,0.0,0,0,0.0,0.0,0,0
32781,31,1,1,2,6,2,2,2.0,0.0,6,6,6.0,0.0,258064.52,64516.13,31.0,0.0,31,31,0,0.0,0.0,0,0,0,0.0,0.0,0,0,0,0,0,0,24,20,32258.064,32258.064,2,6,3.3333333,2.309401,5.3333335,0,0,0,1,0,0,0,0,1,5.0,2.0,6.0,24,0,0,0,0,0,0,1,2,1,6,1024,0,0,24,0.0,0.0,0,0,0.0,0.0,0,0
53,100897,1,1,43,113,43,43,43.0,0.0,113,113,113.0,0.0,1546.1312,19.822195,100897.0,0.0,100897,100897,0,0.0,0.0,0,0,0,0.0,0.0,0,0,0,0,0,0,32,20,9.911098,9.911098,43,113,66.333336,40.41452,1633.3334,0,0,0,0,0,0,0,0,1,99.5,43.0,113.0,32,0,0,0,0,0,0,1,43,1,113,-1,-1,0,32,0.0,0.0,0,0,0.0,0.0,0,0
64416,59,1,1,0,0,0,0,0.0,0.0,0,0,0.0,0.0,0.0,33898.305,59.0,0.0,59,59,0,0.0,0.0,0,0,0,0.0,0.0,0,0,0,0,0,0,32,32,16949.152,16949.152,0,0,0.0,0.0,0.0,0,0,0,0,1,1,0,0,1,0.0,0.0,0.0,32,0,0,0,0,0,0,1,0,1,0,126,33304,0,32,0.0,0.0,0,0,0.0,0.0,0,0
53185,201,1,1,0,0,0,0,0.0,0.0,0,0,0.0,0.0,0.0,9950.249,201.0,0.0,201,201,0,0.0,0.0,0,0,0,0.0,0.0,0,0,0,0,0,0,32,32,4975.1245,4975.1245,0,0,0.0,0.0,0.0,0,0,0,0,1,0,0,0,1,0.0,0.0,0.0,32,0,0,0,0,0,0,1,0,1,0,122,33304,0,32,0.0,0.0,0,0,0.0,0.0,0,0
35523,7623047,1,5,6,30,6,6,6.0,0.0,6,6,6.0,0.0,4.722521,0.78708684,1.5246094e+06,3.3867535e+06,7582994,1,0,0.0,0.0,0,0,7604941,1.9012352e+06,3.7878515e+06,7582994,1,0,0,0,0,20,100,0.13118114,0.6559057,6,6,6.0,0.0,0.0,0,0,0,0,1,1,0,0,5,7.0,6.0,6.0,20,0,0,0,0,0,0,1,6,5,30,229,0,0,20,40053.0,0.0,40053,40053,7.582994e+06,0.0,7582994,7582994
53,61084,2,2,60,344,30,30,30.0,0.0,172,172,172.0,0.0,6613.8433,65.4836,20361.334,35253.875,61069,3,12,12.0,0.0,12,12,3,3.0,0.0,3,3,0,0,0,0,64,40,32.7418,32.7418,30,172,86.8,77.7766,6049.2,0,0,0,0,0,0,0,0,1,108.5,30.0,172.0,64,0,0,0,0,0,0,2,60,2,344,-1,-1,1,32,0.0,0.0,0,0,0.0,0.0,0,0
443,118582812,15,12,1432,4501,944,0,95.46667,242.05957,1398,0,375.08334,541.55023,50.032547,0.22768898,4.5608775e+06,1.6e+07,58900000,3,119000000,8.470201e+06,2.13e+07,58900000,51,119000000,1.08e+07,2.38e+07,59000000,3,0,0,0,0,488,392,0.12649389,0.101195104,0,1398,211.89285,413.3934,170894.1,0,0,0,1,0,0,0,0,0,219.74074,95.46667,375.08334,488,0,0,0,0,0,0,15,1432,12,4501,29200,125,6,32,398786.5,477012.12,736085,61488,5.89e+07,111681.15,58900000,58800000
443,77619028,11,11,2239,3336,853,0,203.54546,322.77,1469,0,303.27274,563.7448,71.82517,0.28343564,3.6961442e+06,1.1257946e+07,44954048,90,77619028,7.761903e+06,1.5710523e+07,44954048,136,49620282,4.962028e+06,1.4149809e+07,45037400,221,0,0,0,0,232,228,0.14171782,0.14171782,0,1469,242.39131,443.9498,197091.44,0,0,0,1,0,0,0,0,1,253.40909,203.54546,303.27274,232,0,0,0,0,0,0,11,2239,11,3336,8192,6403,10,20,4.666185e+06,0.0,4666185,4666185,4.495405e+07,0.0,44954048,44954048
55728,3,2,0,37,0,37,0,18.5,26.16295,0,0,0.0,0.0,1.2333333e+07,666666.7,3.0,0.0,3,3,3,3.0,0.0,3,3,0,0.0,0.0,0,0,1,0,0,0,64,0,666666.7,0.0,0,37,24.666666,21.36196,456.33334,0,1,0,0,1,0,0,0,0,37.0,18.5,0.0,64,0,0,0,0,0,0,2,37,0,0,116,-1,0,32,0.0,0.0,0,0,0.0,0.0,0,0
53,33381,4,4,160,224,40,40,40.0,0.0,56,56,56.0,0.0,11503.55,239.65729,4768.7144,12451.537,33006,1,33210,11070.0,19130.516,33160,1,33227,11075.667,19098.746,33129,49,0,0,0,0,104,104,119.82864,119.82864,40,56,47.11111,8.43274,71.111115,0,0,0,0,0,0,0,0,1,53.0,40.0,56.0,104,0,0,0,0,0,0,4,160,4,224,-1,-1,3,20,0.0,0.0,0,0,0.0,0.0,0,0
53,61419,1,1,45,90,45,45,45.0,0.0,90,90,90.0,0.0,2198.0168,32.563213,61419.0,0.0,61419,61419,0,0.0,0.0,0,0,0,0.0,0.0,0,0,0,0,0,0,20,32,16.281607,16.281607,45,90,60.0,25.980762,675.0,0,0,0,0,0,0,0,0,1,90.0,45.0,90.0,20,0,0,0,0,0,0,1,45,1,90,-1,-1,0,20,0.0,0.0,0,0,0.0,0.0,0,0
443,5106064,7,7,352,5200,202,0,50.285713,80.75005,1955,2,742.8571,844.9867,1087.3346,2.741838,392774.16,1.369101e+06,4949029,4,157031,26171.834,32149.982,83659,220,5073468,845578.0,2.0349048e+06,4999146,4,0,0,0,0,152,144,1.370919,1.370919,0,1955,370.13333,662.7171,439193.97,0,0,0,1,0,0,0,0,1,396.57144,50.285713,742.8571,152,0,0,0,0,0,0,7,352,7,5200,8192,30016,6,20,0.0,0.0,0,0,0.0,0.0,0,0
80,60211746,9,9,602,448,597,0,66.888885,198.79225,448,0,49.77778,149.33333,17.438457,0.29894498,3.5418675e+06,4.8740735e+06,10100000,128,50300000,6.292172e+06,5.1305145e+06,10100000,204,60200000,7.520091e+06,4.626098e+06,10100000,961,0,0,0,0,192,252,0.14947249,0.14947249,0,597,55.263157,166.51521,27727.316,0,0,0,1,0,0,0,0,1,58.333332,66.888885,49.77778,192,0,0,0,0,0,0,9,602,9,448,8192,110,6,20,99883.8,108715.8,294359,50918,9.967591e+06,105958.5,10100000,9800592
15370,3,2,0,37,0,31,6,18.5,17.67767,0,0,0.0,0.0,1.23e+07,666666.7,3.0,0.0,3,3,3,3.0,0.0,3,3,0,0.0,0.0,0,0,1,0,0,0,40,0,666666.7,0.0,6,31,22.666666,14.433757,208.33333,0,1,0,0,1,0,0,0,0,34.0,18.5,0.0,40,0,0,0,0,0,0,2,37,0,0,110,-1,1,20,0.0,0.0,0,0,0.0,0.0,0,0
443,438,2,0,0,0,0,0,0.0,0.0,0,0,0.0,0.0,0.0,4566.21,438.0,0.0,438,438,438,438.0,0.0,438,438,0,0.0,0.0,0,0,0,0,0,0,64,0,4566.21,0.0,0,0,0.0,0.0,0.0,0,0,0,0,1,0,0,0,0,0.0,0.0,0.0,64,0,0,0,0,0,0,2,0,0,0,245,-1,0,32,0.0,0.0,0,0,0.0,0.0,0,0
53,61569,2,2,60,264,30,30,30.0,0.0,132,132,132.0,0.0,5262.3887,64.96776,20523.0,35384.188,61381,1,1,1.0,0.0,1,1,187,187.0,0.0,187,187,0,0,0,0,64,64,32.48388,32.48388,30,132,70.8,55.867702,3121.2,0,0,0,0,0,0,0,0,1,88.5,30.0,132.0,64,0,0,0,0,0,0,2,60,2,264,-1,-1,1,32,0.0,0.0,0,0,0.0,0.0,0,0
53,1528,2,2,86,204,43,43,43.0,0.0,102,102,102.0,0.0,189790.58,2617.801,509.33334,837.47375,1476,3,49,49.0,0.0,49,49,3,3.0,0.0,3,3,0,0,0,0,40,40,1308.9005,1308.9005,43,102,66.6,32.31563,1044.3,0,0,0,0,0,0,0,0,1,83.25,43.0,102.0,40,0,0,0,0,0,0,2,86,2,204,-1,-1,1,20,0.0,0.0,0,0,0.0,0.0,0,0
443,10947387,7,5,350,3200,200,0,50.0,80.1249,1476,0,640.0,763.01636,324.2783,1.096152,995217.0,3.026233e+06,10115446,65,10947387,1.8245645e+06,4.0625902e+06,10115446,65,596448,149112.0,192495.42,407880,203,0,0,0,0,152,112,0.639422,0.45673,0,1476,273.07693,537.22845,288614.4,0,0,0,1,0,0,0,0,0,295.83334,50.0,640.0,152,0,0,0,0,0,0,7,350,5,3200,8192,31,6,20,0.0,0.0,0,0,0.0,0.0,0,0
53,210,2,2,110,452,55,55,55.0,0.0,226,226,226.0,0.0,2.6761905e+06,19047.62,70.0,115.182465,203,3,3,3.0,0.0,3,3,4,4.0,0.0,4,4,0,0,0,0,40,40,9523.81,9523.81,55,226,123.4,93.66056,8772.3,0,0,0,0,0,0,0,0,1,154.25,55.0,226.0,40,0,0,0,0,0,0,2,110,2,452,-1,-1,1,20,0.0,0.0,0,0,0.0,0.0,0,0
80,85664146,5,7,355,11595,343,0,71.0,152.08221,4344,0,1656.4286,1760.5973,139.49826,0.14008194,7.7876495e+06,2.57e+07,85400000,0,85500000,2.14e+07,4.27e+07,85400000,3,85700000,1.43e+07,3.49e+07,85400000,14,0,0,0,0,144,232,0.058367476,0.081714466,0,4344,919.6923,1497.9547,2.2438685e+06,1,0,0,0,0,0,0,0,1,996.3333,71.0,1656.4286,144,0,0,0,0,0,0,5,355,7,11595,0,235,2,20,9987.0,0.0,9987,9987,8.54e+07,0.0,85400000,85400000
53685,997037,2,0,0,0,0,0,0.0,0.0,0,0,0.0,0.0,0.0,2.0059435,997037.0,0.0,997037,997037,997037,997037.0,0.0,997037,997037,0,0.0,0.0,0,0,0,0,0,0,40,0,2.0059435,0.0,0,0,0.0,0.0,0.0,0,0,0,0,1,0,0,0,0,0.0,0.0,0.0,40,0,0,0,0,0,0,2,0,0,0,4974,-1,0,20,0.0,0.0,0,0,0.0,0.0,0,0
53,30879,4,2,224,276,56,56,56.0,0.0,138,138,138.0,0.0,16192.234,194.30681,6175.8,9410.056,21322,3,21329,7109.6665,12308.242,21322,3,49,49.0,0.0,49,49,0,0,0,0,104,40,129.53787,64.768936,56,138,79.42857,40.0119,1600.9524,0,0,0,0,0,0,0,0,0,92.666664,56.0,138.0,104,0,0,0,0,0,0,4,224,2,276,-1,-1,3,20,0.0,0.0,0,0,0.0,0.0,0,0
53,60998,4,2,120,264,30,30,30.0,0.0,132,132,132.0,0.0,6295.2886,98.363884,12199.6,16682.494,30850,3,30100,10033.333,17373.047,30094,3,48,48.0,0.0,48,48,0,0,0,0,80,64,65.57592,32.78796,30,132,59.142857,49.770905,2477.1428,0,0,0,0,0,0,0,0,0,69.0,30.0,132.0,80,0,0,0,0,0,0,4,120,2,264,-1,-1,3,20,0.0,0.0,0,0,0.0,0.0,0,0
54626,3,2,0,0,0,0,0,0.0,0.0,0,0,0.0,0.0,0.0,666666.7,3.0,0.0,3,3,3,3.0,0.0,3,3,0,0.0,0.0,0,0,0,0,0,0,64,0,666666.7,0.0,0,0,0.0,0.0,0.0,0,0,0,0,1,0,0,0,0,0.0,0.0,0.0,64,0,0,0,0,0,0,2,0,0,0,340,-1,0,32,0.0,0.0,0,0,0.0,0.0,0,0
53,24185,2,2,68,482,34,34,34.0,0.0,241,241,241.0,0.0,22741.37,165.39177,8061.6665,13956.288,24177,4,4,4.0,0.0,4,4,4,4.0,0.0,4,4,0,0,0,0,64,40,82.695885,82.695885,34,241,116.8,113.37857,12854.7,0,0,0,0,0,0,0,0,1,146.0,34.0,241.0,64,0,0,0,0,0,0,2,68,2,482,-1,-1,1,32,0.0,0.0,0,0,0.0,0.0,0,0
53,77733,4,2,104,308,26,26,26.0,0.0,154,154,154.0,0.0,5300.1943,77.187294,15546.6,22745.021,50206,2,50212,16737.334,28984.715,50206,2,4,4.0,0.0,4,4,0,0,0,0,104,40,51.4582,25.729097,26,154,62.57143,62.457603,3900.9524,0,0,0,0,0,0,0,0,0,73.0,26.0,154.0,104,0,0,0,0,0,0,4,104,2,308,-1,-1,3,20,0.0,0.0,0,0,0.0,0.0,0,0
53,131385,4,2,128,536,32,32,32.0,0.0,268,268,268.0,0.0,5053.8496,45.667313,26277.0,36105.645,69999,3,61382,20460.666,35433.72,61376,3,4,4.0,0.0,4,4,0,0,0,0,80,40,30.444876,15.222438,32,268,99.42857,115.15621,13260.952,0,0,0,0,0,0,0,0,0,116.0,32.0,268.0,80,0,0,0,0,0,0,4,128,2,536,-1,-1,3,20,0.0,0.0,0,0,0.0,0.0,0,0
80,115127259,17,15,350,760,350,0,20.588236,84.88747,740,0,50.666668,190.76787,9.641504,0.2779533,3.7137825e+06,4.8140635e+06,10027219,3,115127259,7.1954535e+06,4.488032e+06,10063911,3,110582314,7.8987365e+06,4.271109e+06,10064148,3,0,0,0,0,552,488,0.14766268,0.1302906,0,740,33.636364,140.66402,19786.363,0,0,0,1,0,0,0,0,0,34.6875,20.588236,50.666668,552,0,0,0,0,0,0,17,350,15,760,29200,340,1,32,41701.0,16057.869,90116,36692,1.0011236e+07,6748.5596,10027219,9997112
57899,4796,2,1,280,6,274,6,140.0,189.50462,6,6,6.0,0.0,59633.027,625.52124,2398.0,3313.5024,4741,55,4796,4796.0,0.0,4796,4796,0,0.0,0.0,0,0,1,0,0,0,40,20,417.0142,208.5071,6,274,140.0,154.72987,23941.334,0,1,0,0,1,0,0,0,0,186.66667,140.0,6.0,40,0,0,0,0,0,0,2,280,1,6,60,0,1,20,0.0,0.0,0,0,0.0,0.0,0,0
443,170762,10,6,929,943,677,0,92.9,210.96996,805,0,157.16667,322.13687,10962.626,93.69766,11384.134,16459.26,40644,3,170762,18973.555,29973.88,87842,3,127096,25419.2,18344.463,40644,363,0,0,0,0,332,200,58.56104,35.136623,0,805,110.117645,243.38855,59237.984,0,0,0,1,0,0,0,0,0,117.0,92.9,157.16667,332,0,0,0,0,0,0,10,929,6,943,65535,351,5,32,0.0,0.0,0,0,0.0,0.0,0,0
53,359,2,2,86,204,43,43,43.0,0.0,102,102,102.0,0.0,807799.44,11142.062,119.666664,201.20718,352,3,3,3.0,0.0,3,3,4,4.0,0.0,4,4,0,0,0,0,64,64,5571.031,5571.031,43,102,66.6,32.31563,1044.3,0,0,0,0,0,0,0,0,1,83.25,43.0,102.0,64,0,0,0,0,0,0,2,86,2,204,-1,-1,1,32,0.0,0.0,0,0,0.0,0.0,0,0
443,62435526,16,13,2155,4797,921,0,134.6875,311.6703,1448,0,369.0,572.59644,111.34686,0.46447915,2.2298402e+06,4.1637555e+06,10200000,27,62400000,4.1623685e+06,5.042216e+06,10200000,127,62400000,5.1959075e+06,5.1603905e+06,10200000,48,0,0,0,0,520,424,0.25626436,0.20821479,0,1448,231.73334,448.78418,201407.23,0,0,0,1,0,0,0,0,0,239.72414,134.6875,369.0,520,0,0,0,0,0,0,16,2155,13,4797,29200,89,4,32,360726.84,676957.25,1742560,84189,1e+07,143493.23,10200000,9796544
53,244,2,2,46,46,23,23,23.0,0.0,23,23,23.0,0.0,377049.2,16393.443,81.333336,135.6773,238,3,3,3.0,0.0,3,3,3,3.0,0.0,3,3,0,0,0,0,64,64,8196.722,8196.722,23,23,23.0,0.0,0.0,0,0,0,0,0,0,0,0,1,28.75,23.0,23.0,64,0,0,0,0,0,0,2,46,2,46,-1,-1,1,32,0.0,0.0,0,0,0.0,0.0,0,0
53,24561,1,1,94,222,94,94,94.0,0.0,222,222,222.0,0.0,12865.926,81.42991,24561.0,0.0,24561,24561,0,0.0,0.0,0,0,0,0.0,0.0,0,0,0,0,0,0,40,40,40.714954,40.714954,94,222,136.66667,73.90083,5461.3335,0,0,0,0,0,0,0,0,1,205.0,94.0,222.0,40,0,0,0,0,0,0,1,94,1,222,-1,-1,0,40,0.0,0.0,0,0,0.0,0.0,0,0
53,60547,1,1,45,136,45,45,45.0,0.0,136,136,136.0,0.0,2989.413,33.03219,60547.0,0.0,60547,60547,0,0.0,0.0,0,0,0,0.0,0.0,0,0,0,0,0,0,32,32,16.516094,16.516094,45,136,75.333336,52.538876,2760.3333,0,0,0,0,0,0,0,0,1,113.0,45.0,136.0,32,0,0,0,0,0,0,1,45,1,136,-1,-1,0,32,0.0,0.0,0,0,0.0,0.0,0,0
80,116790300,19,16,1389,2244,433,0,73.10526,160.1152,746,0,140.25,300.53986,31.107035,0.2996824,3.4350088e+06,4.664776e+06,9996099,31,116790300,6.48835e+06,4.660374e+06,10032863,9434,111984206,7.4656135e+06,4.416204e+06,10033389,21353,0,0,0,0,392,464,0.16268474,0.13699768,0,746,100.916664,230.89644,53313.164,0,0,0,1,0,0,0,0,0,103.8,73.10526,140.25,392,0,0,0,0,0,0,19,1389,16,2244,8192,360,18,20,203853.45,554281.5,1875075,36524,9.976552e+06,58373.02,9996099,9800567
65000,95,2,2,4,12,2,2,2.0,0.0,6,6,6.0,0.0,168421.05,42105.26,31.666666,49.652122,89,3,3,3.0,0.0,3,3,3,3.0,0.0,3,3,0,0,0,0,48,40,21052.63,21052.63,2,6,3.6,2.1908903,4.8,0,0,0,1,0,0,0,0,1,4.5,2.0,6.0,48,0,0,0,0,0,0,2,4,2,12,1024,0,1,24,0.0,0.0,0,0,0.0,0.0,0,0
57862,19767,2,1,280,6,274,6,140.0,189.50462,6,6,6.0,0.0,14468.559,151.7681,9883.5,13881.213,19699,68,19767,19767.0,0.0,19767,19767,0,0.0,0.0,0,0,1,0,0,0,40,20,101.178734,50.589367,6,274,140.0,154.72987,23941.334,0,1,0,0,1,0,0,0,0,186.66667,140.0,6.0,40,0,0,0,0,0,0,2,280,1,6,60,0,1,20,0.0,0.0,0,0,0.0,0.0,0,0
443,117754897,36,56,1056,64620,257,0,29.333334,58.816906,1430,0,1153.9286,542.3724,557.73474,0.78128386,1.2940099e+06,8.630553e+06,58900000,-1,118000000,3.3644258e+06,1.38e+07,58900000,17,118000000,2.1392445e+06,1.11e+07,59000000,2,0,0,0,0,732,1132,0.30571976,0.4755641,0,1430,706.19354,695.6244,483893.28,0,0,0,1,0,0,0,0,1,713.86957,29.333334,1153.9286,732,0,0,0,0,0,0,36,1056,56,64620,8192,360,35,20,280668.5,274568.84,474818,86519,5.85e+07,536008.1,58900000,58200000
53,31153,4,4,140,204,35,35,35.0,0.0,51,51,51.0,0.0,11042.275,256.7971,4450.4287,11650.482,30871,3,31011,10337.0,17899.014,31005,3,279,93.0,117.35843,226,4,0,0,0,0,80,80,128.39854,128.39854,35,51,42.11111,8.43274,71.111115,0,0,0,0,0,0,0,0,1,47.375,35.0,51.0,80,0,0,0,0,0,0,4,140,4,204,-1,-1,3,20,0.0,0.0,0,0,0.0,0.0,0,0
51677,37,1,1,0,0,0,0,0.0,0.0,0,0,0.0,0.0,0.0,54054.055,37.0,0.0,37,37,0,0.0,0.0,0,0,0,0.0,0.0,0,0,0,0,0,0,32,32,27027.027,27027.027,0,0,0.0,0.0,0.0,0,0,0,0,1,1,0,0,1,0.0,0.0,0.0,32,0,0,0,0,0,0,1,0,1,0,148,322,0,32,0.0,0.0,0,0,0.0,0.0,0,0
50568,57,1,1,0,0,0,0,0.0,0.0,0,0,0.0,0.0,0.0,35087.72,57.0,0.0,57,57,0,0.0,0.0,0,0,0,0.0,0.0,0,0,0,0,0,0,32,32,17543.86,17543.86,0,0,0.0,0.0,0.0,0,0,0,0,1,1,0,0,1,0.0,0.0,0.0,32,0,0,0,0,0,0,1,0,1,0,202,410,0,32,0.0,0.0,0,0,0.0,0.0,0,0
53,24105,1,1,95,223,95,95,95.0,0.0,223,223,223.0,0.0,13192.284,82.97034,24105.0,0.0,24105,24105,0,0.0,0.0,0,0,0,0.0,0.0,0,0,0,0,0,0,32,20,41.48517,41.48517,95,223,137.66667,73.90083,5461.3335,0,0,0,0,0,0,0,0,1,206.5,95.0,223.0,32,0,0,0,0,0,0,1,95,1,223,-1,-1,0,32,0.0,0.0,0,0,0.0,0.0,0,0
53,61029,2,2,84,284,42,42,42.0,0.0,142,142,142.0,0.0,6029.9204,65.54261,20343.0,35151.105,60932,47,47,47.0,0.0,47,47,50,50.0,0.0,50,50,0,0,0,0,64,64,32.771305,32.771305,42,142,82.0,54.772255,3000.0,0,0,0,0,0,0,0,0,1,102.5,42.0,142.0,64,0,0,0,0,0,0,2,84,2,284,-1,-1,1,32,0.0,0.0,0,0,0.0,0.0,0,0
443,72046334,11,8,4148,4568,1541,0,377.0909,503.72205,2920,0,571.0,991.3601,120.9777,0.26371917,4.002574e+06,1.6853042e+07,71531484,45,72046334,7.2046335e+06,2.260225e+07,71531484,223,438343,62620.43,49332.223,162566,200,0,0,0,0,232,172,0.15267952,0.11103965,0,2920,435.8,717.8547,515315.3,0,0,0,1,0,0,0,0,0,458.73685,377.0909,571.0,232,0,0,0,0,0,0,11,4148,8,4568,8192,513,10,20,0.0,0.0,0,0,0.0,0.0,0,0
53,189,2,2,72,104,36,36,36.0,0.0,52,52,52.0,0.0,931216.94,21164.021,63.0,67.75692,137,4,4,4.0,0.0,4,4,48,48.0,0.0,48,48,0,0,0,0,80,80,10582.011,10582.011,36,52,42.4,8.763561,76.8,0,0,0,0,0,0,0,0,1,53.0,36.0,52.0,80,0,0,0,0,0,0,2,72,2,104,-1,-1,1,40,0.0,0.0,0,0,0.0,0.0,0,0
10354,56,1,1,6,6,6,6,6.0,0.0,6,6,6.0,0.0,214285.72,35714.285,56.0,0.0,56,56,0,0.0,0.0,0,0,0,0.0,0.0,0,0,0,0,0,0,20,20,17857.143,17857.143,6,6,6.0,0.0,0.0,0,0,0,0,1,1,0,0,1,9.0,6.0,6.0,20,0,0,0,0,0,0,1,6,1,6,290,16425,0,20,0.0,0.0,0,0,0.0,0.0,0,0
53,90531,1,1,49,101,49,49,49.0,0.0,101,101,101.0,0.0,1656.891,22.09188,90531.0,0.0,90531,90531,0,0.0,0.0,0,0,0,0.0,0.0,0,0,0,0,0,0,32,32,11.04594,11.04594,49,101,66.333336,30.022215,901.3333,0,0,0,0,0,0,0,0,1,99.5,49.0,101.0,32,0,0,0,0,0,0,1,49,1,101,-1,-1,0,32,0.0,0.0,0,0,0.0,0.0,0,0
443,5576295,7,4,617,164,517,0,88.14286,189.98897,152,0,41.0,74.05403,140.05716,1.972636,557629.5,1.728532e+06,5476824,4,5576295,929382.5,2.2569532e+06,5536327,4,79942,26647.334,30377.625,59857,263,0,0,0,0,160,92,1.2553138,0.7173222,0,517,65.083336,148.72333,22118.629,0,0,0,1,0,0,0,0,0,71.0,88.14286,41.0,160,0,0,0,0,0,0,7,617,4,164,29200,30,6,20,99467.0,0.0,99467,99467,5.476824e+06,0.0,5476824,5476824
53,38389,2,2,68,100,34,34,34.0,0.0,50,50,50.0,0.0,4376.2534,104.19652,12796.333,22157.838,38382,3,4,4.0,0.0,4,4,3,3.0,0.0,3,3,0,0,0,0,40,64,52.09826,52.09826,34,50,40.4,8.763561,76.8,0,0,0,0,0,0,0,0,1,50.5,34.0,50.0,40,0,0,0,0,0,0,2,68,2,100,-1,-1,1,20,0.0,0.0,0,0,0.0,0.0,0,0
53,30704,2,2,66,150,33,33,33.0,0.0,75,75,75.0,0.0,7034.914,130.27618,10234.667,17723.498,30700,1,3,3.0,0.0,3,3,1,1.0,0.0,1,1,0,0,0,0,64,40,65.13809,65.13809,33,75,49.8,23.004347,529.2,0,0,0,0,0,0,0,0,1,62.25,33.0,75.0,64,0,0,0,0,0,0,2,66,2,150,-1,-1,1,32,0.0,0.0,0,0,0.0,0.0,0,0
53,229,2,2,88,164,44,44,44.0,0.0,82,82,82.0,0.0,1.1004366e+06,17467.248,76.333336,127.01706,223,3,3,3.0,0.0,3,3,3,3.0,0.0,3,3,0,0,0,0,40,40,8733.624,8733.624,44,82,59.2,20.813457,433.2,0,0,0,0,0,0,0,0,1,74.0,44.0,82.0,40,0,0,0,0,0,0,2,88,2,164,-1,-1,1,20,0.0,0.0,0,0,0.0,0.0,0,0
443,377719,24,33,740,43138,485,0,30.833334,102.55504,2722,0,1307.2122,812.378,116165.72,150.90584,6744.982,39597.996,295903,2,377719,16422.564,61389.344,295903,4,52483,1640.0938,4983.519,20433,2,0,0,0,0,780,1064,63.5393,87.36653,0,2722,756.5172,884.3615,782095.25,0,0,0,1,0,0,0,0,1,769.7895,30.833334,1307.2122,780,0,0,0,0,0,0,24,740,33,43138,65535,31,5,32,0.0,0.0,0,0,0.0,0.0,0,0
443,10081291,13,20,691,18870,366,0,53.153847,112.8065,2920,0,943.5,883.47906,1940.3269,3.2733903,315040.34,1.7671354e+06,9999027,2,82218,6851.5,9418.43,23898,93,10100000,529550.9,2.2931525e+06,9999027,2,0,0,0,0,272,412,1.2895174,1.9838729,0,2920,575.32355,808.46924,653622.5,0,0,0,1,0,0,0,0,1,592.75757,53.153847,943.5,272,0,0,0,0,0,0,13,691,20,18870,8192,31,3,20,82260.0,0.0,82260,82260,9.999027e+06,0.0,9999027,9999027
57102,53,1,1,0,0,0,0,0.0,0.0,0,0,0.0,0.0,0.0,37735.848,53.0,0.0,53,53,0,0.0,0.0,0,0,0,0.0,0.0,0,0,0,0,0,0,32,32,18867.924,18867.924,0,0,0.0,0.0,0.0,0,0,0,0,1,1,0,0,1,0.0,0.0,0.0,32,0,0,0,0,0,0,1,0,1,0,349,252,0,32,0.0,0.0,0,0,0.0,0.0,0,0
80,115608254,16,14,438,746,427,0,27.375,106.56758,746,0,53.285713,199.37689,10.241484,0.25949705,3.9864915e+06,4.871515e+06,10000000,9,116000000,7.707217e+06,4.1577438e+06,10100000,173,110000000,8.498414e+06,3.7590025e+06,10100000,20537,0,0,0,0,332,424,0.13839842,0.12109862,0,746,38.19355,152.05644,23121.162,0,0,0,1,0,0,0,0,0,39.466667,27.375,53.285713,332,0,0,0,0,0,0,16,438,14,746,8192,343,12,20,46310.0,32602.766,144611,36434,9.99729e+06,16852.86,10000000,9949562
80,116575758,23,20,2160,9815,432,0,93.91304,182.19218,1963,0,490.75,776.8782,102.7229,0.36885884,2.7756132e+06,4.414316e+06,10000000,28,117000000,5.297217e+06,4.940482e+06,10000000,74,117000000,6.1336165e+06,4.809338e+06,10000000,176,0,0,0,0,744,648,0.19729659,0.17156225,0,1963,272.1591,569.7405,324604.2,0,0,0,1,0,0,0,0,0,278.48837,93.91304,490.75,744,0,0,0,0,0,0,23,2160,20,9815,29200,1073,5,32,583758.75,1.813444e+06,6051498,36786,1e+07,1156.2736,10000000,10000000
80,110105830,16,15,662,780,292,0,41.375,97.84537,384,0,52.0,134.8078,13.096491,0.2815473,3.6701942e+06,4.864044e+06,10005971,134,110067684,7.3378455e+06,4.5467405e+06,10044237,328,110067048,7.861932e+06,4.2551445e+06,10055537,429,0,0,0,0,332,432,0.14531474,0.13623257,0,384,45.0625,113.73425,12935.4795,0,0,0,1,0,0,0,0,0,46.51613,41.375,52.0,332,0,0,0,0,0,0,16,662,15,780,8192,980,15,20,51603.637,30847.201,130299,38112,9.954549e+06,130463.96,10005971,9565463
443,87981,6,11,3729,3845,3413,0,621.5,1370.3381,1460,2,349.54544,583.4899,86086.766,193.22354,5498.8125,11233.8125,28312,1,57676,11535.2,15496.222,28647,153,59669,5966.9,11861.082,28479,1,0,0,0,0,132,224,68.19654,125.02699,0,3413,420.77777,883.45386,780490.75,0,0,0,1,0,0,0,0,1,445.52942,621.5,349.54544,132,0,0,0,0,0,0,6,3729,11,3845,8192,65535,5,20,0.0,0.0,0,0,0.0,0.0,0,0
53,1209,2,2,74,176,37,37,37.0,0.0,88,88,88.0,0.0,206782.47,3308.5195,403.0,598.49896,1094,48,48,48.0,0.0,48,48,67,67.0,0.0,67,67,0,0,0,0,64,64,1654.2598,1654.2598,37,88,57.4,27.933851,780.3,0,0,0,0,0,0,0,0,1,71.75,37.0,88.0,64,0,0,0,0,0,0,2,74,2,176,-1,-1,1,32,0.0,0.0,0,0,0.0,0.0,0,0
443,271,2,0,12,0,6,6,6.0,0.0,0,0,0.0,0.0,44280.44,7380.0737,271.0,0.0,271,271,271,271.0,0.0,271,271,0,0.0,0.0,0,0,0,0,0,0,40,0,7380.0737,0.0,6,6,6.0,0.0,0.0,0,0,0,0,1,0,0,0,0,9.0,6.0,0.0,40,0,0,0,0,0,0,2,12,0,0,372,-1,1,20,0.0,0.0,0,0,0.0,0.0,0,0
443,19489533,8,9,742,3755,401,0,92.75,143.66702,1780,0,417.22223,693.3458,230.73924,0.8722631,1.2180959e+06,3.2125052e+06,10000000,60,10500000,1.498238e+06,3.7506952e+06,10000000,386,19300000,2.417893e+06,4.3865995e+06,10100000,185,0,0,0,0,172,204,0.41047674,0.46178633,0,1780,249.83333,514.62714,264841.1,0,0,0,1,0,0,0,0,1,264.52942,92.75,417.22223,172,0,0,0,0,0,0,8,742,9,3755,8192,62,7,20,315840.5,239318.17,485064,146617,9.428806e+06,811469.4,10000000,8855011
53,103126501,3,3,169,524,75,44,56.333332,16.441816,258,111,174.66667,75.447556,6.719902,0.058180973,2.06253e+07,2.8180642e+07,52479552,30709,103095792,5.1547896e+07,1.4454082e+06,52569954,50525838,103093197,5.15466e+07,1.3628246e+06,52510261,50582936,0,0,0,0,96,72,0.029090486,0.029090486,44,258,106.14286,78.10981,6101.143,0,0,0,0,0,0,0,0,1,123.833336,56.333332,174.66667,96,0,0,0,0,0,0,3,169,3,524,-1,-1,2,20,61853.0,40374.383,90402,33304,5.1486044e+07,1.4050339e+06,52479552,50492534
53,162,2,2,74,154,37,37,37.0,0.0,77,77,77.0,0.0,1.4074074e+06,24691.357,54.0,54.249424,111,3,3,3.0,0.0,3,3,48,48.0,0.0,48,48,0,0,0,0,40,40,12345.679,12345.679,37,77,53.0,21.908903,480.0,0,0,0,0,0,0,0,0,1,66.25,37.0,77.0,40,0,0,0,0,0,0,2,74,2,154,-1,-1,1,20,0.0,0.0,0,0,0.0,0.0,0,0
53,241,2,2,108,330,54,54,54.0,0.0,165,165,165.0,0.0,1.8174274e+06,16597.51,80.333336,95.918365,188,4,49,49.0,0.0,49,49,4,4.0,0.0,4,4,0,0,0,0,64,64,8298.755,8298.755,54,165,98.4,60.797203,3696.3,0,0,0,0,0,0,0,0,1,123.0,54.0,165.0,64,0,0,0,0,0,0,2,108,2,330,-1,-1,1,32,0.0,0.0,0,0,0.0,0.0,0,0
443,116323165,23,22,1165,5816,395,0,50.652172,119.348465,1448,0,264.36365,482.24808,60.01384,0.3868533,2.6437082e+06,4.381628e+06,10000000,4,116000000,5.2874165e+06,4.995558e+06,10000000,4,111000000,5.2761675e+06,5.125005e+06,10000000,48,0,0,0,0,744,712,0.19772501,0.18912828,0,1448,151.76086,356.9719,127428.945,0,0,0,1,0,0,0,0,0,155.13333,50.652172,264.36365,744,0,0,0,0,0,0,23,1165,22,5816,29200,1039,5,32,57181.332,99264.4,372388,28347,9.636415e+06,1.3042764e+06,10000000,5495138
53,30978,2,2,60,288,30,30,30.0,0.0,144,144,144.0,0.0,11233.779,129.1239,10326.0,17716.53,30783,4,4,4.0,0.0,4,4,191,191.0,0.0,191,191,0,0,0,0,64,40,64.56195,64.56195,30,144,75.6,62.440372,3898.8,0,0,0,0,0,0,0,0,1,94.5,30.0,144.0,64,0,0,0,0,0,0,2,60,2,288,-1,-1,1,32,0.0,0.0,0,0,0.0,0.0,0,0
53,258,2,2,70,262,35,35,35.0,0.0,131,131,131.0,0.0,1.2868218e+06,15503.876,86.0,65.81793,162,48,48,48.0,0.0,48,48,48,48.0,0.0,48,48,0,0,0,0,64,64,7751.938,7751.938,35,131,73.4,52.581364,2764.8,0,0,0,0,0,0,0,0,1,91.75,35.0,131.0,64,0,0,0,0,0,0,2,70,2,262,-1,-1,1,32,0.0,0.0,0,0,0.0,0.0,0,0
53,32829,2,2,88,120,44,44,44.0,0.0,60,60,60.0,0.0,6335.862,121.84349,10943.0,18910.545,32779,2,48,48.0,0.0,48,48,2,2.0,0.0,2,2,0,0,0,0,64,64,60.921745,60.921745,44,60,50.4,8.763561,76.8,0,0,0,0,0,0,0,0,1,63.0,44.0,60.0,64,0,0,0,0,0,0,2,88,2,120,-1,-1,1,32,0.0,0.0,0,0,0.0,0.0,0,0
53,48469,2,2,64,172,32,32,32.0,0.0,86,86,86.0,0.0,4869.092,82.52698,16156.333,27977.527,48462,3,3,3.0,0.0,3,3,4,4.0,0.0,4,4,0,0,0,0,64,40,41.26349,41.26349,32,86,53.6,29.577019,874.8,0,0,0,0,0,0,0,0,1,67.0,32.0,86.0,64,0,0,0,0,0,0,2,64,2,172,-1,-1,1,32,0.0,0.0,0,0,0.0,0.0,0,0
44478,41,1,1,0,0,0,0,0.0,0.0,0,0,0.0,0.0,0.0,48780.49,41.0,0.0,41,41,0,0.0,0.0,0,0,0,0.0,0.0,0,0,0,0,0,0,32,32,24390.244,24390.244,0,0,0.0,0.0,0.0,0,0,0,0,1,1,0,0,1,0.0,0.0,0.0,32,0,0,0,0,0,0,1,0,1,0,3,229,0,32,0.0,0.0,0,0,0.0,0.0,0,0
53,31297,2,2,72,328,36,36,36.0,0.0,164,164,164.0,0.0,12780.777,127.80778,10432.333,18065.867,31293,1,3,3.0,0.0,3,3,1,1.0,0.0,1,1,0,0,0,0,40,40,63.90389,63.90389,36,164,87.2,70.10849,4915.2,0,0,0,0,0,0,0,0,1,109.0,36.0,164.0,40,0,0,0,0,0,0,2,72,2,328,-1,-1,1,20,0.0,0.0,0,0,0.0,0.0,0,0
443,5501742,6,3,611,166,517,0,101.833336,204.30508,160,0,55.333332,90.69363,141.228,1.6358455,687717.75,1.9060648e+06,5404703,9,5501742,1.1003484e+06,2.441258e+06,5467377,48,81822,40911.0,35502.418,66015,15807,0,0,0,0,132,72,1.0905637,0.5452818,0,517,77.7,161.9966,26242.9,0,0,0,1,0,0,0,0,0,86.333336,101.833336,55.333332,132,0,0,0,0,0,0,6,611,3,166,8192,60,5,20,96991.0,0.0,96991,96991,5.404703e+06,0.0,5404703,5404703
443,116246697,22,20,4973,5297,4590,0,226.04546,976.0777,1418,0,264.85,521.42377,88.346596,0.3613006,2.8352852e+06,4.475794e+06,10000000,6,116000000,5.535557e+06,4.980946e+06,10100000,48,111000000,5.830777e+06,5.0812185e+06,10100000,48,0,0,0,0,712,648,0.18925269,0.1720479,0,4590,238.8372,775.3222,601124.5,0,0,0,1,0,0,0,0,0,244.5238,226.04546,264.85,712,0,0,0,0,0,0,22,4973,20,5297,29200,434,4,32,62662.582,72898.74,294147,41493,9.624558e+06,1.3240916e+06,10000000,5420023
53716,49,1,1,6,6,6,6,6.0,0.0,6,6,6.0,0.0,244897.95,40816.33,49.0,0.0,49,49,0,0.0,0.0,0,0,0,0.0,0.0,0,0,0,0,0,0,20,20,20408.164,20408.164,6,6,6.0,0.0,0.0,0,0,0,0,1,1,0,0,1,9.0,6.0,6.0,20,0,0,0,0,0,0,1,6,1,6,343,255,0,20,0.0,0.0,0,0,0.0,0.0,0,0
32856,2,2,0,0,0,0,0,0.0,0.0,0,0,0.0,0.0,0.0,1e+06,2.0,0.0,2,2,2,2.0,0.0,2,2,0,0.0,0.0,0,0,0,0,0,0,64,0,1e+06,0.0,0,0,0.0,0.0,0.0,0,0,0,0,1,0,0,0,0,0.0,0.0,0.0,64,0,0,0,0,0,0,2,0,0,0,5001,-1,0,32,0.0,0.0,0,0,0.0,0.0,0,0
39204,66,1,1,0,0,0,0,0.0,0.0,0,0,0.0,0.0,0.0,30303.031,66.0,0.0,66,66,0,0.0,0.0,0,0,0,0.0,0.0,0,0,0,0,0,0,32,32,15151.516,15151.516,0,0,0.0,0.0,0.0,0,0,0,0,1,1,0,0,1,0.0,0.0,0.0,32,0,0,0,0,0,0,1,0,1,0,5656,340,0,32,0.0,0.0,0,0,0.0,0.0,0,0
53,31892,4,2,180,312,45,45,45.0,0.0,156,156,156.0,0.0,15427.066,188.13495,6378.4,13924.049,31283,3,31289,10429.667,18059.516,31283,3,48,48.0,0.0,48,48,0,0,0,0,104,40,125.4233,62.71165,45,156,76.71429,54.162453,2933.5715,0,0,0,0,0,0,0,0,0,89.5,45.0,156.0,104,0,0,0,0,0,0,4,180,2,312,-1,-1,3,20,0.0,0.0,0,0,0.0,0.0,0,0
443,5949024,9,9,355,3009,198,0,39.444443,72.489845,1432,0,334.33334,542.1063,565.4709,3.0257063,349942.6,1.367765e+06,5656543,1,5949024,743628.0,1.9853216e+06,5656543,3,241279,30159.875,56072.598,137088,1,0,0,0,0,192,192,1.5128531,1.5128531,0,1432,177.05263,395.63443,156526.61,0,0,0,1,0,0,0,0,1,186.88889,39.444443,334.33334,192,0,0,0,0,0,0,9,355,9,3009,8192,62,3,20,292478.0,0.0,292478,292478,5.656543e+06,0.0,5656543,5656543
80,82914183,7,5,388,11595,382,0,55.42857,144.02182,5792,0,2319.0,3170.4038,144.52292,0.14472796,7.537653e+06,2.5e+07,82800000,4,82800000,1.38e+07,3.38e+07,82800000,4,148444,37111.0,65081.66,134242,86,0,0,0,0,220,168,0.08442464,0.060303316,0,5792,921.7692,2164.0056,4.6829205e+06,0,0,0,0,1,0,0,0,0,998.5833,55.42857,2319.0,220,0,0,0,0,0,0,7,388,5,11595,251,235,2,20,992.0,0.0,992,992,8.28e+07,0.0,82800000,82800000
53,735,2,2,72,246,36,36,36.0,0.0,123,123,123.0,0.0,432653.06,5442.177,245.0,381.80624,685,1,1,1.0,0.0,1,1,49,49.0,0.0,49,49,0,0,0,0,64,64,2721.0884,2721.0884,36,123,70.8,47.651863,2270.7,0,0,0,0,0,0,0,0,1,88.5,36.0,123.0,64,0,0,0,0,0,0,2,72,2,246,-1,-1,1,32,0.0,0.0,0,0,0.0,0.0,0,0
443,70650229,13,8,2359,4079,866,0,181.46153,335.20184,1762,41,509.875,753.90686,91.12497,0.29723895,3.5325115e+06,1.31e+07,58600000,4,70700000,5.887519e+06,1.68e+07,58600000,383,70600000,1.01e+07,2.16e+07,58700000,395,1,0,0,0,416,256,0.18400507,0.11323389,0,1762,294.5,531.3243,282305.5,0,1,0,0,1,0,0,0,0,308.5238,181.46153,509.875,416,0,0,0,0,0,0,13,2359,8,4079,698,239,4,32,1.9822315e+06,2.5256335e+06,3768124,196339,3.33e+07,3.58e+07,58600000,8002636
53,23785,1,1,43,59,43,43,43.0,0.0,59,59,59.0,0.0,4288.417,84.08661,23785.0,0.0,23785,23785,0,0.0,0.0,0,0,0,0.0,0.0,0,0,0,0,0,0,44,20,42.043304,42.043304,43,59,48.333332,9.237604,85.333336,0,0,0,0,0,0,0,0,1,72.5,43.0,59.0,44,0,0,0,0,0,0,1,43,1,59,-1,-1,0,44,0.0,0.0,0,0,0.0,0.0,0,0
80,5249993,3,1,0,0,0,0,0.0,0.0,0,0,0.0,0.0,0.0,0.7619058,1.7499976e+06,2.986896e+06,5198842,40,5249993,2.6249965e+06,3.6399672e+06,5198842,51151,0,0.0,0.0,0,0,0,0,0,0,104,40,0.5714293,0.19047645,0,0,0.0,0.0,0.0,0,0,0,1,0,0,0,0,0,0.0,0.0,0.0,104,0,0,0,0,0,0,3,0,1,0,29200,26847,0,32,0.0,0.0,0,0,0.0,0.0,0,0
80,91,2,0,0,0,0,0,0.0,0.0,0,0,0.0,0.0,0.0,21978.021,91.0,0.0,91,91,91,91.0,0.0,91,91,0,0.0,0.0,0,0,0,0,0,0,40,0,21978.021,0.0,0,0,0.0,0.0,0.0,0,0,0,0,1,0,0,0,0,0.0,0.0,0.0,40,0,0,0,0,0,0,2,0,0,0,251,-1,0,20,0.0,0.0,0,0,0.0,0.0,0,0
443,1559,2,0,12,0,6,6,6.0,0.0,0,0,0.0,0.0,7697.2417,1282.8737,1559.0,0.0,1559,1559,1559,1559.0,0.0,1559,1559,0,0.0,0.0,0,0,0,0,0,0,40,0,1282.8737,0.0,6,6,6.0,0.0,0.0,0,0,0,0,1,0,0,0,0,9.0,6.0,0.0,40,0,0,0,0,0,0,2,12,0,0,253,-1,1,20,0.0,0.0,0,0,0.0,0.0,0,0
54173,52671,2,1,0,0,0,0,0.0,0.0,0,0,0.0,0.0,0.0,56.95734,26335.5,37194.523,52636,35,52671,52671.0,0.0,52671,52671,0,0.0,0.0,0,0,0,0,0,0,76,32,37.971558,18.985779,0,0,0.0,0.0,0.0,0,0,0,0,1,1,0,0,0,0.0,0.0,0.0,76,0,0,0,0,0,0,2,0,1,0,179,32832,0,32,0.0,0.0,0,0,0.0,0.0,0,0
51485,3,2,0,12,0,6,6,6.0,0.0,0,0,0.0,0.0,4e+06,666666.7,3.0,0.0,3,3,3,3.0,0.0,3,3,0,0.0,0.0,0,0,0,0,0,0,40,0,666666.7,0.0,6,6,6.0,0.0,0.0,0,0,0,0,1,0,0,0,0,9.0,6.0,0.0,40,0,0,0,0,0,0,2,12,0,0,7152,-1,1,20,0.0,0.0,0,0,0.0,0.0,0,0
80,5887559,3,1,0,0,0,0,0.0,0.0,0,0,0.0,0.0,0.0,0.6793987,1.9625196e+06,3.378302e+06,5863422,51,5887559,2.9437795e+06,4.128998e+06,5863422,24137,0,0.0,0.0,0,0,0,0,0,0,104,40,0.509549,0.16984968,0,0,0.0,0.0,0.0,0,0,0,1,0,0,0,0,0,0.0,0.0,0.0,104,0,0,0,0,0,0,3,0,1,0,29200,28960,0,32,0.0,0.0,0,0,0.0,0.0,0,0
443,4854720,5,1,135,46,46,6,27.0,20.12461,46,46,46.0,0.0,37.283302,1.2359107,970944.0,2.1205585e+06,4764134,3,4854720,1.21368e+06,2.3672852e+06,4764134,3,0,0.0,0.0,0,0,1,0,0,0,100,20,1.0299255,0.2059851,6,46,32.42857,18.866701,355.9524,0,1,0,0,1,0,0,0,0,37.833332,27.0,46.0,100,0,0,0,0,0,0,5,135,1,46,254,980,4,20,0.0,0.0,0,0,0.0,0.0,0,0
53,47202,2,2,76,376,38,38,38.0,0.0,188,188,188.0,0.0,9575.865,84.74217,15734.0,27245.16,47194,4,4,4.0,0.0,4,4,4,4.0,0.0,4,4,0,0,0,0,64,40,42.371086,42.371086,38,188,98.0,82.15839,6750.0,0,0,0,0,0,0,0,0,1,122.5,38.0,188.0,64,0,0,0,0,0,0,2,76,2,376,-1,-1,1,32,0.0,0.0,0,0,0.0,0.0,0,0
443,60912565,16,12,991,3444,656,0,61.9375,169.01932,1448,0,287.0,533.70605,72.80928,0.45967528,2.256021e+06,4.224977e+06,10000000,17,60900000,4.0608378e+06,5.08907e+06,10100000,102,60800000,5.5298975e+06,5.2451475e+06,10100000,219,0,0,0,0,520,392,0.2626716,0.19700369,0,1448,152.93103,374.80167,140476.28,0,0,0,1,0,0,0,0,0,158.39285,61.9375,287.0,520,0,0,0,0,0,0,16,991,12,3444,29200,124,3,32,133257.0,121149.875,380553,83656,1e+07,27901.092,10000000,9959996
53436,71261135,6,9,11607,62,5840,0,1934.5,2558.3962,20,0,6.888889,5.3019915,163.74985,0.21049342,5.090081e+06,1.8e+07,67500000,1,71300000,1.43e+07,3.17e+07,71000000,157,71000000,8.869268e+06,2.37e+07,67500000,1,0,0,0,0,132,192,0.084197365,0.12629606,0,5840,729.6875,1763.7513,3.110819e+06,0,0,0,0,1,1,0,0,1,778.3333,1934.5,6.888889,132,0,0,0,0,0,0,6,11607,9,62,229,256,4,20,3.437514e+06,0.0,3437514,3437514,6.75e+07,0.0,67500000,67500000
80,5562546,3,1,12,0,6,0,4.0,3.4641016,0,0,0.0,0.0,2.1572855,0.7190952,1.854182e+06,3.1795705e+06,5525572,33,5562546,2.781273e+06,3.8810248e+06,5525572,36974,0,0.0,0.0,0,0,0,0,0,0,72,32,0.53932136,0.1797738,0,6,2.4,3.2863352,10.8,0,0,0,1,0,0,0,0,0,3.0,4.0,0.0,72,0,0,0,0,0,0,3,12,1,0,8192,42780,2,20,0.0,0.0,0,0,0.0,0.0,0,0
61900,67,2,2,4,12,2,2,2.0,0.0,6,6,6.0,0.0,238805.97,59701.492,22.333334,6.658328,30,18,49,49.0,0.0,49,49,48,48.0,0.0,48,48,0,0,0,0,48,40,29850.746,29850.746,2,6,3.6,2.1908903,4.8,0,0,0,1,0,0,0,0,1,4.5,2.0,6.0,48,0,0,0,0,0,0,2,4,2,12,1024,0,1,24,0.0,0.0,0,0,0.0,0.0,0,0
443,9433,2,0,12,0,6,6,6.0,0.0,0,0,0.0,0.0,1272.1298,212.02162,9433.0,0.0,9433,9433,9433,9433.0,0.0,9433,9433,0,0.0,0.0,0,0,0,0,0,0,40,0,212.02162,0.0,6,6,6.0,0.0,0.0,0,0,0,0,1,0,0,0,0,9.0,6.0,0.0,40,0,0,0,0,0,0,2,12,0,0,63502,-1,1,20,0.0,0.0,0,0,0.0,0.0,0,0
443,218,1,1,6,6,6,6,6.0,0.0,6,6,6.0,0.0,55045.87,9174.312,218.0,0.0,218,218,0,0.0,0.0,0,0,0,0.0,0.0,0,0,0,0,0,0,20,20,4587.156,4587.156,6,6,6.0,0.0,0.0,1,0,0,0,1,0,0,0,1,9.0,6.0,6.0,20,0,0,0,0,0,0,1,6,1,6,0,119,0,20,0.0,0.0,0,0,0.0,0.0,0,0
49152,34,1,1,6,6,6,6,6.0,0.0,6,6,6.0,0.0,352941.2,58823.53,34.0,0.0,34,34,0,0.0,0.0,0,0,0,0.0,0.0,0,0,0,0,0,0,20,20,29411.766,29411.766,6,6,6.0,0.0,0.0,0,0,0,0,1,1,0,0,1,9.0,6.0,6.0,20,0,0,0,0,0,0,1,6,1,6,58,229,0,20,0.0,0.0,0,0,0.0,0.0,0,0
53,264193,1,1,47,97,47,47,47.0,0.0,97,97,97.0,0.0,545.0561,7.5702233,264193.0,0.0,264193,264193,0,0.0,0.0,0,0,0,0.0,0.0,0,0,0,0,0,0,32,32,3.7851117,3.7851117,47,97,63.666668,28.867514,833.3333,0,0,0,0,0,0,0,0,1,95.5,47.0,97.0,32,0,0,0,0,0,0,1,47,1,97,-1,-1,0,32,0.0,0.0,0,0,0.0,0.0,0,0
53,44965690,2,2,102,182,56,46,51.0,7.071068,110,72,91.0,26.870058,6.3159266,0.08895671,1.4988563e+07,2.5881924e+07,44874430,30317,44904747,4.4904748e+07,0.0,44904747,44904747,44935373,4.4935372e+07,0.0,44935373,44935373,0,0,0,0,64,52,0.044478357,0.044478357,46,110,68.0,25.258661,638.0,0,0,0,0,0,0,0,0,1,85.0,51.0,91.0,64,0,0,0,0,0,0,2,102,2,182,-1,-1,1,32,30317.0,0.0,30317,30317,4.487443e+07,0.0,44874430,44874430
80,885531,3,4,438,860,438,0,146.0,252.87943,860,0,215.0,430.0,1465.7872,7.9048615,147588.5,338476.0,838114,4,861638,430819.0,576002.1,838114,23524,862052,287350.66,497090.34,861341,4,0,0,0,0,104,136,3.3877978,4.5170636,0,860,162.25,320.9013,102977.64,0,0,0,1,0,0,0,0,1,185.42857,146.0,215.0,104,0,0,0,0,0,0,3,438,4,860,29200,31,1,32,0.0,0.0,0,0,0.0,0.0,0,0
389,115918223,174,109,26434,39758,1292,0,151.91954,191.86894,3069,0,364.7523,397.88422,571.02325,2.4413762,411057.53,2.946658e+06,33700000,1,116000000,670047.56,3.7430895e+06,33700000,1,116000000,1.073316e+06,4.7016385e+06,33700000,1,0,0,0,0,5584,3504,1.5010582,0.94031805,0,3069,233.07042,306.33313,93839.984,0,0,0,1,0,0,0,0,0,233.894,151.91954,364.7523,5584,0,0,0,0,0,0,174,26434,109,39758,29200,2079,102,32,3.1408458e+06,3.8944868e+06,8750337,304,1.91e+07,1.24e+07,33700000,9492196
389,26479,17,12,3452,6660,1313,0,203.05882,425.77847,3069,0,555.0,977.48035,381887.53,1095.2075,945.6786,4646.9346,24650,0,26479,1654.9375,6135.4116,24650,1,26377,2397.9092,7578.998,25246,2,0,0,0,0,560,388,642.0182,453.18933,0,3069,337.06668,704.65405,496537.38,0,0,0,1,0,0,0,0,0,348.68967,203.05882,555.0,560,0,0,0,0,0,0,17,3452,12,6660,29200,0,10,32,0.0,0.0,0,0,0.0,0.0,0,0
53,201,2,2,76,154,38,38,38.0,0.0,77,77,77.0,0.0,1.1442786e+06,19900.498,67.0,75.31932,150,3,3,3.0,0.0,3,3,48,48.0,0.0,48,48,0,0,0,0,64,64,9950.249,9950.249,38,77,53.6,21.36118,456.3,0,0,0,0,0,0,0,0,1,67.0,38.0,77.0,64,0,0,0,0,0,0,2,76,2,154,-1,-1,1,32,0.0,0.0,0,0,0.0,0.0,0,0
53,370,2,2,82,254,41,41,41.0,0.0,127,127,127.0,0.0,908108.1,10810.811,123.333336,207.55803,363,3,4,4.0,0.0,4,4,3,3.0,0.0,3,3,0,0,0,0,64,64,5405.4053,5405.4053,41,127,75.4,47.10414,2218.8,0,0,0,0,0,0,0,0,1,94.25,41.0,127.0,64,0,0,0,0,0,0,2,82,2,254,-1,-1,1,32,0.0,0.0,0,0,0.0,0.0,0,0
65214,82,1,1,6,6,6,6,6.0,0.0,6,6,6.0,0.0,146341.47,24390.244,82.0,0.0,82,82,0,0.0,0.0,0,0,0,0.0,0.0,0,0,0,0,0,0,20,20,12195.122,12195.122,6,6,6.0,0.0,0.0,0,0,0,0,1,1,0,0,1,9.0,6.0,6.0,20,0,0,0,0,0,0,1,6,1,6,512,256,0,20,0.0,0.0,0,0,0.0,0.0,0,0
58825,3,2,0,37,0,31,6,18.5,17.67767,0,0,0.0,0.0,1.2333333e+07,666666.7,3.0,0.0,3,3,3,3.0,0.0,3,3,0,0.0,0.0,0,0,1,0,0,0,40,0,666666.7,0.0,6,31,22.666666,14.433757,208.33333,0,1,0,0,1,0,0,0,0,34.0,18.5,0.0,40,0,0,0,0,0,0,2,37,0,0,71,-1,1,20,0.0,0.0,0,0,0.0,0.0,0,0
53,24133,4,4,164,504,41,41,41.0,0.0,126,126,126.0,0.0,27679.94,331.49628,3447.5715,9029.8545,23925,1,23937,7979.0,13813.972,23930,3,204,68.0,76.0,152,4,0,0,0,0,104,80,165.74814,165.74814,41,126,78.77778,44.798935,2006.9445,0,0,0,0,0,0,0,0,1,88.625,41.0,126.0,104,0,0,0,0,0,0,4,164,4,504,-1,-1,3,20,0.0,0.0,0,0,0.0,0.0,0,0
53,24276,2,2,72,328,36,36,36.0,0.0,164,164,164.0,0.0,16477.18,164.77179,8092.0,14009.693,24269,3,3,3.0,0.0,3,3,4,4.0,0.0,4,4,0,0,0,0,64,40,82.385895,82.385895,36,164,87.2,70.10849,4915.2,0,0,0,0,0,0,0,0,1,109.0,36.0,164.0,64,0,0,0,0,0,0,2,72,2,328,-1,-1,1,32,0.0,0.0,0,0,0.0,0.0,0,0
80,7569954,5,0,30,0,6,6,6.0,0.0,0,0,0.0,0.0,3.963036,0.660506,1.8924885e+06,3.7829665e+06,7566938,1,7569954,1.8924885e+06,3.7829665e+06,7566938,1,0,0.0,0.0,0,0,0,0,0,0,100,0,0.660506,0.0,6,6,6.0,0.0,0.0,0,0,0,0,1,0,0,0,0,7.2,6.0,0.0,100,0,0,0,0,0,0,5,30,0,0,256,-1,4,20,3016.0,0.0,3016,3016,7.566938e+06,0.0,7566938,7566938
53,214,2,2,72,414,36,36,36.0,0.0,207,207,207.0,0.0,2.271028e+06,18691.588,71.333336,117.491844,207,3,3,3.0,0.0,3,3,4,4.0,0.0,4,4,0,0,0,0,40,40,9345.794,9345.794,36,207,104.4,93.66056,8772.3,0,0,0,0,0,0,0,0,1,130.5,36.0,207.0,40,0,0,0,0,0,0,2,72,2,414,-1,-1,1,20,0.0,0.0,0,0,0.0,0.0,0,0
80,5785110,3,1,12,0,6,0,4.0,3.4641016,0,0,0.0,0.0,2.0742908,0.6914303,1.92837e+06,3.3193082e+06,5761152,4,5785110,2.892555e+06,4.0568088e+06,5761152,23958,0,0.0,0.0,0,0,0,0,0,0,72,32,0.5185727,0.17285755,0,6,2.4,3.2863352,10.8,0,0,0,1,0,0,0,0,0,3.0,4.0,0.0,72,0,0,0,0,0,0,3,12,1,0,8192,65535,2,20,0.0,0.0,0,0,0.0,0.0,0,0
53,83889,2,2,80,226,40,40,40.0,0.0,113,113,113.0,0.0,3647.6772,47.682056,27963.0,48427.273,83882,3,4,4.0,0.0,4,4,3,3.0,0.0,3,3,0,0,0,0,64,40,23.841028,23.841028,40,113,69.2,39.983746,1598.7,0,0,0,0,0,0,0,0,1,86.5,40.0,113.0,64,0,0,0,0,0,0,2,80,2,226,-1,-1,1,32,0.0,0.0,0,0,0.0,0.0,0,0
443,2078185,10,11,850,3950,266,0,85.0,99.66834,1448,0,359.0909,569.91833,2309.7078,10.104971,103909.25,240195.03,1074985,2,1982700,220300.0,369817.5,1170149,242,1982808,198280.8,331179.34,1074985,2,0,0,0,0,328,360,4.811891,5.2930803,0,1448,218.18182,424.3123,180040.92,0,0,0,1,0,0,0,0,1,228.57143,85.0,359.0909,328,0,0,0,0,0,0,10,850,11,3950,29200,252,5,32,0.0,0.0,0,0,0.0,0.0,0,0
53,155,2,2,102,134,51,51,51.0,0.0,67,67,67.0,0.0,1.5225806e+06,25806.451,51.666668,50.599735,104,3,3,3.0,0.0,3,3,48,48.0,0.0,48,48,0,0,0,0,64,64,12903.226,12903.226,51,67,57.4,8.763561,76.8,0,0,0,0,0,0,0,0,1,71.75,51.0,67.0,64,0,0,0,0,0,0,2,102,2,134,-1,-1,1,32,0.0,0.0,0,0,0.0,0.0,0,0
443,170006,33,61,871,86570,389,0,26.39394,82.53709,2896,0,1419.1803,549.85046,514340.66,552.9217,1828.0215,5967.3096,37027,1,170006,5312.6875,9697.777,37027,1,143877,2397.95,8786.239,59162,48,0,0,0,0,1068,1960,194.1108,358.81085,0,2896,920.4316,803.9537,646341.5,0,0,0,1,0,0,0,0,1,930.2234,26.39394,1419.1803,1068,0,0,0,0,0,0,33,871,61,86570,65535,122,6,32,0.0,0.0,0,0,0.0,0.0,0,0
53,32194,2,2,74,170,37,37,37.0,0.0,85,85,85.0,0.0,7579.052,124.24676,10731.333,18583.75,32190,0,0,0.0,0.0,0,0,4,4.0,0.0,4,4,0,0,0,0,40,64,62.12338,62.12338,37,85,56.2,26.290682,691.2,0,0,0,0,0,0,0,0,1,70.25,37.0,85.0,40,0,0,0,0,0,0,2,74,2,170,-1,-1,1,20,0.0,0.0,0,0,0.0,0.0,0,0
80,115947009,18,15,592,768,296,0,32.88889,95.720726,384,0,51.2,135.11646,11.729496,0.28461277,3.623344e+06,4.8463925e+06,10200000,34,116000000,6.8204125e+06,4.7783275e+06,10200000,706,113000000,8.059193e+06,4.2776525e+06,10200000,598,0,0,0,0,584,488,0.15524334,0.12936944,0,384,40.0,112.242165,12598.303,0,0,0,1,0,0,0,0,0,41.21212,32.88889,51.2,584,0,0,0,0,0,0,18,592,15,768,29200,972,2,32,83714.63,152908.83,544752,37475,1.02e+07,65889.14,10200000,10000000
63113,52367,2,1,0,0,0,0,0.0,0.0,0,0,0.0,0.0,0.0,57.287987,26183.5,36996.535,52344,23,52367,52367.0,0.0,52367,52367,0,0.0,0.0,0,0,0,0,0,0,76,32,38.19199,19.095995,0,0,0.0,0.0,0.0,0,0,0,0,1,0,0,0,0,0.0,0.0,0.0,76,0,0,0,0,0,0,2,0,1,0,357,32832,0,32,0.0,0.0,0,0,0.0,0.0,0,0
53,239344,4,2,132,270,33,33,33.0,0.0,135,135,135.0,0.0,1679.591,25.068521,47868.8,65640.82,124735,3,124741,41580.332,72014.055,124735,3,3,3.0,0.0,3,3,0,0,0,0,104,40,16.712347,8.3561735,33,135,62.142857,49.770905,2477.1428,0,0,0,0,0,0,0,0,0,72.5,33.0,135.0,104,0,0,0,0,0,0,4,132,2,270,-1,-1,3,20,0.0,0.0,0,0,0.0,0.0,0,0
443,67037373,16,17,11465,9091,2952,0,716.5625,1099.9094,1511,0,534.7647,654.4688,306.63492,0.49226272,2.0949179e+06,8.288995e+06,44955252,25,62077213,4.1384808e+06,1.1930441e+07,44955252,25,66950488,4.1844055e+06,1.1553898e+07,45082308,48,0,0,0,0,332,364,0.23867284,0.2535899,0,2952,604.58826,881.6187,777251.56,0,0,0,1,0,0,0,0,1,622.9091,716.5625,534.7647,332,0,0,0,0,0,0,16,11465,17,9091,8192,201,15,20,1.0610295e+06,1.377374e+06,2034980,87079,2.9957528e+07,2.1209986e+07,44955252,14959802
53,44081167,4,4,152,376,46,30,38.0,9.237604,142,46,94.0,55.425625,11.977904,0.1814834,6.2973095e+06,1.67e+07,44100000,3,44100000,1.47e+07,2.55e+07,44100000,3,44100000,1.47e+07,2.55e+07,44100000,48,0,0,0,0,80,80,0.0907417,0.0907417,30,142,63.77778,44.860275,2012.4445,0,0,0,0,0,0,0,0,1,71.75,38.0,94.0,80,0,0,0,0,0,0,4,152,4,376,-1,-1,3,20,215.0,0.0,215,215,4.41e+07,0.0,44100000,44100000
53,266,2,2,62,118,31,31,31.0,0.0,59,59,59.0,0.0,676691.75,15037.594,88.666664,113.597244,217,1,1,1.0,0.0,1,1,48,48.0,0.0,48,48,0,0,0,0,64,64,7518.797,7518.797,31,59,42.2,15.336231,235.2,0,0,0,0,0,0,0,0,1,52.75,31.0,59.0,64,0,0,0,0,0,0,2,62,2,118,-1,-1,1,32,0.0,0.0,0,0,0.0,0.0,0,0
53,157,2,2,62,122,31,31,31.0,0.0,61,61,61.0,0.0,1.1719745e+06,25477.707,52.333332,85.44784,151,3,3,3.0,0.0,3,3,3,3.0,0.0,3,3,0,0,0,0,80,80,12738.854,12738.854,31,61,43.0,16.431677,270.0,0,0,0,0,0,0,0,0,1,53.75,31.0,61.0,80,0,0,0,0,0,0,2,62,2,122,-1,-1,1,40,0.0,0.0,0,0,0.0,0.0,0,0
53,192716,2,2,60,238,30,30,30.0,0.0,119,119,119.0,0.0,1546.3169,20.755932,64238.668,111261.17,192712,1,1,1.0,0.0,1,1,3,3.0,0.0,3,3,0,0,0,0,40,40,10.377966,10.377966,30,119,65.6,48.747307,2376.3,0,0,0,0,0,0,0,0,1,82.0,30.0,119.0,40,0,0,0,0,0,0,2,60,2,238,-1,-1,1,20,0.0,0.0,0,0,0.0,0.0,0,0
3013,48,2,0,4,0,2,2,2.0,0.0,0,0,0.0,0.0,83333.336,41666.668,48.0,0.0,48,48,48,48.0,0.0,48,48,0,0.0,0.0,0,0,0,0,0,0,48,0,41666.668,0.0,2,2,2.0,0.0,0.0,0,0,0,1,0,0,0,0,0,3.0,2.0,0.0,48,0,0,0,0,0,0,2,4,0,0,1024,-1,1,24,0.0,0.0,0,0,0.0,0.0,0,0
53,103085,2,2,68,394,34,34,34.0,0.0,197,197,197.0,0.0,4481.7383,38.80293,34361.668,59512.688,103081,0,0,0.0,0.0,0,0,4,4.0,0.0,4,4,0,0,0,0,64,64,19.401464,19.401464,34,197,99.2,89.27878,7970.7,0,0,0,0,0,0,0,0,1,124.0,34.0,197.0,64,0,0,0,0,0,0,2,68,2,394,-1,-1,1,32,0.0,0.0,0,0,0.0,0.0,0,0
80,10617699,5,6,366,3525,366,0,73.2,163.68018,1448,0,587.5,709.6635,366.4636,1.036006,1.0617699e+06,2.242409e+06,5612005,11,5614247,1.4035618e+06,2.8064435e+06,5613227,49,10600000,2.1235335e+06,2.9153478e+06,5612005,11,0,0,0,0,168,200,0.47091183,0.5650942,0,1448,324.25,560.95276,314668.03,0,0,0,1,0,0,0,0,1,353.72726,73.2,587.5,168,0,0,0,0,0,0,5,366,6,3525,29200,235,1,32,700.0,0.0,700,700,5.612005e+06,0.0,5612005,5612005
53,30727,1,1,51,67,51,51,51.0,0.0,67,67,67.0,0.0,3840.2708,65.08933,30727.0,0.0,30727,30727,0,0.0,0.0,0,0,0,0.0,0.0,0,0,0,0,0,0,32,32,32.544666,32.544666,51,67,56.333332,9.237604,85.333336,0,0,0,0,0,0,0,0,1,84.5,51.0,67.0,32,0,0,0,0,0,0,1,51,1,67,-1,-1,0,32,0.0,0.0,0,0,0.0,0.0,0,0
53,969,2,2,92,348,46,46,46.0,0.0,174,174,174.0,0.0,454076.38,4127.967,323.0,553.39044,962,3,3,3.0,0.0,3,3,4,4.0,0.0,4,4,0,0,0,0,40,40,2063.9834,2063.9834,46,174,97.2,70.10849,4915.2,0,0,0,0,0,0,0,0,1,121.5,46.0,174.0,40,0,0,0,0,0,0,2,92,2,348,-1,-1,1,20,0.0,0.0,0,0,0.0,0.0,0,0
57558,74821,2,2,0,12,0,0,0.0,0.0,6,6,6.0,0.0,160.38278,53.460926,24940.334,43176.273,74796,2,74821,74821.0,0.0,74821,74821,2,2.0,0.0,2,2,0,0,0,0,64,40,26.730463,26.730463,0,6,2.4,3.2863352,10.8,0,0,0,0,1,0,0,0,1,3.0,0.0,6.0,64,0,0,0,0,0,0,2,0,2,12,349,0,0,32,0.0,0.0,0,0,0.0,0.0,0,0
36527,6182924,1,6,6,36,6,6,6.0,0.0,6,6,6.0,0.0,6.7929025,1.1321504,1.0304873e+06,2.514748e+06,6163686,1,0,0.0,0.0,0,0,6176816,1.2353632e+06,2.755021e+06,6163686,1,0,0,0,0,20,120,0.16173577,0.97041464,6,6,6.0,0.0,0.0,0,0,0,0,1,1,0,0,6,6.857143,6.0,6.0,20,0,0,0,0,0,0,1,6,6,36,229,0,0,20,19238.0,0.0,19238,19238,6.163686e+06,0.0,6163686,6163686
53,26650,1,1,44,140,44,44,44.0,0.0,140,140,140.0,0.0,6904.3154,75.046906,26650.0,0.0,26650,26650,0,0.0,0.0,0,0,0,0.0,0.0,0,0,0,0,0,0,20,20,37.523453,37.523453,44,140,76.0,55.425625,3072.0,0,0,0,0,0,0,0,0,1,114.0,44.0,140.0,20,0,0,0,0,0,0,1,44,1,140,-1,-1,0,20,0.0,0.0,0,0,0.0,0.0,0,0
55063,18,1,1,6,6,6,6,6.0,0.0,6,6,6.0,0.0,666666.7,111111.11,18.0,0.0,18,18,0,0.0,0.0,0,0,0,0.0,0.0,0,0,0,0,0,0,20,20,55555.555,55555.555,6,6,6.0,0.0,0.0,0,0,0,0,1,1,0,0,1,9.0,6.0,6.0,20,0,0,0,0,0,0,1,6,1,6,1181,16425,0,20,0.0,0.0,0,0,0.0,0.0,0,0
62796,4,2,0,43,0,37,6,21.5,21.920311,0,0,0.0,0.0,1.075e+07,500000.0,4.0,0.0,4,4,4,4.0,0.0,4,4,0,0.0,0.0,0,0,1,0,0,0,40,0,500000.0,0.0,6,37,26.666666,17.897858,320.33334,0,1,0,0,1,0,0,0,0,40.0,21.5,0.0,40,0,0,0,0,0,0,2,43,0,0,293,-1,1,20,0.0,0.0,0,0,0.0,0.0,0,0
58707,755,3,0,286,0,274,6,95.333336,154.72987,0,0,0.0,0.0,378807.94,3973.51,377.5,528.20874,751,4,755,377.5,528.20874,751,4,0,0.0,0.0,0,0,0,0,0,0,60,0,3973.51,0.0,6,274,73.0,134.0,17956.0,0,0,0,0,1,0,0,0,0,97.333336,95.333336,0.0,60,0,0,0,0,0,0,3,286,0,0,60,-1,2,20,0.0,0.0,0,0,0.0,0.0,0,0
53,46717,2,2,58,188,29,29,29.0,0.0,94,94,94.0,0.0,5265.749,85.62193,15572.333,26968.61,46713,1,3,3.0,0.0,3,3,1,1.0,0.0,1,1,0,0,0,0,64,64,42.810966,42.810966,29,94,55.0,35.601967,1267.5,0,0,0,0,0,0,0,0,1,68.75,29.0,94.0,64,0,0,0,0,0,0,2,58,2,188,-1,-1,1,32,0.0,0.0,0,0,0.0,0.0,0,0
53,147896,2,2,78,420,39,39,39.0,0.0,210,210,210.0,0.0,3367.231,27.046032,49298.668,85251.86,147739,3,3,3.0,0.0,3,3,154,154.0,0.0,154,154,0,0,0,0,40,40,13.523016,13.523016,39,210,107.4,93.66056,8772.3,0,0,0,0,0,0,0,0,1,134.25,39.0,210.0,40,0,0,0,0,0,0,2,78,2,420,-1,-1,1,20,0.0,0.0,0,0,0.0,0.0,0,0
443,2,1,1,0,0,0,0,0.0,0.0,0,0,0.0,0.0,0.0,1e+06,2.0,0.0,2,2,0,0.0,0.0,0,0,0,0.0,0.0,0,0,0,0,0,0,32,32,500000.0,500000.0,0,0,0.0,0.0,0.0,0,0,0,0,1,1,0,0,1,0.0,0.0,0.0,32,0,0,0,0,0,0,1,0,1,0,32832,362,0,32,0.0,0.0,0,0,0.0,0.0,0,0
53,237,2,2,84,310,42,42,42.0,0.0,155,155,155.0,0.0,1.6624472e+06,16877.637,79.0,53.693577,141,48,48,48.0,0.0,48,48,48,48.0,0.0,48,48,0,0,0,0,40,40,8438.818,8438.818,42,155,87.2,61.89265,3830.7,0,0,0,0,0,0,0,0,1,109.0,42.0,155.0,40,0,0,0,0,0,0,2,84,2,310,-1,-1,1,20,0.0,0.0,0,0,0.0,0.0,0,0
53,61264,2,2,60,264,30,30,30.0,0.0,132,132,132.0,0.0,5288.587,65.2912,20421.334,35326.625,61213,3,3,3.0,0.0,3,3,48,48.0,0.0,48,48,0,0,0,0,40,40,32.6456,32.6456,30,132,70.8,55.867702,3121.2,0,0,0,0,0,0,0,0,1,88.5,30.0,132.0,40,0,0,0,0,0,0,2,60,2,264,-1,-1,1,20,0.0,0.0,0,0,0.0,0.0,0,0
123,81176,1,1,48,48,48,48,48.0,0.0,48,48,48.0,0.0,1182.6156,24.637823,81176.0,0.0,81176,81176,0,0.0,0.0,0,0,0,0.0,0.0,0,0,0,0,0,0,32,32,12.318912,12.318912,48,48,48.0,0.0,0.0,0,0,0,0,0,0,0,0,1,72.0,48.0,48.0,32,0,0,0,0,0,0,1,48,1,48,-1,-1,0,32,0.0,0.0,0,0,0.0,0.0,0,0
53,45789,4,2,124,94,31,31,31.0,0.0,47,47,47.0,0.0,4760.9688,131.03584,9157.8,14597.594,33469,3,33477,11159.0,19321.027,33469,4,3,3.0,0.0,3,3,0,0,0,0,128,64,87.35722,43.67861,31,47,35.57143,7.8072004,60.95238,0,0,0,0,0,0,0,0,0,41.5,31.0,47.0,128,0,0,0,0,0,0,4,124,2,94,-1,-1,3,32,0.0,0.0,0,0,0.0,0.0,0,0
443,5731426,9,7,421,6586,234,0,46.77778,80.68423,1460,0,940.8571,662.6491,1222.5579,2.7916265,382095.06,1.3858658e+06,5388180,2,5731426,716428.25,1.8890144e+06,5388180,2,132237,22039.5,39896.902,99071,48,0,0,0,0,192,152,1.5702899,1.2213365,0,1460,412.17648,613.12524,375922.53,0,0,0,1,0,0,0,0,0,437.9375,46.77778,940.8571,192,0,0,0,0,0,0,9,421,7,6586,8192,60,8,20,343244.0,0.0,343244,343244,5.38818e+06,0.0,5388180,5388180
53,84515,1,1,46,280,46,46,46.0,0.0,280,280,280.0,0.0,3857.3035,23.664438,84515.0,0.0,84515,84515,0,0.0,0.0,0,0,0,0.0,0.0,0,0,0,0,0,0,32,32,11.832219,11.832219,46,280,124.0,135.09996,18252.0,0,0,0,0,0,0,0,0,1,186.0,46.0,280.0,32,0,0,0,0,0,0,1,46,1,280,-1,-1,0,32,0.0,0.0,0,0,0.0,0.0,0,0
80,98372744,9,6,360,11595,360,0,40.0,120.0,5792,0,1932.5,2181.0083,121.527565,0.15248126,7.0266245e+06,2.63e+07,98300000,0,98300000,1.23e+07,3.48e+07,98300000,0,36502,7300.4,10771.679,24205,27,0,0,0,0,296,200,0.091488756,0.060992505,0,5792,747.1875,1578.7821,2.492553e+06,0,0,0,0,1,0,0,0,0,797.0,40.0,1932.5,296,0,0,0,0,0,0,9,360,6,11595,251,235,1,32,1009.0,0.0,1009,1009,9.83e+07,0.0,98300000,98300000
1839,63,2,2,4,12,2,2,2.0,0.0,6,6,6.0,0.0,253968.25,63492.062,21.0,24.979992,49,1,49,49.0,0.0,49,49,1,1.0,0.0,1,1,0,0,0,0,48,40,31746.031,31746.031,2,6,3.6,2.1908903,4.8,0,0,0,1,0,0,0,0,1,4.5,2.0,6.0,48,0,0,0,0,0,0,2,4,2,12,1024,0,1,24,0.0,0.0,0,0,0.0,0.0,0,0
37659,48,2,0,0,0,0,0,0.0,0.0,0,0,0.0,0.0,0.0,41666.668,48.0,0.0,48,48,48,48.0,0.0,48,48,0,0.0,0.0,0,0,0,0,0,0,64,0,41666.668,0.0,0,0,0.0,0.0,0.0,0,0,0,0,1,0,0,0,0,0.0,0.0,0.0,64,0,0,0,0,0,0,2,0,0,0,22,-1,0,32,0.0,0.0,0,0,0.0,0.0,0,0
53,207,2,2,84,310,42,42,42.0,0.0,155,155,155.0,0.0,1.9033816e+06,19323.672,69.0,113.45043,200,3,3,3.0,0.0,3,3,4,4.0,0.0,4,4,0,0,0,0,40,40,9661.836,9661.836,42,155,87.2,61.89265,3830.7,0,0,0,0,0,0,0,0,1,109.0,42.0,155.0,40,0,0,0,0,0,0,2,84,2,310,-1,-1,1,20,0.0,0.0,0,0,0.0,0.0,0,0
53,87742,4,2,188,256,47,47,47.0,0.0,128,128,128.0,0.0,5060.2905,68.3823,17548.4,25742.95,56943,3,30796,10265.333,17774.883,30790,3,3,3.0,0.0,3,3,0,0,0,0,104,40,45.588203,22.794102,47,128,70.14286,39.523952,1562.1428,0,0,0,0,0,0,0,0,0,81.833336,47.0,128.0,104,0,0,0,0,0,0,4,188,2,256,-1,-1,3,20,0.0,0.0,0,0,0.0,0.0,0,0
53,49661,1,1,44,110,44,44,44.0,0.0,110,110,110.0,0.0,3101.025,40.273052,49661.0,0.0,49661,49661,0,0.0,0.0,0,0,0,0.0,0.0,0,0,0,0,0,0,32,32,20.136526,20.136526,44,110,66.0,38.105118,1452.0,0,0,0,0,0,0,0,0,1,99.0,44.0,110.0,32,0,0,0,0,0,0,1,44,1,110,-1,-1,0,32,0.0,0.0,0,0,0.0,0.0,0,0
53,223,2,2,60,264,30,30,30.0,0.0,132,132,132.0,0.0,1.4529148e+06,17937.22,74.333336,122.68795,216,3,4,4.0,0.0,4,4,3,3.0,0.0,3,3,0,0,0,0,64,64,8968.61,8968.61,30,132,70.8,55.867702,3121.2,0,0,0,0,0,0,0,0,1,88.5,30.0,132.0,64,0,0,0,0,0,0,2,60,2,264,-1,-1,1,32,0.0,0.0,0,0,0.0,0.0,0,0
53,49924,4,2,180,230,45,45,45.0,0.0,115,115,115.0,0.0,8212.483,120.18268,9984.8,17488.748,40390,3,40404,13468.0,23315.137,40390,3,4,4.0,0.0,4,4,0,0,0,0,80,40,80.12179,40.060894,45,115,65.0,34.1565,1166.6666,0,0,0,0,0,0,0,0,0,75.833336,45.0,115.0,80,0,0,0,0,0,0,4,180,2,230,-1,-1,3,20,0.0,0.0,0,0,0.0,0.0,0,0
61600,22458001,1,6,1375,30,1375,1375,1375.0,0.0,6,0,5.0,2.4494898,62.561222,0.31169292,3.7430002e+06,9.154917e+06,22400000,1,0,0.0,0.0,0,0,22400000,4.4880805e+06,1e+07,22400000,1,1,0,0,0,20,132,0.04452756,0.26716536,0,1375,347.5,634.1901,402197.16,0,1,0,0,1,1,0,0,6,397.14285,1375.0,5.0,20,0,0,0,0,0,0,1,1375,6,30,229,0,0,20,27609.0,0.0,27609,27609,2.24e+07,0.0,22400000,22400000
53,30721,4,2,132,122,33,33,33.0,0.0,61,61,61.0,0.0,8267.96,195.30614,6144.2,13297.282,29928,3,30168,10056.0,17209.807,29928,48,3,3.0,0.0,3,3,0,0,0,0,104,64,130.2041,65.10205,33,61,41.0,13.662601,186.66667,0,0,0,0,0,0,0,0,0,47.833332,33.0,61.0,104,0,0,0,0,0,0,4,132,2,122,-1,-1,3,20,0.0,0.0,0,0,0.0,0.0,0,0
49282,3,2,0,124,0,62,62,62.0,0.0,0,0,0.0,0.0,4.1333332e+07,666666.7,3.0,0.0,3,3,3,3.0,0.0,3,3,0,0.0,0.0,0,0,0,0,0,0,64,0,666666.7,0.0,62,62,62.0,0.0,0.0,0,0,0,0,0,0,0,0,0,93.0,62.0,0.0,64,0,0,0,0,0,0,2,124,0,0,-1,-1,1,32,0.0,0.0,0,0,0.0,0.0,0,0
443,65170432,13,17,792,5388,412,0,60.923077,121.68707,2099,0,316.94116,662.2298,94.82828,0.46033147,2.2472562e+06,4.121154e+06,10000000,3,60400000,5.035844e+06,5.2301105e+06,10100000,82,65100000,4.069992e+06,4.9206575e+06,10100000,3,0,0,0,0,272,348,0.19947697,0.26085448,0,2099,199.35484,507.2272,257279.44,0,0,0,1,0,0,0,0,1,206.0,60.923077,316.94116,272,0,0,0,0,0,0,13,792,17,5388,8192,32756,12,20,71705.336,48494.03,170693,51691,9.999983e+06,514.8656,10000000,9999289
443,1178955,13,10,560,6145,194,0,43.076923,70.139694,1452,0,614.5,721.6557,5687.2397,19.508802,53588.863,181306.84,851786,1,1178955,98246.25,241177.06,851786,48,1003799,111533.22,302829.7,917745,1,0,0,0,0,424,328,11.026714,8.482088,0,1452,279.375,538.64294,290136.25,0,0,0,1,0,0,0,0,0,291.52173,43.076923,614.5,424,0,0,0,0,0,0,13,560,10,6145,29200,122,5,32,0.0,0.0,0,0,0.0,0.0,0,0
53,48070,2,2,66,170,33,33,33.0,0.0,85,85,85.0,0.0,4909.507,83.21198,16023.333,27709.068,48019,4,4,4.0,0.0,4,4,47,47.0,0.0,47,47,0,0,0,0,64,64,41.60599,41.60599,33,85,53.8,28.481573,811.2,0,0,0,0,0,0,0,0,1,67.25,33.0,85.0,64,0,0,0,0,0,0,2,66,2,170,-1,-1,1,32,0.0,0.0,0,0,0.0,0.0,0,0
53,60631,1,1,46,188,46,46,46.0,0.0,188,188,188.0,0.0,3859.4119,32.986427,60631.0,0.0,60631,60631,0,0.0,0.0,0,0,0,0.0,0.0,0,0,0,0,0,0,20,20,16.493214,16.493214,46,188,93.333336,81.98374,6721.3335,0,0,0,0,0,0,0,0,1,140.0,46.0,188.0,20,0,0,0,0,0,0,1,46,1,188,-1,-1,0,20,0.0,0.0,0,0,0.0,0.0,0,0
57241,108,1,1,6,6,6,6,6.0,0.0,6,6,6.0,0.0,111111.11,18518.518,108.0,0.0,108,108,0,0.0,0.0,0,0,0,0.0,0.0,0,0,0,0,0,0,20,20,9259.259,9259.259,6,6,6.0,0.0,0.0,0,0,0,0,1,1,0,0,1,9.0,6.0,6.0,20,0,0,0,0,0,0,1,6,1,6,31365,63292,0,20,0.0,0.0,0,0,0.0,0.0,0,0
443,118900362,15,14,1176,4623,507,0,78.4,133.22311,1430,0,330.2143,518.49194,48.77193,0.2439017,4.2464415e+06,1.54e+07,58800000,1,119000000,8.492883e+06,2.13e+07,58800000,514,119000000,9.127965e+06,2.21e+07,59000000,1,0,0,0,0,312,292,0.12615605,0.117745645,0,1430,193.3,382.42197,146246.56,0,0,0,1,0,0,0,0,0,199.96552,78.4,330.2143,312,0,0,0,0,0,0,15,1176,14,4623,8192,360,14,20,631807.0,558860.44,1026981,236633,5.87e+07,106370.07,58800000,58600000
53,774945,1,1,55,110,55,55,55.0,0.0,110,110,110.0,0.0,212.91833,2.5808284,774945.0,0.0,774945,774945,0,0.0,0.0,0,0,0,0.0,0.0,0,0,0,0,0,0,20,32,1.2904142,1.2904142,55,110,73.333336,31.754265,1008.3333,0,0,0,0,0,0,0,0,1,110.0,55.0,110.0,20,0,0,0,0,0,0,1,55,1,110,-1,-1,0,20,0.0,0.0,0,0,0.0,0.0,0,0
65274,20506,7,2,11601,26,4380,0,1657.2858,1763.2115,20,6,13.0,9.899495,567004.75,438.89594,2563.25,6646.893,18994,14,20506,3417.6667,8129.882,20012,14,990,990.0,0.0,990,990,0,0,0,0,164,40,341.3635,97.53243,0,4380,1162.7,1645.2418,2.7068205e+06,0,0,0,1,0,0,0,0,0,1291.8889,1657.2858,13.0,164,0,0,0,0,0,0,7,11601,2,26,8192,256,5,20,0.0,0.0,0,0,0.0,0.0,0,0
80,117240504,20,17,1727,3184,429,0,86.35,175.77626,796,0,187.29411,348.0409,41.888252,0.3155906,3.2566808e+06,4.6190345e+06,10100000,55,117000000,6.169309e+06,4.7735335e+06,10100000,315,117000000,7.326046e+06,4.3073635e+06,10100000,328,0,0,0,0,412,484,0.1705895,0.14500108,0,796,129.23685,266.9121,71242.08,0,0,0,1,0,0,0,0,0,132.72974,86.35,187.29411,412,0,0,0,0,0,0,20,1727,17,3184,8192,294,15,20,648584.44,2.072694e+06,6897992,23449,1e+07,21927.004,10100000,9999806
45688,106,1,1,0,0,0,0,0.0,0.0,0,0,0.0,0.0,0.0,18867.924,106.0,0.0,106,106,0,0.0,0.0,0,0,0,0.0,0.0,0,0,0,0,0,0,32,32,9433.962,9433.962,0,0,0.0,0.0,0.0,0,0,0,0,1,1,0,0,1,0.0,0.0,0.0,32,0,0,0,0,0,0,1,0,1,0,3,229,0,32,0.0,0.0,0,0,0.0,0.0,0,0
443,119869713,41,52,2054,68110,517,0,50.09756,132.33684,4344,0,1309.8077,1038.056,585.3355,0.77584237,1.3029316e+06,3.3101865e+06,10300000,0,120000000,2.9967428e+06,4.572535e+06,10300000,49,117000000,2.2885492e+06,4.24381e+06,10400000,48,0,0,0,0,1320,1672,0.34203804,0.43380433,0,4344,746.42554,997.83527,995675.2,0,0,0,1,0,0,0,0,1,754.4516,50.09756,1309.8077,1320,0,0,0,0,0,0,41,2054,52,68110,29200,1073,7,32,462001.2,1.1934994e+06,4060537,101856,1.01e+07,35455.527,10300000,10100000
80,115826323,26,32,1165,28465,521,0,44.807693,138.00058,2860,0,889.53125,865.28015,255.81404,0.5007497,2.0320408e+06,3.9920088e+06,10000000,1,116000000,4.633053e+06,4.9950355e+06,10000000,1,111000000,3.5654608e+06,4.8785835e+06,10000000,42,0,0,0,0,532,784,0.22447401,0.27627572,0,2860,502.2034,767.649,589284.94,0,0,0,1,0,0,0,0,1,510.86206,44.807693,889.53125,532,0,0,0,0,0,0,26,1165,32,28465,8192,351,25,20,47708.0,37667.0,161277,36167,1e+07,627.7538,10000000,9999370
80,111115709,20,20,2780,1920,585,6,139.0,236.79128,366,6,96.0,159.9342,42.29825,0.3599851,2.8491208e+06,4.247459e+06,10000000,576,111000000,5.845078e+06,4.484504e+06,10100000,32156,111000000,5.8450695e+06,4.522078e+06,10100000,576,0,0,0,0,400,400,0.17999256,0.17999256,6,585,114.78049,198.86874,39548.777,0,0,0,0,1,0,0,0,1,117.65,139.0,96.0,400,0,0,0,0,0,0,20,2780,20,1920,63142,8639,19,20,1.4772758e+06,2.2848e+06,4932327,59020,9.628373e+06,1.1475571e+06,10000000,6362614
1047,63,2,2,4,12,2,2,2.0,0.0,6,6,6.0,0.0,253968.25,63492.062,21.0,11.269427,34,14,49,49.0,0.0,49,49,48,48.0,0.0,48,48,0,0,0,0,48,40,31746.031,31746.031,2,6,3.6,2.1908903,4.8,0,0,0,1,0,0,0,0,1,4.5,2.0,6.0,48,0,0,0,0,0,0,2,4,2,12,1024,0,1,24,0.0,0.0,0,0,0.0,0.0,0,0
55383,138,2,0,12,0,6,6,6.0,0.0,0,0,0.0,0.0,86956.52,14492.754,138.0,0.0,138,138,138,138.0,0.0,138,138,0,0.0,0.0,0,0,0,0,0,0,40,0,14492.754,0.0,6,6,6.0,0.0,0.0,0,0,0,0,1,0,0,0,0,9.0,6.0,0.0,40,0,0,0,0,0,0,2,12,0,0,5592,-1,1,20,0.0,0.0,0,0,0.0,0.0,0,0
443,584681,8,5,382,3788,201,0,47.75,74.77729,3502,0,757.6,1538.6166,7132.094,22.234346,48723.418,44723.29,99190,62,490888,70126.86,52003.375,139765,973,492024,123006.0,83618.73,193975,2012,0,0,0,0,172,112,13.682674,8.551672,0,3502,297.85715,926.30237,858036.1,0,0,0,1,0,0,0,0,0,320.76923,47.75,757.6,172,0,0,0,0,0,0,8,382,5,3788,8192,60,7,20,0.0,0.0,0,0,0.0,0.0,0,0
53540,65,2,0,12,0,6,6,6.0,0.0,0,0,0.0,0.0,184615.39,30769.23,65.0,0.0,65,65,65,65.0,0.0,65,65,0,0.0,0.0,0,0,0,0,0,0,40,0,30769.23,0.0,6,6,6.0,0.0,0.0,0,0,0,0,1,0,0,0,0,9.0,6.0,0.0,40,0,0,0,0,0,0,2,12,0,0,360,-1,1,20,0.0,0.0,0,0,0.0,0.0,0,0
54690,4,3,0,0,0,0,0,0.0,0.0,0,0,0.0,0.0,0.0,750000.0,2.0,1.4142135,3,1,4,2.0,1.4142135,3,1,0,0.0,0.0,0,0,0,0,0,0,96,0,750000.0,0.0,0,0,0.0,0.0,0.0,0,0,0,0,1,0,0,0,0,0.0,0.0,0.0,96,0,0,0,0,0,0,3,0,0,0,395,-1,0,32,0.0,0.0,0,0,0.0,0.0,0,0
53,154,2,2,78,134,39,39,39.0,0.0,67,67,67.0,0.0,1.3766234e+06,25974.025,51.333332,49.54123,102,3,3,3.0,0.0,3,3,49,49.0,0.0,49,49,0,0,0,0,40,40,12987.013,12987.013,39,67,50.2,15.336231,235.2,0,0,0,0,0,0,0,0,1,62.75,39.0,67.0,40,0,0,0,0,0,0,2,78,2,134,-1,-1,1,20,0.0,0.0,0,0,0.0,0.0,0,0
80,2754,2,0,12,0,6,6,6.0,0.0,0,0,0.0,0.0,4357.2983,726.21643,2754.0,0.0,2754,2754,2754,2754.0,0.0,2754,2754,0,0.0,0.0,0,0,0,0,0,0,40,0,726.21643,0.0,6,6,6.0,0.0,0.0,0,0,0,0,1,0,0,0,0,9.0,6.0,0.0,40,0,0,0,0,0,0,2,12,0,0,256,-1,1,20,0.0,0.0,0,0,0.0,0.0,0,0
53,31587,2,2,60,414,30,30,30.0,0.0,207,207,207.0,0.0,15006.174,126.63438,10529.0,18231.566,31581,3,3,3.0,0.0,3,3,3,3.0,0.0,3,3,0,0,0,0,64,64,63.31719,63.31719,30,207,100.8,96.94689,9398.7,0,0,0,0,0,0,0,0,1,126.0,30.0,207.0,64,0,0,0,0,0,0,2,60,2,414,-1,-1,1,32,0.0,0.0,0,0,0.0,0.0,0,0
53,23699,1,1,55,116,55,55,55.0,0.0,116,116,116.0,0.0,7215.494,84.39175,23699.0,0.0,23699,23699,0,0.0,0.0,0,0,0,0.0,0.0,0,0,0,0,0,0,20,20,42.195873,42.195873,55,116,75.333336,35.218365,1240.3334,0,0,0,0,0,0,0,0,1,113.0,55.0,116.0,20,0,0,0,0,0,0,1,55,1,116,-1,-1,0,20,0.0,0.0,0,0,0.0,0.0,0,0
56576,71,1,1,6,6,6,6,6.0,0.0,6,6,6.0,0.0,169014.08,28169.014,71.0,0.0,71,71,0,0.0,0.0,0,0,0,0.0,0.0,0,0,0,0,0,0,20,20,14084.507,14084.507,6,6,6.0,0.0,0.0,0,0,0,0,1,1,0,0,1,9.0,6.0,6.0,20,0,0,0,0,0,0,1,6,1,6,31,255,0,20,0.0,0.0,0,0,0.0,0.0,0,0
53,32794,1,1,50,178,50,50,50.0,0.0,178,178,178.0,0.0,6952.491,60.986767,32794.0,0.0,32794,32794,0,0.0,0.0,0,0,0,0.0,0.0,0,0,0,0,0,0,20,20,30.493383,30.493383,50,178,92.666664,73.90083,5461.3335,0,0,0,0,0,0,0,0,1,139.0,50.0,178.0,20,0,0,0,0,0,0,1,50,1,178,-1,-1,0,20,0.0,0.0,0,0,0.0,0.0,0,0
53,95814,1,1,49,142,49,49,49.0,0.0,142,142,142.0,0.0,1993.4457,20.873775,95814.0,0.0,95814,95814,0,0.0,0.0,0,0,0,0.0,0.0,0,0,0,0,0,0,32,40,10.436888,10.436888,49,142,80.0,53.693577,2883.0,0,0,0,0,0,0,0,0,1,120.0,49.0,142.0,32,0,0,0,0,0,0,1,49,1,142,-1,-1,0,32,0.0,0.0,0,0,0.0,0.0,0,0
53,30437,1,1,53,128,53,53,53.0,0.0,128,128,128.0,0.0,5946.7095,65.709496,30437.0,0.0,30437,30437,0,0.0,0.0,0,0,0,0.0,0.0,0,0,0,0,0,0,32,20,32.854748,32.854748,53,128,78.0,43.30127,1875.0,0,0,0,0,0,0,0,0,1,117.0,53.0,128.0,32,0,0,0,0,0,0,1,53,1,128,-1,-1,0,32,0.0,0.0,0,0,0.0,0.0,0,0
52558,3,2,0,12,0,6,6,6.0,0.0,0,0,0.0,0.0,4e+06,666666.7,3.0,0.0,3,3,3,3.0,0.0,3,3,0,0.0,0.0,0,0,0,0,0,0,40,0,666666.7,0.0,6,6,6.0,0.0,0.0,0,0,0,0,1,0,0,0,0,9.0,6.0,0.0,40,0,0,0,0,0,0,2,12,0,0,123,-1,1,20,0.0,0.0,0,0,0.0,0.0,0,0
53,99499,2,2,72,202,36,36,36.0,0.0,101,101,101.0,0.0,2753.7966,40.20141,33166.332,57400.746,99447,5,5,5.0,0.0,5,5,47,47.0,0.0,47,47,0,0,0,0,64,64,20.100704,20.100704,36,101,62.0,35.601967,1267.5,0,0,0,0,0,0,0,0,1,77.5,36.0,101.0,64,0,0,0,0,0,0,2,72,2,202,-1,-1,1,32,0.0,0.0,0,0,0.0,0.0,0,0
80,489177,3,4,499,1126,499,0,166.33333,288.09778,1126,0,281.5,563.0,3321.906,14.309749,81529.5,123667.27,245735,1,236761,118380.5,167071.66,236518,243,252703,84234.336,140152.02,246022,1,0,0,0,0,104,140,6.1327496,8.176999,0,1126,203.125,411.7556,169542.7,0,0,0,1,0,0,0,0,1,232.14285,166.33333,281.5,104,0,0,0,0,0,0,3,499,4,1126,29200,4879,1,32,0.0,0.0,0,0,0.0,0.0,0,0
53,24167,2,2,78,134,39,39,39.0,0.0,67,67,67.0,0.0,8772.293,165.51495,8055.6665,13910.408,24118,1,1,1.0,0.0,1,1,48,48.0,0.0,48,48,0,0,0,0,40,40,82.75748,82.75748,39,67,50.2,15.336231,235.2,0,0,0,0,0,0,0,0,1,62.75,39.0,67.0,40,0,0,0,0,0,0,2,78,2,134,-1,-1,1,20,0.0,0.0,0,0,0.0,0.0,0,0
443,32503622,13,7,962,5314,485,0,74.0,145.0678,1474,0,759.1429,720.9606,193.08617,0.61531603,1.710717e+06,7.4294005e+06,32400000,1,32500000,2.7086352e+06,9.347299e+06,32400000,1,89887,14981.167,17297.88,40687,50,0,0,0,0,428,232,0.39995542,0.21536061,0,1474,298.85715,529.19214,280044.34,0,0,0,1,0,0,0,0,0,313.8,74.0,759.1429,428,0,0,0,0,0,0,13,962,7,5314,65535,61,6,32,113285.0,0.0,113285,113285,3.24e+07,0.0,32400000,32400000
443,1819302,10,11,851,3949,267,0,85.1,99.870415,1448,0,359.0,569.8928,2638.3745,11.542889,90965.1,132146.45,492209,1,1585500,176166.67,206787.73,587552,359,1723548,172354.8,172714.25,492209,3,0,0,0,0,328,360,5.4966135,6.0462747,0,1448,218.18182,424.28558,180018.25,0,0,0,1,0,0,0,0,1,228.57143,85.1,359.0,328,0,0,0,0,0,0,10,851,11,3949,29200,254,5,32,0.0,0.0,0,0,0.0,0.0,0,0
443,65063529,16,17,1921,10265,770,0,120.0625,257.93863,1601,0,603.82355,700.0285,187.29387,0.5071966,2.0332352e+06,3.9500722e+06,10000000,45,65100000,4.3375685e+06,4.9439965e+06,10100000,161,65000000,4.0611558e+06,4.9080335e+06,10100000,49,0,0,0,0,332,412,0.24591349,0.2612831,0,1601,358.41177,574.71747,330300.2,0,0,0,1,0,0,0,0,1,369.27274,120.0625,603.82355,332,0,0,0,0,0,0,16,1921,17,10265,8192,87,15,20,873876.5,1.9333056e+06,4820220,84482,9.970002e+06,75539.64,10000000,9815986
53,215,2,2,64,258,32,32,32.0,0.0,129,129,129.0,0.0,1.4976744e+06,18604.65,71.666664,40.99187,119,48,48,48.0,0.0,48,48,48,48.0,0.0,48,48,0,0,0,0,64,64,9302.325,9302.325,32,129,70.8,53.12909,2822.7,0,0,0,0,0,0,0,0,1,88.5,32.0,129.0,64,0,0,0,0,0,0,2,64,2,258,-1,-1,1,32,0.0,0.0,0,0,0.0,0.0,0,0
53,60919,1,1,64,157,64,64,64.0,0.0,157,157,157.0,0.0,3627.768,32.83048,60919.0,0.0,60919,60919,0,0.0,0.0,0,0,0,0.0,0.0,0,0,0,0,0,0,32,32,16.41524,16.41524,64,157,95.0,53.693577,2883.0,0,0,0,0,0,0,0,0,1,142.5,64.0,157.0,32,0,0,0,0,0,0,1,64,1,157,-1,-1,0,32,0.0,0.0,0,0,0.0,0.0,0,0
34204,21,3,0,31,0,31,0,10.333333,17.897858,0,0,0.0,0.0,1.4761905e+06,142857.14,10.5,13.435029,20,1,21,10.5,13.435029,20,1,0,0.0,0.0,0,0,0,0,0,0,96,0,142857.14,0.0,0,31,7.75,15.5,240.25,0,0,0,0,1,0,0,0,0,10.333333,10.333333,0.0,96,0,0,0,0,0,0,3,31,0,0,972,-1,1,32,0.0,0.0,0,0,0.0,0.0,0,0
1869,3,1,1,6,6,6,6,6.0,0.0,6,6,6.0,0.0,4e+06,666666.7,3.0,0.0,3,3,0,0.0,0.0,0,0,0,0.0,0.0,0,0,0,0,0,0,20,20,333333.34,333333.34,6,6,6.0,0.0,0.0,0,0,0,0,1,1,0,0,1,9.0,6.0,6.0,20,0,0,0,0,0,0,1,6,1,6,114,16131,0,20,0.0,0.0,0,0,0.0,0.0,0,0
48029,42,1,1,6,6,6,6,6.0,0.0,6,6,6.0,0.0,285714.28,47619.047,42.0,0.0,42,42,0,0.0,0.0,0,0,0,0.0,0.0,0,0,0,0,0,0,20,20,23809.523,23809.523,6,6,6.0,0.0,0.0,0,0,0,0,1,1,0,0,1,9.0,6.0,6.0,20,0,0,0,0,0,0,1,6,1,6,8190,30016,0,20,0.0,0.0,0,0,0.0,0.0,0,0
53,33838,2,2,64,532,32,32,32.0,0.0,266,266,266.0,0.0,17613.334,118.2103,11279.333,19451.508,33740,49,49,49.0,0.0,49,49,49,49.0,0.0,49,49,0,0,0,0,40,40,59.10515,59.10515,32,266,125.6,128.16708,16426.8,0,0,0,0,0,0,0,0,1,157.0,32.0,266.0,40,0,0,0,0,0,0,2,64,2,532,-1,-1,1,20,0.0,0.0,0,0,0.0,0.0,0,0
46230,3,2,0,6,0,6,0,3.0,4.2426405,0,0,0.0,0.0,2e+06,666666.7,3.0,0.0,3,3,3,3.0,0.0,3,3,0,0.0,0.0,0,0,0,0,0,0,52,0,666666.7,0.0,0,6,2.0,3.4641016,12.0,0,0,0,0,1,0,0,0,0,3.0,3.0,0.0,52,0,0,0,0,0,0,2,6,0,0,259,-1,1,20,0.0,0.0,0,0,0.0,0.0,0,0
465,50,3,0,49,0,37,6,16.333334,17.897858,0,0,0.0,0.0,980000.0,60000.0,25.0,33.941124,49,1,50,25.0,33.941124,49,1,0,0.0,0.0,0,0,1,0,0,0,60,0,60000.0,0.0,6,37,21.5,17.897858,320.33334,0,1,0,0,1,0,0,0,0,28.666666,16.333334,0.0,60,0,0,0,0,0,0,3,49,0,0,255,-1,2,20,0.0,0.0,0,0,0.0,0.0,0,0
80,77398429,15,10,7480,8576,1798,0,498.66666,669.31104,2329,0,857.6,973.99445,207.44608,0.32300398,3.2249345e+06,1.55e+07,76200000,22,77400000,5.528459e+06,2.03e+07,76200000,42,1118241,124249.0,230049.53,714261,84,0,0,0,0,312,212,0.19380239,0.12920159,0,2329,617.53845,799.4817,639171.0,0,0,0,1,0,0,0,0,0,642.24,498.66666,857.6,312,0,0,0,0,0,0,15,7480,10,8576,8192,513,14,20,0.0,0.0,0,0,0.0,0.0,0,0
53,69719,4,2,160,290,40,40,40.0,0.0,145,145,145.0,0.0,6454.4814,86.05975,13943.8,27081.686,62022,3,62029,20676.334,35806.4,62022,3,3,3.0,0.0,3,3,0,0,0,0,128,64,57.37317,28.686584,40,145,70.0,51.234753,2625.0,0,0,0,0,0,0,0,0,0,81.666664,40.0,145.0,128,0,0,0,0,0,0,4,160,2,290,-1,-1,3,32,0.0,0.0,0,0,0.0,0.0,0,0
443,43342185,30,47,1161,83935,677,0,38.7,131.77074,2896,0,1785.8511,793.2213,1963.3528,1.7765602,570291.94,4.8862565e+06,42606432,0,43342185,1.4945581e+06,7.9070565e+06,42606432,0,620380,13486.521,37843.29,140571,3,0,0,0,0,972,1512,0.6921663,1.0843939,0,2896,1090.9744,1060.198,1.1240199e+06,0,0,0,1,0,0,0,0,1,1105.1428,38.7,1785.8511,972,0,0,0,0,0,0,30,1161,47,83935,65535,246,6,32,735572.0,0.0,735572,735572,4.260643e+07,0.0,42606432,42606432
53,34873,4,4,168,280,42,42,42.0,0.0,70,70,70.0,0.0,12846.615,229.40384,4981.857,11436.119,30703,3,34728,11576.0,20005.2,34676,3,4121,1373.6666,2333.4695,4068,4,0,0,0,0,128,128,114.70192,114.70192,42,70,54.444443,14.757296,217.77777,0,0,0,0,0,0,0,0,1,61.25,42.0,70.0,128,0,0,0,0,0,0,4,168,4,280,-1,-1,3,32,0.0,0.0,0,0,0.0,0.0,0,0
49493,2059,2,0,12,0,6,6,6.0,0.0,0,0,0.0,0.0,5828.072,971.34534,2059.0,0.0,2059,2059,2059,2059.0,0.0,2059,2059,0,0.0,0.0,0,0,0,0,0,0,40,0,971.34534,0.0,6,6,6.0,0.0,0.0,0,0,0,0,1,0,0,0,0,9.0,6.0,0.0,40,0,0,0,0,0,0,2,12,0,0,131,-1,1,20,0.0,0.0,0,0,0.0,0.0,0,0
53,172021,2,2,60,238,30,30,30.0,0.0,119,119,119.0,0.0,1732.3467,23.252975,57340.332,99271.34,171969,3,49,49.0,0.0,49,49,3,3.0,0.0,3,3,0,0,0,0,64,64,11.626488,11.626488,30,119,65.6,48.747307,2376.3,0,0,0,0,0,0,0,0,1,82.0,30.0,119.0,64,0,0,0,0,0,0,2,60,2,238,-1,-1,1,32,0.0,0.0,0,0,0.0,0.0,0,0
53,207,2,2,68,216,34,34,34.0,0.0,108,108,108.0,0.0,1.3719806e+06,19323.672,69.0,76.29548,153,4,4,4.0,0.0,4,4,50,50.0,0.0,50,50,0,0,0,0,40,40,9661.836,9661.836,34,108,63.6,40.531467,1642.8,0,0,0,0,0,0,0,0,1,79.5,34.0,108.0,40,0,0,0,0,0,0,2,68,2,216,-1,-1,1,20,0.0,0.0,0,0,0.0,0.0,0,0
53,50375,4,2,192,180,48,48,48.0,0.0,90,90,90.0,0.0,7384.615,119.1067,10075.0,14307.534,30732,4,30829,10276.333,17715.127,30732,48,4,4.0,0.0,4,4,0,0,0,0,104,64,79.404465,39.702232,48,90,60.0,20.493902,420.0,0,0,0,0,0,0,0,0,0,70.0,48.0,90.0,104,0,0,0,0,0,0,4,192,2,180,-1,-1,3,20,0.0,0.0,0,0,0.0,0.0,0,0
53,209035,1,1,44,93,44,44,44.0,0.0,93,93,93.0,0.0,655.39264,9.567776,209035.0,0.0,209035,209035,0,0.0,0.0,0,0,0,0.0,0.0,0,0,0,0,0,0,20,20,4.783888,4.783888,44,93,60.333332,28.290163,800.3333,0,0,0,0,0,0,0,0,1,90.5,44.0,93.0,20,0,0,0,0,0,0,1,44,1,93,-1,-1,0,20,0.0,0.0,0,0,0.0,0.0,0,0
49360,1,2,0,31,0,31,0,15.5,21.920311,0,0,0.0,0.0,3.1e+07,2e+06,1.0,0.0,1,1,1,1.0,0.0,1,1,0,0.0,0.0,0,0,1,0,0,0,64,0,2e+06,0.0,0,31,20.666666,17.897858,320.33334,0,1,0,0,1,0,0,0,0,31.0,15.5,0.0,64,0,0,0,0,0,0,2,31,0,0,84,-1,0,32,0.0,0.0,0,0,0.0,0.0,0,0
53,23488,1,1,46,93,46,46,46.0,0.0,93,93,93.0,0.0,5917.9155,85.149864,23488.0,0.0,23488,23488,0,0.0,0.0,0,0,0,0.0,0.0,0,0,0,0,0,0,32,20,42.574932,42.574932,46,93,61.666668,27.135462,736.3333,0,0,0,0,0,0,0,0,1,92.5,46.0,93.0,32,0,0,0,0,0,0,1,46,1,93,-1,-1,0,32,0.0,0.0,0,0,0.0,0.0,0,0
35606,21,1,1,0,0,0,0,0.0,0.0,0,0,0.0,0.0,0.0,95238.09,21.0,0.0,21,21,0,0.0,0.0,0,0,0,0.0,0.0,0,0,0,0,0,0,32,32,47619.047,47619.047,0,0,0.0,0.0,0.0,0,0,0,0,1,1,0,0,1,0.0,0.0,0.0,32,0,0,0,0,0,0,1,0,1,0,143,338,0,32,0.0,0.0,0,0,0.0,0.0,0,0
465,1803649,16,24,1396,4574,378,0,87.25,89.882515,1430,0,190.58333,409.2062,3309.9565,22.177263,46247.41,129769.18,806871,4,1754421,116961.4,213013.36,855742,816,1755086,76308.086,163545.02,806871,4,0,0,0,0,332,492,8.870906,13.306358,0,1430,145.60976,320.0299,102419.14,0,0,0,1,0,0,0,0,1,149.25,87.25,190.58333,332,0,0,0,0,0,0,16,1396,24,4574,8192,176,15,20,0.0,0.0,0,0,0.0,0.0,0,0
80,23740751,4,3,0,0,0,0,0.0,0.0,0,0,0.0,0.0,0.0,0.29485166,3.9567918e+06,4.9956565e+06,10200000,34372,23700000,7.9135835e+06,4.029505e+06,10200000,3260712,20500000,1.02e+07,169.70563,10200000,10200000,0,0,0,0,128,96,0.16848667,0.126365,0,0,0.0,0.0,0.0,0,0,0,0,1,0,0,0,0,0.0,0.0,0.0,128,0,0,0,0,0,0,4,0,3,0,253,287,0,32,34439.5,95.45942,34507,34372,1.02e+07,123.03658,10200000,10200000
53,30659,1,1,54,110,54,54,54.0,0.0,110,110,110.0,0.0,5349.1636,65.233696,30659.0,0.0,30659,30659,0,0.0,0.0,0,0,0,0.0,0.0,0,0,0,0,0,0,32,20,32.616848,32.616848,54,110,72.666664,32.331615,1045.3334,0,0,0,0,0,0,0,0,1,109.0,54.0,110.0,32,0,0,0,0,0,0,1,54,1,110,-1,-1,0,32,0.0,0.0,0,0,0.0,0.0,0,0
57558,11631,3,1,38,6,38,0,12.666667,21.93931,6,6,6.0,0.0,3782.9937,343.9085,3877.0,6668.439,11577,3,11631,5815.5,8220.116,11628,3,0,0.0,0.0,0,0,0,0,0,0,96,20,257.9314,85.97713,0,38,8.8,16.528763,273.2,0,0,0,0,1,0,0,0,0,11.0,12.666667,6.0,96,0,0,0,0,0,0,3,38,1,6,349,0,1,32,0.0,0.0,0,0,0.0,0.0,0,0
53,205,2,2,68,182,34,34,34.0,0.0,91,91,91.0,0.0,1.2195122e+06,19512.195,68.333336,113.16065,199,3,3,3.0,0.0,3,3,3,3.0,0.0,3,3,0,0,0,0,64,64,9756.098,9756.098,34,91,56.8,31.220186,974.7,0,0,0,0,0,0,0,0,1,71.0,34.0,91.0,64,0,0,0,0,0,0,2,68,2,182,-1,-1,1,32,0.0,0.0,0,0,0.0,0.0,0,0
59499,95851566,5,9,11607,62,8760,0,2321.4,3802.3154,20,0,6.888889,5.3019915,121.74032,0.14605917,7.3731975e+06,2.65e+07,95700000,0,95900000,2.4e+07,4.79e+07,95800000,193,95800000,1.2e+07,3.38e+07,95700000,0,0,0,0,0,112,192,0.05216399,0.09389518,0,8760,778.3333,2325.1504,5.4063245e+06,0,0,0,0,1,1,0,0,1,833.9286,2321.4,6.888889,112,0,0,0,0,0,0,5,11607,9,62,229,256,3,20,89787.0,0.0,89787,89787,9.57e+07,0.0,95700000,95700000
53,51239,1,1,54,116,54,54,54.0,0.0,116,116,116.0,0.0,3317.7854,39.03277,51239.0,0.0,51239,51239,0,0.0,0.0,0,0,0,0.0,0.0,0,0,0,0,0,0,20,20,19.516384,19.516384,54,116,74.666664,35.795715,1281.3334,0,0,0,0,0,0,0,0,1,112.0,54.0,116.0,20,0,0,0,0,0,0,1,54,1,116,-1,-1,0,20,0.0,0.0,0,0,0.0,0.0,0,0
53,60536,1,1,54,70,54,54,54.0,0.0,70,70,70.0,0.0,2048.368,33.038193,60536.0,0.0,60536,60536,0,0.0,0.0,0,0,0,0.0,0.0,0,0,0,0,0,0,20,20,16.519096,16.519096,54,70,59.333332,9.237604,85.333336,0,0,0,0,0,0,0,0,1,89.0,54.0,70.0,20,0,0,0,0,0,0,1,54,1,70,-1,-1,0,20,0.0,0.0,0,0,0.0,0.0,0,0
54842,4,2,0,12,0,6,6,6.0,0.0,0,0,0.0,0.0,3e+06,500000.0,4.0,0.0,4,4,4,4.0,0.0,4,4,0,0.0,0.0,0,0,0,0,0,0,40,0,500000.0,0.0,6,6,6.0,0.0,0.0,0,0,0,0,1,0,0,0,0,9.0,6.0,0.0,40,0,0,0,0,0,0,2,12,0,0,62,-1,1,20,0.0,0.0,0,0,0.0,0.0,0,0
80,14691,2,0,12,0,6,6,6.0,0.0,0,0,0.0,0.0,816.8266,136.13777,14691.0,0.0,14691,14691,14691,14691.0,0.0,14691,14691,0,0.0,0.0,0,0,0,0,0,0,40,0,136.13777,0.0,6,6,6.0,0.0,0.0,0,0,0,0,1,0,0,0,0,9.0,6.0,0.0,40,0,0,0,0,0,0,2,12,0,0,255,-1,1,20,0.0,0.0,0,0,0.0,0.0,0,0
53,93246,1,1,43,279,43,43,43.0,0.0,279,279,279.0,0.0,3453.2312,21.44864,93246.0,0.0,93246,93246,0,0.0,0.0,0,0,0,0.0,0.0,0,0,0,0,0,0,40,32,10.72432,10.72432,43,279,121.666664,136.25467,18565.334,0,0,0,0,0,0,0,0,1,182.5,43.0,279.0,40,0,0,0,0,0,0,1,43,1,279,-1,-1,0,40,0.0,0.0,0,0,0.0,0.0,0,0
53,31068,1,1,48,114,48,48,48.0,0.0,114,114,114.0,0.0,5214.3687,64.374916,31068.0,0.0,31068,31068,0,0.0,0.0,0,0,0,0.0,0.0,0,0,0,0,0,0,40,32,32.187458,32.187458,48,114,70.0,38.105118,1452.0,0,0,0,0,0,0,0,0,1,105.0,48.0,114.0,40,0,0,0,0,0,0,1,48,1,114,-1,-1,0,40,0.0,0.0,0,0,0.0,0.0,0,0
53,296,2,2,64,96,32,32,32.0,0.0,48,48,48.0,0.0,540540.56,13513.514,98.666664,86.892654,199,48,48,48.0,0.0,48,48,49,49.0,0.0,49,49,0,0,0,0,64,64,6756.757,6756.757,32,48,38.4,8.763561,76.8,0,0,0,0,0,0,0,0,1,48.0,32.0,48.0,64,0,0,0,0,0,0,2,64,2,96,-1,-1,1,32,0.0,0.0,0,0,0.0,0.0,0,0
53,264682,1,1,50,189,50,50,50.0,0.0,189,189,189.0,0.0,902.97034,7.556237,264682.0,0.0,264682,264682,0,0.0,0.0,0,0,0,0.0,0.0,0,0,0,0,0,0,40,20,3.7781186,3.7781186,50,189,96.333336,80.251686,6440.3335,0,0,0,0,0,0,0,0,1,144.5,50.0,189.0,40,0,0,0,0,0,0,1,50,1,189,-1,-1,0,40,0.0,0.0,0,0,0.0,0.0,0,0
43876,4,2,0,31,0,31,0,15.5,21.920311,0,0,0.0,0.0,7.75e+06,500000.0,4.0,0.0,4,4,4,4.0,0.0,4,4,0,0.0,0.0,0,0,1,0,0,0,64,0,500000.0,0.0,0,31,20.666666,17.897858,320.33334,0,1,0,0,1,0,0,0,0,31.0,15.5,0.0,64,0,0,0,0,0,0,2,31,0,0,939,-1,0,32,0.0,0.0,0,0,0.0,0.0,0,0
57184,98,1,1,0,0,0,0,0.0,0.0,0,0,0.0,0.0,0.0,20408.164,98.0,0.0,98,98,0,0.0,0.0,0,0,0,0.0,0.0,0,0,0,0,0,0,32,32,10204.082,10204.082,0,0,0.0,0.0,0.0,0,0,0,0,1,1,0,0,1,0.0,0.0,0.0,32,0,0,0,0,0,0,1,0,1,0,357,32832,0,32,0.0,0.0,0,0,0.0,0.0,0,0
53,166,2,2,46,46,23,23,23.0,0.0,23,23,23.0,0.0,554216.9,24096.385,55.333332,93.24341,163,1,2,2.0,0.0,2,2,1,1.0,0.0,1,1,0,0,0,0,40,40,12048.192,12048.192,23,23,23.0,0.0,0.0,0,0,0,0,0,0,0,0,1,28.75,23.0,23.0,40,0,0,0,0,0,0,2,46,2,46,-1,-1,1,20,0.0,0.0,0,0,0.0,0.0,0,0
88,435,2,2,348,358,174,174,174.0,0.0,179,179,179.0,0.0,1.6229885e+06,9195.402,145.0,167.14365,338,48,49,49.0,0.0,49,49,48,48.0,0.0,48,48,0,0,0,0,64,64,4597.701,4597.701,174,179,176.0,2.738613,7.5,0,0,0,0,0,0,0,0,1,220.0,174.0,179.0,64,0,0,0,0,0,0,2,348,2,358,-1,-1,1,32,0.0,0.0,0,0,0.0,0.0,0,0
443,31667036,11,11,1706,4138,664,0,155.09091,259.5729,1867,0,376.18182,654.38947,184.54521,0.69472873,1.5079541e+06,3.557266e+06,10064927,4,21800107,2.1800108e+06,4.181608e+06,10100556,197,31631358,3.1631358e+06,4.74137e+06,10100531,4,0,0,0,0,232,256,0.34736437,0.34736437,0,1867,254.08696,490.47183,240562.62,0,0,0,1,0,0,0,0,1,265.63635,155.09091,376.18182,232,0,0,0,0,0,0,11,1706,11,4138,8192,65,10,20,578866.3,940936.3,1665366,35604,9.976811e+06,126932.16,10064927,9831321
53,157,2,2,106,238,53,53,53.0,0.0,119,119,119.0,0.0,2.1910828e+06,25477.707,52.333332,84.58329,150,3,4,4.0,0.0,4,4,3,3.0,0.0,3,3,0,0,0,0,64,64,12738.854,12738.854,53,119,79.4,36.14969,1306.8,0,0,0,0,0,0,0,0,1,99.25,53.0,119.0,64,0,0,0,0,0,0,2,106,2,238,-1,-1,1,32,0.0,0.0,0,0,0.0,0.0,0,0
4802,26,1,1,6,6,6,6,6.0,0.0,6,6,6.0,0.0,461538.47,76923.08,26.0,0.0,26,26,0,0.0,0.0,0,0,0,0.0,0.0,0,0,0,0,0,0,20,20,38461.54,38461.54,6,6,6.0,0.0,0.0,0,0,0,0,1,1,0,0,1,9.0,6.0,6.0,20,0,0,0,0,0,0,1,6,1,6,58,256,0,20,0.0,0.0,0,0,0.0,0.0,0,0
5187,1,2,0,617,0,617,0,308.5,436.28488,0,0,0.0,0.0,6.17e+08,2e+06,1.0,0.0,1,1,1,1.0,0.0,1,1,0,0.0,0.0,0,0,1,0,0,0,64,0,2e+06,0.0,0,617,411.33334,356.22513,126896.336,0,1,0,0,1,0,0,0,0,617.0,308.5,0.0,64,0,0,0,0,0,0,2,617,0,0,229,-1,0,32,0.0,0.0,0,0,0.0,0.0,0,0
61274,44,1,1,6,6,6,6,6.0,0.0,6,6,6.0,0.0,272727.28,45454.547,44.0,0.0,44,44,0,0.0,0.0,0,0,0,0.0,0.0,0,0,0,0,0,0,20,20,22727.273,22727.273,6,6,6.0,0.0,0.0,0,0,0,0,1,0,0,0,1,9.0,6.0,6.0,20,0,0,0,0,0,0,1,6,1,6,32,32850,0,20,0.0,0.0,0,0,0.0,0.0,0,0
443,5535734,8,6,309,147,227,0,38.625,78.51831,102,0,24.5,42.017853,82.3739,2.5290232,425825.7,1.4228808e+06,5158040,1,5535734,790819.1,1.9817986e+06,5283143,40,252648,50529.6,69182.56,126765,1,0,0,0,0,264,200,1.4451561,1.0838671,0,227,30.4,61.908688,3832.6858,0,0,0,1,0,0,0,0,0,32.57143,38.625,24.5,264,0,0,0,0,0,0,8,309,6,147,29200,4658,3,32,377654.0,0.0,377654,377654,5.15804e+06,0.0,5158040,5158040
80,149,2,0,12,0,6,6,6.0,0.0,0,0,0.0,0.0,80536.914,13422.818,149.0,0.0,149,149,149,149.0,0.0,149,149,0,0.0,0.0,0,0,0,0,0,0,40,0,13422.818,0.0,6,6,6.0,0.0,0.0,0,0,0,0,1,0,0,0,0,9.0,6.0,0.0,40,0,0,0,0,0,0,2,12,0,0,63237,-1,1,20,0.0,0.0,0,0,0.0,0.0,0,0
53,400881,2,2,58,280,29,29,29.0,0.0,140,140,140.0,0.0,843.143,9.978024,133627.0,231442.69,400874,3,3,3.0,0.0,3,3,4,4.0,0.0,4,4,0,0,0,0,64,64,4.989012,4.989012,29,140,73.4,60.797203,3696.3,0,0,0,0,0,0,0,0,1,91.75,29.0,140.0,64,0,0,0,0,0,0,2,58,2,280,-1,-1,1,32,0.0,0.0,0,0,0.0,0.0,0,0
2004,4,1,1,2,6,2,2,2.0,0.0,6,6,6.0,0.0,2e+06,500000.0,4.0,0.0,4,4,0,0.0,0.0,0,0,0,0.0,0.0,0,0,0,0,0,0,24,20,250000.0,250000.0,2,6,3.3333333,2.309401,5.3333335,0,0,0,1,0,0,0,0,1,5.0,2.0,6.0,24,0,0,0,0,0,0,1,2,1,6,1024,0,0,24,0.0,0.0,0,0,0.0,0.0,0,0
80,98426729,6,7,376,11595,376,0,62.666668,153.50136,4344,0,1656.4286,1757.579,121.62347,0.13207795,8.2022275e+06,2.84e+07,98400000,1,98400000,1.97e+07,4.4e+07,98400000,1,40461,6743.5,11839.559,29200,1,0,0,0,0,200,232,0.060959052,0.07111889,0,4344,855.0714,1458.2948,2.1266238e+06,0,0,0,0,1,0,0,0,1,920.8461,62.666668,1656.4286,200,0,0,0,0,0,0,6,376,7,11595,274,235,1,32,4.0,0.0,4,4,9.84e+07,0.0,98400000,98400000
443,117040571,106,179,2439,247019,365,0,23.009434,83.30935,2896,0,1379.9944,496.58655,2131.3806,2.435053,412114.7,1.9583084e+06,10000000,2,117000000,1.1146721e+06,3.1105665e+06,10000000,3,111000000,625371.6,2.4177695e+06,10000000,2,0,0,0,0,3412,5736,0.90566885,1.5293843,0,2896,872.2308,767.7245,589400.9,0,0,0,1,0,0,0,0,1,875.2912,23.009434,1379.9944,3412,0,0,0,0,0,0,106,2439,179,247019,29200,72,9,32,108988.414,325216.66,1141690,14967,9.644388e+06,1.2392284e+06,10000000,5709325
53,24440,2,2,76,484,38,38,38.0,0.0,242,242,242.0,0.0,22913.258,163.66612,8146.6665,14103.513,24432,4,4,4.0,0.0,4,4,4,4.0,0.0,4,4,0,0,0,0,40,40,81.83306,81.83306,38,242,119.6,111.735405,12484.8,0,0,0,0,0,0,0,0,1,149.5,38.0,242.0,40,0,0,0,0,0,0,2,76,2,484,-1,-1,1,20,0.0,0.0,0,0,0.0,0.0,0,0
443,118334033,16,18,998,8055,329,0,62.375,92.11505,1694,0,447.5,623.84906,76.50378,0.28732225,3.5858798e+06,1.43e+07,58900000,3,118000000,7.8889355e+06,2.07e+07,58900000,21,118000000,6.9553075e+06,1.96e+07,59000000,3,0,0,0,0,332,372,0.13521047,0.15211178,0,1694,258.65714,487.1498,237314.94,0,0,0,1,0,0,0,0,1,266.2647,62.375,447.5,332,0,0,0,0,0,0,16,998,18,8055,8192,360,15,20,226509.0,197992.73,366511,86507,5.89e+07,63370.91,58900000,58800000
80,65173813,11,11,463,1970,463,0,42.090908,139.59975,1388,0,179.09091,437.31668,37.330944,0.3375589,3.103515e+06,4.621131e+06,10200000,3,61400000,6.1379255e+06,5.245629e+06,10200000,3,65100000,6.5087435e+06,4.901591e+06,10200000,3,0,0,0,0,360,360,0.16877945,0.16877945,0,1388,105.78261,317.82413,101012.18,0,0,0,1,0,0,0,0,1,110.59091,42.090908,179.09091,360,0,0,0,0,0,0,11,463,11,1970,29200,4663,1,32,101248.836,36072.445,174873,86166,1.01e+07,60868.668,10200000,10000000
53,31557,2,2,86,196,43,43,43.0,0.0,98,98,98.0,0.0,8936.211,126.75476,10519.0,18213.38,31550,3,4,4.0,0.0,4,4,3,3.0,0.0,3,3,0,0,0,0,64,64,63.37738,63.37738,43,98,65.0,30.12474,907.5,0,0,0,0,0,0,0,0,1,81.25,43.0,98.0,64,0,0,0,0,0,0,2,86,2,196,-1,-1,1,32,0.0,0.0,0,0,0.0,0.0,0,0
443,60975504,16,12,930,3396,600,0,58.125,155.65683,1627,0,283.0,591.1044,70.946526,0.4592008,2.258352e+06,4.239981e+06,10200000,41,61000000,4.0650335e+06,5.1100955e+06,10200000,148,60900000,5.535679e+06,5.2574905e+06,10200000,204,0,0,0,0,520,392,0.26240045,0.19680034,0,1627,149.17241,404.2934,163453.14,0,0,0,1,0,0,0,0,0,154.5,58.125,283.0,520,0,0,0,0,0,0,16,930,12,3396,29200,123,3,32,121669.836,95009.32,315606,82640,1e+07,171971.2,10200000,9716009
53,47704,2,2,70,200,35,35,35.0,0.0,100,100,100.0,0.0,5659.903,83.85041,15901.333,27497.76,47653,3,48,48.0,0.0,48,48,3,3.0,0.0,3,3,0,0,0,0,80,40,41.925205,41.925205,35,100,61.0,35.601967,1267.5,0,0,0,0,0,0,0,0,1,76.25,35.0,100.0,80,0,0,0,0,0,0,2,70,2,200,-1,-1,1,40,0.0,0.0,0,0,0.0,0.0,0,0
53,215,2,2,64,218,32,32,32.0,0.0,109,109,109.0,0.0,1.3116279e+06,18604.65,71.666664,85.00784,166,1,1,1.0,0.0,1,1,48,48.0,0.0,48,48,0,0,0,0,80,80,9302.325,9302.325,32,109,62.8,42.174637,1778.7,0,0,0,0,0,0,0,0,1,78.5,32.0,109.0,80,0,0,0,0,0,0,2,64,2,218,-1,-1,1,40,0.0,0.0,0,0,0.0,0.0,0,0
53,324090,1,1,56,209,56,56,56.0,0.0,209,209,209.0,0.0,817.67413,6.1711254,324090.0,0.0,324090,324090,0,0.0,0.0,0,0,0,0.0,0.0,0,0,0,0,0,0,32,32,3.0855627,3.0855627,56,209,107.0,88.334595,7803.0,0,0,0,0,0,0,0,0,1,160.5,56.0,209.0,32,0,0,0,0,0,0,1,56,1,209,-1,-1,0,32,0.0,0.0,0,0,0.0,0.0,0,0
443,63749591,7,2,169,92,46,0,24.142857,23.197906,46,46,46.0,0.0,4.094144,0.14117737,7.968699e+06,2.04e+07,58200000,4,63700000,1.06e+07,2.34e+07,58200000,4,58200000,5.82e+07,0.0,58200000,58200000,1,0,0,0,224,64,0.10980462,0.03137275,0,46,30.7,21.684864,470.23334,0,1,0,0,1,0,0,0,0,34.11111,24.142857,46.0,224,0,0,0,0,0,0,7,169,2,92,1053,483,3,32,36499.5,198.697,36640,36359,3.18e+07,3.72e+07,58200000,5500039
443,4038948,5,1,117,41,45,0,23.4,21.96133,41,41,41.0,0.0,39.1191,1.4855354,807789.6,1.7865916e+06,4003627,48,4038948,1.009737e+06,1.995995e+06,4003627,56,0,0.0,0.0,0,0,1,0,0,0,160,32,1.2379462,0.24758923,0,45,28.428572,19.881794,395.2857,0,1,0,0,1,0,0,0,0,33.166668,23.4,41.0,160,0,0,0,0,0,0,5,117,1,41,338,123,2,32,0.0,0.0,0,0,0.0,0.0,0,0
443,779,2,0,0,0,0,0,0.0,0.0,0,0,0.0,0.0,0.0,2567.394,779.0,0.0,779,779,779,779.0,0.0,779,779,0,0.0,0.0,0,0,0,0,0,0,64,0,2567.394,0.0,0,0,0.0,0.0,0.0,0,0,0,0,1,0,0,0,0,0.0,0.0,0.0,64,0,0,0,0,0,0,2,0,0,0,699,-1,0,32,0.0,0.0,0,0,0.0,0.0,0,0
53,529,1,1,75,157,75,75,75.0,0.0,157,157,157.0,0.0,438563.3,3780.7183,529.0,0.0,529,529,0,0.0,0.0,0,0,0,0.0,0.0,0,0,0,0,0,0,32,32,1890.3591,1890.3591,75,157,102.333336,47.342724,2241.3333,0,0,0,0,0,0,0,0,1,153.5,75.0,157.0,32,0,0,0,0,0,0,1,75,1,157,-1,-1,0,32,0.0,0.0,0,0,0.0,0.0,0,0
443,117852261,25,23,3582,8217,789,0,143.28,290.25555,1460,0,357.26086,523.5679,100.116875,0.4072896,2.507495e+06,4.1662238e+06,10000000,36,118000000,4.908398e+06,4.7728385e+06,10100000,680,118000000,5.3546065e+06,4.7685205e+06,10100000,48,0,0,0,0,512,592,0.21213,0.1951596,0,1460,240.79591,424.7637,180424.2,0,0,0,1,0,0,0,0,0,245.8125,143.28,357.26086,512,0,0,0,0,0,0,25,3582,23,8217,8192,134,24,20,89411.92,115461.65,471804,50637,8.972246e+06,1.9868408e+06,10000000,5008492
53,643041,1,1,52,127,52,52,52.0,0.0,127,127,127.0,0.0,278.36484,3.1102216,643041.0,0.0,643041,643041,0,0.0,0.0,0,0,0,0.0,0.0,0,0,0,0,0,0,32,20,1.5551108,1.5551108,52,127,77.0,43.30127,1875.0,0,0,0,0,0,0,0,0,1,115.5,52.0,127.0,32,0,0,0,0,0,0,1,52,1,127,-1,-1,0,32,0.0,0.0,0,0,0.0,0.0,0,0
53,30817,1,1,71,87,71,71,71.0,0.0,87,87,87.0,0.0,5127.04,64.89925,30817.0,0.0,30817,30817,0,0.0,0.0,0,0,0,0.0,0.0,0,0,0,0,0,0,32,32,32.449623,32.449623,71,87,76.333336,9.237604,85.333336,0,0,0,0,0,0,0,0,1,114.5,71.0,87.0,32,0,0,0,0,0,0,1,71,1,87,-1,-1,0,32,0.0,0.0,0,0,0.0,0.0,0,0
80,119126857,23,18,3186,1579,723,0,138.52174,260.58237,321,0,87.72222,144.85197,39.99938,0.34417093,2.9781715e+06,4.453895e+06,10009450,126,119126857,5.414857e+06,4.8134555e+06,10024655,325,114184467,6.7167335e+06,4.6243225e+06,10024441,2037,0,0,0,0,472,504,0.19307148,0.15109943,0,723,113.45238,214.69254,46092.887,0,0,0,1,0,0,0,0,0,116.21951,138.52174,87.72222,472,0,0,0,0,0,0,23,3186,18,1579,8192,1120,22,20,382742.0,1.2192646e+06,4058963,14991,9.99769e+06,17751.482,10009450,9945167
53,23740,2,2,76,140,38,38,38.0,0.0,70,70,70.0,0.0,9098.567,168.49199,7913.3335,13699.367,23732,4,4,4.0,0.0,4,4,4,4.0,0.0,4,4,0,0,0,0,64,88,84.245995,84.245995,38,70,50.8,17.527122,307.2,0,0,0,0,0,0,0,0,1,63.5,38.0,70.0,64,0,0,0,0,0,0,2,76,2,140,-1,-1,1,32,0.0,0.0,0,0,0.0,0.0,0,0
14709,2,2,0,2071,0,2065,6,1035.5,1455.9329,0,0,0.0,0.0,1.04e+09,1e+06,2.0,0.0,2,2,2,2.0,0.0,2,2,0,0.0,0.0,0,0,1,0,0,0,40,0,1e+06,0.0,6,2065,1378.6666,1188.7642,1.4131604e+06,0,1,0,0,1,0,0,0,0,2068.0,1035.5,0.0,40,0,0,0,0,0,0,2,2071,0,0,256,-1,1,20,0.0,0.0,0,0,0.0,0.0,0,0
53,53211742,2,2,143,312,86,57,71.5,20.506096,170,142,156.0,19.79899,8.550744,0.07517138,1.77e+07,3.07e+07,53200000,512,53200000,5.32e+07,0.0,53200000,53200000,53200000,5.32e+07,0.0,53200000,53200000,0,0,0,0,64,52,0.03758569,0.03758569,57,170,102.4,51.305946,2632.3,0,0,0,0,0,0,0,0,1,128.0,71.5,156.0,64,0,0,0,0,0,0,2,143,2,312,-1,-1,1,32,23763.0,0.0,23763,23763,5.32e+07,0.0,53200000,53200000
53,409,1,1,48,100,48,48,48.0,0.0,100,100,100.0,0.0,361858.2,4889.9756,409.0,0.0,409,409,0,0.0,0.0,0,0,0,0.0,0.0,0,0,0,0,0,0,40,40,2444.9878,2444.9878,48,100,65.333336,30.022215,901.3333,0,0,0,0,0,0,0,0,1,98.0,48.0,100.0,40,0,0,0,0,0,0,1,48,1,100,-1,-1,0,40,0.0,0.0,0,0,0.0,0.0,0,0
80,13644,2,0,12,0,6,6,6.0,0.0,0,0,0.0,0.0,879.50745,146.58458,13644.0,0.0,13644,13644,13644,13644.0,0.0,13644,13644,0,0.0,0.0,0,0,0,0,0,0,40,0,146.58458,0.0,6,6,6.0,0.0,0.0,0,0,0,0,1,0,0,0,0,9.0,6.0,0.0,40,0,0,0,0,0,0,2,12,0,0,16425,-1,1,20,0.0,0.0,0,0,0.0,0.0,0,0
53900,42,1,1,0,0,0,0,0.0,0.0,0,0,0.0,0.0,0.0,47619.047,42.0,0.0,42,42,0,0.0,0.0,0,0,0,0.0,0.0,0,0,0,0,0,0,32,32,23809.523,23809.523,0,0,0.0,0.0,0.0,0,0,0,0,1,1,0,0,1,0.0,0.0,0.0,32,0,0,0,0,0,0,1,0,1,0,235,308,0,32,0.0,0.0,0,0,0.0,0.0,0,0
53,30456,1,1,53,117,53,53,53.0,0.0,117,117,117.0,0.0,5581.8228,65.6685,30456.0,0.0,30456,30456,0,0.0,0.0,0,0,0,0.0,0.0,0,0,0,0,0,0,20,32,32.83425,32.83425,53,117,74.333336,36.950417,1365.3334,0,0,0,0,0,0,0,0,1,111.5,53.0,117.0,20,0,0,0,0,0,0,1,53,1,117,-1,-1,0,20,0.0,0.0,0,0,0.0,0.0,0,0
52937,42,1,1,6,6,6,6,6.0,0.0,6,6,6.0,0.0,285714.28,47619.047,42.0,0.0,42,42,0,0.0,0.0,0,0,0,0.0,0.0,0,0,0,0,0,0,20,20,23809.523,23809.523,6,6,6.0,0.0,0.0,0,0,0,0,1,1,0,0,1,9.0,6.0,6.0,20,0,0,0,0,0,0,1,6,1,6,980,256,0,20,0.0,0.0,0,0,0.0,0.0,0,0
443,7161601,2,0,12,0,6,6,6.0,0.0,0,0,0.0,0.0,1.675603,0.27926716,7.161601e+06,0.0,7161601,7161601,7161601,7.161601e+06,0.0,7161601,7161601,0,0.0,0.0,0,0,0,0,0,0,40,0,0.27926716,0.0,6,6,6.0,0.0,0.0,0,0,0,0,1,0,0,0,0,9.0,6.0,0.0,40,0,0,0,0,0,0,2,12,0,0,253,-1,1,20,0.0,0.0,0,0,0.0,0.0,0,0
123,89014,1,1,48,48,48,48,48.0,0.0,48,48,48.0,0.0,1078.482,22.468376,89014.0,0.0,89014,89014,0,0.0,0.0,0,0,0,0.0,0.0,0,0,0,0,0,0,32,32,11.234188,11.234188,48,48,48.0,0.0,0.0,0,0,0,0,0,0,0,0,1,72.0,48.0,48.0,32,0,0,0,0,0,0,1,48,1,48,-1,-1,0,32,0.0,0.0,0,0,0.0,0.0,0,0
80,420846,3,4,657,433,651,0,219.0,374.135,421,0,108.25,208.51918,2590.021,16.633163,70141.0,107996.48,209577,3,209791,104895.5,148126.84,209637,154,211269,70423.0,120672.586,209761,3,0,0,0,0,72,88,7.128498,9.504664,0,651,136.25,254.28822,64662.5,0,0,0,1,0,0,0,0,1,155.71428,219.0,108.25,72,0,0,0,0,0,0,3,657,4,433,8192,5031,2,20,0.0,0.0,0,0,0.0,0.0,0,0
53,48119,2,2,62,190,31,31,31.0,0.0,95,95,95.0,0.0,5237.0166,83.12725,16039.667,27776.322,48113,3,3,3.0,0.0,3,3,3,3.0,0.0,3,3,0,0,0,0,64,64,41.563625,41.563625,31,95,56.6,35.054245,1228.8,0,0,0,0,0,0,0,0,1,70.75,31.0,95.0,64,0,0,0,0,0,0,2,62,2,190,-1,-1,1,32,0.0,0.0,0,0,0.0,0.0,0,0
53,30731,4,2,140,326,35,35,35.0,0.0,163,163,163.0,0.0,15163.841,195.24258,6146.2,13524.647,30338,0,30341,10113.667,17514.787,30338,0,4,4.0,0.0,4,4,0,0,0,0,80,40,130.16173,65.080864,35,163,71.57143,62.457603,3900.9524,0,0,0,0,0,0,0,0,0,83.5,35.0,163.0,80,0,0,0,0,0,0,4,140,2,326,-1,-1,3,20,0.0,0.0,0,0,0.0,0.0,0,0
443,5762102,2,4,52,147,46,6,26.0,28.284271,64,6,36.75,24.540783,34.536007,1.0412867,1.1524204e+06,2.5334248e+06,5684182,1,77916,77916.0,0.0,77916,77916,5736733,1.9122444e+06,3.312101e+06,5736729,1,1,0,0,0,40,80,0.34709555,0.6941911,6,64,35.0,21.992422,483.66666,0,1,0,0,1,0,0,0,2,40.833332,26.0,36.75,40,0,0,0,0,0,0,2,52,4,147,253,292,1,20,77916.0,0.0,77916,77916,5.684182e+06,0.0,5684182,5684182
32775,93,2,2,4,12,2,2,2.0,0.0,6,6,6.0,0.0,172043.02,43010.754,31.0,24.433584,48,3,48,48.0,0.0,48,48,3,3.0,0.0,3,3,0,0,0,0,48,40,21505.377,21505.377,2,6,3.6,2.1908903,4.8,0,0,0,1,0,0,0,0,1,4.5,2.0,6.0,48,0,0,0,0,0,0,2,4,2,12,1024,0,1,24,0.0,0.0,0,0,0.0,0.0,0,0
53,281,2,2,64,204,32,32,32.0,0.0,102,102,102.0,0.0,953736.6,14234.875,93.666664,158.77448,277,1,3,3.0,0.0,3,3,1,1.0,0.0,1,1,0,0,0,0,64,64,7117.4375,7117.4375,32,102,60.0,38.34058,1470.0,0,0,0,0,0,0,0,0,1,75.0,32.0,102.0,64,0,0,0,0,0,0,2,64,2,204,-1,-1,1,32,0.0,0.0,0,0,0.0,0.0,0,0
53,43520916,2,2,100,132,53,47,50.0,4.2426405,69,63,66.0,4.2426405,5.33077,0.09190983,1.45e+07,2.51e+07,43400000,23651,43500000,4.35e+07,0.0,43500000,43500000,43500000,4.35e+07,0.0,43500000,43500000,0,0,0,0,52,52,0.045954917,0.045954917,47,69,57.0,8.83176,78.0,0,0,0,0,0,0,0,0,1,71.25,50.0,66.0,52,0,0,0,0,0,0,2,100,2,132,-1,-1,1,20,48135.0,0.0,48135,48135,4.34e+07,0.0,43400000,43400000
2965,29,3,1,43,6,31,6,14.333333,14.433757,6,6,6.0,0.0,1.6896551e+06,137931.03,9.666667,13.316656,25,1,4,2.0,1.4142135,3,1,0,0.0,0.0,0,0,0,0,0,0,60,20,103448.27,34482.758,6,31,11.0,11.18034,125.0,0,0,0,0,1,0,0,0,0,13.75,14.333333,6.0,60,0,0,0,0,0,0,3,43,1,6,1129,0,2,20,0.0,0.0,0,0,0.0,0.0,0,0
53,4979471,2,2,117,170,67,50,58.5,12.020815,87,83,85.0,2.828427,57.636646,0.8032982,1.6598236e+06,2.673388e+06,4745920,53443,4799363,4.799363e+06,0.0,4799363,4799363,4926028,4.926028e+06,0.0,4926028,4926028,0,0,0,0,52,40,0.4016491,0.4016491,50,87,67.4,17.558474,308.3,0,0,0,0,0,0,0,0,1,84.25,58.5,85.0,52,0,0,0,0,0,0,2,117,2,170,-1,-1,1,20,0.0,0.0,0,0,0.0,0.0,0,0
443,110880824,13,18,471,465,63,6,36.23077,23.381453,59,6,25.833334,22.176432,8.441496,0.27957946,3.6960275e+06,7.61091e+06,24909989,192,110791362,9.232614e+06,9.89253e+06,25000185,81471,110830405,6.5194355e+06,9.26523e+06,24909989,597,1,0,0,0,260,360,0.117243,0.16233645,6,63,31.21875,23.265278,541.2732,0,1,0,0,1,0,0,0,1,32.225807,36.23077,25.833334,260,0,0,0,0,0,0,13,471,18,465,254,114,12,20,1.0870089e+06,1.9203044e+06,4880813,81471,1.7378186e+07,7.1287485e+06,24909989,7119527
53,23954,2,2,64,96,32,32,32.0,0.0,48,48,48.0,0.0,6679.4688,166.98672,7984.6665,13824.652,23948,3,3,3.0,0.0,3,3,3,3.0,0.0,3,3,0,0,0,0,40,40,83.49336,83.49336,32,48,38.4,8.763561,76.8,0,0,0,0,0,0,0,0,1,48.0,32.0,48.0,40,0,0,0,0,0,0,2,64,2,96,-1,-1,1,20,0.0,0.0,0,0,0.0,0.0,0,0
53,107839,1,1,51,209,51,51,51.0,0.0,209,209,209.0,0.0,2411.0015,18.546165,107839.0,0.0,107839,107839,0,0.0,0.0,0,0,0,0.0,0.0,0,0,0,0,0,0,40,32,9.273083,9.273083,51,209,103.666664,91.221344,8321.333,0,0,0,0,0,0,0,0,1,155.5,51.0,209.0,40,0,0,0,0,0,0,1,51,1,209,-1,-1,0,40,0.0,0.0,0,0,0.0,0.0,0,0
2033,74,2,2,4,12,2,2,2.0,0.0,6,6,6.0,0.0,216216.22,54054.055,24.666666,1.5275252,26,23,49,49.0,0.0,49,49,48,48.0,0.0,48,48,0,0,0,0,48,40,27027.027,27027.027,2,6,3.6,2.1908903,4.8,0,0,0,1,0,0,0,0,1,4.5,2.0,6.0,48,0,0,0,0,0,0,2,4,2,12,1024,0,1,24,0.0,0.0,0,0,0.0,0.0,0,0
443,60404137,19,21,1192,20634,517,0,62.736843,148.73909,2920,0,982.5714,1021.339,361.33286,0.6622063,1.548824e+06,3.6341498e+06,10000000,0,50600000,2.8138108e+06,4.612224e+06,10100000,190,60400000,3.0181328e+06,4.6858105e+06,10100000,3,0,0,0,0,400,432,0.314548,0.3476583,0,2920,532.3415,865.8978,749779.06,0,0,0,1,0,0,0,0,1,545.65,62.736843,982.5714,400,0,0,0,0,0,0,19,1192,21,20634,29200,127,18,20,106823.0,165769.73,445199,38995,9.960533e+06,119797.36,10000000,9716396
53833,55,1,1,6,6,6,6,6.0,0.0,6,6,6.0,0.0,218181.81,36363.637,55.0,0.0,55,55,0,0.0,0.0,0,0,0,0.0,0.0,0,0,0,0,0,0,20,20,18181.818,18181.818,6,6,6.0,0.0,0.0,0,0,0,0,1,1,0,0,1,9.0,6.0,6.0,20,0,0,0,0,0,0,1,6,1,6,123,256,0,20,0.0,0.0,0,0,0.0,0.0,0,0
2607,54,1,1,2,6,2,2,2.0,0.0,6,6,6.0,0.0,148148.14,37037.035,54.0,0.0,54,54,0,0.0,0.0,0,0,0,0.0,0.0,0,0,0,0,0,0,24,20,18518.518,18518.518,2,6,3.3333333,2.309401,5.3333335,0,0,0,1,0,0,0,0,1,5.0,2.0,6.0,24,0,0,0,0,0,0,1,2,1,6,1024,0,0,24,0.0,0.0,0,0,0.0,0.0,0,0
80,94323,3,4,433,2278,427,0,144.33333,244.8149,2266,0,569.5,1131.0035,28741.664,74.21307,15720.5,16925.514,34157,5,63711,31855.5,3254.8125,34157,29554,64901,21633.666,36681.848,63987,5,0,0,0,0,72,92,31.805605,42.40747,0,2266,338.875,792.69006,628357.56,0,0,0,1,0,0,0,0,1,387.2857,144.33333,569.5,72,0,0,0,0,0,0,3,433,4,2278,8192,237,2,20,0.0,0.0,0,0,0.0,0.0,0,0
53,317216,2,2,86,246,43,43,43.0,0.0,123,123,123.0,0.0,1046.6055,12.609704,105738.664,183141.28,317212,1,1,1.0,0.0,1,1,3,3.0,0.0,3,3,0,0,0,0,64,64,6.304852,6.304852,43,123,75.0,43.817806,1920.0,0,0,0,0,0,0,0,0,1,93.75,43.0,123.0,64,0,0,0,0,0,0,2,86,2,246,-1,-1,1,32,0.0,0.0,0,0,0.0,0.0,0,0
53,394,1,1,68,138,68,68,68.0,0.0,138,138,138.0,0.0,522842.62,5076.142,394.0,0.0,394,394,0,0.0,0.0,0,0,0,0.0,0.0,0,0,0,0,0,0,32,32,2538.071,2538.071,68,138,91.333336,40.41452,1633.3334,0,0,0,0,0,0,0,0,1,137.0,68.0,138.0,32,0,0,0,0,0,0,1,68,1,138,-1,-1,0,32,0.0,0.0,0,0,0.0,0.0,0,0
80,5368208,3,1,0,0,0,0,0.0,0.0,0,0,0.0,0.0,0.0,0.7451276,1.7894026e+06,3.098667e+06,5367435,190,5368208,2.684104e+06,3.794803e+06,5367435,773,0,0.0,0.0,0,0,0,0,0,0,104,40,0.5588457,0.1862819,0,0,0.0,0.0,0.0,0,0,0,1,0,0,0,0,0,0.0,0.0,0.0,104,0,0,0,0,0,0,3,0,1,0,29200,28960,0,32,0.0,0.0,0,0,0.0,0.0,0,0
53,54709,2,2,64,158,32,32,32.0,0.0,79,79,79.0,0.0,4057.8333,73.11411,18236.334,31582.791,54705,1,1,1.0,0.0,1,1,3,3.0,0.0,3,3,0,0,0,0,80,40,36.557056,36.557056,32,79,50.8,25.74296,662.7,0,0,0,0,0,0,0,0,1,63.5,32.0,79.0,80,0,0,0,0,0,0,2,64,2,158,-1,-1,1,40,0.0,0.0,0,0,0.0,0.0,0,0
53,30827,1,1,53,107,53,53,53.0,0.0,107,107,107.0,0.0,5190.2554,64.87819,30827.0,0.0,30827,30827,0,0.0,0.0,0,0,0,0.0,0.0,0,0,0,0,0,0,20,20,32.439095,32.439095,53,107,71.0,31.176914,972.0,0,0,0,0,0,0,0,0,1,106.5,53.0,107.0,20,0,0,0,0,0,0,1,53,1,107,-1,-1,0,20,0.0,0.0,0,0,0.0,0.0,0,0
53,141911,2,2,70,218,35,35,35.0,0.0,109,109,109.0,0.0,2029.441,28.18668,47303.668,81926.29,141904,3,4,4.0,0.0,4,4,3,3.0,0.0,3,3,0,0,0,0,64,64,14.09334,14.09334,35,109,64.6,40.531467,1642.8,0,0,0,0,0,0,0,0,1,80.75,35.0,109.0,64,0,0,0,0,0,0,2,70,2,218,-1,-1,1,32,0.0,0.0,0,0,0.0,0.0,0,0
57556,34,1,1,6,6,6,6,6.0,0.0,6,6,6.0,0.0,352941.2,58823.53,34.0,0.0,34,34,0,0.0,0.0,0,0,0,0.0,0.0,0,0,0,0,0,0,20,20,29411.766,29411.766,6,6,6.0,0.0,0.0,0,0,0,0,1,1,0,0,1,9.0,6.0,6.0,20,0,0,0,0,0,0,1,6,1,6,913,16425,0,20,0.0,0.0,0,0,0.0,0.0,0,0
53573,209,2,0,37,0,37,0,18.5,26.16295,0,0,0.0,0.0,177033.5,9569.378,209.0,0.0,209,209,209,209.0,0.0,209,209,0,0.0,0.0,0,0,1,0,0,0,64,0,9569.378,0.0,0,37,24.666666,21.36196,456.33334,0,1,0,0,1,0,0,0,0,37.0,18.5,0.0,64,0,0,0,0,0,0,2,37,0,0,973,-1,0,32,0.0,0.0,0,0,0.0,0.0,0,0
443,115073369,16,16,1374,1058,681,0,85.875,232.31326,529,0,66.125,180.6879,21.134342,0.27808344,3.7120442e+06,4.7871885e+06,10200000,21976,115000000,7.671558e+06,4.110313e+06,10200000,109460,115000000,7.666497e+06,4.1326808e+06,10200000,33779,0,0,0,0,320,464,0.13904172,0.13904172,0,681,73.72727,202.1632,40869.953,0,0,0,0,1,0,0,0,1,76.03125,85.875,66.125,320,0,0,0,0,0,0,16,1374,16,1058,252,189,13,20,201979.19,596525.1,2000570,21976,1e+07,63179.836,10200000,9951328
443,95353,1,1,0,0,0,0,0.0,0.0,0,0,0.0,0.0,0.0,20.974693,95353.0,0.0,95353,95353,0,0.0,0.0,0,0,0,0.0,0.0,0,0,0,0,0,0,32,32,10.487347,10.487347,0,0,0.0,0.0,0.0,0,0,0,0,1,1,0,0,1,0.0,0.0,0.0,32,0,0,0,0,0,0,1,0,1,0,304,252,0,32,0.0,0.0,0,0,0.0,0.0,0,0
53832,38,1,1,6,6,6,6,6.0,0.0,6,6,6.0,0.0,315789.47,52631.58,38.0,0.0,38,38,0,0.0,0.0,0,0,0,0.0,0.0,0,0,0,0,0,0,20,20,26315.79,26315.79,6,6,6.0,0.0,0.0,0,0,0,0,1,1,0,0,1,9.0,6.0,6.0,20,0,0,0,0,0,0,1,6,1,6,946,256,0,20,0.0,0.0,0,0,0.0,0.0,0,0
443,297517,7,6,641,356,437,0,91.57143,161.31837,181,0,59.333332,80.06414,3351.069,43.69498,24793.084,44183.277,100263,1,199659,33276.5,50690.594,100311,4,200486,40097.2,54448.703,100739,1,0,0,0,0,236,200,23.528067,20.166914,0,437,71.21429,123.10482,15154.797,0,0,0,1,0,0,0,0,0,76.69231,91.57143,59.333332,236,0,0,0,0,0,0,7,641,6,356,65535,130,4,32,0.0,0.0,0,0,0.0,0.0,0,0
51851,3,2,0,0,0,0,0,0.0,0.0,0,0,0.0,0.0,0.0,666666.7,3.0,0.0,3,3,3,3.0,0.0,3,3,0,0.0,0.0,0,0,0,0,0,0,64,0,666666.7,0.0,0,0,0.0,0.0,0.0,0,0,0,0,1,0,0,0,0,0.0,0.0,0.0,64,0,0,0,0,0,0,2,0,0,0,4171,-1,0,32,0.0,0.0,0,0,0.0,0.0,0,0
80,90150149,3,3,18,18,6,6,6.0,0.0,6,6,6.0,0.0,0.39933378,0.06655563,1.803003e+07,2.4619184e+07,45002641,50670,90099479,4.504974e+07,5144.2017,45053377,45046102,90099395,4.5049696e+07,5110.2607,45053311,45046084,0,0,0,0,60,60,0.033277813,0.033277813,6,6,6.0,0.0,0.0,0,0,0,0,1,0,0,0,1,7.0,6.0,6.0,60,0,0,0,0,0,0,3,18,3,18,252,127,2,20,50745.0,12.727922,50754,50736,4.4998996e+07,5156.9297,45002641,44995348
80,5887698,3,1,0,0,0,0,0.0,0.0,0,0,0.0,0.0,0.0,0.6793827,1.962566e+06,3.3858735e+06,5872226,42,5887698,2.943849e+06,4.1413505e+06,5872226,15472,0,0.0,0.0,0,0,0,0,0,0,104,40,0.509537,0.16984567,0,0,0.0,0.0,0.0,0,0,0,1,0,0,0,0,0,0.0,0.0,0.0,104,0,0,0,0,0,0,3,0,1,0,29200,28960,0,32,0.0,0.0,0,0,0.0,0.0,0,0
53,199,2,2,72,288,36,36,36.0,0.0,144,144,144.0,0.0,1.8090452e+06,20100.502,66.333336,108.83167,192,3,4,4.0,0.0,4,4,3,3.0,0.0,3,3,0,0,0,0,40,40,10050.251,10050.251,36,144,79.2,59.154037,3499.2,0,0,0,0,0,0,0,0,1,99.0,36.0,144.0,40,0,0,0,0,0,0,2,72,2,288,-1,-1,1,20,0.0,0.0,0,0,0.0,0.0,0,0
53,23487,1,1,45,61,45,45,45.0,0.0,61,61,61.0,0.0,4513.135,85.15349,23487.0,0.0,23487,23487,0,0.0,0.0,0,0,0,0.0,0.0,0,0,0,0,0,0,20,20,42.576744,42.576744,45,61,50.333332,9.237604,85.333336,0,0,0,0,0,0,0,0,1,75.5,45.0,61.0,20,0,0,0,0,0,0,1,45,1,61,-1,-1,0,20,0.0,0.0,0,0,0.0,0.0,0,0
53,60844,4,2,164,318,41,41,41.0,0.0,159,159,159.0,0.0,7921.8984,98.61285,12168.8,16740.646,32769,3,32776,10925.333,18917.17,32769,3,4,4.0,0.0,4,4,0,0,0,0,104,40,65.7419,32.87095,41,159,74.71429,57.578106,3315.238,0,0,0,0,0,0,0,0,0,87.166664,41.0,159.0,104,0,0,0,0,0,0,4,164,2,318,-1,-1,3,20,0.0,0.0,0,0,0.0,0.0,0,0
53,227,2,2,64,328,32,32,32.0,0.0,164,164,164.0,0.0,1.7268722e+06,17621.145,75.666664,47.0567,130,48,48,48.0,0.0,48,48,49,49.0,0.0,49,49,0,0,0,0,40,40,8810.572,8810.572,32,164,84.8,72.29938,5227.2,0,0,0,0,0,0,0,0,1,106.0,32.0,164.0,40,0,0,0,0,0,0,2,64,2,328,-1,-1,1,20,0.0,0.0,0,0,0.0,0.0,0,0
443,47410332,17,14,1158,12322,917,0,68.117645,221.81746,1588,0,880.1429,702.98145,284.3262,0.65386593,1.5803444e+06,8.599e+06,47100000,14,47400000,2.9631458e+06,1.18e+07,47100000,48,240010,18462.309,26904.725,61958,59,0,0,0,0,556,456,0.35857162,0.29529428,0,1588,421.25,633.912,401844.38,0,0,0,1,0,0,0,0,0,434.8387,68.117645,880.1429,556,0,0,0,0,0,0,17,1158,14,12322,65535,121,5,32,301377.0,0.0,301377,301377,4.71e+07,0.0,47100000,47100000
53,31206,2,2,68,182,34,34,34.0,0.0,91,91,91.0,0.0,8011.28,128.18048,10402.0,18013.328,31202,1,1,1.0,0.0,1,1,3,3.0,0.0,3,3,0,0,0,0,64,64,64.09024,64.09024,34,91,56.8,31.220186,974.7,0,0,0,0,0,0,0,0,1,71.0,34.0,91.0,64,0,0,0,0,0,0,2,68,2,182,-1,-1,1,32,0.0,0.0,0,0,0.0,0.0,0,0
16001,1,2,0,4,0,2,2,2.0,0.0,0,0,0.0,0.0,4e+06,2e+06,1.0,0.0,1,1,1,1.0,0.0,1,1,0,0.0,0.0,0,0,0,0,0,0,48,0,2e+06,0.0,2,2,2.0,0.0,0.0,0,0,0,1,0,0,0,0,0,3.0,2.0,0.0,48,0,0,0,0,0,0,2,4,0,0,1024,-1,1,24,0.0,0.0,0,0,0.0,0.0,0,0
53,31678,1,1,45,102,45,45,45.0,0.0,102,102,102.0,0.0,4640.4443,63.1353,31678.0,0.0,31678,31678,0,0.0,0.0,0,0,0,0.0,0.0,0,0,0,0,0,0,32,32,31.56765,31.56765,45,102,64.0,32.908966,1083.0,0,0,0,0,0,0,0,0,1,96.0,45.0,102.0,32,0,0,0,0,0,0,1,45,1,102,-1,-1,0,32,0.0,0.0,0,0,0.0,0.0,0,0
64092,8134819,8,9,12976,56,5840,0,1622.0,1821.8756,20,0,6.2222223,5.7831173,1602.0024,2.0897822,508426.2,2.0086436e+06,8040758,3,8134819,1.162117e+06,3.063356e+06,8109136,45,8102784,1.012848e+06,2.8397252e+06,8040758,3,1,0,0,0,172,204,0.9834269,1.1063553,0,5840,800.3889,1427.4973,2.0377485e+06,0,1,0,0,1,1,0,0,1,847.4706,1622.0,6.2222223,172,0,0,0,0,0,0,8,12976,9,56,229,256,6,20,68220.0,0.0,68220,68220,8.040758e+06,0.0,8040758,8040758
53,32564,2,2,86,86,43,43,43.0,0.0,43,43,43.0,0.0,5281.9062,122.83503,10854.667,18794.771,32557,3,3,3.0,0.0,3,3,4,4.0,0.0,4,4,0,0,0,0,40,40,61.417515,61.417515,43,43,43.0,0.0,0.0,0,0,0,0,0,0,0,0,1,53.75,43.0,43.0,40,0,0,0,0,0,0,2,86,2,86,-1,-1,1,20,0.0,0.0,0,0,0.0,0.0,0,0
80,5100804,3,1,0,0,0,0,0.0,0.0,0,0,0.0,0.0,0.0,0.7841901,1.700268e+06,2.9249075e+06,5077634,64,5100804,2.550402e+06,3.5740458e+06,5077634,23170,0,0.0,0.0,0,0,0,0,0,0,104,40,0.5881426,0.19604753,0,0,0.0,0.0,0.0,0,0,0,1,0,0,0,0,0,0.0,0.0,0.0,104,0,0,0,0,0,0,3,0,1,0,29200,4380,0,32,0.0,0.0,0,0,0.0,0.0,0,0
53,23319,1,1,51,135,51,51,51.0,0.0,135,135,135.0,0.0,7976.328,85.76697,23319.0,0.0,23319,23319,0,0.0,0.0,0,0,0,0.0,0.0,0,0,0,0,0,0,32,20,42.883484,42.883484,51,135,79.0,48.49742,2352.0,0,0,0,0,0,0,0,0,1,118.5,51.0,135.0,32,0,0,0,0,0,0,1,51,1,135,-1,-1,0,32,0.0,0.0,0,0,0.0,0.0,0,0
53,60563,1,1,64,117,64,64,64.0,0.0,117,117,117.0,0.0,2988.6235,33.023464,60563.0,0.0,60563,60563,0,0.0,0.0,0,0,0,0.0,0.0,0,0,0,0,0,0,32,32,16.511732,16.511732,64,117,81.666664,30.599564,936.3333,0,0,0,0,0,0,0,0,1,122.5,64.0,117.0,32,0,0,0,0,0,0,1,64,1,117,-1,-1,0,32,0.0,0.0,0,0,0.0,0.0,0,0
53,162,2,2,60,264,30,30,30.0,0.0,132,132,132.0,0.0,2e+06,24691.357,54.0,88.334595,156,3,3,3.0,0.0,3,3,3,3.0,0.0,3,3,0,0,0,0,64,40,12345.679,12345.679,30,132,70.8,55.867702,3121.2,0,0,0,0,0,0,0,0,1,88.5,30.0,132.0,64,0,0,0,0,0,0,2,60,2,264,-1,-1,1,32,0.0,0.0,0,0,0.0,0.0,0,0
53,30894,2,2,76,108,38,38,38.0,0.0,54,54,54.0,0.0,5955.849,129.47498,10298.0,17831.463,30888,3,3,3.0,0.0,3,3,3,3.0,0.0,3,3,0,0,0,0,64,64,64.73749,64.73749,38,54,44.4,8.763561,76.8,0,0,0,0,0,0,0,0,1,55.5,38.0,54.0,64,0,0,0,0,0,0,2,76,2,108,-1,-1,1,32,0.0,0.0,0,0,0.0,0.0,0,0
53,46734,1,1,50,148,50,50,50.0,0.0,148,148,148.0,0.0,4236.744,42.795395,46734.0,0.0,46734,46734,0,0.0,0.0,0,0,0,0.0,0.0,0,0,0,0,0,0,20,20,21.397697,21.397697,50,148,82.666664,56.580326,3201.3333,0,0,0,0,0,0,0,0,1,124.0,50.0,148.0,20,0,0,0,0,0,0,1,50,1,148,-1,-1,0,20,0.0,0.0,0,0,0.0,0.0,0,0
443,6074878,8,4,612,3114,342,0,76.5,125.55477,1460,0,778.5,745.9354,613.34564,1.9753484,552261.6,1.6558599e+06,5540962,4,6074878,867839.7,2.062241e+06,5540962,4,335947,111982.336,97199.34,177235,272,0,0,0,0,172,92,1.3168988,0.6584494,0,1460,286.6154,515.00366,265228.75,0,0,0,1,0,0,0,0,0,310.5,76.5,778.5,172,0,0,0,0,0,0,8,612,4,3114,8192,547,7,20,533912.0,0.0,533912,533912,5.540962e+06,0.0,5540962,5540962
53,193385,1,1,54,158,54,54,54.0,0.0,158,158,158.0,0.0,1096.2588,10.342064,193385.0,0.0,193385,193385,0,0.0,0.0,0,0,0,0.0,0.0,0,0,0,0,0,0,32,20,5.171032,5.171032,54,158,88.666664,60.04443,3605.3333,0,0,0,0,0,0,0,0,1,133.0,54.0,158.0,32,0,0,0,0,0,0,1,54,1,158,-1,-1,0,32,0.0,0.0,0,0,0.0,0.0,0,0
80,61165217,47,64,750,81473,267,0,15.957447,53.54923,4380,0,1273.0156,1285.8326,1344.2771,1.8147569,556047.44,2.2137722e+06,10000000,1,52400000,1.1384706e+06,3.1918398e+06,10300000,81,60900000,966324.4,2.9436228e+06,10300000,2,0,0,0,0,1048,1352,0.76841056,1.0463463,0,4380,734.1339,1153.372,1.3302668e+06,0,0,0,1,0,0,0,0,1,740.74774,15.957447,1273.0156,1048,0,0,0,0,0,0,47,750,64,81473,8192,131,38,20,524345.2,544752.75,1498747,271141,9.949585e+06,129265.46,10000000,9718424
53,43903,2,2,64,180,32,32,32.0,0.0,90,90,90.0,0.0,5557.7065,91.10995,14634.333,25262.54,43805,49,49,49.0,0.0,49,49,49,49.0,0.0,49,49,0,0,0,0,64,40,45.554974,45.554974,32,90,55.2,31.767908,1009.2,0,0,0,0,0,0,0,0,1,69.0,32.0,90.0,64,0,0,0,0,0,0,2,64,2,180,-1,-1,1,32,0.0,0.0,0,0,0.0,0.0,0,0
53,202,2,2,62,228,31,31,31.0,0.0,114,114,114.0,0.0,1.4356436e+06,19801.98,67.333336,76.55281,152,3,3,3.0,0.0,3,3,47,47.0,0.0,47,47,0,0,0,0,64,64,9900.99,9900.99,31,114,64.2,45.46097,2066.7,0,0,0,0,0,0,0,0,1,80.25,31.0,114.0,64,0,0,0,0,0,0,2,62,2,228,-1,-1,1,32,0.0,0.0,0,0,0.0,0.0,0,0
39949,55,1,1,0,0,0,0,0.0,0.0,0,0,0.0,0.0,0.0,36363.637,55.0,0.0,55,55,0,0.0,0.0,0,0,0,0.0,0.0,0,0,0,0,0,0,32,32,18181.818,18181.818,0,0,0.0,0.0,0.0,0,0,0,0,1,1,0,0,1,0.0,0.0,0.0,32,0,0,0,0,0,0,1,0,1,0,114,229,0,32,0.0,0.0,0,0,0.0,0.0,0,0
80,98657484,6,5,299,11595,299,0,49.833332,122.06624,8688,0,2319.0,3774.2375,120.55852,0.111496866,9.865748e+06,3.12e+07,98600000,1,98700000,1.97e+07,4.41e+07,98600000,1,8250,2062.5,3382.7593,7132,192,0,0,0,0,200,168,0.06081647,0.05068039,0,8688,991.1667,2561.4048,6.560795e+06,0,0,0,0,1,0,0,0,0,1081.2727,49.833332,2319.0,200,0,0,0,0,0,0,6,299,5,11595,251,235,1,32,4.0,0.0,4,4,9.86e+07,0.0,98600000,98600000
59064,69,1,1,0,0,0,0,0.0,0.0,0,0,0.0,0.0,0.0,28985.508,69.0,0.0,69,69,0,0.0,0.0,0,0,0,0.0,0.0,0,0,0,0,0,0,32,32,14492.754,14492.754,0,0,0.0,0.0,0.0,0,0,0,0,1,1,0,0,1,0.0,0.0,0.0,32,0,0,0,0,0,0,1,0,1,0,972,4123,0,32,0.0,0.0,0,0,0.0,0.0,0,0
53,23944,2,2,86,196,43,43,43.0,0.0,98,98,98.0,0.0,11777.48,167.05646,7981.3335,13779.926,23893,3,3,3.0,0.0,3,3,48,48.0,0.0,48,48,0,0,0,0,64,64,83.52823,83.52823,43,98,65.0,30.12474,907.5,0,0,0,0,0,0,0,0,1,81.25,43.0,98.0,64,0,0,0,0,0,0,2,86,2,196,-1,-1,1,32,0.0,0.0,0,0,0.0,0.0,0,0
443,4105342,5,1,135,46,46,6,27.0,20.12461,46,46,46.0,0.0,44.088898,1.4615104,821068.4,1.6977364e+06,3854032,48,4105342,1.0263355e+06,1.8887479e+06,3854032,48,0,0.0,0.0,0,0,1,0,0,0,100,20,1.2179253,0.24358507,6,46,32.42857,18.866701,355.9524,0,1,0,0,1,0,0,0,0,37.833332,27.0,46.0,100,0,0,0,0,0,0,5,135,1,46,256,351,4,20,0.0,0.0,0,0,0.0,0.0,0,0
443,115821985,58,113,4570,199855,517,0,78.793106,160.80136,2896,0,1768.6283,1000.747,1764.993,1.4764036,681305.8,2.489678e+06,10024609,1,115821985,2.0319646e+06,4.0001322e+06,10048052,3,111125145,992188.8,3.0008758e+06,10048240,2,0,0,0,0,1888,3624,0.5007685,0.9756352,0,2896,1188.5175,1145.8235,1.3129115e+06,0,0,0,1,0,0,0,0,1,1195.4679,78.793106,1768.6283,1888,0,0,0,0,0,0,58,4570,113,199855,29200,1274,13,32,81489.63,192059.58,660571,23404,1.0020806e+07,8841.98,10024609,9996494
53,150,2,2,86,142,43,43,43.0,0.0,71,71,71.0,0.0,1.52e+06,26666.666,50.0,81.40639,144,3,3,3.0,0.0,3,3,3,3.0,0.0,3,3,0,0,0,0,64,64,13333.333,13333.333,43,71,54.2,15.336231,235.2,0,0,0,0,0,0,0,0,1,67.75,43.0,71.0,64,0,0,0,0,0,0,2,86,2,142,-1,-1,1,32,0.0,0.0,0,0,0.0,0.0,0,0
443,14515907,7,12,1707,9027,1093,0,243.85715,399.99435,1997,0,752.25,787.53503,739.46466,1.3089089,806439.25,3.3591515e+06,14265760,4,250147,41691.168,59987.953,160684,84,14487522,1.3170475e+06,4.2948115e+06,14265867,4,0,0,0,0,152,252,0.4822296,0.8266793,0,1997,536.7,696.9175,485694.0,0,0,0,1,0,0,0,0,1,564.9474,243.85715,752.25,152,0,0,0,0,0,0,7,1707,12,9027,8192,5120,6,20,0.0,0.0,0,0,0.0,0.0,0,0
443,4125613,5,1,135,46,46,6,27.0,20.12461,46,46,46.0,0.0,43.87227,1.4543294,825122.6,1.7122531e+06,3884722,4,4125613,1.03140325e+06,1.9053048e+06,3884722,4,0,0.0,0.0,0,0,1,0,0,0,100,20,1.2119411,0.24238822,6,46,32.42857,18.866701,355.9524,0,1,0,0,1,0,0,0,0,37.833332,27.0,46.0,100,0,0,0,0,0,0,5,135,1,46,257,393,4,20,0.0,0.0,0,0,0.0,0.0,0,0
59640,13361,3,1,50,6,38,6,16.666666,18.475208,6,6,6.0,0.0,4191.303,299.37878,4453.6665,7667.246,13307,4,13361,6680.5,9441.997,13357,4,0,0.0,0.0,0,0,0,0,0,0,60,20,224.53409,74.844696,6,38,12.4,14.310835,204.8,0,0,0,0,1,0,0,0,0,15.5,16.666666,6.0,60,0,0,0,0,0,0,3,50,1,6,351,0,2,20,0.0,0.0,0,0,0.0,0.0,0,0
53,227,2,2,132,244,66,66,66.0,0.0,122,122,122.0,0.0,1.6563876e+06,17621.145,75.666664,46.198845,129,48,48,48.0,0.0,48,48,50,50.0,0.0,50,50,0,0,0,0,40,40,8810.572,8810.572,66,122,88.4,30.672462,940.8,0,0,0,0,0,0,0,0,1,110.5,66.0,122.0,40,0,0,0,0,0,0,2,132,2,244,-1,-1,1,20,0.0,0.0,0,0,0.0,0.0,0,0
53,216,2,2,72,328,36,36,36.0,0.0,164,164,164.0,0.0,1.8518519e+06,18518.518,72.0,117.77946,208,4,4,4.0,0.0,4,4,4,4.0,0.0,4,4,0,0,0,0,40,40,9259.259,9259.259,36,164,87.2,70.10849,4915.2,0,0,0,0,0,0,0,0,1,109.0,36.0,164.0,40,0,0,0,0,0,0,2,72,2,328,-1,-1,1,20,0.0,0.0,0,0,0.0,0.0,0,0
53,88922,2,2,64,256,32,32,32.0,0.0,128,128,128.0,0.0,3598.6594,44.983242,29640.666,51333.945,88916,3,3,3.0,0.0,3,3,3,3.0,0.0,3,3,0,0,0,0,40,64,22.491621,22.491621,32,128,70.4,52.581364,2764.8,0,0,0,0,0,0,0,0,1,88.0,32.0,128.0,40,0,0,0,0,0,0,2,64,2,256,-1,-1,1,20,0.0,0.0,0,0,0.0,0.0,0,0
443,123812,3,0,43,0,31,6,14.333333,14.433757,0,0,0.0,0.0,347.30075,24.230284,61906.0,87542.65,123808,4,123812,61906.0,87542.65,123808,4,0,0.0,0.0,0,0,0,0,0,0,60,0,24.230284,0.0,6,31,12.25,12.5,156.25,0,0,0,0,1,0,0,0,0,16.333334,14.333333,0.0,60,0,0,0,0,0,0,3,43,0,0,251,-1,2,20,0.0,0.0,0,0,0.0,0.0,0,0
53246,3,2,0,37,0,31,6,18.5,17.67767,0,0,0.0,0.0,1.23e+07,666666.7,3.0,0.0,3,3,3,3.0,0.0,3,3,0,0.0,0.0,0,0,1,0,0,0,40,0,666666.7,0.0,6,31,22.666666,14.433757,208.33333,0,1,0,0,1,0,0,0,0,34.0,18.5,0.0,40,0,0,0,0,0,0,2,37,0,0,62,-1,1,20,0.0,0.0,0,0,0.0,0.0,0,0
53,183,2,2,74,262,37,37,37.0,0.0,131,131,131.0,0.0,1.8360656e+06,21857.924,61.0,65.47519,132,3,3,3.0,0.0,3,3,48,48.0,0.0,48,48,0,0,0,0,64,64,10928.962,10928.962,37,131,74.6,51.48592,2650.8,0,0,0,0,0,0,0,0,1,93.25,37.0,131.0,64,0,0,0,0,0,0,2,74,2,262,-1,-1,1,32,0.0,0.0,0,0,0.0,0.0,0,0
53,60220,1,1,55,111,55,55,55.0,0.0,111,111,111.0,0.0,2756.5593,33.21156,60220.0,0.0,60220,60220,0,0.0,0.0,0,0,0,0.0,0.0,0,0,0,0,0,0,32,20,16.60578,16.60578,55,111,73.666664,32.331615,1045.3334,0,0,0,0,0,0,0,0,1,110.5,55.0,111.0,32,0,0,0,0,0,0,1,55,1,111,-1,-1,0,32,0.0,0.0,0,0,0.0,0.0,0,0
39032,205,2,0,0,0,0,0,0.0,0.0,0,0,0.0,0.0,0.0,9756.098,205.0,0.0,205,205,205,205.0,0.0,205,205,0,0.0,0.0,0,0,0,0,0,0,64,0,9756.098,0.0,0,0,0.0,0.0,0.0,0,0,0,0,1,0,0,0,0,0.0,0.0,0.0,64,0,0,0,0,0,0,2,0,0,0,5131,-1,0,32,0.0,0.0,0,0,0.0,0.0,0,0
443,116443787,35,38,2120,34674,517,0,60.57143,143.37082,2896,0,912.4737,923.7148,315.9808,0.62691194,1.6172749e+06,3.6388832e+06,10000000,3,116000000,3.4248172e+06,4.7183965e+06,10000000,3,112000000,3.015933e+06,4.6359335e+06,10000000,48,0,0,0,0,1128,1224,0.3005742,0.32633772,0,2896,497.21622,791.58276,626603.25,0,0,0,1,0,0,0,0,1,504.0274,60.57143,912.4737,1128,0,0,0,0,0,0,35,2120,38,34674,29200,1073,7,32,123834.55,333906.66,1130601,23006,1e+07,9251.509,10000000,10000000
443,119861667,35,32,995,21526,458,0,28.428572,88.79099,2777,0,672.6875,762.70966,187.8916,0.5589777,1.8160859e+06,3.7553665e+06,10000000,1,120000000,3.5253432e+06,4.669145e+06,10100000,1,115000000,3.7102822e+06,4.8089985e+06,10100000,1,0,0,0,0,1128,1044,0.29200327,0.26697442,0,2777,331.19116,615.12476,378378.5,0,0,0,1,0,0,0,0,0,336.13434,28.428572,672.6875,1128,0,0,0,0,0,0,35,995,32,21526,29200,357,5,32,443258.72,1.3496906e+06,4512729,36189,1e+07,4831.413,10000000,10000000
52878,3,2,0,37,0,37,0,18.5,26.16295,0,0,0.0,0.0,1.23e+07,666666.7,3.0,0.0,3,3,3,3.0,0.0,3,3,0,0.0,0.0,0,0,1,0,0,0,64,0,666666.7,0.0,0,37,24.666666,21.36196,456.33334,0,1,0,0,1,0,0,0,0,37.0,18.5,0.0,64,0,0,0,0,0,0,2,37,0,0,972,-1,0,32,0.0,0.0,0,0,0.0,0.0,0,0
53,24093,1,1,47,63,47,47,47.0,0.0,63,63,63.0,0.0,4565.6416,83.011665,24093.0,0.0,24093,24093,0,0.0,0.0,0,0,0,0.0,0.0,0,0,0,0,0,0,20,32,41.505833,41.505833,47,63,52.333332,9.237604,85.333336,0,0,0,0,0,0,0,0,1,78.5,47.0,63.0,20,0,0,0,0,0,0,1,47,1,63,-1,-1,0,20,0.0,0.0,0,0,0.0,0.0,0,0
59701,79,1,1,6,6,6,6,6.0,0.0,6,6,6.0,0.0,151898.73,25316.455,79.0,0.0,79,79,0,0.0,0.0,0,0,0,0.0,0.0,0,0,0,0,0,0,20,20,12658.228,12658.228,6,6,6.0,0.0,0.0,0,0,0,0,1,1,0,0,1,9.0,6.0,6.0,20,0,0,0,0,0,0,1,6,1,6,1026,258,0,20,0.0,0.0,0,0,0.0,0.0,0,0
51454,7991,1,2,0,0,0,0,0.0,0.0,0,0,0.0,0.0,0.0,375.42236,3995.5,4892.4717,7455,536,0,0.0,0.0,0,0,7455,7455.0,0.0,7455,7455,0,0,0,0,32,76,125.140785,250.28157,0,0,0.0,0.0,0.0,0,0,0,0,1,1,0,0,2,0.0,0.0,0.0,32,0,0,0,0,0,0,1,0,2,0,247,259,0,32,0.0,0.0,0,0,0.0,0.0,0,0
80,227551,3,5,26,11607,20,0,8.666667,10.263203,7215,0,2321.4,3327.7698,51122.605,35.156956,32507.285,84968.734,225194,58,1881,940.5,1119.35,1732,149,227468,56867.0,112220.695,225194,158,0,0,0,0,72,112,13.183858,21.973097,0,7215,1292.5555,2650.5857,7.0256045e+06,0,0,0,1,0,0,0,0,1,1454.125,8.666667,2321.4,72,0,0,0,0,0,0,3,26,5,11607,8192,229,2,20,0.0,0.0,0,0,0.0,0.0,0,0
32772,65,1,1,0,6,0,0,0.0,0.0,6,6,6.0,0.0,92307.695,30769.23,65.0,0.0,65,65,0,0.0,0.0,0,0,0,0.0,0.0,0,0,0,0,0,0,40,20,15384.615,15384.615,0,6,2.0,3.4641016,12.0,0,0,0,1,0,0,0,0,1,3.0,0.0,6.0,40,0,0,0,0,0,0,1,0,1,6,29200,0,0,40,0.0,0.0,0,0,0.0,0.0,0,0
9180,3,2,0,37,0,31,6,18.5,17.67767,0,0,0.0,0.0,1.23e+07,666666.7,3.0,0.0,3,3,3,3.0,0.0,3,3,0,0.0,0.0,0,0,1,0,0,0,40,0,666666.7,0.0,6,31,22.666666,14.433757,208.33333,0,1,0,0,1,0,0,0,0,34.0,18.5,0.0,40,0,0,0,0,0,0,2,37,0,0,946,-1,1,20,0.0,0.0,0,0,0.0,0.0,0,0
443,117025244,15,13,1770,834,839,0,118.0,238.96443,249,0,64.15385,68.36769,22.25161,0.23926462,4.3342685e+06,1.55e+07,58200000,1,117000000,8.358946e+06,2.11e+07,58200000,47,117000000,9.748573e+06,2.26e+07,58200000,1,0,0,0,0,336,272,0.12817748,0.11108714,0,839,89.793106,177.69243,31574.598,0,0,0,1,0,0,0,0,0,93.0,118.0,64.15385,336,0,0,0,0,0,0,15,1770,13,834,8192,373,12,20,245994.5,58878.66,287628,204361,5.81e+07,75325.96,58200000,58100000
443,10076758,6,6,974,561,517,0,162.33333,231.12132,381,0,93.5,150.00633,152.33073,1.1908592,916068.94,2.9956355e+06,9948111,3,128644,25728.8,32472.498,79633,145,10052764,2.0105528e+06,4.4658045e+06,9999199,3,0,0,0,0,132,132,0.5954296,0.5954296,0,517,118.07692,184.59706,34076.08,0,0,0,1,0,0,0,0,1,127.916664,162.33333,93.5,132,0,0,0,0,0,0,6,974,6,561,8192,118,5,20,128644.0,0.0,128644,128644,9.948111e+06,0.0,9948111,9948111
53,1931,1,1,51,111,51,51,51.0,0.0,111,111,111.0,0.0,83894.35,1035.7328,1931.0,0.0,1931,1931,0,0.0,0.0,0,0,0,0.0,0.0,0,0,0,0,0,0,32,32,517.8664,517.8664,51,111,71.0,34.641018,1200.0,0,0,0,0,0,0,0,0,1,106.5,51.0,111.0,32,0,0,0,0,0,0,1,51,1,111,-1,-1,0,32,0.0,0.0,0,0,0.0,0.0,0,0
53,47028,2,2,60,162,30,30,30.0,0.0,81,81,81.0,0.0,4720.592,85.05571,15676.0,27146.432,47022,3,3,3.0,0.0,3,3,3,3.0,0.0,3,3,0,0,0,0,64,64,42.527855,42.527855,30,81,50.4,27.933851,780.3,0,0,0,0,0,0,0,0,1,63.0,30.0,81.0,64,0,0,0,0,0,0,2,60,2,162,-1,-1,1,32,0.0,0.0,0,0,0.0,0.0,0,0
443,60485527,14,11,645,841,373,0,46.07143,111.23604,665,0,76.454544,199.97818,24.567862,0.41332203,2.5202302e+06,4.4189745e+06,10200000,29,60500000,4.652733e+06,5.2060075e+06,10200000,121,60400000,6.0434215e+06,5.1890355e+06,10200000,495,0,0,0,0,456,360,0.23146033,0.18186168,0,665,57.153847,150.977,22794.055,0,0,0,1,0,0,0,0,0,59.44,46.07143,76.454544,456,0,0,0,0,0,0,14,645,11,841,29200,122,3,32,75018.5,59120.684,195698,50748,1e+07,410515.8,10200000,9170502
443,31164241,15,22,12719,5524,3125,0,847.93335,1359.6395,1448,0,251.09091,461.96185,585.38245,1.1872581,865673.4,2.7587792e+06,10000000,1,21600000,1.5409106e+06,3.6059485e+06,10000000,4,31100000,1.4829095e+06,3.5232872e+06,10000000,1,0,0,0,0,488,700,0.4813209,0.70593727,0,3125,480.07895,955.44055,912866.7,0,0,0,1,0,0,0,0,1,493.05405,847.93335,251.09091,488,0,0,0,0,0,0,15,12719,22,5524,29200,17099,7,32,529888.0,877415.44,1543040,22999,9.858192e+06,250890.58,10000000,9568493
53,46786,2,2,78,448,39,39,39.0,0.0,224,224,224.0,0.0,11242.68,85.49566,15595.333,27006.713,46780,3,3,3.0,0.0,3,3,3,3.0,0.0,3,3,0,0,0,0,64,64,42.74783,42.74783,39,224,113.0,101.328674,10267.5,0,0,0,0,0,0,0,0,1,141.25,39.0,224.0,64,0,0,0,0,0,0,2,78,2,448,-1,-1,1,32,0.0,0.0,0,0,0.0,0.0,0,0
54856,52,1,1,0,0,0,0,0.0,0.0,0,0,0.0,0.0,0.0,38461.54,52.0,0.0,52,52,0,0.0,0.0,0,0,0,0.0,0.0,0,0,0,0,0,0,20,20,19230.77,19230.77,0,0,0.0,0.0,0.0,0,0,0,0,1,1,0,0,1,0.0,0.0,0.0,20,0,0,0,0,0,0,1,0,1,0,8190,64240,0,20,0.0,0.0,0,0,0.0,0.0,0,0
443,10515575,13,10,928,7665,517,0,71.38461,166.6446,2896,0,766.5,978.5845,817.1688,2.1872318,477980.7,2.1287885e+06,9999421,26,10515575,876297.94,2.8759312e+06,9999553,45,10495902,1.1662114e+06,3.3160622e+06,9999421,192,0,0,0,0,424,328,1.2362615,0.95097035,0,2896,358.04166,716.77747,513769.97,0,0,0,1,0,0,0,0,0,373.6087,71.38461,766.5,424,0,0,0,0,0,0,13,928,10,7665,29200,33,3,32,516049.0,0.0,516049,516049,9.999421e+06,0.0,9999421,9999421
53,23641,1,1,49,177,49,49,49.0,0.0,177,177,177.0,0.0,9559.663,84.59879,23641.0,0.0,23641,23641,0,0.0,0.0,0,0,0,0.0,0.0,0,0,0,0,0,0,40,20,42.299397,42.299397,49,177,91.666664,73.90083,5461.3335,0,0,0,0,0,0,0,0,1,137.5,49.0,177.0,40,0,0,0,0,0,0,1,49,1,177,-1,-1,0,40,0.0,0.0,0,0,0.0,0.0,0,0
53,31212,4,4,128,192,32,32,32.0,0.0,48,48,48.0,0.0,10252.467,256.31168,4458.857,11732.677,31066,3,31073,10357.667,17933.943,31066,3,124,41.333332,34.486713,72,4,0,0,0,0,152,176,128.15584,128.15584,32,48,39.11111,8.43274,71.111115,0,0,0,0,0,0,0,0,1,44.0,32.0,48.0,152,0,0,0,0,0,0,4,128,4,192,-1,-1,3,32,0.0,0.0,0,0,0.0,0.0,0,0
443,63060595,7,2,187,92,46,6,26.714285,20.089087,46,46,46.0,0.0,4.424316,0.14271986,7.8825745e+06,2.06e+07,58700000,3,63100000,1.05e+07,2.37e+07,58700000,3,59000000,5.9e+07,0.0,59000000,59000000,1,0,0,0,140,40,0.111004345,0.031715527,6,46,32.5,18.863544,355.83334,0,1,0,0,1,0,0,0,0,36.11111,26.714285,46.0,140,0,0,0,0,0,0,7,187,2,92,16163,16384,6,20,233828.0,0.0,233828,233828,5.87e+07,0.0,58700000,58700000
443,708246,13,10,1287,5894,773,0,99.0,217.64267,1418,0,589.4,689.2181,10139.133,32.47459,32193.0,58434.51,224541,1,708246,59020.5,86822.62,252926,1,634543,70504.78,98916.99,278980,3,0,0,0,0,428,328,18.355204,14.119388,0,1418,299.20834,523.2148,273753.75,0,0,0,1,0,0,0,0,0,312.21738,99.0,589.4,428,0,0,0,0,0,0,13,1287,10,5894,65535,361,6,32,0.0,0.0,0,0,0.0,0.0,0,0
53,150,2,2,50,82,25,25,25.0,0.0,41,41,41.0,0.0,880000.0,26666.666,50.0,47.507893,98,3,3,3.0,0.0,3,3,49,49.0,0.0,49,49,0,0,0,0,64,64,13333.333,13333.333,25,41,31.4,8.763561,76.8,0,0,0,0,0,0,0,0,1,39.25,25.0,41.0,64,0,0,0,0,0,0,2,50,2,82,-1,-1,1,32,0.0,0.0,0,0,0.0,0.0,0,0
53,182,2,2,78,274,39,39,39.0,0.0,137,137,137.0,0.0,1.9340659e+06,21978.021,60.666668,99.01683,175,3,3,3.0,0.0,3,3,4,4.0,0.0,4,4,0,0,0,0,40,40,10989.011,10989.011,39,137,78.2,53.67681,2881.2,0,0,0,0,0,0,0,0,1,97.75,39.0,137.0,40,0,0,0,0,0,0,2,78,2,274,-1,-1,1,20,0.0,0.0,0,0,0.0,0.0,0,0
80,85221811,8,6,368,11595,362,0,46.0,127.70055,5803,0,1932.5,2539.0752,140.37486,0.1642772,6.555524e+06,2.33e+07,84200000,0,85200000,1.22e+07,3.18e+07,84200000,0,3189,637.8,1168.7252,2725,49,0,0,0,0,260,200,0.09387268,0.070404515,0,5803,797.5333,1797.4592,3.2308598e+06,0,0,0,0,1,0,0,0,0,854.5,46.0,1932.5,260,0,0,0,0,0,0,8,368,6,11595,274,235,2,20,1004.0,0.0,1004,1004,8.42e+07,0.0,84200000,84200000
63298,79,1,1,0,0,0,0,0.0,0.0,0,0,0.0,0.0,0.0,25316.455,79.0,0.0,79,79,0,0.0,0.0,0,0,0,0.0,0.0,0,0,0,0,0,0,32,32,12658.228,12658.228,0,0,0.0,0.0,0.0,0,0,0,0,1,0,0,0,1,0.0,0.0,0.0,32,0,0,0,0,0,0,1,0,1,0,362,32832,0,32,0.0,0.0,0,0,0.0,0.0,0,0
443,6990514,31,41,4659,69130,1409,0,150.29033,415.43393,2920,0,1686.0975,802.5524,10555.59,10.299672,98457.945,738065.7,6224367,2,6990514,233017.14,1.1325238e+06,6224440,71,728230,18205.75,49905.71,241634,2,0,0,0,0,632,828,4.434581,5.865091,0,2920,1010.8082,1011.15155,1.02242744e+06,0,0,0,1,0,0,0,0,1,1024.8472,150.29033,1686.0975,632,0,0,0,0,0,0,31,4659,41,69130,8192,76,30,20,0.0,0.0,0,0,0.0,0.0,0,0
443,5691030,47,60,2974,39150,495,0,63.276596,109.30327,1430,0,652.5,656.7947,7401.8237,18.801517,53688.96,191246.81,1523070,0,5691030,123718.05,298786.38,1600176,3,5618175,95223.305,263782.4,1560158,0,0,0,0,0,952,1212,8.258611,10.542907,0,1430,390.03705,574.41223,329949.4,0,0,0,1,0,0,0,0,1,393.68225,63.276596,652.5,952,0,0,0,0,0,0,47,2974,60,39150,8192,393,46,20,0.0,0.0,0,0,0.0,0.0,0,0
61383,62,1,1,0,0,0,0,0.0,0.0,0,0,0.0,0.0,0.0,32258.064,62.0,0.0,62,62,0,0.0,0.0,0,0,0,0.0,0.0,0,0,0,0,0,0,32,32,16129.032,16129.032,0,0,0.0,0.0,0.0,0,0,0,0,1,0,0,0,1,0.0,0.0,0.0,32,0,0,0,0,0,0,1,0,1,0,122,33304,0,32,0.0,0.0,0,0,0.0,0.0,0,0
2692,105,1,1,0,0,0,0,0.0,0.0,0,0,0.0,0.0,0.0,19047.62,105.0,0.0,105,105,0,0.0,0.0,0,0,0,0.0,0.0,0,0,0,0,0,0,20,20,9523.81,9523.81,0,0,0.0,0.0,0.0,0,0,0,0,1,1,0,0,1,0.0,0.0,0.0,20,0,0,0,0,0,0,1,0,1,0,31175,63738,0,20,0.0,0.0,0,0,0.0,0.0,0,0
80,46054121,9,9,495,2173,453,0,55.0,149.26318,1460,0,241.44444,508.11984,57.93184,0.3908445,2.709066e+06,4.460607e+06,10224965,1,40975554,5.121944e+06,5.4580285e+06,10240022,1,46038974,5.754872e+06,5.0625545e+06,10240206,48,0,0,0,0,200,192,0.19542225,0.19542225,0,1460,140.42105,366.7396,134497.92,0,0,0,1,0,0,0,0,1,148.22223,55.0,241.44444,200,0,0,0,0,0,0,9,495,9,2173,29200,30,8,20,27784.25,25393.902,65875,15040,1.0216104e+07,17630.902,10224965,10189658
53,202,2,2,84,310,42,42,42.0,0.0,155,155,155.0,0.0,1.950495e+06,19801.98,67.333336,107.12765,191,3,8,8.0,0.0,8,8,3,3.0,0.0,3,3,0,0,0,0,64,64,9900.99,9900.99,42,155,87.2,61.89265,3830.7,0,0,0,0,0,0,0,0,1,109.0,42.0,155.0,64,0,0,0,0,0,0,2,84,2,310,-1,-1,1,32,0.0,0.0,0,0,0.0,0.0,0,0
443,15195406,14,17,646,20366,305,0,46.142857,96.67619,2896,0,1198.0,900.6429,1382.7864,2.0400903,506513.53,1.9987754e+06,9959905,14,10200000,786744.9,2.756269e+06,9959905,219,15200000,947608.1,2.715458e+06,10000000,48,0,0,0,0,456,552,0.9213311,1.1187592,0,2896,656.625,874.94324,765525.7,0,0,0,1,0,0,0,0,1,677.80646,46.142857,1198.0,456,0,0,0,0,0,0,14,646,17,20366,29200,139,3,32,267778.0,0.0,267778,267778,9.959905e+06,0.0,9959905,9959905
443,116339679,23,23,3876,7941,1737,0,168.52174,489.01654,1988,0,345.26086,623.46716,101.57326,0.3953939,2.5853262e+06,4.3419095e+06,10001095,3,116339679,5.288167e+06,4.981521e+06,10030662,3,110822551,5.0373885e+06,5.109506e+06,10029879,49,0,0,0,0,484,616,0.19769695,0.19769695,0,1988,251.42554,556.317,309488.66,0,0,0,1,0,0,0,0,1,256.8913,168.52174,345.26086,484,0,0,0,0,0,0,23,3876,23,7941,8192,1311,21,20,70641.586,144991.4,531050,28463,9.624331e+06,1.3025538e+06,10001095,5488168
53,129164,2,2,84,438,42,42,42.0,0.0,219,219,219.0,0.0,4041.3738,30.968382,43054.668,74528.7,129113,3,48,48.0,0.0,48,48,3,3.0,0.0,3,3,0,0,0,0,40,40,15.484191,15.484191,42,219,112.8,96.94689,9398.7,0,0,0,0,0,0,0,0,1,141.0,42.0,219.0,40,0,0,0,0,0,0,2,84,2,438,-1,-1,1,20,0.0,0.0,0,0,0.0,0.0,0,0
53,137,2,2,88,120,44,44,44.0,0.0,60,60,60.0,0.0,1.5182481e+06,29197.08,45.666668,72.168785,129,4,4,4.0,0.0,4,4,4,4.0,0.0,4,4,0,0,0,0,64,64,14598.54,14598.54,44,60,50.4,8.763561,76.8,0,0,0,0,0,0,0,0,1,63.0,44.0,60.0,64,0,0,0,0,0,0,2,88,2,120,-1,-1,1,32,0.0,0.0,0,0,0.0,0.0,0,0
443,4,2,0,31,0,31,0,15.5,21.920311,0,0,0.0,0.0,7.75e+06,500000.0,4.0,0.0,4,4,4,4.0,0.0,4,4,0,0.0,0.0,0,0,1,0,0,0,64,0,500000.0,0.0,0,31,20.666666,17.897858,320.33334,0,1,0,0,1,0,0,0,0,31.0,15.5,0.0,64,0,0,0,0,0,0,2,31,0,0,1272,-1,0,32,0.0,0.0,0,0,0.0,0.0,0,0
80,75327242,11,11,443,643,443,0,40.272728,133.56952,643,0,58.454544,193.8718,14.417095,0.292059,3.5870115e+06,4.822002e+06,10200000,53,71800000,7.175372e+06,4.8775885e+06,10200000,50456,75300000,7.527685e+06,4.4191545e+06,10200000,12363,0,0,0,0,360,360,0.1460295,0.1460295,0,643,47.217392,159.31956,25382.723,0,0,0,1,0,0,0,0,1,49.363636,40.272728,58.454544,360,0,0,0,0,0,0,11,443,11,643,29200,235,1,32,89507.86,103576.41,324397,50295,1.02e+07,70574.42,10200000,10000000
53,23284,1,1,80,158,80,80,80.0,0.0,158,158,158.0,0.0,10221.611,85.8959,23284.0,0.0,23284,23284,0,0.0,0.0,0,0,0,0.0,0.0,0,0,0,0,0,0,32,32,42.94795,42.94795,80,158,106.0,45.03332,2028.0,0,0,0,0,0,0,0,0,1,159.0,80.0,158.0,32,0,0,0,0,0,0,1,80,1,158,-1,-1,0,32,0.0,0.0,0,0,0.0,0.0,0,0
123,66045594,2,2,96,96,48,48,48.0,0.0,48,48,48.0,0.0,2.9070826,0.060564224,2.2e+07,3.81e+07,66000000,45641,66000000,6.6e+07,0.0,66000000,66000000,66000000,6.6e+07,0.0,66000000,66000000,0,0,0,0,40,40,0.030282112,0.030282112,48,48,48.0,0.0,0.0,0,0,0,0,0,0,0,0,1,60.0,48.0,48.0,40,0,0,0,0,0,0,2,96,2,96,-1,-1,1,20,46095.0,0.0,46095,46095,6.6e+07,0.0,66000000,66000000
58401,294,3,1,83,6,46,6,27.666666,20.20726,6,6,6.0,0.0,302721.1,13605.442,98.0,52.848843,154,49,294,147.0,138.59293,245,49,0,0.0,0.0,0,0,1,0,0,0,60,20,10204.082,3401.3606,6,46,27.0,20.12461,405.0,0,1,0,0,1,0,0,0,0,33.75,27.666666,6.0,60,0,0,0,0,0,0,3,83,1,6,119,0,2,20,0.0,0.0,0,0,0.0,0.0,0,0
53331,3,2,0,12,0,6,6,6.0,0.0,0,0,0.0,0.0,4e+06,666666.7,3.0,0.0,3,3,3,3.0,0.0,3,3,0,0.0,0.0,0,0,0,0,0,0,40,0,666666.7,0.0,6,6,6.0,0.0,0.0,0,0,0,0,1,0,0,0,0,9.0,6.0,0.0,40,0,0,0,0,0,0,2,12,0,0,360,-1,1,20,0.0,0.0,0,0,0.0,0.0,0,0
53,88101,2,2,78,206,39,39,39.0,0.0,103,103,103.0,0.0,3223.573,45.402435,29367.0,50859.94,88095,3,3,3.0,0.0,3,3,3,3.0,0.0,3,3,0,0,0,0,64,64,22.701218,22.701218,39,103,64.6,35.054245,1228.8,0,0,0,0,0,0,0,0,1,80.75,39.0,103.0,64,0,0,0,0,0,0,2,78,2,206,-1,-1,1,32,0.0,0.0,0,0,0.0,0.0,0,0
34040,59,1,1,0,0,0,0,0.0,0.0,0,0,0.0,0.0,0.0,33898.305,59.0,0.0,59,59,0,0.0,0.0,0,0,0,0.0,0.0,0,0,0,0,0,0,32,32,16949.152,16949.152,0,0,0.0,0.0,0.0,0,0,0,0,1,1,0,0,1,0.0,0.0,0.0,32,0,0,0,0,0,0,1,0,1,0,357,430,0,32,0.0,0.0,0,0,0.0,0.0,0,0
53,930,2,2,70,148,35,35,35.0,0.0,74,74,74.0,0.0,234408.61,4301.075,310.0,495.0586,881,1,1,1.0,0.0,1,1,48,48.0,0.0,48,48,0,0,0,0,64,64,2150.5376,2150.5376,35,74,50.6,21.36118,456.3,0,0,0,0,0,0,0,0,1,63.25,35.0,74.0,64,0,0,0,0,0,0,2,70,2,148,-1,-1,1,32,0.0,0.0,0,0,0.0,0.0,0,0
443,6204988,9,5,385,3298,198,0,42.77778,70.49074,1590,0,659.6,797.3298,593.55475,2.2562494,477306.78,1.5246155e+06,5545875,40,6204988,775623.5,1.9288235e+06,5545875,164,564349,141087.25,164882.17,316455,242,0,0,0,0,200,112,1.450446,0.80580336,0,1590,245.53334,525.7798,276444.4,0,0,0,1,0,0,0,0,0,263.07144,42.77778,659.6,200,0,0,0,0,0,0,9,385,5,3298,29200,123,8,20,658949.0,0.0,658949,658949,5.545875e+06,0.0,5545875,5545875
80,78382292,9,8,7829,1726,3726,0,869.8889,1392.0417,972,0,215.75,347.10138,121.902534,0.21688572,4.898893e+06,1.2727655e+07,44978662,61,78331502,9.791438e+06,1.710017e+07,44978662,50926,78331427,1.1190204e+07,1.8018102e+07,45048623,1543,0,0,0,0,192,184,0.11482185,0.10206387,0,3726,530.8333,1041.9503,1.0856605e+06,0,0,0,1,0,0,0,0,0,562.05884,869.8889,215.75,192,0,0,0,0,0,0,9,7829,8,1726,8192,176,8,20,2.7517545e+06,3.7899105e+06,5431626,71883,3.6413996e+07,1.2112266e+07,44978662,27849331
80,81630766,2,0,0,0,0,0,0.0,0.0,0,0,0.0,0.0,0.0,0.024500566,8.16e+07,0.0,81600000,81600000,81600000,8.16e+07,0.0,81600000,81600000,0,0.0,0.0,0,0,0,0,0,0,64,0,0.024500566,0.0,0,0,0.0,0.0,0.0,0,0,0,0,1,0,0,0,0,0.0,0.0,0.0,64,0,0,0,0,0,0,2,0,0,0,410,-1,0,32,0.0,0.0,0,0,8.16e+07,0.0,81600000,81600000
49972,11423181,1,6,1375,30,1375,1375,1375.0,0.0,6,0,5.0,2.4494898,122.995514,0.61278903,1.9038635e+06,4.6503525e+06,11400000,4,0,0.0,0.0,0,0,11400000,2.2837398e+06,5.0941075e+06,11400000,4,1,0,0,0,20,132,0.08754129,0.52524775,0,1375,347.5,634.1901,402197.16,0,1,0,0,1,1,0,0,6,397.14285,1375.0,5.0,20,0,0,0,0,0,0,1,1375,6,30,229,0,0,20,26836.0,0.0,26836,26836,1.14e+07,0.0,11400000,11400000
46756,3,2,0,31,0,31,0,15.5,21.920311,0,0,0.0,0.0,1.0333333e+07,666666.7,3.0,0.0,3,3,3,3.0,0.0,3,3,0,0.0,0.0,0,0,1,0,0,0,64,0,666666.7,0.0,0,31,20.666666,17.897858,320.33334,0,1,0,0,1,0,0,0,0,31.0,15.5,0.0,64,0,0,0,0,0,0,2,31,0,0,1210,-1,0,32,0.0,0.0,0,0,0.0,0.0,0,0
80,84216172,6,6,370,11595,370,0,61.666668,151.05186,4344,0,1932.5,1754.8314,142.07484,0.14249045,7.6560155e+06,2.53e+07,84100000,3,84100000,1.68e+07,3.76e+07,84100000,3,145532,29106.4,58443.133,133242,15,0,0,0,0,200,200,0.07124522,0.07124522,0,4344,920.38464,1498.0266,2.2440835e+06,0,0,0,0,1,0,0,0,1,997.0833,61.666668,1932.5,200,0,0,0,0,0,0,6,370,6,11595,251,235,1,32,993.0,0.0,993,993,8.41e+07,0.0,84100000,84100000
80,5367009,3,1,12,0,6,0,4.0,3.4641016,0,0,0.0,0.0,2.2358823,0.7452941,1.789003e+06,3.0670088e+06,5330417,67,5367009,2.6835045e+06,3.7432995e+06,5330417,36592,0,0.0,0.0,0,0,0,0,0,0,72,32,0.5589706,0.18632352,0,6,2.4,3.2863352,10.8,0,0,0,1,0,0,0,0,0,3.0,4.0,0.0,72,0,0,0,0,0,0,3,12,1,0,8192,42780,2,20,0.0,0.0,0,0,0.0,0.0,0,0
22,1436607,39,46,2646,7062,408,0,67.84615,101.81344,976,0,153.52174,306.21182,6757.5894,59.16719,17102.465,104510.43,951997,1,1436607,37805.45,163281.06,996005,1,484507,10766.822,23360.412,97503,1,0,0,0,0,804,944,27.147299,32.01989,0,976,112.88372,237.16905,56249.164,0,0,0,1,0,0,0,0,1,114.21176,67.84615,153.52174,804,0,0,0,0,0,0,39,2646,46,7062,8192,245,37,20,0.0,0.0,0,0,0.0,0.0,0,0
53,340,2,2,90,206,45,45,45.0,0.0,103,103,103.0,0.0,870588.25,11764.706,113.333336,125.703354,254,12,12,12.0,0.0,12,12,74,74.0,0.0,74,74,0,0,0,0,64,64,5882.353,5882.353,45,103,68.2,31.767908,1009.2,0,0,0,0,0,0,0,0,1,85.25,45.0,103.0,64,0,0,0,0,0,0,2,90,2,206,-1,-1,1,32,0.0,0.0,0,0,0.0,0.0,0,0
53,25385,2,2,58,90,29,29,29.0,0.0,45,45,45.0,0.0,5830.215,157.57336,8461.667,14649.975,25378,3,4,4.0,0.0,4,4,3,3.0,0.0,3,3,0,0,0,0,40,40,78.78668,78.78668,29,45,35.4,8.763561,76.8,0,0,0,0,0,0,0,0,1,44.25,29.0,45.0,40,0,0,0,0,0,0,2,58,2,90,-1,-1,1,20,0.0,0.0,0,0,0.0,0.0,0,0
80,685364,4,5,430,2266,430,0,107.5,215.0,1448,0,453.2,659.3324,3933.676,13.131708,85670.5,216123.7,619328,1,685209,228403.0,338551.25,619328,32520,652952,163238.0,325872.16,652046,1,0,0,0,0,136,168,5.8363147,7.2953935,0,1448,269.6,497.09003,247098.48,0,0,0,1,0,0,0,0,1,299.55554,107.5,453.2,136,0,0,0,0,0,0,4,430,5,2266,29200,237,1,32,0.0,0.0,0,0,0.0,0.0,0,0
80,5683297,3,1,12,0,6,0,4.0,3.4641016,0,0,0.0,0.0,2.1114504,0.70381683,1.8944324e+06,3.2680332e+06,5668022,68,5683297,2.8416485e+06,3.9970958e+06,5668022,15275,0,0.0,0.0,0,0,0,0,0,0,80,32,0.5278626,0.17595421,0,6,2.4,3.2863352,10.8,0,0,0,1,0,0,0,0,0,3.0,4.0,0.0,80,0,0,0,0,0,0,3,12,1,0,29200,29200,2,20,0.0,0.0,0,0,0.0,0.0,0,0
443,20268175,10,7,1032,4271,789,0,103.2,245.3663,1448,0,610.1429,723.03766,261.64172,0.83875334,1.266761e+06,5.029009e+06,20125447,4,20268175,2.2520195e+06,6.702568e+06,20125447,18,100270,16711.666,22655.611,48504,4,0,0,0,0,332,232,0.49338433,0.34536904,0,1448,294.6111,532.95197,284037.78,0,0,0,1,0,0,0,0,0,311.94116,103.2,610.1429,332,0,0,0,0,0,0,10,1032,7,4271,65535,116,5,32,142621.0,0.0,142621,142621,2.0125448e+07,0.0,20125447,20125447
53,255,2,2,90,122,45,45,45.0,0.0,61,61,61.0,0.0,831372.56,15686.274,85.0,141.16302,248,3,3,3.0,0.0,3,3,4,4.0,0.0,4,4,0,0,0,0,40,64,7843.137,7843.137,45,61,51.4,8.763561,76.8,0,0,0,0,0,0,0,0,1,64.25,45.0,61.0,40,0,0,0,0,0,0,2,90,2,122,-1,-1,1,20,0.0,0.0,0,0,0.0,0.0,0,0
53,78841,2,2,88,362,44,44,44.0,0.0,181,181,181.0,0.0,5707.69,50.735023,26280.334,45512.81,78834,3,3,3.0,0.0,3,3,4,4.0,0.0,4,4,0,0,0,0,64,80,25.367512,25.367512,44,181,98.8,75.03799,5630.7,0,0,0,0,0,0,0,0,1,123.5,44.0,181.0,64,0,0,0,0,0,0,2,88,2,362,-1,-1,1,32,0.0,0.0,0,0,0.0,0.0,0,0
80,5001683,3,1,0,0,0,0,0.0,0.0,0,0,0.0,0.0,0.0,0.79973084,1.6672276e+06,2.8868742e+06,5000703,137,5001683,2.5008415e+06,3.535338e+06,5000703,980,0,0.0,0.0,0,0,0,0,0,0,104,40,0.5997981,0.19993271,0,0,0.0,0.0,0.0,0,0,0,1,0,0,0,0,0,0.0,0.0,0.0,104,0,0,0,0,0,0,3,0,1,0,29200,28960,0,32,0.0,0.0,0,0,0.0,0.0,0,0
54799,60,1,2,6,12,6,6,6.0,0.0,6,6,6.0,0.0,300000.0,50000.0,30.0,31.112698,52,8,0,0.0,0.0,0,0,52,52.0,0.0,52,52,0,0,0,0,20,40,16666.666,33333.332,6,6,6.0,0.0,0.0,0,0,0,0,1,1,0,0,2,8.0,6.0,6.0,20,0,0,0,0,0,0,1,6,2,12,245,256,0,20,0.0,0.0,0,0,0.0,0.0,0,0
53,23704,1,1,64,117,64,64,64.0,0.0,117,117,117.0,0.0,7635.8423,84.37395,23704.0,0.0,23704,23704,0,0.0,0.0,0,0,0,0.0,0.0,0,0,0,0,0,0,20,32,42.186974,42.186974,64,117,81.666664,30.599564,936.3333,0,0,0,0,0,0,0,0,1,122.5,64.0,117.0,20,0,0,0,0,0,0,1,64,1,117,-1,-1,0,20,0.0,0.0,0,0,0.0,0.0,0,0
80,15138592,1,5,0,0,0,0,0.0,0.0,0,0,0.0,0.0,0.0,0.39633805,3.0277185e+06,3.1298552e+06,8000055,139446,0,0.0,0.0,0,0,15000000,3.7497865e+06,3.0960365e+06,8000055,998824,0,0,0,0,32,160,0.06605634,0.3302817,0,0,0.0,0.0,0.0,0,0,0,1,0,0,0,0,5,0.0,0.0,0.0,32,0,0,0,0,0,0,1,0,5,0,8192,29200,0,32,7.138537e+06,0.0,7138537,7138537,8.000055e+06,0.0,8000055,8000055
443,5357554,7,4,599,152,517,0,85.57143,191.30853,152,0,38.0,76.0,140.1759,2.0531757,535755.4,1.6512259e+06,5234904,42,5357554,892925.7,2.1576388e+06,5297145,48,99571,33190.332,34735.293,69449,211,0,0,0,0,232,136,1.3065664,0.7466094,0,517,62.583332,149.83473,22450.447,0,0,0,1,0,0,0,0,0,68.27273,85.57143,38.0,232,0,0,0,0,0,0,7,599,4,152,29200,939,3,32,122602.0,0.0,122602,122602,5.234904e+06,0.0,5234904,5234904
80,116480690,19,16,1125,817,749,0,59.210526,178.47583,416,0,51.0625,137.29068,16.67229,0.300479,3.4259028e+06,4.6929285e+06,10100000,88,116000000,6.4711495e+06,4.710517e+06,10100000,311,112000000,7.4762705e+06,4.5937455e+06,11100000,24739,0,0,0,0,392,464,0.16311717,0.13736182,0,749,53.944443,156.7223,24561.883,0,0,0,1,0,0,0,0,0,55.485714,59.210526,51.0625,392,0,0,0,0,0,0,19,1125,16,817,8192,291,18,20,167037.45,333639.5,1031228,23491,1e+07,34910.496,10100000,9999579
443,118204755,664,1037,10608,1731615,1664,0,15.9759035,127.63671,4290,0,1669.8313,741.12506,14739.026,14.390284,69532.21,1.9937522e+06,58400000,0,118000000,178287.72,3.1930998e+06,58400000,47,118000000,114006.79,2.5563135e+06,58400000,1,0,0,0,0,13960,20752,5.617371,8.772913,0,4290,1023.6328,996.2064,992427.2,0,0,0,1,0,0,0,0,1,1024.2346,15.9759035,1669.8313,13960,0,0,0,0,0,0,664,10608,1037,1731615,8192,605,34,20,910611.5,1.1554174e+06,1727615,93608,5.81e+07,293214.56,58400000,57900000
53,108868,1,1,47,106,47,47,47.0,0.0,106,106,106.0,0.0,1405.3716,18.37087,108868.0,0.0,108868,108868,0,0.0,0.0,0,0,0,0.0,0.0,0,0,0,0,0,0,32,32,9.185435,9.185435,47,106,66.666664,34.063667,1160.3334,0,0,0,0,0,0,0,0,1,100.0,47.0,106.0,32,0,0,0,0,0,0,1,47,1,106,-1,-1,0,32,0.0,0.0,0,0,0.0,0.0,0,0
53,271088,1,1,47,95,47,47,47.0,0.0,95,95,95.0,0.0,523.8151,7.377678,271088.0,0.0,271088,271088,0,0.0,0.0,0,0,0,0.0,0.0,0,0,0,0,0,0,20,20,3.688839,3.688839,47,95,63.0,27.712812,768.0,0,0,0,0,0,0,0,0,1,94.5,47.0,95.0,20,0,0,0,0,0,0,1,47,1,95,-1,-1,0,20,0.0,0.0,0,0,0.0,0.0,0,0
3109,111,1,1,6,6,6,6,6.0,0.0,6,6,6.0,0.0,108108.11,18018.018,111.0,0.0,111,111,0,0.0,0.0,0,0,0,0.0,0.0,0,0,0,0,0,0,20,20,9009.009,9009.009,6,6,6.0,0.0,0.0,0,0,0,0,1,1,0,0,1,9.0,6.0,6.0,20,0,0,0,0,0,0,1,6,1,6,66,253,0,20,0.0,0.0,0,0,0.0,0.0,0,0
53,23612,1,1,52,92,52,52,52.0,0.0,92,92,92.0,0.0,6098.5938,84.70269,23612.0,0.0,23612,23612,0,0.0,0.0,0,0,0,0.0,0.0,0,0,0,0,0,0,32,40,42.351345,42.351345,52,92,65.333336,23.094011,533.3333,0,0,0,0,0,0,0,0,1,98.0,52.0,92.0,32,0,0,0,0,0,0,1,52,1,92,-1,-1,0,32,0.0,0.0,0,0,0.0,0.0,0,0
443,31408398,14,13,1228,6648,450,0,87.71429,156.5117,1821,0,511.3846,652.6267,250.76096,0.8596427,1.2080152e+06,3.1916365e+06,10071814,3,21765497,1.674269e+06,3.7008805e+06,10101118,3,31378978,2.6149148e+06,4.3897645e+06,10101140,3,0,0,0,0,304,296,0.44574067,0.41390204,0,1821,281.2857,498.94324,248944.36,0,0,0,1,0,0,0,0,0,291.7037,87.71429,511.3846,304,0,0,0,0,0,0,14,1228,13,6648,8192,254,12,20,612154.0,1.00950675e+06,1777832,29304,9.857311e+06,230515.7,10071814,9613572
53,60390,1,1,47,79,47,47,47.0,0.0,79,79,79.0,0.0,2086.4382,33.118065,60390.0,0.0,60390,60390,0,0.0,0.0,0,0,0,0.0,0.0,0,0,0,0,0,0,32,32,16.559032,16.559032,47,79,57.666668,18.475208,341.33334,0,0,0,0,0,0,0,0,1,86.5,47.0,79.0,32,0,0,0,0,0,0,1,47,1,79,-1,-1,0,32,0.0,0.0,0,0,0.0,0.0,0,0
53,2016947,1,1,40,141,40,40,40.0,0.0,141,141,141.0,0.0,89.73959,0.9915977,2.016947e+06,0.0,2016947,2016947,0,0.0,0.0,0,0,0,0.0,0.0,0,0,0,0,0,0,20,32,0.49579886,0.49579886,40,141,73.666664,58.312378,3400.3333,0,0,0,0,0,0,0,0,1,110.5,40.0,141.0,20,0,0,0,0,0,0,1,40,1,141,-1,-1,0,20,0.0,0.0,0,0,0.0,0.0,0,0
53,95584,1,1,70,127,70,70,70.0,0.0,127,127,127.0,0.0,2061.0144,20.924004,95584.0,0.0,95584,95584,0,0.0,0.0,0,0,0,0.0,0.0,0,0,0,0,0,0,32,20,10.462002,10.462002,70,127,89.0,32.908966,1083.0,0,0,0,0,0,0,0,0,1,133.5,70.0,127.0,32,0,0,0,0,0,0,1,70,1,127,-1,-1,0,32,0.0,0.0,0,0,0.0,0.0,0,0
53,60496,4,2,172,198,43,43,43.0,0.0,99,99,99.0,0.0,6116.107,99.180115,12099.2,16569.258,30842,1,30847,10282.333,17805.193,30842,1,3,3.0,0.0,3,3,0,0,0,0,80,40,66.12007,33.060036,43,99,59.0,27.325203,746.6667,0,0,0,0,0,0,0,0,0,68.833336,43.0,99.0,80,0,0,0,0,0,0,4,172,2,198,-1,-1,3,20,0.0,0.0,0,0,0.0,0.0,0,0
123,103024583,3,3,144,144,48,48,48.0,0.0,48,48,48.0,0.0,2.7954493,0.05823853,2.0604916e+07,2.9325502e+07,62969352,28244,102996339,5.149817e+07,1.6262894e+07,62997772,39998567,102996149,5.1498076e+07,1.6262779e+07,62997596,39998553,0,0,0,0,84,96,0.029119264,0.029119264,48,48,48.0,0.0,0.0,0,0,0,0,0,0,0,0,1,56.0,48.0,48.0,84,0,0,0,0,0,0,3,144,3,144,-1,-1,2,20,28427.0,9.899495,28434,28420,5.1469744e+07,1.6262904e+07,62969352,39970133
22052,90,1,1,6,6,6,6,6.0,0.0,6,6,6.0,0.0,133333.33,22222.223,90.0,0.0,90,90,0,0.0,0.0,0,0,0,0.0,0.0,0,0,0,0,0,0,20,20,11111.111,11111.111,6,6,6.0,0.0,0.0,0,0,0,0,1,1,0,0,1,9.0,6.0,6.0,20,0,0,0,0,0,0,1,6,1,6,115,256,0,20,0.0,0.0,0,0,0.0,0.0,0,0
80,61325,1,1,0,0,0,0,0.0,0.0,0,0,0.0,0.0,0.0,32.61313,61325.0,0.0,61325,61325,0,0.0,0.0,0,0,0,0.0,0.0,0,0,0,0,0,0,32,32,16.306564,16.306564,0,0,0.0,0.0,0.0,0,0,0,0,1,1,0,0,1,0.0,0.0,0.0,32,0,0,0,0,0,0,1,0,1,0,245,973,0,32,0.0,0.0,0,0,0.0,0.0,0,0
55908,15,1,1,0,0,0,0,0.0,0.0,0,0,0.0,0.0,0.0,133333.33,15.0,0.0,15,15,0,0.0,0.0,0,0,0,0.0,0.0,0,0,0,0,0,0,32,32,66666.664,66666.664,0,0,0.0,0.0,0.0,0,0,0,0,1,1,0,0,1,0.0,0.0,0.0,32,0,0,0,0,0,0,1,0,1,0,59,736,0,32,0.0,0.0,0,0,0.0,0.0,0,0
53,162,2,2,70,102,35,35,35.0,0.0,51,51,51.0,0.0,1.0617284e+06,24691.357,54.0,87.46999,155,3,3,3.0,0.0,3,3,4,4.0,0.0,4,4,0,0,0,0,80,80,12345.679,12345.679,35,51,41.4,8.763561,76.8,0,0,0,0,0,0,0,0,1,51.75,35.0,51.0,80,0,0,0,0,0,0,2,70,2,102,-1,-1,1,40,0.0,0.0,0,0,0.0,0.0,0,0
53,31135,1,1,51,111,51,51,51.0,0.0,111,111,111.0,0.0,5203.1475,64.23639,31135.0,0.0,31135,31135,0,0.0,0.0,0,0,0,0.0,0.0,0,0,0,0,0,0,32,32,32.118195,32.118195,51,111,71.0,34.641018,1200.0,0,0,0,0,0,0,0,0,1,106.5,51.0,111.0,32,0,0,0,0,0,0,1,51,1,111,-1,-1,0,32,0.0,0.0,0,0,0.0,0.0,0,0
54061,20,1,1,0,0,0,0,0.0,0.0,0,0,0.0,0.0,0.0,100000.0,20.0,0.0,20,20,0,0.0,0.0,0,0,0,0.0,0.0,0,0,0,0,0,0,32,32,50000.0,50000.0,0,0,0.0,0.0,0.0,0,0,0,0,1,1,0,0,1,0.0,0.0,0.0,32,0,0,0,0,0,0,1,0,1,0,122,33304,0,32,0.0,0.0,0,0,0.0,0.0,0,0
443,181483,1,1,6,6,6,6,6.0,0.0,6,6,6.0,0.0,66.121895,11.020316,181483.0,0.0,181483,181483,0,0.0,0.0,0,0,0,0.0,0.0,0,0,0,0,0,0,20,20,5.510158,5.510158,6,6,6.0,0.0,0.0,0,0,0,0,1,1,0,0,1,9.0,6.0,6.0,20,0,0,0,0,0,0,1,6,1,6,376,35,0,20,0.0,0.0,0,0,0.0,0.0,0,0
443,297417,13,10,565,6371,186,0,43.46154,70.43273,1551,0,637.1,731.7409,23320.793,77.3325,13518.954,20844.285,85131,3,297417,24784.75,26879.582,85131,52,187618,20846.445,25605.9,59655,3,0,0,0,0,292,212,43.709675,33.622826,0,1551,289.0,550.0019,302502.1,0,0,0,1,0,0,0,0,0,301.56522,43.46154,637.1,292,0,0,0,0,0,0,13,565,10,6371,29200,62,11,20,0.0,0.0,0,0,0.0,0.0,0,0
53,66269,4,2,184,348,46,46,46.0,0.0,174,174,174.0,0.0,8027.886,90.54007,13253.8,18125.338,33308,1,33357,11119.0,19216.252,33308,1,3,3.0,0.0,3,3,0,0,0,0,104,40,60.360046,30.180023,46,174,82.57143,62.457603,3900.9524,0,0,0,0,0,0,0,0,0,96.333336,46.0,174.0,104,0,0,0,0,0,0,4,184,2,348,-1,-1,3,20,0.0,0.0,0,0,0.0,0.0,0,0
53,30850,2,2,62,94,31,31,31.0,0.0,47,47,47.0,0.0,5056.726,129.65964,10283.333,17806.06,30844,3,3,3.0,0.0,3,3,3,3.0,0.0,3,3,0,0,0,0,64,64,64.82982,64.82982,31,47,37.4,8.763561,76.8,0,0,0,0,0,0,0,0,1,46.75,31.0,47.0,64,0,0,0,0,0,0,2,62,2,94,-1,-1,1,32,0.0,0.0,0,0,0.0,0.0,0,0
2681,3,2,0,37,0,31,6,18.5,17.67767,0,0,0.0,0.0,1.2333333e+07,666666.7,3.0,0.0,3,3,3,3.0,0.0,3,3,0,0.0,0.0,0,0,1,0,0,0,40,0,666666.7,0.0,6,31,22.666666,14.433757,208.33333,0,1,0,0,1,0,0,0,0,34.0,18.5,0.0,40,0,0,0,0,0,0,2,37,0,0,110,-1,1,20,0.0,0.0,0,0,0.0,0.0,0,0
53,281,2,2,58,238,29,29,29.0,0.0,119,119,119.0,0.0,1.0533808e+06,14234.875,93.666664,79.10331,185,47,47,47.0,0.0,47,47,49,49.0,0.0,49,49,0,0,0,0,40,40,7117.4375,7117.4375,29,119,65.0,49.29503,2430.0,0,0,0,0,0,0,0,0,1,81.25,29.0,119.0,40,0,0,0,0,0,0,2,58,2,238,-1,-1,1,20,0.0,0.0,0,0,0.0,0.0,0,0
53,188,2,2,96,180,48,48,48.0,0.0,90,90,90.0,0.0,1.4680851e+06,21276.596,62.666668,103.345695,182,3,3,3.0,0.0,3,3,3,3.0,0.0,3,3,0,0,0,0,80,80,10638.298,10638.298,48,90,64.8,23.004347,529.2,0,0,0,0,0,0,0,0,1,81.0,48.0,90.0,80,0,0,0,0,0,0,2,96,2,180,-1,-1,1,40,0.0,0.0,0,0,0.0,0.0,0,0
8080,1001110,3,3,0,18,0,0,0.0,0.0,6,6,6.0,0.0,17.980042,5.993347,200222.0,273336.16,503338,531,1000579,500289.5,5154.1016,503934,496645,1000514,500257.0,5371.183,504055,496459,0,0,0,0,92,60,2.9966736,2.9966736,0,6,2.5714285,3.207135,10.285714,0,0,0,1,0,0,0,0,1,3.0,0.0,6.0,92,0,0,0,0,0,0,3,0,3,18,8192,0,0,28,0.0,0.0,0,0,0.0,0.0,0,0
443,99380,7,6,1490,3361,811,0,212.85715,325.08893,1448,0,560.1667,642.16583,48812.637,130.81104,8281.667,9635.888,24023,38,72462,12077.0,11406.909,25899,252,75598,15119.6,13553.74,30536,252,0,0,0,0,232,200,70.43671,60.37432,0,1448,346.5,497.29944,247306.73,0,0,0,1,0,0,0,0,0,373.15384,212.85715,560.1667,232,0,0,0,0,0,0,7,1490,6,3361,29200,64,3,32,0.0,0.0,0,0,0.0,0.0,0,0
53,172,2,2,46,46,23,23,23.0,0.0,23,23,23.0,0.0,534883.75,23255.814,57.333332,62.147675,124,1,47,47.0,0.0,47,47,1,1.0,0.0,1,1,0,0,0,0,64,64,11627.907,11627.907,23,23,23.0,0.0,0.0,0,0,0,0,0,0,0,0,1,28.75,23.0,23.0,64,0,0,0,0,0,0,2,46,2,46,-1,-1,1,32,0.0,0.0,0,0,0.0,0.0,0,0
444,119382036,1157,1157,319630,6942,1271,6,276.25757,265.15588,6,6,6.0,0.0,2735.5205,19.38315,51613.504,688536.9,24800000,1,119000000,103271.23,972656.1,24800000,352,119000000,103271.2,971529.4,24800000,464,1,0,0,0,23140,23140,9.691575,9.691575,6,1271,141.10886,231.0501,53384.15,0,1,0,0,1,0,0,0,1,141.16983,276.25757,6.0,23140,0,0,0,0,0,0,1157,319630,1157,6942,255,3977,1156,20,8.742789e+06,8.670544e+06,21700000,3735603,1.36e+07,9.693511e+06,24800000,5373451
443,176,3,0,0,0,0,0,0.0,0.0,0,0,0.0,0.0,0.0,17045.455,88.0,121.62237,174,2,176,88.0,121.62237,174,2,0,0.0,0.0,0,0,0,0,0,0,96,0,17045.455,0.0,0,0,0.0,0.0,0.0,0,0,0,0,1,0,0,0,0,0.0,0.0,0.0,96,0,0,0,0,0,0,3,0,0,0,33300,-1,0,32,0.0,0.0,0,0,0.0,0.0,0,0
443,117311,10,4,652,703,405,0,65.2,128.46513,565,0,175.75,267.5299,11550.494,119.3409,9023.923,13447.831,32765,19,117311,13034.556,16905.69,39809,19,75865,25288.334,13793.685,33328,9361,0,0,0,0,224,88,85.2435,34.0974,0,565,90.333336,170.48404,29064.809,0,0,0,1,0,0,0,0,0,96.78571,65.2,175.75,224,0,0,0,0,0,0,10,652,4,703,65535,11,5,20,0.0,0.0,0,0,0.0,0.0,0,0
443,113439904,19,20,2581,1656,1015,0,135.8421,326.91202,511,0,82.8,185.08934,37.350174,0.34379438,2.9852608e+06,4.536323e+06,10000000,62,113000000,6.300896e+06,4.789007e+06,10000000,23968,113000000,5.969265e+06,4.902741e+06,10000000,319,0,0,0,0,404,544,0.16748956,0.1763048,0,1015,105.925,258.86887,67013.09,0,0,0,1,0,0,0,0,1,108.64103,135.8421,82.8,404,0,0,0,0,0,0,19,2581,20,1656,8192,67,15,20,350315.53,951851.94,3195095,23797,9.960242e+06,88886.01,10000000,9771888
53,224,2,2,76,332,38,38,38.0,0.0,166,166,166.0,0.0,1.8214286e+06,17857.143,74.666664,88.0814,173,3,3,3.0,0.0,3,3,48,48.0,0.0,48,48,0,0,0,0,40,40,8928.571,8928.571,38,166,89.2,70.10849,4915.2,0,0,0,0,0,0,0,0,1,111.5,38.0,166.0,40,0,0,0,0,0,0,2,76,2,332,-1,-1,1,20,0.0,0.0,0,0,0.0,0.0,0,0
443,144,2,0,0,0,0,0,0.0,0.0,0,0,0.0,0.0,0.0,13888.889,144.0,0.0,144,144,144,144.0,0.0,144,144,0,0.0,0.0,0,0,0,0,0,0,64,0,13888.889,0.0,0,0,0.0,0.0,0.0,0,0,0,0,1,0,0,0,0,0.0,0.0,0.0,64,0,0,0,0,0,0,2,0,0,0,410,-1,0,32,0.0,0.0,0,0,0.0,0.0,0,0
53,254,2,2,82,338,41,41,41.0,0.0,169,169,169.0,0.0,1.6535432e+06,15748.031,84.666664,140.58568,247,3,4,4.0,0.0,4,4,3,3.0,0.0,3,3,0,0,0,0,40,40,7874.0156,7874.0156,41,169,92.2,70.10849,4915.2,0,0,0,0,0,0,0,0,1,115.25,41.0,169.0,40,0,0,0,0,0,0,2,82,2,338,-1,-1,1,20,0.0,0.0,0,0,0.0,0.0,0,0
53,59947,1,1,64,117,64,64,64.0,0.0,117,117,117.0,0.0,3019.3337,33.362804,59947.0,0.0,59947,59947,0,0.0,0.0,0,0,0,0.0,0.0,0,0,0,0,0,0,32,20,16.681402,16.681402,64,117,81.666664,30.599564,936.3333,0,0,0,0,0,0,0,0,1,122.5,64.0,117.0,32,0,0,0,0,0,0,1,64,1,117,-1,-1,0,32,0.0,0.0,0,0,0.0,0.0,0,0
443,8575844,5,0,682,0,645,0,136.4,284.7671,0,0,0.0,0.0,79.5257,0.58303297,2.143961e+06,4.2815065e+06,8566217,3,8575844,2.143961e+06,4.2815065e+06,8566217,3,0,0.0,0.0,0,0,0,0,0,0,160,0,0.58303297,0.0,0,645,113.666664,260.7195,67974.664,0,0,0,0,1,0,0,0,0,136.4,136.4,0.0,160,0,0,0,0,0,0,5,682,0,0,33285,-1,2,32,3.0,0.0,3,3,8.566217e+06,0.0,8566217,8566217
