 Destination Port, Flow Duration, Total Fwd Packets, Total Backward Packets,Total Length of Fwd Packets, Total Length of Bwd Packets, Fwd Packet Length Max, Fwd Packet Length Min, Fwd Packet Length Mean, Fwd Packet Length Std,Bwd Packet Length Max, Bwd Packet Length Min, Bwd Packet Length Mean, Bwd Packet Length Std,Flow Bytes/s, Flow Packets/s, Flow IAT Mean, Flow IAT Std, Flow IAT Max, Flow IAT Min,Fwd IAT Total, Fwd IAT Mean, Fwd IAT Std, Fwd IAT Max, Fwd IAT Min,Bwd IAT Total, Bwd IAT Mean, Bwd IAT Std, Bwd IAT Max, Bwd IAT Min,Fwd PSH Flags, Bwd PSH Flags, Fwd URG Flags, Bwd URG Flags, Fwd Header Length, Bwd Header Length,Fwd Packets/s, Bwd Packets/s, Min Packet Length, Max Packet Length, Packet Length Mean, Packet Length Std, Packet Length Variance,FIN Flag Count, SYN Flag Count, RST Flag Count, PSH Flag Count, ACK Flag Count, URG Flag Count, CWE Flag Count, ECE Flag Count, Down/Up Ratio, Average Packet Size, Avg Fwd Segment Size, Avg Bwd Segment Size, Fwd Header Length,Fwd Avg Bytes/Bulk, Fwd Avg Packets/Bulk, Fwd Avg Bulk Rate, Bwd Avg Bytes/Bulk, Bwd Avg Packets/Bulk,Bwd Avg Bulk Rate,Subflow Fwd Packets, Subflow Fwd Bytes, Subflow Bwd Packets, Subflow Bwd Bytes,Init_Win_bytes_forward, Init_Win_bytes_backward, act_data_pkt_fwd, min_seg_size_forward,Active Mean, Active Std, Active Max, Active Min,Idle Mean, Idle Std, Idle Max, Idle Min
8080,1029619,3,3,0,18,0,0,0.0,0.0,6,6,6.0,0.0,17.482195,5.8273983,205923.8,281238.8,515229,395,1028970,514485.0,1610.7893,515624,513346,1029052,514526.0,1912.0167,515878,513174,0,0,0,0,92,60,2.9136992,2.9136992,0,6,2.5714285,3.207135,10.285714,0,0,0,1,0,0,0,0,1,3.0,0.0,6.0,92,0,0,0,0,0,0,3,0,3,18,8192,0,0,28,0.0,0.0,0,0,0.0,0.0,0,0
53,259,2,2,84,208,42,42,42.0,0.0,104,104,104.0,0.0,1.1274131e+06,15444.016,86.333336,66.40281,163,47,47,47.0,0.0,47,47,49,49.0,0.0,49,49,0,0,0,0,40,40,7722.008,7722.008,42,104,66.8,33.958797,1153.2,0,0,0,0,0,0,0,0,1,83.5,42.0,104.0,40,0,0,0,0,0,0,2,84,2,208,-1,-1,1,20,0.0,0.0,0,0,0.0,0.0,0,0
443,19489533,8,9,742,3755,401,0,92.75,143.66702,1780,0,417.22223,693.3458,230.73924,0.8722631,1.2180959e+06,3.2125052e+06,10000000,60,10500000,1.498238e+06,3.7506952e+06,10000000,386,19300000,2.417893e+06,4.3865995e+06,10100000,185,0,0,0,0,172,204,0.41047674,0.46178633,0,1780,249.83333,514.62714,264841.1,0,0,0,1,0,0,0,0,1,264.52942,92.75,417.22223,172,0,0,0,0,0,0,8,742,9,3755,8192,62,7,20,315840.5,239318.17,485064,146617,9.428806e+06,811469.4,10000000,8855011
53,83889,2,2,80,226,40,40,40.0,0.0,113,113,113.0,0.0,3647.6772,47.682056,27963.0,48427.273,83882,3,4,4.0,0.0,4,4,3,3.0,0.0,3,3,0,0,0,0,64,40,23.841028,23.841028,40,113,69.2,39.983746,1598.7,0,0,0,0,0,0,0,0,1,86.5,40.0,113.0,64,0,0,0,0,0,0,2,80,2,226,-1,-1,1,32,0.0,0.0,0,0,0.0,0.0,0,0
57102,53,1,1,0,0,0,0,0.0,0.0,0,0,0.0,0.0,0.0,37735.848,53.0,0.0,53,53,0,0.0,0.0,0,0,0,0.0,0.0,0,0,0,0,0,0,32,32,18867.924,18867.924,0,0,0.0,0.0,0.0,0,0,0,0,1,1,0,0,1,0.0,0.0,0.0,32,0,0,0,0,0,0,1,0,1,0,349,252,0,32,0.0,0.0,0,0,0.0,0.0,0,0
80,5001683,3,1,0,0,0,0,0.0,0.0,0,0,0.0,0.0,0.0,0.79973084,1.6672276e+06,2.8868742e+06,5000703,137,5001683,2.5008415e+06,3.535338e+06,5000703,980,0,0.0,0.0,0,0,0,0,0,0,104,40,0.5997981,0.19993271,0,0,0.0,0.0,0.0,0,0,0,1,0,0,0,0,0,0.0,0.0,0.0,104,0,0,0,0,0,0,3,0,1,0,29200,28960,0,32,0.0,0.0,0,0,0.0,0.0,0,0
53,293,2,2,60,264,30,30,30.0,0.0,132,132,132.0,0.0,1.105802e+06,13651.877,97.666664,164.84033,288,1,4,4.0,0.0,4,4,1,1.0,0.0,1,1,0,0,0,0,40,40,6825.9385,6825.9385,30,132,70.8,55.867702,3121.2,0,0,0,0,0,0,0,0,1,88.5,30.0,132.0,40,0,0,0,0,0,0,2,60,2,264,-1,-1,1,20,0.0,0.0,0,0,0.0,0.0,0,0
53,61019,4,2,148,270,37,37,37.0,0.0,135,135,135.0,0.0,6850.325,98.330025,12203.8,16705.266,30513,4,30521,10173.667,17614.379,30513,4,4,4.0,0.0,4,4,0,0,0,0,104,64,65.55335,32.776676,37,135,65.0,47.819103,2286.6667,0,0,0,0,0,0,0,0,0,75.833336,37.0,135.0,104,0,0,0,0,0,0,4,148,2,270,-1,-1,3,20,0.0,0.0,0,0,0.0,0.0,0,0
80,98452911,6,8,312,11595,294,0,52.0,118.591736,7240,0,1449.375,2446.64,120.94106,0.14219996,7.573301e+06,2.73e+07,98400000,1,98400000,1.97e+07,4.4e+07,98400000,1,98500000,1.41e+07,3.72e+07,98400000,69,0,0,0,0,164,264,0.06094284,0.08125712,0,7240,794.2,1877.177,3.5237935e+06,1,0,0,0,0,0,0,0,1,850.9286,52.0,1449.375,164,0,0,0,0,0,0,6,312,8,11595,0,235,3,20,8959.0,0.0,8959,8959,9.84e+07,0.0,98400000,98400000
53,67584,2,2,62,318,31,31,31.0,0.0,159,159,159.0,0.0,5622.633,59.185608,22528.0,39013.58,67577,3,4,4.0,0.0,4,4,3,3.0,0.0,3,3,0,0,0,0,40,40,29.592804,29.592804,31,159,82.2,70.10849,4915.2,0,0,0,0,0,0,0,0,1,102.75,31.0,159.0,40,0,0,0,0,0,0,2,62,2,318,-1,-1,1,20,0.0,0.0,0,0,0.0,0.0,0,0
53,168,2,2,90,122,45,45,45.0,0.0,61,61,61.0,0.0,1.2619048e+06,23809.523,56.0,90.934044,161,3,3,3.0,0.0,3,3,4,4.0,0.0,4,4,0,0,0,0,64,64,11904.762,11904.762,45,61,51.4,8.763561,76.8,0,0,0,0,0,0,0,0,1,64.25,45.0,61.0,64,0,0,0,0,0,0,2,90,2,122,-1,-1,1,32,0.0,0.0,0,0,0.0,0.0,0,0
443,1559,2,0,12,0,6,6,6.0,0.0,0,0,0.0,0.0,7697.2417,1282.8737,1559.0,0.0,1559,1559,1559,1559.0,0.0,1559,1559,0,0.0,0.0,0,0,0,0,0,0,40,0,1282.8737,0.0,6,6,6.0,0.0,0.0,0,0,0,0,1,0,0,0,0,9.0,6.0,0.0,40,0,0,0,0,0,0,2,12,0,0,253,-1,1,20,0.0,0.0,0,0,0.0,0.0,0,0
80,8586641,4,0,24,0,6,6,6.0,0.0,0,0,0.0,0.0,2.7950394,0.4658399,2.8622138e+06,4.957498e+06,8586639,1,8586641,2.8622138e+06,4.957498e+06,8586639,1,0,0.0,0.0,0,0,0,0,0,0,80,0,0.4658399,0.0,6,6,6.0,0.0,0.0,0,0,0,0,1,0,0,0,0,7.5,6.0,0.0,80,0,0,0,0,0,0,4,24,0,0,256,-1,3,20,2.0,0.0,2,2,8.586639e+06,0.0,8586639,8586639
443,116246697,22,20,4973,5297,4590,0,226.04546,976.0777,1418,0,264.85,521.42377,88.346596,0.3613006,2.8352852e+06,4.475794e+06,10000000,6,116000000,5.535557e+06,4.980946e+06,10100000,48,111000000,5.830777e+06,5.0812185e+06,10100000,48,0,0,0,0,712,648,0.18925269,0.1720479,0,4590,238.8372,775.3222,601124.5,0,0,0,1,0,0,0,0,0,244.5238,226.04546,264.85,712,0,0,0,0,0,0,22,4973,20,5297,29200,434,4,32,62662.582,72898.74,294147,41493,9.624558e+06,1.3240916e+06,10000000,5420023
36948,83,1,1,0,0,0,0,0.0,0.0,0,0,0.0,0.0,0.0,24096.385,83.0,0.0,83,83,0,0.0,0.0,0,0,0,0.0,0.0,0,0,0,0,0,0,32,32,12048.192,12048.192,0,0,0.0,0.0,0.0,0,0,0,0,1,1,0,0,1,0.0,0.0,0.0,32,0,0,0,0,0,0,1,0,1,0,126,445,0,32,0.0,0.0,0,0,0.0,0.0,0,0
80,11166106,5,5,624,3525,624,0,124.8,279.06128,2077,0,705.0,990.6447,371.5709,0.89556736,1.2406785e+06,2.4780188e+06,6163813,2,6167550,1.5418875e+06,3.083225e+06,6166725,2,11200000,2.7915188e+06,3.257528e+06,6163813,193,0,0,0,0,168,168,0.44778368,0.44778368,0,2077,377.18182,723.53864,523508.16,0,0,0,1,0,0,0,0,1,414.9,124.8,705.0,168,0,0,0,0,0,0,5,624,5,3525,29200,236,1,32,882.0,0.0,882,882,6.163813e+06,0.0,6163813,6163813
22,12885513,20,33,2008,2745,640,0,100.4,141.91414,976,0,83.181816,217.28574,368.86386,4.1131463,247798.33,672740.8,2648205,4,11000000,577832.8,989862.1,2701260,475,12900000,402669.72,824823.2,2648205,4,0,0,0,0,648,1064,1.5521307,2.5610156,0,976,88.01852,189.59027,35944.473,0,0,0,1,0,0,0,0,1,89.679245,100.4,83.181816,648,0,0,0,0,0,0,20,2008,33,2745,29200,247,16,32,0.0,0.0,0,0,0.0,0.0,0,0
50855,185,2,1,0,0,0,0,0.0,0.0,0,0,0.0,0.0,0.0,16216.216,92.5,125.1579,181,4,4,4.0,0.0,4,4,0,0.0,0.0,0,0,0,0,0,0,64,32,10810.811,5405.4053,0,0,0.0,0.0,0.0,0,0,0,0,1,1,0,0,0,0.0,0.0,0.0,64,0,0,0,0,0,0,2,0,1,0,357,32832,0,32,0.0,0.0,0,0,0.0,0.0,0,0
53,90531,1,1,49,101,49,49,49.0,0.0,101,101,101.0,0.0,1656.891,22.09188,90531.0,0.0,90531,90531,0,0.0,0.0,0,0,0,0.0,0.0,0,0,0,0,0,0,32,32,11.04594,11.04594,49,101,66.333336,30.022215,901.3333,0,0,0,0,0,0,0,0,1,99.5,49.0,101.0,32,0,0,0,0,0,0,1,49,1,101,-1,-1,0,32,0.0,0.0,0,0,0.0,0.0,0,0
80,5199731,3,1,0,0,0,0,0.0,0.0,0,0,0.0,0.0,0.0,0.76927054,1.7332436e+06,3.0013058e+06,5198853,123,5199731,2.5998655e+06,3.6755232e+06,5198853,878,0,0.0,0.0,0,0,0,0,0,0,104,40,0.57695293,0.19231763,0,0,0.0,0.0,0.0,0,0,0,1,0,0,0,0,0,0.0,0.0,0.0,104,0,0,0,0,0,0,3,0,1,0,29200,28960,0,32,0.0,0.0,0,0,0.0,0.0,0,0
53,23785,1,1,43,59,43,43,43.0,0.0,59,59,59.0,0.0,4288.417,84.08661,23785.0,0.0,23785,23785,0,0.0,0.0,0,0,0,0.0,0.0,0,0,0,0,0,0,44,20,42.043304,42.043304,43,59,48.333332,9.237604,85.333336,0,0,0,0,0,0,0,0,1,72.5,43.0,59.0,44,0,0,0,0,0,0,1,43,1,59,-1,-1,0,44,0.0,0.0,0,0,0.0,0.0,0,0
43876,4,2,0,31,0,31,0,15.5,21.920311,0,0,0.0,0.0,7.75e+06,500000.0,4.0,0.0,4,4,4,4.0,0.0,4,4,0,0.0,0.0,0,0,1,0,0,0,64,0,500000.0,0.0,0,31,20.666666,17.897858,320.33334,0,1,0,0,1,0,0,0,0,31.0,15.5,0.0,64,0,0,0,0,0,0,2,31,0,0,939,-1,0,32,0.0,0.0,0,0,0.0,0.0,0,0
80,42,1,1,0,0,0,0,0.0,0.0,0,0,0.0,0.0,0.0,47619.047,42.0,0.0,42,42,0,0.0,0.0,0,0,0,0.0,0.0,0,0,0,0,0,0,32,32,23809.523,23809.523,0,0,0.0,0.0,0.0,0,0,0,0,1,1,0,0,1,0.0,0.0,0.0,32,0,0,0,0,0,0,1,0,1,0,257,235,0,32,0.0,0.0,0,0,0.0,0.0,0,0
443,6249540,13,17,652,13747,333,0,50.153847,104.60788,2979,0,808.64703,861.3747,2304.0095,4.8003535,215501.38,1.1157581e+06,6016050,3,6249540,520795.0,1.7308288e+06,6016347,209,6198182,387386.38,1.5011686e+06,6016058,3,0,0,0,0,272,352,2.080153,2.7202003,0,2979,464.48386,740.8068,548794.8,0,0,0,1,0,0,0,0,1,479.96667,50.153847,808.64703,272,0,0,0,0,0,0,13,652,17,13747,8192,66,3,20,233193.0,0.0,233193,233193,6.01605e+06,0.0,6016050,6016050
45140,3,2,0,31,0,31,0,15.5,21.920311,0,0,0.0,0.0,1.03e+07,666666.7,3.0,0.0,3,3,3,3.0,0.0,3,3,0,0.0,0.0,0,0,1,0,0,0,64,0,666666.7,0.0,0,31,20.666666,17.897858,320.33334,0,1,0,0,1,0,0,0,0,31.0,15.5,0.0,64,0,0,0,0,0,0,2,31,0,0,59,-1,0,32,0.0,0.0,0,0,0.0,0.0,0,0
53,48718,1,1,60,125,60,60,60.0,0.0,125,125,125.0,0.0,3797.3645,41.05259,48718.0,0.0,48718,48718,0,0.0,0.0,0,0,0,0.0,0.0,0,0,0,0,0,0,20,20,20.526295,20.526295,60,125,81.666664,37.527767,1408.3334,0,0,0,0,0,0,0,0,1,122.5,60.0,125.0,20,0,0,0,0,0,0,1,60,1,125,-1,-1,0,20,0.0,0.0,0,0,0.0,0.0,0,0
32781,31,1,1,2,6,2,2,2.0,0.0,6,6,6.0,0.0,258064.52,64516.13,31.0,0.0,31,31,0,0.0,0.0,0,0,0,0.0,0.0,0,0,0,0,0,0,24,20,32258.064,32258.064,2,6,3.3333333,2.309401,5.3333335,0,0,0,1,0,0,0,0,1,5.0,2.0,6.0,24,0,0,0,0,0,0,1,2,1,6,1024,0,0,24,0.0,0.0,0,0,0.0,0.0,0,0
80,33027647,203,104,43951,72194,602,0,216.50739,228.65117,1069,0,694.1731,362.6638,3516.5994,9.295243,107933.484,271911.44,1293952,4,33000000,163488.52,321122.0,1293952,892,33000000,320655.78,418105.12,1294873,4,0,0,0,0,6504,3336,6.1463656,3.1488771,0,1069,377.09415,360.69583,130101.49,0,0,0,1,0,0,0,0,0,378.32248,216.50739,694.1731,6504,0,0,0,0,0,0,203,43951,104,72194,29200,1174,101,32,0.0,0.0,0,0,0.0,0.0,0,0
53,77807,4,2,148,298,37,37,37.0,0.0,149,149,149.0,0.0,5732.132,77.113884,15561.4,22070.506,47056,3,30747,10249.0,17745.727,30740,3,4,4.0,0.0,4,4,0,0,0,0,92,40,51.409256,25.704628,37,149,69.0,54.650406,2986.6667,0,0,0,0,0,0,0,0,0,80.5,37.0,149.0,92,0,0,0,0,0,0,4,148,2,298,-1,-1,3,20,0.0,0.0,0,0,0.0,0.0,0,0
53,31033,2,2,72,328,36,36,36.0,0.0,164,164,164.0,0.0,12889.505,128.89505,10344.333,17872.758,30982,3,3,3.0,0.0,3,3,48,48.0,0.0,48,48,0,0,0,0,64,64,64.447525,64.447525,36,164,87.2,70.10849,4915.2,0,0,0,0,0,0,0,0,1,109.0,36.0,164.0,64,0,0,0,0,0,0,2,72,2,328,-1,-1,1,32,0.0,0.0,0,0,0.0,0.0,0,0
80,63080216,7,0,0,0,0,0,0.0,0.0,0,0,0.0,0.0,0.0,0.11096982,1.05e+07,1.19e+07,32000000,996597,63100000,1.05e+07,1.19e+07,32000000,996597,0,0.0,0.0,0,0,0,0,0,0,280,0,0.11096982,0.0,0,0,0.0,0.0,0.0,0,0,0,1,0,0,0,0,0,0.0,0.0,0.0,280,0,0,0,0,0,0,7,0,0,0,29200,-1,0,40,7.008527e+06,0.0,7008527,7008527,1.87e+07,1.22e+07,32000000,8007969
53,30656,1,1,44,204,44,44,44.0,0.0,204,204,204.0,0.0,8089.7705,65.24008,30656.0,0.0,30656,30656,0,0.0,0.0,0,0,0,0.0,0.0,0,0,0,0,0,0,20,20,32.62004,32.62004,44,204,97.333336,92.376045,8533.333,0,0,0,0,0,0,0,0,1,146.0,44.0,204.0,20,0,0,0,0,0,0,1,44,1,204,-1,-1,0,20,0.0,0.0,0,0,0.0,0.0,0,0
53,31297,2,2,72,328,36,36,36.0,0.0,164,164,164.0,0.0,12780.777,127.80778,10432.333,18065.867,31293,1,3,3.0,0.0,3,3,1,1.0,0.0,1,1,0,0,0,0,40,40,63.90389,63.90389,36,164,87.2,70.10849,4915.2,0,0,0,0,0,0,0,0,1,109.0,36.0,164.0,40,0,0,0,0,0,0,2,72,2,328,-1,-1,1,20,0.0,0.0,0,0,0.0,0.0,0,0
80,5923046,3,1,0,0,0,0,0.0,0.0,0,0,0.0,0.0,0.0,0.6753282,1.9743486e+06,3.19431e+06,5659689,85,5923046,2.961523e+06,3.815783e+06,5659689,263357,0,0.0,0.0,0,0,0,0,0,0,80,40,0.50649613,0.16883205,0,0,0.0,0.0,0.0,0,0,0,1,0,0,0,0,0,0.0,0.0,0.0,80,0,0,0,0,0,0,3,0,1,0,29200,12960,0,20,0.0,0.0,0,0,0.0,0.0,0,0
80,84637261,7,7,350,11595,344,0,50.0,129.6611,2896,0,1656.4286,1302.5323,141.1317,0.16541179,6.5105585e+06,2.34e+07,84500000,1,84500000,1.41e+07,3.45e+07,84500000,1,150635,25105.834,55584.008,138149,33,0,0,0,0,220,232,0.08270589,0.08270589,0,2896,796.3333,1194.9896,1.4280002e+06,0,0,0,0,1,0,0,0,1,853.2143,50.0,1656.4286,220,0,0,0,0,0,0,7,350,7,11595,274,235,2,20,1985.0,0.0,1985,1985,8.45e+07,0.0,84500000,84500000
53,100897,1,1,43,113,43,43,43.0,0.0,113,113,113.0,0.0,1546.1312,19.822195,100897.0,0.0,100897,100897,0,0.0,0.0,0,0,0,0.0,0.0,0,0,0,0,0,0,32,20,9.911098,9.911098,43,113,66.333336,40.41452,1633.3334,0,0,0,0,0,0,0,0,1,99.5,43.0,113.0,32,0,0,0,0,0,0,1,43,1,113,-1,-1,0,32,0.0,0.0,0,0,0.0,0.0,0,0
443,115870368,27,28,661,22960,314,0,24.481482,72.151215,2896,0,820.0,904.73615,203.85712,0.47466838,2.1457475e+06,4.1367788e+06,10218048,2,115870368,4.4565525e+06,5.075008e+06,10240010,2,112495514,4.1665005e+06,5.1164035e+06,10240265,48,0,0,0,0,872,904,0.23301902,0.24164936,0,2896,421.80356,752.1616,565747.1,0,0,0,1,0,0,0,0,1,429.47272,24.481482,820.0,872,0,0,0,0,0,0,27,661,28,22960,29200,122,4,32,27379.0,17565.545,80340,21954,1.0199513e+07,61051.96,10218048,10015435
53,293,2,2,64,96,32,32,32.0,0.0,48,48,48.0,0.0,546075.06,13651.877,97.666664,85.16063,196,48,49,49.0,0.0,49,49,48,48.0,0.0,48,48,0,0,0,0,80,80,6825.9385,6825.9385,32,48,38.4,8.763561,76.8,0,0,0,0,0,0,0,0,1,48.0,32.0,48.0,80,0,0,0,0,0,0,2,64,2,96,-1,-1,1,40,0.0,0.0,0,0,0.0,0.0,0,0
80,2999623,8,1,1780,0,356,0,222.5,184.2475,0,0,0.0,0.0,593.4079,3.000377,374952.88,488035.06,1370358,49,2999623,428517.56,501094.44,1370358,49,0,0.0,0.0,0,0,0,0,0,0,264,40,2.6670017,0.33337522,0,356,178.0,187.62848,35204.445,0,0,0,1,0,0,0,0,0,197.77777,222.5,0.0,264,0,0,0,0,0,0,8,1780,1,0,29200,28960,5,32,0.0,0.0,0,0,0.0,0.0,0,0
80,77398429,15,10,7480,8576,1798,0,498.66666,669.31104,2329,0,857.6,973.99445,207.44608,0.32300398,3.2249345e+06,1.55e+07,76200000,22,77400000,5.528459e+06,2.03e+07,76200000,42,1118241,124249.0,230049.53,714261,84,0,0,0,0,312,212,0.19380239,0.12920159,0,2329,617.53845,799.4817,639171.0,0,0,0,1,0,0,0,0,0,642.24,498.66666,857.6,312,0,0,0,0,0,0,15,7480,10,8576,8192,513,14,20,0.0,0.0,0,0,0.0,0.0,0,0
63113,52367,2,1,0,0,0,0,0.0,0.0,0,0,0.0,0.0,0.0,57.287987,26183.5,36996.535,52344,23,52367,52367.0,0.0,52367,52367,0,0.0,0.0,0,0,0,0,0,0,76,32,38.19199,19.095995,0,0,0.0,0.0,0.0,0,0,0,0,1,0,0,0,0,0.0,0.0,0.0,76,0,0,0,0,0,0,2,0,1,0,357,32832,0,32,0.0,0.0,0,0,0.0,0.0,0,0
80,63095736,7,0,0,0,0,0,0.0,0.0,0,0,0.0,0.0,0.0,0.11094252,1.05e+07,1.19e+07,32000000,996132,63100000,1.05e+07,1.19e+07,32000000,996132,0,0.0,0.0,0,0,0,0,0,0,280,0,0.11094252,0.0,0,0,0.0,0.0,0.0,0,0,0,1,0,0,0,0,0,0.0,0.0,0.0,280,0,0,0,0,0,0,7,0,0,0,29200,-1,0,40,7.008072e+06,0.0,7008072,7008072,1.87e+07,1.22e+07,32000000,8023938
53,46900,4,2,160,206,40,40,40.0,0.0,103,103,103.0,0.0,7803.838,127.93177,9380.0,13697.68,30195,3,30203,10067.667,17430.781,30195,4,3,3.0,0.0,3,3,0,0,0,0,80,40,85.28785,42.643925,40,103,58.0,30.740852,945.0,0,0,0,0,0,0,0,0,0,67.666664,40.0,103.0,80,0,0,0,0,0,0,4,160,2,206,-1,-1,3,20,0.0,0.0,0,0,0.0,0.0,0,0
80,84540144,6,6,397,11595,379,0,66.166664,153.28459,4344,0,1932.5,2181.0083,141.84978,0.1419444,7.6854675e+06,2.54e+07,84400000,36,84400000,1.69e+07,3.77e+07,84400000,995,84500000,1.69e+07,3.77e+07,84400000,64,0,0,0,0,164,200,0.0709722,0.0709722,0,4344,922.9231,1714.2023,2.9384895e+06,1,0,0,0,0,0,0,0,1,999.8333,66.166664,1932.5,164,0,0,0,0,0,0,6,397,6,11595,0,235,3,20,10997.0,0.0,10997,10997,8.44e+07,0.0,84400000,84400000
443,274,1,1,31,6,31,31,31.0,0.0,6,6,6.0,0.0,135036.5,7299.27,274.0,0.0,274,274,0,0.0,0.0,0,0,0,0.0,0.0,0,0,1,0,0,0,20,20,3649.635,3649.635,6,31,22.666666,14.433757,208.33333,0,1,0,0,1,0,0,0,1,34.0,31.0,6.0,20,0,0,0,0,0,0,1,31,1,6,980,980,0,20,0.0,0.0,0,0,0.0,0.0,0,0
443,119559294,23,23,1555,8833,273,0,67.608696,81.29673,2230,0,384.0435,594.4864,86.88576,0.38474634,2.6568732e+06,1.23e+07,58900000,4,120000000,5.4345135e+06,1.73e+07,58900000,21,119000000,5.4308905e+06,1.73e+07,59000000,4,0,0,0,0,472,472,0.19237317,0.19237317,0,2230,221.02127,445.31204,198302.8,0,0,0,1,0,0,0,0,1,225.82608,67.608696,384.0435,472,0,0,0,0,0,0,23,1555,23,8833,8192,131,22,20,873326.5,1.1124762e+06,1659966,86687,5.89e+07,60430.05,58900000,58800000
80,85160132,9,7,722,11595,361,0,80.22222,159.18604,5792,0,1656.4286,1947.6382,144.6334,0.18788134,5.677342e+06,2.19e+07,84800000,1,85000000,1.06e+07,3e+07,84800000,1,359619,59936.5,96660.64,223048,45,0,0,0,0,296,232,0.10568326,0.08219809,0,5792,724.5294,1442.7117,2.0814169e+06,0,0,0,0,1,0,0,0,0,769.8125,80.22222,1656.4286,296,0,0,0,0,0,0,9,722,7,11595,274,235,2,32,1250.0,0.0,1250,1250,8.48e+07,0.0,84800000,84800000
51488,3,2,0,12,0,6,6,6.0,0.0,0,0,0.0,0.0,4e+06,666666.7,3.0,0.0,3,3,3,3.0,0.0,3,3,0,0.0,0.0,0,0,0,0,0,0,40,0,666666.7,0.0,6,6,6.0,0.0,0.0,0,0,0,0,1,0,0,0,0,9.0,6.0,0.0,40,0,0,0,0,0,0,2,12,0,0,5114,-1,1,20,0.0,0.0,0,0,0.0,0.0,0,0
80,116039234,16,14,467,717,456,0,29.1875,113.81753,717,0,51.214287,191.62631,10.203445,0.25853324,4.001353e+06,4.8554885e+06,10000000,84,116000000,7.735949e+06,4.117185e+06,10100000,412,111000000,8.507608e+06,3.7643812e+06,10100000,741,0,0,0,0,332,284,0.1378844,0.120648846,0,717,38.19355,150.2015,22560.494,0,0,0,1,0,0,0,0,0,39.466667,29.1875,51.214287,332,0,0,0,0,0,0,16,467,14,717,8192,30016,12,20,76103.91,86743.75,337636,47695,9.978361e+06,71618.69,10000000,9762518
80,8588753,5,0,30,0,6,6,6.0,0.0,0,0,0.0,0.0,3.4929402,0.5821567,2.1471882e+06,4.292379e+06,8585757,1,8588753,2.1471882e+06,4.292379e+06,8585757,1,0,0.0,0.0,0,0,0,0,0,0,100,0,0.5821567,0.0,6,6,6.0,0.0,0.0,0,0,0,0,1,0,0,0,0,7.2,6.0,0.0,100,0,0,0,0,0,0,5,30,0,0,256,-1,4,20,2996.0,0.0,2996,2996,8.585757e+06,0.0,8585757,8585757
39204,66,1,1,0,0,0,0,0.0,0.0,0,0,0.0,0.0,0.0,30303.031,66.0,0.0,66,66,0,0.0,0.0,0,0,0,0.0,0.0,0,0,0,0,0,0,32,32,15151.516,15151.516,0,0,0.0,0.0,0.0,0,0,0,0,1,1,0,0,1,0.0,0.0,0.0,32,0,0,0,0,0,0,1,0,1,0,5656,340,0,32,0.0,0.0,0,0,0.0,0.0,0,0
22,11653924,21,31,2008,2745,640,0,95.61905,140.04517,976,0,88.548386,223.315,407.84546,4.4620166,228508.31,603916.3,2145962,3,9503958,475197.9,830986.06,2220091,361,11700000,388461.03,751490.9,2145962,3,0,0,0,0,680,1000,1.8019682,2.6600482,0,976,89.679245,191.00763,36483.914,0,0,0,1,0,0,0,0,1,91.40385,95.61905,88.548386,680,0,0,0,0,0,0,21,2008,31,2745,29200,247,16,32,0.0,0.0,0,0,0.0,0.0,0,0
9111,83,1,1,0,6,0,0,0.0,0.0,6,6,6.0,0.0,72289.16,24096.385,83.0,0.0,83,83,0,0.0,0.0,0,0,0,0.0,0.0,0,0,0,0,0,0,40,20,12048.192,12048.192,0,6,2.0,3.4641016,12.0,0,0,0,1,0,0,0,0,1,3.0,0.0,6.0,40,0,0,0,0,0,0,1,0,1,6,29200,0,0,40,0.0,0.0,0,0,0.0,0.0,0,0
80,115608254,16,14,438,746,427,0,27.375,106.56758,746,0,53.285713,199.37689,10.241484,0.25949705,3.9864915e+06,4.871515e+06,10000000,9,116000000,7.707217e+06,4.1577438e+06,10100000,173,110000000,8.498414e+06,3.7590025e+06,10100000,20537,0,0,0,0,332,424,0.13839842,0.12109862,0,746,38.19355,152.05644,23121.162,0,0,0,1,0,0,0,0,0,39.466667,27.375,53.285713,332,0,0,0,0,0,0,16,438,14,746,8192,343,12,20,46310.0,32602.766,144611,36434,9.99729e+06,16852.86,10000000,9949562
53,95654,2,2,82,340,41,41,41.0,0.0,170,170,170.0,0.0,4411.734,41.817383,31884.666,55219.8,95647,3,3,3.0,0.0,3,3,4,4.0,0.0,4,4,0,0,0,0,40,80,20.908691,20.908691,41,170,92.6,70.65621,4992.3,0,0,0,0,0,0,0,0,1,115.75,41.0,170.0,40,0,0,0,0,0,0,2,82,2,340,-1,-1,1,20,0.0,0.0,0,0,0.0,0.0,0,0
80,80255718,8,6,56,11607,20,0,7.0,5.656854,5840,0,1934.5,2538.9192,145.32298,0.1744424,6.173517e+06,1.94e+07,70300000,3,78500000,1.12e+07,2.62e+07,70300000,3,1737521,347504.2,776522.06,1736589,3,0,0,0,0,172,132,0.09968137,0.074761026,0,5840,777.93335,1804.899,3.2576602e+06,0,0,0,0,1,0,0,0,0,833.5,7.0,1934.5,172,0,0,0,0,0,0,8,56,6,11607,256,229,6,20,986.0,0.0,986,986,3.93e+07,4.39e+07,70300000,8184818
80,15555140,5,5,480,3525,480,0,96.0,214.66252,2077,0,705.0,990.6447,257.47116,0.6428743,1.7283489e+06,3.6991758e+06,10600000,43,10600000,2.6391275e+06,5.277629e+06,10600000,193,15600000,3.88877e+06,5.029555e+06,10600000,192,0,0,0,0,168,168,0.32143715,0.32143715,0,2077,364.0909,719.92004,518284.9,0,0,0,1,0,0,0,0,1,400.5,96.0,705.0,168,0,0,0,0,0,0,5,480,5,3525,29200,235,1,32,789.0,0.0,789,789,1.06e+07,0.0,10600000,10600000
80,109,1,1,0,0,0,0,0.0,0.0,0,0,0.0,0.0,0.0,18348.623,109.0,0.0,109,109,0,0.0,0.0,0,0,0,0.0,0.0,0,0,0,0,0,0,32,32,9174.312,9174.312,0,0,0.0,0.0,0.0,0,0,0,0,1,1,0,0,1,0.0,0.0,0.0,32,0,0,0,0,0,0,1,0,1,0,260,236,0,32,0.0,0.0,0,0,0.0,0.0,0,0
80,99999393,2,2,16,0,8,8,8.0,0.0,0,0,0.0,0.0,0.16000096,0.04000024,3.33e+07,5.77e+07,100000000,38,100000000,1e+08,0.0,100000000,100000000,100000000,1e+08,0.0,100000000,100000000,1,0,0,0,64,64,0.02000012,0.02000012,0,8,4.8,4.3817806,19.2,0,1,0,0,1,0,0,0,1,6.0,8.0,0.0,64,0,0,0,0,0,0,2,16,2,0,229,235,1,32,86.0,0.0,86,86,1e+08,0.0,100000000,100000000
61900,67,2,2,4,12,2,2,2.0,0.0,6,6,6.0,0.0,238805.97,59701.492,22.333334,6.658328,30,18,49,49.0,0.0,49,49,48,48.0,0.0,48,48,0,0,0,0,48,40,29850.746,29850.746,2,6,3.6,2.1908903,4.8,0,0,0,1,0,0,0,0,1,4.5,2.0,6.0,48,0,0,0,0,0,0,2,4,2,12,1024,0,1,24,0.0,0.0,0,0,0.0,0.0,0,0
21,8771749,9,15,100,188,24,0,11.111111,8.894443,34,0,12.533334,14.54975,32.832676,2.7360563,381380.4,998771.3,3248768,3,6517248,814656.0,1.4949201e+06,3293280,3,8771673,626548.06,1.2339949e+06,3248768,3,0,0,0,0,296,488,1.0260211,1.7100352,0,34,11.52,12.4937315,156.09334,0,0,0,1,0,0,0,0,1,12.0,11.111111,12.533334,296,0,0,0,0,0,0,9,100,15,188,29200,227,6,32,0.0,0.0,0,0,0.0,0.0,0,0
64416,59,1,1,0,0,0,0,0.0,0.0,0,0,0.0,0.0,0.0,33898.305,59.0,0.0,59,59,0,0.0,0.0,0,0,0,0.0,0.0,0,0,0,0,0,0,32,32,16949.152,16949.152,0,0,0.0,0.0,0.0,0,0,0,0,1,1,0,0,1,0.0,0.0,0.0,32,0,0,0,0,0,0,1,0,1,0,126,33304,0,32,0.0,0.0,0,0,0.0,0.0,0,0
22,11864763,22,33,2008,2745,640,0,91.27273,138.18214,976,0,83.181816,217.28574,400.59796,4.6355753,219717.83,604248.7,2496135,4,10200000,483749.62,881835.1,2566398,709,11900000,370770.47,752748.56,2496135,4,0,0,0,0,712,1064,1.85423,2.7813451,0,976,84.875,186.83966,34909.06,0,0,0,1,0,0,0,0,1,86.41818,91.27273,83.181816,712,0,0,0,0,0,0,22,2008,33,2745,29200,247,16,32,0.0,0.0,0,0,0.0,0.0,0,0
53,241,2,2,108,330,54,54,54.0,0.0,165,165,165.0,0.0,1.8174274e+06,16597.51,80.333336,95.918365,188,4,49,49.0,0.0,49,49,4,4.0,0.0,4,4,0,0,0,0,64,64,8298.755,8298.755,54,165,98.4,60.797203,3696.3,0,0,0,0,0,0,0,0,1,123.0,54.0,165.0,64,0,0,0,0,0,0,2,108,2,330,-1,-1,1,32,0.0,0.0,0,0,0.0,0.0,0,0
53,131385,4,2,128,536,32,32,32.0,0.0,268,268,268.0,0.0,5053.8496,45.667313,26277.0,36105.645,69999,3,61382,20460.666,35433.72,61376,3,4,4.0,0.0,4,4,0,0,0,0,80,40,30.444876,15.222438,32,268,99.42857,115.15621,13260.952,0,0,0,0,0,0,0,0,0,116.0,32.0,268.0,80,0,0,0,0,0,0,4,128,2,536,-1,-1,3,20,0.0,0.0,0,0,0.0,0.0,0,0
443,271,2,0,12,0,6,6,6.0,0.0,0,0,0.0,0.0,44280.44,7380.0737,271.0,0.0,271,271,271,271.0,0.0,271,271,0,0.0,0.0,0,0,0,0,0,0,40,0,7380.0737,0.0,6,6,6.0,0.0,0.0,0,0,0,0,1,0,0,0,0,9.0,6.0,0.0,40,0,0,0,0,0,0,2,12,0,0,372,-1,1,20,0.0,0.0,0,0,0.0,0.0,0,0
80,5296917,4,0,24,0,6,6,6.0,0.0,0,0,0.0,0.0,4.5309377,0.7551563,1.765639e+06,3.057294e+06,5295898,3,5296917,1.765639e+06,3.057294e+06,5295898,3,0,0.0,0.0,0,0,0,0,0,0,80,0,0.7551563,0.0,6,6,6.0,0.0,0.0,0,0,0,0,1,0,0,0,0,7.5,6.0,0.0,80,0,0,0,0,0,0,4,24,0,0,256,-1,3,20,1019.0,0.0,1019,1019,5.295898e+06,0.0,5295898,5295898
443,115184294,22,23,821,12537,352,0,37.31818,85.86112,2021,0,545.087,745.7091,115.97067,0.39067826,2.6178248e+06,4.367213e+06,10000000,2,115000000,5.4849665e+06,4.9805535e+06,10000000,2,110000000,5.0140005e+06,5.12524e+06,10000000,2,0,0,0,0,452,604,0.19099826,0.19968,0,2021,290.3913,584.5029,341643.72,0,0,0,1,0,0,0,0,1,296.84445,37.31818,545.087,452,0,0,0,0,0,0,22,821,23,12537,8192,123,21,20,36422.637,21899.953,102451,29573,9.99159e+06,5141.285,10000000,9980697
2757,59,1,1,6,6,6,6,6.0,0.0,6,6,6.0,0.0,203389.83,33898.305,59.0,0.0,59,59,0,0.0,0.0,0,0,0,0.0,0.0,0,0,0,0,0,0,20,20,16949.152,16949.152,6,6,6.0,0.0,0.0,0,0,0,0,1,1,0,0,1,9.0,6.0,6.0,20,0,0,0,0,0,0,1,6,1,6,237,256,0,20,0.0,0.0,0,0,0.0,0.0,0,0
53,26650,1,1,44,140,44,44,44.0,0.0,140,140,140.0,0.0,6904.3154,75.046906,26650.0,0.0,26650,26650,0,0.0,0.0,0,0,0,0.0,0.0,0,0,0,0,0,0,20,20,37.523453,37.523453,44,140,76.0,55.425625,3072.0,0,0,0,0,0,0,0,0,1,114.0,44.0,140.0,20,0,0,0,0,0,0,1,44,1,140,-1,-1,0,20,0.0,0.0,0,0,0.0,0.0,0,0
80,5729790,3,1,0,0,0,0,0.0,0.0,0,0,0.0,0.0,0.0,0.6981059,1.90993e+06,3.3073225e+06,5728897,106,5729790,2.864895e+06,4.0503105e+06,5728897,893,0,0.0,0.0,0,0,0,0,0,0,104,40,0.5235794,0.17452647,0,0,0.0,0.0,0.0,0,0,0,1,0,0,0,0,0,0.0,0.0,0.0,104,0,0,0,0,0,0,3,0,1,0,29200,28960,0,32,0.0,0.0,0,0,0.0,0.0,0,0
10354,56,1,1,6,6,6,6,6.0,0.0,6,6,6.0,0.0,214285.72,35714.285,56.0,0.0,56,56,0,0.0,0.0,0,0,0,0.0,0.0,0,0,0,0,0,0,20,20,17857.143,17857.143,6,6,6.0,0.0,0.0,0,0,0,0,1,1,0,0,1,9.0,6.0,6.0,20,0,0,0,0,0,0,1,6,1,6,290,16425,0,20,0.0,0.0,0,0,0.0,0.0,0,0
53,60998,4,2,120,264,30,30,30.0,0.0,132,132,132.0,0.0,6295.2886,98.363884,12199.6,16682.494,30850,3,30100,10033.333,17373.047,30094,3,48,48.0,0.0,48,48,0,0,0,0,80,64,65.57592,32.78796,30,132,59.142857,49.770905,2477.1428,0,0,0,0,0,0,0,0,0,69.0,30.0,132.0,80,0,0,0,0,0,0,4,120,2,264,-1,-1,3,20,0.0,0.0,0,0,0.0,0.0,0,0
443,438,2,0,0,0,0,0,0.0,0.0,0,0,0.0,0.0,0.0,4566.21,438.0,0.0,438,438,438,438.0,0.0,438,438,0,0.0,0.0,0,0,0,0,0,0,64,0,4566.21,0.0,0,0,0.0,0.0,0.0,0,0,0,0,1,0,0,0,0,0.0,0.0,0.0,64,0,0,0,0,0,0,2,0,0,0,245,-1,0,32,0.0,0.0,0,0,0.0,0.0,0,0
80,5134920,3,1,0,0,0,0,0.0,0.0,0,0,0.0,0.0,0.0,0.77898,1.71164e+06,2.9640438e+06,5134223,126,5134920,2.56746e+06,3.629951e+06,5134223,697,0,0.0,0.0,0,0,0,0,0,0,104,40,0.584235,0.194745,0,0,0.0,0.0,0.0,0,0,0,1,0,0,0,0,0,0.0,0.0,0.0,104,0,0,0,0,0,0,3,0,1,0,29200,28960,0,32,0.0,0.0,0,0,0.0,0.0,0,0
44478,41,1,1,0,0,0,0,0.0,0.0,0,0,0.0,0.0,0.0,48780.49,41.0,0.0,41,41,0,0.0,0.0,0,0,0,0.0,0.0,0,0,0,0,0,0,32,32,24390.244,24390.244,0,0,0.0,0.0,0.0,0,0,0,0,1,1,0,0,1,0.0,0.0,0.0,32,0,0,0,0,0,0,1,0,1,0,3,229,0,32,0.0,0.0,0,0,0.0,0.0,0,0
53,237,2,2,84,310,42,42,42.0,0.0,155,155,155.0,0.0,1.6624472e+06,16877.637,79.0,53.693577,141,48,48,48.0,0.0,48,48,48,48.0,0.0,48,48,0,0,0,0,40,40,8438.818,8438.818,42,155,87.2,61.89265,3830.7,0,0,0,0,0,0,0,0,1,109.0,42.0,155.0,40,0,0,0,0,0,0,2,84,2,310,-1,-1,1,20,0.0,0.0,0,0,0.0,0.0,0,0
53,96534,1,1,62,189,62,62,62.0,0.0,189,189,189.0,0.0,2600.12,20.718088,96534.0,0.0,96534,96534,0,0.0,0.0,0,0,0,0.0,0.0,0,0,0,0,0,0,32,32,10.359044,10.359044,62,189,104.333336,73.32349,5376.3335,0,0,0,0,0,0,0,0,1,156.5,62.0,189.0,32,0,0,0,0,0,0,1,62,1,189,-1,-1,0,32,0.0,0.0,0,0,0.0,0.0,0,0
53,210,2,2,110,452,55,55,55.0,0.0,226,226,226.0,0.0,2.6761905e+06,19047.62,70.0,115.182465,203,3,3,3.0,0.0,3,3,4,4.0,0.0,4,4,0,0,0,0,40,40,9523.81,9523.81,55,226,123.4,93.66056,8772.3,0,0,0,0,0,0,0,0,1,154.25,55.0,226.0,40,0,0,0,0,0,0,2,110,2,452,-1,-1,1,20,0.0,0.0,0,0,0.0,0.0,0,0
8080,1010674,3,3,0,18,0,0,0.0,0.0,6,6,6.0,0.0,17.809896,5.936632,202134.8,276037.53,508961,456,1010218,505109.0,6223.954,509510,500708,1010003,505001.5,6244.46,509417,500586,0,0,0,0,92,60,2.968316,2.968316,0,6,2.5714285,3.207135,10.285714,0,0,0,1,0,0,0,0,1,3.0,0.0,6.0,92,0,0,0,0,0,0,3,0,3,18,8192,0,0,28,0.0,0.0,0,0,0.0,0.0,0,0
80,509,2,0,0,0,0,0,0.0,0.0,0,0,0.0,0.0,0.0,3929.2732,509.0,0.0,509,509,509,509.0,0.0,509,509,0,0.0,0.0,0,0,0,0,0,0,64,0,3929.2732,0.0,0,0,0.0,0.0,0.0,0,0,0,0,1,0,0,0,0,0.0,0.0,0.0,64,0,0,0,0,0,0,2,0,0,0,274,-1,0,32,0.0,0.0,0,0,0.0,0.0,0,0
80,5394673,3,1,0,0,0,0,0.0,0.0,0,0,0.0,0.0,0.0,0.7414722,1.7982244e+06,3.113847e+06,5393785,139,5394673,2.6973365e+06,3.813354e+06,5393785,888,0,0.0,0.0,0,0,0,0,0,0,104,40,0.5561041,0.18536805,0,0,0.0,0.0,0.0,0,0,0,1,0,0,0,0,0,0.0,0.0,0.0,104,0,0,0,0,0,0,3,0,1,0,29200,28960,0,32,0.0,0.0,0,0,0.0,0.0,0,0
53,202,2,2,76,396,38,38,38.0,0.0,198,198,198.0,0.0,2.3366338e+06,19801.98,67.333336,111.428604,196,3,3,3.0,0.0,3,3,3,3.0,0.0,3,3,0,0,0,0,64,64,9900.99,9900.99,38,198,102.0,87.63561,7680.0,0,0,0,0,0,0,0,0,1,127.5,38.0,198.0,64,0,0,0,0,0,0,2,76,2,396,-1,-1,1,32,0.0,0.0,0,0,0.0,0.0,0,0
80,5965293,3,1,0,0,0,0,0.0,0.0,0,0,0.0,0.0,0.0,0.67054546,1.988431e+06,3.4433655e+06,5964487,101,5965293,2.9826465e+06,4.2169595e+06,5964487,806,0,0.0,0.0,0,0,0,0,0,0,104,40,0.50290906,0.16763636,0,0,0.0,0.0,0.0,0,0,0,1,0,0,0,0,0,0.0,0.0,0.0,104,0,0,0,0,0,0,3,0,1,0,29200,28960,0,32,0.0,0.0,0,0,0.0,0.0,0,0
80,85664146,5,7,355,11595,343,0,71.0,152.08221,4344,0,1656.4286,1760.5973,139.49826,0.14008194,7.7876495e+06,2.57e+07,85400000,0,85500000,2.14e+07,4.27e+07,85400000,3,85700000,1.43e+07,3.49e+07,85400000,14,0,0,0,0,144,232,0.058367476,0.081714466,0,4344,919.6923,1497.9547,2.2438685e+06,1,0,0,0,0,0,0,0,1,996.3333,71.0,1656.4286,144,0,0,0,0,0,0,5,355,7,11595,0,235,2,20,9987.0,0.0,9987,9987,8.54e+07,0.0,85400000,85400000
53,60657,4,2,132,256,33,33,33.0,0.0,128,128,128.0,0.0,6396.6235,98.91686,12131.4,20551.145,47444,3,47450,15816.667,27390.074,47444,3,4,4.0,0.0,4,4,0,0,0,0,80,40,65.94457,32.972286,33,128,60.142857,46.355255,2148.8096,0,0,0,0,0,0,0,0,0,70.166664,33.0,128.0,80,0,0,0,0,0,0,4,132,2,256,-1,-1,3,20,0.0,0.0,0,0,0.0,0.0,0,0
80,1605160,5,0,30,0,6,6,6.0,0.0,0,0,0.0,0.0,18.689726,3.1149542,401290.0,799953.5,1601217,1,1605160,401290.0,799953.5,1601217,1,0,0.0,0.0,0,0,0,0,0,0,100,0,3.1149542,0.0,6,6,6.0,0.0,0.0,0,0,0,0,1,0,0,0,0,7.2,6.0,0.0,100,0,0,0,0,0,0,5,30,0,0,256,-1,4,20,0.0,0.0,0,0,0.0,0.0,0,0
80,3003163,3,0,0,0,0,0,0.0,0.0,0,0,0.0,0.0,0.0,0.9989468,1.5015815e+06,710515.75,2003992,999171,3003163,1.5015815e+06,710515.75,2003992,999171,0,0.0,0.0,0,0,0,0,0,0,120,0,0.9989468,0.0,0,0,0.0,0.0,0.0,0,0,0,1,0,0,0,0,0,0.0,0.0,0.0,120,0,0,0,0,0,0,3,0,0,0,29200,-1,0,40,0.0,0.0,0,0,0.0,0.0,0,0
443,116323165,23,22,1165,5816,395,0,50.652172,119.348465,1448,0,264.36365,482.24808,60.01384,0.3868533,2.6437082e+06,4.381628e+06,10000000,4,116000000,5.2874165e+06,4.995558e+06,10000000,4,111000000,5.2761675e+06,5.125005e+06,10000000,48,0,0,0,0,744,712,0.19772501,0.18912828,0,1448,151.76086,356.9719,127428.945,0,0,0,1,0,0,0,0,0,155.13333,50.652172,264.36365,744,0,0,0,0,0,0,23,1165,22,5816,29200,1039,5,32,57181.332,99264.4,372388,28347,9.636415e+06,1.3042764e+06,10000000,5495138
15370,3,2,0,37,0,31,6,18.5,17.67767,0,0,0.0,0.0,1.23e+07,666666.7,3.0,0.0,3,3,3,3.0,0.0,3,3,0,0.0,0.0,0,0,1,0,0,0,40,0,666666.7,0.0,6,31,22.666666,14.433757,208.33333,0,1,0,0,1,0,0,0,0,34.0,18.5,0.0,40,0,0,0,0,0,0,2,37,0,0,110,-1,1,20,0.0,0.0,0,0,0.0,0.0,0,0
80,73659,3,6,26,11607,20,0,8.666667,10.263203,4380,0,1934.5,2177.345,157930.47,122.18466,9207.375,25664.426,72722,3,586,293.0,410.12195,583,3,73612,14722.4,32423.756,72722,3,0,0,0,0,72,132,40.72822,81.45644,0,4380,1163.3,1903.9626,3.6250738e+06,0,0,0,1,0,0,0,0,2,1292.5555,8.666667,1934.5,72,0,0,0,0,0,0,3,26,6,11607,8192,229,2,20,0.0,0.0,0,0,0.0,0.0,0,0
53,24561,1,1,94,222,94,94,94.0,0.0,222,222,222.0,0.0,12865.926,81.42991,24561.0,0.0,24561,24561,0,0.0,0.0,0,0,0,0.0,0.0,0,0,0,0,0,0,40,40,40.714954,40.714954,94,222,136.66667,73.90083,5461.3335,0,0,0,0,0,0,0,0,1,205.0,94.0,222.0,40,0,0,0,0,0,0,1,94,1,222,-1,-1,0,40,0.0,0.0,0,0,0.0,0.0,0,0
53,60547,1,1,45,136,45,45,45.0,0.0,136,136,136.0,0.0,2989.413,33.03219,60547.0,0.0,60547,60547,0,0.0,0.0,0,0,0,0.0,0.0,0,0,0,0,0,0,32,32,16.516094,16.516094,45,136,75.333336,52.538876,2760.3333,0,0,0,0,0,0,0,0,1,113.0,45.0,136.0,32,0,0,0,0,0,0,1,45,1,136,-1,-1,0,32,0.0,0.0,0,0,0.0,0.0,0,0
80,108760620,10,3,3655,0,520,0,365.5,248.80212,0,0,0.0,0.0,33.605915,0.119528554,9.063385e+06,2.94e+07,102000000,52,109000000,1.21e+07,3.39e+07,102000000,572,109000000,5.44e+07,6.78e+07,102000000,6420836,0,0,0,0,328,104,0.091945045,0.027583513,0,520,261.07144,268.73047,72216.07,0,0,0,1,0,0,0,0,0,281.15384,365.5,0.0,328,0,0,0,0,0,0,10,3655,3,0,29200,235,8,32,6.420888e+06,0.0,6420888,6420888,1.02e+08,0.0,102000000,102000000
65000,95,2,2,4,12,2,2,2.0,0.0,6,6,6.0,0.0,168421.05,42105.26,31.666666,49.652122,89,3,3,3.0,0.0,3,3,3,3.0,0.0,3,3,0,0,0,0,48,40,21052.63,21052.63,2,6,3.6,2.1908903,4.8,0,0,0,1,0,0,0,0,1,4.5,2.0,6.0,48,0,0,0,0,0,0,2,4,2,12,1024,0,1,24,0.0,0.0,0,0,0.0,0.0,0,0
443,10081291,13,20,691,18870,366,0,53.153847,112.8065,2920,0,943.5,883.47906,1940.3269,3.2733903,315040.34,1.7671354e+06,9999027,2,82218,6851.5,9418.43,23898,93,10100000,529550.9,2.2931525e+06,9999027,2,0,0,0,0,272,412,1.2895174,1.9838729,0,2920,575.32355,808.46924,653622.5,0,0,0,1,0,0,0,0,1,592.75757,53.153847,943.5,272,0,0,0,0,0,0,13,691,20,18870,8192,31,3,20,82260.0,0.0,82260,82260,9.999027e+06,0.0,9999027,9999027
901,66,1,1,0,6,0,0,0.0,0.0,6,6,6.0,0.0,90909.09,30303.031,66.0,0.0,66,66,0,0.0,0.0,0,0,0,0.0,0.0,0,0,0,0,0,0,40,20,15151.516,15151.516,0,6,2.0,3.4641016,12.0,0,0,0,1,0,0,0,0,1,3.0,0.0,6.0,40,0,0,0,0,0,0,1,0,1,6,29200,0,0,40,0.0,0.0,0,0,0.0,0.0,0,0
53,31153,4,4,140,204,35,35,35.0,0.0,51,51,51.0,0.0,11042.275,256.7971,4450.4287,11650.482,30871,3,31011,10337.0,17899.014,31005,3,279,93.0,117.35843,226,4,0,0,0,0,80,80,128.39854,128.39854,35,51,42.11111,8.43274,71.111115,0,0,0,0,0,0,0,0,1,47.375,35.0,51.0,80,0,0,0,0,0,0,4,140,4,204,-1,-1,3,20,0.0,0.0,0,0,0.0,0.0,0,0
80,99253868,5,7,319,11595,307,0,63.8,135.98602,4344,0,1656.4286,1760.5973,120.03562,0.12090209,9.023079e+06,2.99e+07,99100000,24,99100000,2.48e+07,4.95e+07,99100000,1004,99300000,1.65e+07,4.04e+07,99100000,24,0,0,0,0,144,232,0.05037587,0.07052622,0,4344,916.9231,1499.1425,2.2474282e+06,1,0,0,0,0,0,0,0,1,993.3333,63.8,1656.4286,144,0,0,0,0,0,0,5,319,7,11595,0,235,2,20,12994.0,0.0,12994,12994,9.91e+07,0.0,99100000,99100000
80,100068603,7,6,367,11595,367,0,52.42857,138.71297,4344,0,1932.5,1754.8314,119.537994,0.12991087,8.33905e+06,2.88e+07,99900000,1,99900000,1.67e+07,4.08e+07,99900000,1,149404,29880.8,61197.02,139080,16,0,0,0,0,232,200,0.06995201,0.059958868,0,4344,854.4286,1460.2034,2.1321938e+06,0,0,0,0,1,0,0,0,0,920.1539,52.42857,1932.5,232,0,0,0,0,0,0,7,367,6,11595,251,235,1,32,992.0,0.0,992,992,9.99e+07,0.0,99900000,99900000
53,24105,1,1,95,223,95,95,95.0,0.0,223,223,223.0,0.0,13192.284,82.97034,24105.0,0.0,24105,24105,0,0.0,0.0,0,0,0,0.0,0.0,0,0,0,0,0,0,32,20,41.48517,41.48517,95,223,137.66667,73.90083,5461.3335,0,0,0,0,0,0,0,0,1,206.5,95.0,223.0,32,0,0,0,0,0,0,1,95,1,223,-1,-1,0,32,0.0,0.0,0,0,0.0,0.0,0,0
53,103126501,3,3,169,524,75,44,56.333332,16.441816,258,111,174.66667,75.447556,6.719902,0.058180973,2.06253e+07,2.8180642e+07,52479552,30709,103095792,5.1547896e+07,1.4454082e+06,52569954,50525838,103093197,5.15466e+07,1.3628246e+06,52510261,50582936,0,0,0,0,96,72,0.029090486,0.029090486,44,258,106.14286,78.10981,6101.143,0,0,0,0,0,0,0,0,1,123.833336,56.333332,174.66667,96,0,0,0,0,0,0,3,169,3,524,-1,-1,2,20,61853.0,40374.383,90402,33304,5.1486044e+07,1.4050339e+06,52479552,50492534
51324,2,2,0,12,0,6,6,6.0,0.0,0,0,0.0,0.0,6e+06,1e+06,2.0,0.0,2,2,2,2.0,0.0,2,2,0,0.0,0.0,0,0,0,0,0,0,40,0,1e+06,0.0,6,6,6.0,0.0,0.0,0,0,0,0,1,0,0,0,0,9.0,6.0,0.0,40,0,0,0,0,0,0,2,12,0,0,30,-1,1,20,0.0,0.0,0,0,0.0,0.0,0,0
80,5827847,3,1,0,0,0,0,0.0,0.0,0,0,0.0,0.0,0.0,0.6863598,1.9426156e+06,3.364108e+06,5827153,151,5827847,2.9139235e+06,4.1199288e+06,5827153,694,0,0.0,0.0,0,0,0,0,0,0,104,40,0.51476985,0.17158996,0,0,0.0,0.0,0.0,0,0,0,1,0,0,0,0,0,0.0,0.0,0.0,104,0,0,0,0,0,0,3,0,1,0,29200,28960,0,32,0.0,0.0,0,0,0.0,0.0,0,0
80,110105830,16,15,662,780,292,0,41.375,97.84537,384,0,52.0,134.8078,13.096491,0.2815473,3.6701942e+06,4.864044e+06,10005971,134,110067684,7.3378455e+06,4.5467405e+06,10044237,328,110067048,7.861932e+06,4.2551445e+06,10055537,429,0,0,0,0,332,432,0.14531474,0.13623257,0,384,45.0625,113.73425,12935.4795,0,0,0,1,0,0,0,0,0,46.51613,41.375,52.0,332,0,0,0,0,0,0,16,662,15,780,8192,980,15,20,51603.637,30847.201,130299,38112,9.954549e+06,130463.96,10005971,9565463
22,11640223,22,33,2008,2745,640,0,91.27273,138.18214,976,0,83.181816,217.28574,408.3255,4.7249956,215559.69,590229.7,2314296,3,9284726,442129.8,790979.6,2301481,4,11600000,363753.44,735130.56,2314296,3,0,0,0,0,712,1064,1.8899982,2.8349972,0,976,84.875,186.83966,34909.06,0,0,0,1,0,0,0,0,1,86.41818,91.27273,83.181816,712,0,0,0,0,0,0,22,2008,33,2745,29200,247,16,32,0.0,0.0,0,0,0.0,0.0,0,0
21,254,2,1,14,0,14,0,7.0,9.899495,0,0,0.0,0.0,55118.11,11811.023,127.0,31.112698,149,105,254,254.0,0.0,254,254,0,0.0,0.0,0,0,1,0,0,0,64,20,7874.0156,3937.0078,0,14,7.0,8.082904,65.333336,0,1,0,0,1,0,0,0,0,9.333333,7.0,0.0,64,0,0,0,0,0,0,2,14,1,0,229,0,0,32,0.0,0.0,0,0,0.0,0.0,0,0
1,39,1,1,0,6,0,0,0.0,0.0,6,6,6.0,0.0,153846.16,51282.05,39.0,0.0,39,39,0,0.0,0.0,0,0,0,0.0,0.0,0,0,0,0,0,0,40,20,25641.025,25641.025,0,6,2.0,3.4641016,12.0,0,0,0,1,0,0,0,0,1,3.0,0.0,6.0,40,0,0,0,0,0,0,1,0,1,6,29200,0,0,40,0.0,0.0,0,0,0.0,0.0,0,0
53,30704,2,2,66,150,33,33,33.0,0.0,75,75,75.0,0.0,7034.914,130.27618,10234.667,17723.498,30700,1,3,3.0,0.0,3,3,1,1.0,0.0,1,1,0,0,0,0,64,40,65.13809,65.13809,33,75,49.8,23.004347,529.2,0,0,0,0,0,0,0,0,1,62.25,33.0,75.0,64,0,0,0,0,0,0,2,66,2,150,-1,-1,1,32,0.0,0.0,0,0,0.0,0.0,0,0
443,72046334,11,8,4148,4568,1541,0,377.0909,503.72205,2920,0,571.0,991.3601,120.9777,0.26371917,4.002574e+06,1.6853042e+07,71531484,45,72046334,7.2046335e+06,2.260225e+07,71531484,223,438343,62620.43,49332.223,162566,200,0,0,0,0,232,172,0.15267952,0.11103965,0,2920,435.8,717.8547,515315.3,0,0,0,1,0,0,0,0,0,458.73685,377.0909,571.0,232,0,0,0,0,0,0,11,4148,8,4568,8192,513,10,20,0.0,0.0,0,0,0.0,0.0,0,0
54626,3,2,0,0,0,0,0,0.0,0.0,0,0,0.0,0.0,0.0,666666.7,3.0,0.0,3,3,3,3.0,0.0,3,3,0,0.0,0.0,0,0,0,0,0,0,64,0,666666.7,0.0,0,0,0.0,0.0,0.0,0,0,0,0,1,0,0,0,0,0.0,0.0,0.0,64,0,0,0,0,0,0,2,0,0,0,340,-1,0,32,0.0,0.0,0,0,0.0,0.0,0,0
80,63135989,7,0,0,0,0,0,0.0,0.0,0,0,0.0,0.0,0.0,0.110871784,1.05e+07,1.19e+07,32100000,996750,63100000,1.05e+07,1.19e+07,32100000,996750,0,0.0,0.0,0,0,0,0,0,0,280,0,0.110871784,0.0,0,0,0.0,0.0,0.0,0,0,0,1,0,0,0,0,0,0.0,0.0,0.0,280,0,0,0,0,0,0,7,0,0,0,29200,-1,0,40,7.008703e+06,0.0,7008703,7008703,1.87e+07,1.22e+07,32100000,8015917
443,10947387,7,5,350,3200,200,0,50.0,80.1249,1476,0,640.0,763.01636,324.2783,1.096152,995217.0,3.026233e+06,10115446,65,10947387,1.8245645e+06,4.0625902e+06,10115446,65,596448,149112.0,192495.42,407880,203,0,0,0,0,152,112,0.639422,0.45673,0,1476,273.07693,537.22845,288614.4,0,0,0,1,0,0,0,0,0,295.83334,50.0,640.0,152,0,0,0,0,0,0,7,350,5,3200,8192,31,6,20,0.0,0.0,0,0,0.0,0.0,0,0
80,116575758,23,20,2160,9815,432,0,93.91304,182.19218,1963,0,490.75,776.8782,102.7229,0.36885884,2.7756132e+06,4.414316e+06,10000000,28,117000000,5.297217e+06,4.940482e+06,10000000,74,117000000,6.1336165e+06,4.809338e+06,10000000,176,0,0,0,0,744,648,0.19729659,0.17156225,0,1963,272.1591,569.7405,324604.2,0,0,0,1,0,0,0,0,0,278.48837,93.91304,490.75,744,0,0,0,0,0,0,23,2160,20,9815,29200,1073,5,32,583758.75,1.813444e+06,6051498,36786,1e+07,1156.2736,10000000,10000000
80,10716568,7,6,661,11632,661,0,94.42857,249.83452,4392,0,1938.6666,2190.7188,1147.1023,1.2130749,893047.3,2.0899636e+06,5711539,1,5716954,952825.7,2.3330305e+06,5715104,1,10700000,2.1432988e+06,2.9446342e+06,5711539,17,0,0,0,0,232,200,0.6531942,0.55988073,0,4392,878.0714,1668.477,2.7838158e+06,0,0,0,1,0,0,0,0,0,945.61536,94.42857,1938.6666,232,0,0,0,0,0,0,7,661,6,11632,29200,237,1,32,1916.0,0.0,1916,1916,5.711539e+06,0.0,5711539,5711539
443,67037373,16,17,11465,9091,2952,0,716.5625,1099.9094,1511,0,534.7647,654.4688,306.63492,0.49226272,2.0949179e+06,8.288995e+06,44955252,25,62077213,4.1384808e+06,1.1930441e+07,44955252,25,66950488,4.1844055e+06,1.1553898e+07,45082308,48,0,0,0,0,332,364,0.23867284,0.2535899,0,2952,604.58826,881.6187,777251.56,0,0,0,1,0,0,0,0,1,622.9091,716.5625,534.7647,332,0,0,0,0,0,0,16,11465,17,9091,8192,201,15,20,1.0610295e+06,1.377374e+06,2034980,87079,2.9957528e+07,2.1209986e+07,44955252,14959802
53,33381,4,4,160,224,40,40,40.0,0.0,56,56,56.0,0.0,11503.55,239.65729,4768.7144,12451.537,33006,1,33210,11070.0,19130.516,33160,1,33227,11075.667,19098.746,33129,49,0,0,0,0,104,104,119.82864,119.82864,40,56,47.11111,8.43274,71.111115,0,0,0,0,0,0,0,0,1,53.0,40.0,56.0,104,0,0,0,0,0,0,4,160,4,224,-1,-1,3,20,0.0,0.0,0,0,0.0,0.0,0,0
80,5830331,3,1,0,0,0,0,0.0,0.0,0,0,0.0,0.0,0.0,0.6860674,1.9434436e+06,3.3653732e+06,5829442,157,5830331,2.9151655e+06,4.1214092e+06,5829442,889,0,0.0,0.0,0,0,0,0,0,0,104,40,0.51455057,0.17151685,0,0,0.0,0.0,0.0,0,0,0,1,0,0,0,0,0,0.0,0.0,0.0,104,0,0,0,0,0,0,3,0,1,0,29200,28960,0,32,0.0,0.0,0,0,0.0,0.0,0,0
53,30721,4,2,132,122,33,33,33.0,0.0,61,61,61.0,0.0,8267.96,195.30614,6144.2,13297.282,29928,3,30168,10056.0,17209.807,29928,48,3,3.0,0.0,3,3,0,0,0,0,104,64,130.2041,65.10205,33,61,41.0,13.662601,186.66667,0,0,0,0,0,0,0,0,0,47.833332,33.0,61.0,104,0,0,0,0,0,0,4,132,2,122,-1,-1,3,20,0.0,0.0,0,0,0.0,0.0,0,0
80,98332901,7,6,345,11595,345,0,49.285713,130.39774,5792,0,1932.5,2181.0083,121.42426,0.13220397,8.1944085e+06,2.84e+07,98300000,0,98300000,1.64e+07,4.01e+07,98300000,3,38694,7738.8,11953.331,27372,46,0,0,0,0,232,200,0.07118675,0.061017215,0,5792,852.8571,1667.0387,2.7790178e+06,0,0,0,0,1,0,0,0,0,918.46155,49.285713,1932.5,232,0,0,0,0,0,0,7,345,6,11595,274,235,1,32,977.0,0.0,977,977,9.83e+07,0.0,98300000,98300000
21,9762154,9,15,101,188,23,0,11.222222,9.010796,34,0,12.533334,14.54975,29.604122,2.458474,424441.47,1.1063725e+06,3604717,1,6566846,820855.75,1.5271399e+06,3646919,4,9762102,697293.0,1.3662439e+06,3604717,1,0,0,0,0,296,488,0.9219277,1.5365461,0,34,11.56,12.52025,156.75667,0,0,0,1,0,0,0,0,1,12.041667,11.222222,12.533334,296,0,0,0,0,0,0,9,101,15,188,29200,227,6,32,0.0,0.0,0,0,0.0,0.0,0,0
80,49024130,2,0,0,0,0,0,0.0,0.0,0,0,0.0,0.0,0.0,0.040796235,4.9e+07,0.0,49000000,49000000,49000000,4.9e+07,0.0,49000000,49000000,0,0.0,0.0,0,0,0,0,0,0,64,0,0.040796235,0.0,0,0,0.0,0.0,0.0,0,0,0,0,1,0,0,0,0,0.0,0.0,0.0,64,0,0,0,0,0,0,2,0,0,0,410,-1,0,32,0.0,0.0,0,0,4.9e+07,0.0,49000000,49000000
80,115967248,8,5,360,11595,360,0,45.0,127.27922,10136,0,2319.0,4414.366,103.089455,0.112100616,9.663937e+06,2.88e+07,99800000,1,116000000,1.65e+07,3.72e+07,99800000,1,143312,35828.0,65026.52,133121,63,0,0,0,0,272,168,0.06898499,0.043115623,0,10136,853.9286,2699.8035,7.288939e+06,0,0,0,0,1,0,0,0,0,919.61536,45.0,2319.0,272,0,0,0,0,0,0,8,360,5,11595,251,235,1,32,15.0,0.0,15,15,5.79e+07,5.92e+07,99800000,16000000
443,117360203,25,25,1554,10315,411,0,62.16,95.49506,1448,0,412.6,525.484,101.13309,0.4260388,2.3951062e+06,1.17e+07,59000000,1,117000000,4.8900085e+06,1.65e+07,59000000,17,117000000,4.889374e+06,1.65e+07,59000000,1,0,0,0,0,808,808,0.2130194,0.2130194,0,1448,232.7255,410.76544,168728.25,0,0,0,1,0,0,0,0,1,237.38,62.16,412.6,808,0,0,0,0,0,0,25,1554,25,10315,29200,139,13,32,134818.0,146864.67,238667,30969,5.85e+07,630908.94,59000000,58100000
80,98419709,6,5,360,11595,360,0,60.0,146.96939,10136,0,2319.0,4414.366,121.469574,0.111766234,9.841971e+06,3.11e+07,98400000,2,98400000,1.97e+07,4.4e+07,98400000,2,41396,10349.0,14171.503,30177,62,0,0,0,0,200,168,0.0609634,0.050802834,0,10136,996.25,2908.526,8.459523e+06,0,0,0,0,1,0,0,0,0,1086.8182,60.0,2319.0,200,0,0,0,0,0,0,6,360,5,11595,274,235,1,32,20.0,0.0,20,20,9.84e+07,0.0,98400000,98400000
35523,7623047,1,5,6,30,6,6,6.0,0.0,6,6,6.0,0.0,4.722521,0.78708684,1.5246094e+06,3.3867535e+06,7582994,1,0,0.0,0.0,0,0,7604941,1.9012352e+06,3.7878515e+06,7582994,1,0,0,0,0,20,100,0.13118114,0.6559057,6,6,6.0,0.0,0.0,0,0,0,0,1,1,0,0,5,7.0,6.0,6.0,20,0,0,0,0,0,0,1,6,5,30,229,0,0,20,40053.0,0.0,40053,40053,7.582994e+06,0.0,7582994,7582994
53,258,2,2,70,262,35,35,35.0,0.0,131,131,131.0,0.0,1.2868218e+06,15503.876,86.0,65.81793,162,48,48,48.0,0.0,48,48,48,48.0,0.0,48,48,0,0,0,0,64,64,7751.938,7751.938,35,131,73.4,52.581364,2764.8,0,0,0,0,0,0,0,0,1,91.75,35.0,131.0,64,0,0,0,0,0,0,2,70,2,262,-1,-1,1,32,0.0,0.0,0,0,0.0,0.0,0,0
53,32829,2,2,88,120,44,44,44.0,0.0,60,60,60.0,0.0,6335.862,121.84349,10943.0,18910.545,32779,2,48,48.0,0.0,48,48,2,2.0,0.0,2,2,0,0,0,0,64,64,60.921745,60.921745,44,60,50.4,8.763561,76.8,0,0,0,0,0,0,0,0,1,63.0,44.0,60.0,64,0,0,0,0,0,0,2,88,2,120,-1,-1,1,32,0.0,0.0,0,0,0.0,0.0,0,0
80,98299707,9,6,387,11595,375,0,43.0,124.52711,5792,0,1932.5,2181.0083,121.89253,0.15259455,7.0214075e+06,2.63e+07,98200000,1,98300000,1.23e+07,3.47e+07,98200000,1,48329,9665.8,15680.447,36200,45,0,0,0,0,272,200,0.091556735,0.061037824,0,5792,748.875,1578.1635,2.4905998e+06,0,0,0,0,1,0,0,0,0,798.8,43.0,1932.5,272,0,0,0,0,0,0,9,387,6,11595,251,235,3,20,1995.0,0.0,1995,1995,9.82e+07,0.0,98200000,98200000
53,48070,2,2,66,170,33,33,33.0,0.0,85,85,85.0,0.0,4909.507,83.21198,16023.333,27709.068,48019,4,4,4.0,0.0,4,4,47,47.0,0.0,47,47,0,0,0,0,64,64,41.60599,41.60599,33,85,53.8,28.481573,811.2,0,0,0,0,0,0,0,0,1,67.25,33.0,85.0,64,0,0,0,0,0,0,2,66,2,170,-1,-1,1,32,0.0,0.0,0,0,0.0,0.0,0,0
80,1118289,2,0,0,0,0,0,0.0,0.0,0,0,0.0,0.0,0.0,1.7884464,1.118289e+06,0.0,1118289,1118289,1118289,1.118289e+06,0.0,1118289,1118289,0,0.0,0.0,0,0,0,0,0,0,64,0,1.7884464,0.0,0,0,0.0,0.0,0.0,0,0,0,0,1,0,0,0,0,0.0,0.0,0.0,64,0,0,0,0,0,0,2,0,0,0,410,-1,0,32,0.0,0.0,0,0,0.0,0.0,0,0
443,5501742,6,3,611,166,517,0,101.833336,204.30508,160,0,55.333332,90.69363,141.228,1.6358455,687717.75,1.9060648e+06,5404703,9,5501742,1.1003484e+06,2.441258e+06,5467377,48,81822,40911.0,35502.418,66015,15807,0,0,0,0,132,72,1.0905637,0.5452818,0,517,77.7,161.9966,26242.9,0,0,0,1,0,0,0,0,0,86.333336,101.833336,55.333332,132,0,0,0,0,0,0,6,611,3,166,8192,60,5,20,96991.0,0.0,96991,96991,5.404703e+06,0.0,5404703,5404703
53,223,2,2,60,264,30,30,30.0,0.0,132,132,132.0,0.0,1.4529148e+06,17937.22,74.333336,122.68795,216,3,4,4.0,0.0,4,4,3,3.0,0.0,3,3,0,0,0,0,64,64,8968.61,8968.61,30,132,70.8,55.867702,3121.2,0,0,0,0,0,0,0,0,1,88.5,30.0,132.0,64,0,0,0,0,0,0,2,60,2,264,-1,-1,1,32,0.0,0.0,0,0,0.0,0.0,0,0
53716,49,1,1,6,6,6,6,6.0,0.0,6,6,6.0,0.0,244897.95,40816.33,49.0,0.0,49,49,0,0.0,0.0,0,0,0,0.0,0.0,0,0,0,0,0,0,20,20,20408.164,20408.164,6,6,6.0,0.0,0.0,0,0,0,0,1,1,0,0,1,9.0,6.0,6.0,20,0,0,0,0,0,0,1,6,1,6,343,255,0,20,0.0,0.0,0,0,0.0,0.0,0,0
32856,2,2,0,0,0,0,0,0.0,0.0,0,0,0.0,0.0,0.0,1e+06,2.0,0.0,2,2,2,2.0,0.0,2,2,0,0.0,0.0,0,0,0,0,0,0,64,0,1e+06,0.0,0,0,0.0,0.0,0.0,0,0,0,0,1,0,0,0,0,0.0,0.0,0.0,64,0,0,0,0,0,0,2,0,0,0,5001,-1,0,32,0.0,0.0,0,0,0.0,0.0,0,0
53685,997037,2,0,0,0,0,0,0.0,0.0,0,0,0.0,0.0,0.0,2.0059435,997037.0,0.0,997037,997037,997037,997037.0,0.0,997037,997037,0,0.0,0.0,0,0,0,0,0,0,40,0,2.0059435,0.0,0,0,0.0,0.0,0.0,0,0,0,0,1,0,0,0,0,0.0,0.0,0.0,40,0,0,0,0,0,0,2,0,0,0,4974,-1,0,20,0.0,0.0,0,0,0.0,0.0,0,0
53,31892,4,2,180,312,45,45,45.0,0.0,156,156,156.0,0.0,15427.066,188.13495,6378.4,13924.049,31283,3,31289,10429.667,18059.516,31283,3,48,48.0,0.0,48,48,0,0,0,0,104,40,125.4233,62.71165,45,156,76.71429,54.162453,2933.5715,0,0,0,0,0,0,0,0,0,89.5,45.0,156.0,104,0,0,0,0,0,0,4,180,2,312,-1,-1,3,20,0.0,0.0,0,0,0.0,0.0,0,0
80,10084909,5,4,356,3525,356,0,71.2,159.20804,3525,0,881.25,1762.5,384.83243,0.89242256,1.2606136e+06,2.3336598e+06,5079000,4,5081040,1.27026e+06,2.5397088e+06,5079823,4,10100000,3.3616212e+06,2.9107862e+06,5079000,806,0,0,0,0,168,136,0.4957903,0.39663222,0,3525,388.1,1107.858,1.2273494e+06,0,0,0,1,0,0,0,0,0,431.22223,71.2,881.25,168,0,0,0,0,0,0,5,356,4,3525,29200,235,1,32,851.0,0.0,851,851,5.079e+06,0.0,5079000,5079000
8080,77628,4,3,207,134,195,0,51.75,95.54188,128,0,44.666668,72.23111,4392.745,90.173645,12938.0,30541.92,75277,23,77628,25876.0,43943.062,76614,23,75891,37945.5,52794.715,75277,614,0,0,0,0,92,72,51.527798,38.64585,0,195,42.625,75.57577,5711.6963,0,0,0,1,0,0,0,0,0,48.714287,51.75,44.666668,92,0,0,0,0,0,0,4,207,3,134,8192,237,3,20,0.0,0.0,0,0,0.0,0.0,0,0
53,735,2,2,72,246,36,36,36.0,0.0,123,123,123.0,0.0,432653.06,5442.177,245.0,381.80624,685,1,1,1.0,0.0,1,1,49,49.0,0.0,49,49,0,0,0,0,64,64,2721.0884,2721.0884,36,123,70.8,47.651863,2270.7,0,0,0,0,0,0,0,0,1,88.5,36.0,123.0,64,0,0,0,0,0,0,2,72,2,246,-1,-1,1,32,0.0,0.0,0,0,0.0,0.0,0,0
7008,3,2,0,31,0,31,0,15.5,21.920311,0,0,0.0,0.0,1.03e+07,666666.7,3.0,0.0,3,3,3,3.0,0.0,3,3,0,0.0,0.0,0,0,1,0,0,0,40,0,666666.7,0.0,0,31,20.666666,17.897858,320.33334,0,1,0,0,1,0,0,0,0,31.0,15.5,0.0,40,0,0,0,0,0,0,2,31,0,0,110,-1,0,20,0.0,0.0,0,0,0.0,0.0,0,0
53027,48,1,1,6,6,6,6,6.0,0.0,6,6,6.0,0.0,250000.0,41666.668,48.0,0.0,48,48,0,0.0,0.0,0,0,0,0.0,0.0,0,0,0,0,0,0,20,20,20833.334,20833.334,6,6,6.0,0.0,0.0,0,0,0,0,1,1,0,0,1,9.0,6.0,6.0,20,0,0,0,0,0,0,1,6,1,6,237,256,0,20,0.0,0.0,0,0,0.0,0.0,0,0
80,5249993,3,1,0,0,0,0,0.0,0.0,0,0,0.0,0.0,0.0,0.7619058,1.7499976e+06,2.986896e+06,5198842,40,5249993,2.6249965e+06,3.6399672e+06,5198842,51151,0,0.0,0.0,0,0,0,0,0,0,104,40,0.5714293,0.19047645,0,0,0.0,0.0,0.0,0,0,0,1,0,0,0,0,0,0.0,0.0,0.0,104,0,0,0,0,0,0,3,0,1,0,29200,26847,0,32,0.0,0.0,0,0,0.0,0.0,0,0
443,65170432,13,17,792,5388,412,0,60.923077,121.68707,2099,0,316.94116,662.2298,94.82828,0.46033147,2.2472562e+06,4.121154e+06,10000000,3,60400000,5.035844e+06,5.2301105e+06,10100000,82,65100000,4.069992e+06,4.9206575e+06,10100000,3,0,0,0,0,272,348,0.19947697,0.26085448,0,2099,199.35484,507.2272,257279.44,0,0,0,1,0,0,0,0,1,206.0,60.923077,316.94116,272,0,0,0,0,0,0,13,792,17,5388,8192,32756,12,20,71705.336,48494.03,170693,51691,9.999983e+06,514.8656,10000000,9999289
80,5228567,3,1,0,0,0,0,0.0,0.0,0,0,0.0,0.0,0.0,0.76502794,1.7428556e+06,3.018091e+06,5227847,126,5228567,2.6142835e+06,3.696137e+06,5227847,720,0,0.0,0.0,0,0,0,0,0,0,104,40,0.573771,0.191257,0,0,0.0,0.0,0.0,0,0,0,1,0,0,0,0,0,0.0,0.0,0.0,104,0,0,0,0,0,0,3,0,1,0,29200,28960,0,32,0.0,0.0,0,0,0.0,0.0,0,0
443,29853891,10,11,1854,5618,1253,0,185.4,393.4444,2920,0,510.72726,948.9884,250.28563,0.7034259,1.4926945e+06,3.5937755e+06,10001020,79,20240636,2.2489595e+06,4.37423e+06,10027658,747,29826942,2.9826942e+06,4.7724465e+06,10074207,206,0,0,0,0,212,228,0.33496472,0.3684612,0,2920,339.63635,726.18414,527343.4,0,0,0,1,0,0,0,0,1,355.8095,185.4,510.72726,212,0,0,0,0,0,0,10,1854,11,5618,8192,6198,9,20,122230.336,165465.14,313293,26638,9.829067e+06,216097.1,10001020,9586495
51485,3,2,0,12,0,6,6,6.0,0.0,0,0,0.0,0.0,4e+06,666666.7,3.0,0.0,3,3,3,3.0,0.0,3,3,0,0.0,0.0,0,0,0,0,0,0,40,0,666666.7,0.0,6,6,6.0,0.0,0.0,0,0,0,0,1,0,0,0,0,9.0,6.0,0.0,40,0,0,0,0,0,0,2,12,0,0,7152,-1,1,20,0.0,0.0,0,0,0.0,0.0,0,0
80,5887559,3,1,0,0,0,0,0.0,0.0,0,0,0.0,0.0,0.0,0.6793987,1.9625196e+06,3.378302e+06,5863422,51,5887559,2.9437795e+06,4.128998e+06,5863422,24137,0,0.0,0.0,0,0,0,0,0,0,104,40,0.509549,0.16984968,0,0,0.0,0.0,0.0,0,0,0,1,0,0,0,0,0,0.0,0.0,0.0,104,0,0,0,0,0,0,3,0,1,0,29200,28960,0,32,0.0,0.0,0,0,0.0,0.0,0,0
443,4854720,5,1,135,46,46,6,27.0,20.12461,46,46,46.0,0.0,37.283302,1.2359107,970944.0,2.1205585e+06,4764134,3,4854720,1.21368e+06,2.3672852e+06,4764134,3,0,0.0,0.0,0,0,1,0,0,0,100,20,1.0299255,0.2059851,6,46,32.42857,18.866701,355.9524,0,1,0,0,1,0,0,0,0,37.833332,27.0,46.0,100,0,0,0,0,0,0,5,135,1,46,254,980,4,20,0.0,0.0,0,0,0.0,0.0,0,0
53,47202,2,2,76,376,38,38,38.0,0.0,188,188,188.0,0.0,9575.865,84.74217,15734.0,27245.16,47194,4,4,4.0,0.0,4,4,4,4.0,0.0,4,4,0,0,0,0,64,40,42.371086,42.371086,38,188,98.0,82.15839,6750.0,0,0,0,0,0,0,0,0,1,122.5,38.0,188.0,64,0,0,0,0,0,0,2,76,2,376,-1,-1,1,32,0.0,0.0,0,0,0.0,0.0,0,0
3652,72,1,1,6,6,6,6,6.0,0.0,6,6,6.0,0.0,166666.67,27777.777,72.0,0.0,72,72,0,0.0,0.0,0,0,0,0.0,0.0,0,0,0,0,0,0,20,20,13888.889,13888.889,6,6,6.0,0.0,0.0,0,0,0,0,1,1,0,0,1,9.0,6.0,6.0,20,0,0,0,0,0,0,1,6,1,6,258,256,0,20,0.0,0.0,0,0,0.0,0.0,0,0
80,7932757,5,0,30,0,6,6,6.0,0.0,0,0,0.0,0.0,3.7817874,0.6302979,1.9831892e+06,3.9657205e+06,7931770,0,7932757,1.9831892e+06,3.9657205e+06,7931770,0,0,0.0,0.0,0,0,0,0,0,0,100,0,0.6302979,0.0,6,6,6.0,0.0,0.0,0,0,0,0,1,0,0,0,0,7.2,6.0,0.0,100,0,0,0,0,0,0,5,30,0,0,256,-1,4,20,987.0,0.0,987,987,7.93177e+06,0.0,7931770,7931770
80,5562546,3,1,12,0,6,0,4.0,3.4641016,0,0,0.0,0.0,2.1572855,0.7190952,1.854182e+06,3.1795705e+06,5525572,33,5562546,2.781273e+06,3.8810248e+06,5525572,36974,0,0.0,0.0,0,0,0,0,0,0,72,32,0.53932136,0.1797738,0,6,2.4,3.2863352,10.8,0,0,0,1,0,0,0,0,0,3.0,4.0,0.0,72,0,0,0,0,0,0,3,12,1,0,8192,42780,2,20,0.0,0.0,0,0,0.0,0.0,0,0
1141,79,1,1,0,6,0,0,0.0,0.0,6,6,6.0,0.0,75949.37,25316.455,79.0,0.0,79,79,0,0.0,0.0,0,0,0,0.0,0.0,0,0,0,0,0,0,40,20,12658.228,12658.228,0,6,2.0,3.4641016,12.0,0,0,0,1,0,0,0,0,1,3.0,0.0,6.0,40,0,0,0,0,0,0,1,0,1,6,29200,0,0,40,0.0,0.0,0,0,0.0,0.0,0,0
179,42,1,1,2,6,2,2,2.0,0.0,6,6,6.0,0.0,190476.19,47619.047,42.0,0.0,42,42,0,0.0,0.0,0,0,0,0.0,0.0,0,0,0,0,0,0,24,20,23809.523,23809.523,2,6,3.3333333,2.309401,5.3333335,0,0,0,1,0,0,0,0,1,5.0,2.0,6.0,24,0,0,0,0,0,0,1,2,1,6,1024,0,0,24,0.0,0.0,0,0,0.0,0.0,0,0
443,218,1,1,6,6,6,6,6.0,0.0,6,6,6.0,0.0,55045.87,9174.312,218.0,0.0,218,218,0,0.0,0.0,0,0,0,0.0,0.0,0,0,0,0,0,0,20,20,4587.156,4587.156,6,6,6.0,0.0,0.0,1,0,0,0,1,0,0,0,1,9.0,6.0,6.0,20,0,0,0,0,0,0,1,6,1,6,0,119,0,20,0.0,0.0,0,0,0.0,0.0,0,0
49152,34,1,1,6,6,6,6,6.0,0.0,6,6,6.0,0.0,352941.2,58823.53,34.0,0.0,34,34,0,0.0,0.0,0,0,0,0.0,0.0,0,0,0,0,0,0,20,20,29411.766,29411.766,6,6,6.0,0.0,0.0,0,0,0,0,1,1,0,0,1,9.0,6.0,6.0,20,0,0,0,0,0,0,1,6,1,6,58,229,0,20,0.0,0.0,0,0,0.0,0.0,0,0
80,99536890,6,8,315,11595,297,0,52.5,119.81611,4344,0,1449.375,1547.982,119.65413,0.14065138,7.656684e+06,2.76e+07,99400000,3,99400000,1.99e+07,4.44e+07,99400000,48,99500000,1.42e+07,3.76e+07,99400000,48,0,0,0,0,164,264,0.06027916,0.080372214,0,4344,794.4,1314.7928,1.7286802e+06,1,0,0,0,0,0,0,0,1,851.1429,52.5,1449.375,164,0,0,0,0,0,0,6,315,8,11595,0,235,3,20,10991.0,0.0,10991,10991,9.94e+07,0.0,99400000,99400000
443,5271522,8,6,593,2800,342,0,74.125,128.18562,1460,0,466.66666,671.1607,643.64716,2.6557796,405501.7,1.3892582e+06,5027549,4,5271522,753074.56,1.8858338e+06,5027549,48,209111,41822.2,54890.46,134788,195,0,0,0,0,184,132,1.5175883,1.1381912,0,1460,226.2,459.06973,210745.03,0,0,0,1,0,0,0,0,0,242.35715,74.125,466.66666,184,0,0,0,0,0,0,8,593,6,2800,8192,8738,3,20,243925.0,0.0,243925,243925,5.027549e+06,0.0,5027549,5027549
80,885531,3,4,438,860,438,0,146.0,252.87943,860,0,215.0,430.0,1465.7872,7.9048615,147588.5,338476.0,838114,4,861638,430819.0,576002.1,838114,23524,862052,287350.66,497090.34,861341,4,0,0,0,0,104,136,3.3877978,4.5170636,0,860,162.25,320.9013,102977.64,0,0,0,1,0,0,0,0,1,185.42857,146.0,215.0,104,0,0,0,0,0,0,3,438,4,860,29200,31,1,32,0.0,0.0,0,0,0.0,0.0,0,0
53,157,2,2,106,238,53,53,53.0,0.0,119,119,119.0,0.0,2.1910828e+06,25477.707,52.333332,84.58329,150,3,4,4.0,0.0,4,4,3,3.0,0.0,3,3,0,0,0,0,64,64,12738.854,12738.854,53,119,79.4,36.14969,1306.8,0,0,0,0,0,0,0,0,1,99.25,53.0,119.0,64,0,0,0,0,0,0,2,106,2,238,-1,-1,1,32,0.0,0.0,0,0,0.0,0.0,0,0
53,47818,2,2,88,120,44,44,44.0,0.0,60,60,60.0,0.0,4349.8267,83.650505,15939.333,27601.674,47811,3,3,3.0,0.0,3,3,4,4.0,0.0,4,4,0,0,0,0,40,40,41.825253,41.825253,44,60,50.4,8.763561,76.8,0,0,0,0,0,0,0,0,1,63.0,44.0,60.0,40,0,0,0,0,0,0,2,88,2,120,-1,-1,1,20,0.0,0.0,0,0,0.0,0.0,0,0
53,201,2,2,76,154,38,38,38.0,0.0,77,77,77.0,0.0,1.1442786e+06,19900.498,67.0,75.31932,150,3,3,3.0,0.0,3,3,48,48.0,0.0,48,48,0,0,0,0,64,64,9950.249,9950.249,38,77,53.6,21.36118,456.3,0,0,0,0,0,0,0,0,1,67.0,38.0,77.0,64,0,0,0,0,0,0,2,76,2,154,-1,-1,1,32,0.0,0.0,0,0,0.0,0.0,0,0
53,370,2,2,82,254,41,41,41.0,0.0,127,127,127.0,0.0,908108.1,10810.811,123.333336,207.55803,363,3,4,4.0,0.0,4,4,3,3.0,0.0,3,3,0,0,0,0,64,64,5405.4053,5405.4053,41,127,75.4,47.10414,2218.8,0,0,0,0,0,0,0,0,1,94.25,41.0,127.0,64,0,0,0,0,0,0,2,82,2,254,-1,-1,1,32,0.0,0.0,0,0,0.0,0.0,0,0
22,11972453,21,32,2008,2745,640,0,95.61905,140.04517,976,0,85.78125,220.24059,396.99466,4.426829,230239.48,623182.0,2241179,3,9747731,487386.56,861819.2,2300932,942,12000000,386204.1,773362.5,2241179,3,0,0,0,0,680,1032,1.7540265,2.6728022,0,976,88.01852,189.59027,35944.473,0,0,0,1,0,0,0,0,1,89.679245,95.61905,85.78125,680,0,0,0,0,0,0,21,2008,32,2745,29200,247,16,32,0.0,0.0,0,0,0.0,0.0,0,0
58825,3,2,0,37,0,31,6,18.5,17.67767,0,0,0.0,0.0,1.2333333e+07,666666.7,3.0,0.0,3,3,3,3.0,0.0,3,3,0,0.0,0.0,0,0,1,0,0,0,40,0,666666.7,0.0,6,31,22.666666,14.433757,208.33333,0,1,0,0,1,0,0,0,0,34.0,18.5,0.0,40,0,0,0,0,0,0,2,37,0,0,71,-1,1,20,0.0,0.0,0,0,0.0,0.0,0,0
53,24133,4,4,164,504,41,41,41.0,0.0,126,126,126.0,0.0,27679.94,331.49628,3447.5715,9029.8545,23925,1,23937,7979.0,13813.972,23930,3,204,68.0,76.0,152,4,0,0,0,0,104,80,165.74814,165.74814,41,126,78.77778,44.798935,2006.9445,0,0,0,0,0,0,0,0,1,88.625,41.0,126.0,104,0,0,0,0,0,0,4,164,4,504,-1,-1,3,20,0.0,0.0,0,0,0.0,0.0,0,0
53,24276,2,2,72,328,36,36,36.0,0.0,164,164,164.0,0.0,16477.18,164.77179,8092.0,14009.693,24269,3,3,3.0,0.0,3,3,4,4.0,0.0,4,4,0,0,0,0,64,40,82.385895,82.385895,36,164,87.2,70.10849,4915.2,0,0,0,0,0,0,0,0,1,109.0,36.0,164.0,64,0,0,0,0,0,0,2,72,2,328,-1,-1,1,32,0.0,0.0,0,0,0.0,0.0,0,0
3026,3,1,1,6,6,6,6,6.0,0.0,6,6,6.0,0.0,4e+06,666666.7,3.0,0.0,3,3,0,0.0,0.0,0,0,0,0.0,0.0,0,0,0,0,0,0,20,20,333333.34,333333.34,6,6,6.0,0.0,0.0,0,0,0,0,1,1,0,0,1,9.0,6.0,6.0,20,0,0,0,0,0,0,1,6,1,6,237,16393,0,20,0.0,0.0,0,0,0.0,0.0,0,0
53,214,2,2,72,414,36,36,36.0,0.0,207,207,207.0,0.0,2.271028e+06,18691.588,71.333336,117.491844,207,3,3,3.0,0.0,3,3,4,4.0,0.0,4,4,0,0,0,0,40,40,9345.794,9345.794,36,207,104.4,93.66056,8772.3,0,0,0,0,0,0,0,0,1,130.5,36.0,207.0,40,0,0,0,0,0,0,2,72,2,414,-1,-1,1,20,0.0,0.0,0,0,0.0,0.0,0,0
80,5785110,3,1,12,0,6,0,4.0,3.4641016,0,0,0.0,0.0,2.0742908,0.6914303,1.92837e+06,3.3193082e+06,5761152,4,5785110,2.892555e+06,4.0568088e+06,5761152,23958,0,0.0,0.0,0,0,0,0,0,0,72,32,0.5185727,0.17285755,0,6,2.4,3.2863352,10.8,0,0,0,1,0,0,0,0,0,3.0,4.0,0.0,72,0,0,0,0,0,0,3,12,1,0,8192,65535,2,20,0.0,0.0,0,0,0.0,0.0,0,0
53,155,2,2,102,134,51,51,51.0,0.0,67,67,67.0,0.0,1.5225806e+06,25806.451,51.666668,50.599735,104,3,3,3.0,0.0,3,3,48,48.0,0.0,48,48,0,0,0,0,64,64,12903.226,12903.226,51,67,57.4,8.763561,76.8,0,0,0,0,0,0,0,0,1,71.75,51.0,67.0,64,0,0,0,0,0,0,2,102,2,134,-1,-1,1,32,0.0,0.0,0,0,0.0,0.0,0,0
443,87981,6,11,3729,3845,3413,0,621.5,1370.3381,1460,2,349.54544,583.4899,86086.766,193.22354,5498.8125,11233.8125,28312,1,57676,11535.2,15496.222,28647,153,59669,5966.9,11861.082,28479,1,0,0,0,0,132,224,68.19654,125.02699,0,3413,420.77777,883.45386,780490.75,0,0,0,1,0,0,0,0,1,445.52942,621.5,349.54544,132,0,0,0,0,0,0,6,3729,11,3845,8192,65535,5,20,0.0,0.0,0,0,0.0,0.0,0,0
443,170006,33,61,871,86570,389,0,26.39394,82.53709,2896,0,1419.1803,549.85046,514340.66,552.9217,1828.0215,5967.3096,37027,1,170006,5312.6875,9697.777,37027,1,143877,2397.95,8786.239,59162,48,0,0,0,0,1068,1960,194.1108,358.81085,0,2896,920.4316,803.9537,646341.5,0,0,0,1,0,0,0,0,1,930.2234,26.39394,1419.1803,1068,0,0,0,0,0,0,33,871,61,86570,65535,122,6,32,0.0,0.0,0,0,0.0,0.0,0,0
80,3678514,4,0,24,0,6,6,6.0,0.0,0,0,0.0,0.0,6.5243735,1.0873957,1.2261714e+06,2.123023e+06,3677627,353,3678514,1.2261714e+06,2.123023e+06,3677627,353,0,0.0,0.0,0,0,0,0,0,0,80,0,1.0873957,0.0,6,6,6.0,0.0,0.0,0,0,0,0,1,0,0,0,0,7.5,6.0,0.0,80,0,0,0,0,0,0,4,24,0,0,256,-1,3,20,0.0,0.0,0,0,0.0,0.0,0,0
16113,56,1,1,2,6,2,2,2.0,0.0,6,6,6.0,0.0,142857.14,35714.285,56.0,0.0,56,56,0,0.0,0.0,0,0,0,0.0,0.0,0,0,0,0,0,0,24,20,17857.143,17857.143,2,6,3.3333333,2.309401,5.3333335,0,0,0,1,0,0,0,0,1,5.0,2.0,6.0,24,0,0,0,0,0,0,1,2,1,6,1024,0,0,24,0.0,0.0,0,0,0.0,0.0,0,0
80,85009112,6,7,353,11595,335,0,58.833332,135.32541,5792,0,1656.4286,2120.7322,140.54964,0.15292478,7.0840925e+06,2.45e+07,84900000,5,84900000,1.7e+07,3.79e+07,84900000,5,85000000,1.42e+07,3.46e+07,84900000,47,0,0,0,0,164,232,0.07058067,0.082344115,0,5792,853.8571,1666.3336,2.7766678e+06,1,0,0,0,0,0,0,0,1,919.53845,58.833332,1656.4286,164,0,0,0,0,0,0,6,353,7,11595,0,235,3,20,10021.0,0.0,10021,10021,8.49e+07,0.0,84900000,84900000
443,5949024,9,9,355,3009,198,0,39.444443,72.489845,1432,0,334.33334,542.1063,565.4709,3.0257063,349942.6,1.367765e+06,5656543,1,5949024,743628.0,1.9853216e+06,5656543,3,241279,30159.875,56072.598,137088,1,0,0,0,0,192,192,1.5128531,1.5128531,0,1432,177.05263,395.63443,156526.61,0,0,0,1,0,0,0,0,1,186.88889,39.444443,334.33334,192,0,0,0,0,0,0,9,355,9,3009,8192,62,3,20,292478.0,0.0,292478,292478,5.656543e+06,0.0,5656543,5656543
443,185512,7,5,376,3508,201,0,53.714287,78.68654,1460,0,701.6,731.56464,20936.65,64.685844,16864.727,34111.87,85907,49,185512,30918.666,44010.59,89604,195,94590,23647.5,44900.22,90959,49,0,0,0,0,152,112,37.73341,26.952435,0,1460,298.76923,539.97577,291573.84,0,0,0,1,0,0,0,0,0,323.66666,53.714287,701.6,152,0,0,0,0,0,0,7,376,5,3508,8192,60,6,20,0.0,0.0,0,0,0.0,0.0,0,0
80,63114384,7,0,0,0,0,0,0.0,0.0,0,0,0.0,0.0,0.0,0.11090974,1.05e+07,1.19e+07,32100000,998875,63100000,1.05e+07,1.19e+07,32100000,998875,0,0.0,0.0,0,0,0,0,0,0,280,0,0.11090974,0.0,0,0,0.0,0.0,0.0,0,0,0,1,0,0,0,0,0,0.0,0.0,0.0,280,0,0,0,0,0,0,7,0,0,0,29200,-1,0,40,7.010974e+06,0.0,7010974,7010974,1.87e+07,1.22e+07,32100000,8007971
53,266,2,2,62,118,31,31,31.0,0.0,59,59,59.0,0.0,676691.75,15037.594,88.666664,113.597244,217,1,1,1.0,0.0,1,1,48,48.0,0.0,48,48,0,0,0,0,64,64,7518.797,7518.797,31,59,42.2,15.336231,235.2,0,0,0,0,0,0,0,0,1,52.75,31.0,59.0,64,0,0,0,0,0,0,2,62,2,118,-1,-1,1,32,0.0,0.0,0,0,0.0,0.0,0,0
80,147646,3,4,26,11601,20,0,8.666667,10.263203,8675,0,2900.25,4088.042,78749.17,47.410698,24607.666,55672.004,138047,130,9276,4638.0,5714.837,8679,597,147492,49164.0,77108.086,138047,193,0,0,0,0,72,92,20.31887,27.091827,0,8675,1453.375,3091.0957,9.554872e+06,0,0,0,1,0,0,0,0,1,1661.0,8.666667,2900.25,72,0,0,0,0,0,0,3,26,4,11601,8192,229,2,20,0.0,0.0,0,0,0.0,0.0,0,0
53,192716,2,2,60,238,30,30,30.0,0.0,119,119,119.0,0.0,1546.3169,20.755932,64238.668,111261.17,192712,1,1,1.0,0.0,1,1,3,3.0,0.0,3,3,0,0,0,0,40,40,10.377966,10.377966,30,119,65.6,48.747307,2376.3,0,0,0,0,0,0,0,0,1,82.0,30.0,119.0,40,0,0,0,0,0,0,2,60,2,238,-1,-1,1,20,0.0,0.0,0,0,0.0,0.0,0,0
80,5210203,3,1,0,0,0,0,0.0,0.0,0,0,0.0,0.0,0.0,0.7677244,1.7367344e+06,2.976574e+06,5173722,70,5210203,2.6051015e+06,3.632578e+06,5173722,36481,0,0.0,0.0,0,0,0,0,0,0,104,40,0.5757933,0.1919311,0,0,0.0,0.0,0.0,0,0,0,1,0,0,0,0,0,0.0,0.0,0.0,104,0,0,0,0,0,0,3,0,1,0,29200,42408,0,32,0.0,0.0,0,0,0.0,0.0,0,0
53,103085,2,2,68,394,34,34,34.0,0.0,197,197,197.0,0.0,4481.7383,38.80293,34361.668,59512.688,103081,0,0,0.0,0.0,0,0,4,4.0,0.0,4,4,0,0,0,0,64,64,19.401464,19.401464,34,197,99.2,89.27878,7970.7,0,0,0,0,0,0,0,0,1,124.0,34.0,197.0,64,0,0,0,0,0,0,2,68,2,394,-1,-1,1,32,0.0,0.0,0,0,0.0,0.0,0,0
2004,4,1,1,2,6,2,2,2.0,0.0,6,6,6.0,0.0,2e+06,500000.0,4.0,0.0,4,4,0,0.0,0.0,0,0,0,0.0,0.0,0,0,0,0,0,0,24,20,250000.0,250000.0,2,6,3.3333333,2.309401,5.3333335,0,0,0,1,0,0,0,0,1,5.0,2.0,6.0,24,0,0,0,0,0,0,1,2,1,6,1024,0,0,24,0.0,0.0,0,0,0.0,0.0,0,0
80,1424602,3,5,26,11607,20,0,8.666667,10.263203,7215,0,2321.4,3327.7698,8165.7896,5.6156034,203514.58,537911.5,1423383,5,817,408.5,543.76514,793,24,1424574,356143.5,711493.1,1423383,5,0,0,0,0,72,112,2.1058514,3.5097523,0,7215,1292.5555,2650.5857,7.0256045e+06,0,0,0,1,0,0,0,0,1,1454.125,8.666667,2321.4,72,0,0,0,0,0,0,3,26,5,11607,8192,229,2,20,0.0,0.0,0,0,0.0,0.0,0,0
80,227551,3,5,26,11607,20,0,8.666667,10.263203,7215,0,2321.4,3327.7698,51122.605,35.156956,32507.285,84968.734,225194,58,1881,940.5,1119.35,1732,149,227468,56867.0,112220.695,225194,158,0,0,0,0,72,112,13.183858,21.973097,0,7215,1292.5555,2650.5857,7.0256045e+06,0,0,0,1,0,0,0,0,1,1454.125,8.666667,2321.4,72,0,0,0,0,0,0,3,26,5,11607,8192,229,2,20,0.0,0.0,0,0,0.0,0.0,0,0
36527,6182924,1,6,6,36,6,6,6.0,0.0,6,6,6.0,0.0,6.7929025,1.1321504,1.0304873e+06,2.514748e+06,6163686,1,0,0.0,0.0,0,0,6176816,1.2353632e+06,2.755021e+06,6163686,1,0,0,0,0,20,120,0.16173577,0.97041464,6,6,6.0,0.0,0.0,0,0,0,0,1,1,0,0,6,6.857143,6.0,6.0,20,0,0,0,0,0,0,1,6,6,36,229,0,0,20,19238.0,0.0,19238,19238,6.163686e+06,0.0,6163686,6163686
52252,35,1,1,6,6,6,6,6.0,0.0,6,6,6.0,0.0,342857.16,57142.855,35.0,0.0,35,35,0,0.0,0.0,0,0,0,0.0,0.0,0,0,0,0,0,0,20,20,28571.428,28571.428,6,6,6.0,0.0,0.0,0,0,0,0,1,1,0,0,1,9.0,6.0,6.0,20,0,0,0,0,0,0,1,6,1,6,237,256,0,20,0.0,0.0,0,0,0.0,0.0,0,0
55063,18,1,1,6,6,6,6,6.0,0.0,6,6,6.0,0.0,666666.7,111111.11,18.0,0.0,18,18,0,0.0,0.0,0,0,0,0.0,0.0,0,0,0,0,0,0,20,20,55555.555,55555.555,6,6,6.0,0.0,0.0,0,0,0,0,1,1,0,0,1,9.0,6.0,6.0,20,0,0,0,0,0,0,1,6,1,6,1181,16425,0,20,0.0,0.0,0,0,0.0,0.0,0,0
62796,4,2,0,43,0,37,6,21.5,21.920311,0,0,0.0,0.0,1.075e+07,500000.0,4.0,0.0,4,4,4,4.0,0.0,4,4,0,0.0,0.0,0,0,1,0,0,0,40,0,500000.0,0.0,6,37,26.666666,17.897858,320.33334,0,1,0,0,1,0,0,0,0,40.0,21.5,0.0,40,0,0,0,0,0,0,2,43,0,0,293,-1,1,20,0.0,0.0,0,0,0.0,0.0,0,0
58707,755,3,0,286,0,274,6,95.333336,154.72987,0,0,0.0,0.0,378807.94,3973.51,377.5,528.20874,751,4,755,377.5,528.20874,751,4,0,0.0,0.0,0,0,0,0,0,0,60,0,3973.51,0.0,6,274,73.0,134.0,17956.0,0,0,0,0,1,0,0,0,0,97.333336,95.333336,0.0,60,0,0,0,0,0,0,3,286,0,0,60,-1,2,20,0.0,0.0,0,0,0.0,0.0,0,0
80,8054796,5,0,30,0,6,6,6.0,0.0,0,0,0.0,0.0,3.7244892,0.62074816,2.013699e+06,4.02607e+06,8052804,1,8054796,2.013699e+06,4.02607e+06,8052804,1,0,0.0,0.0,0,0,0,0,0,0,100,0,0.62074816,0.0,6,6,6.0,0.0,0.0,0,0,0,0,1,0,0,0,0,7.2,6.0,0.0,100,0,0,0,0,0,0,5,30,0,0,256,-1,4,20,1992.0,0.0,1992,1992,8.052804e+06,0.0,8052804,8052804
2047,39,1,1,2,6,2,2,2.0,0.0,6,6,6.0,0.0,205128.2,51282.05,39.0,0.0,39,39,0,0.0,0.0,0,0,0,0.0,0.0,0,0,0,0,0,0,24,20,25641.025,25641.025,2,6,3.3333333,2.309401,5.3333335,0,0,0,1,0,0,0,0,1,5.0,2.0,6.0,24,0,0,0,0,0,0,1,2,1,6,1024,0,0,24,0.0,0.0,0,0,0.0,0.0,0,0
443,2,1,1,0,0,0,0,0.0,0.0,0,0,0.0,0.0,0.0,1e+06,2.0,0.0,2,2,0,0.0,0.0,0,0,0,0.0,0.0,0,0,0,0,0,0,32,32,500000.0,500000.0,0,0,0.0,0.0,0.0,0,0,0,0,1,1,0,0,1,0.0,0.0,0.0,32,0,0,0,0,0,0,1,0,1,0,32832,362,0,32,0.0,0.0,0,0,0.0,0.0,0,0
444,78233714,48,52,12042,586,1460,0,250.875,422.79453,267,0,11.269231,36.247036,161.41379,1.2782212,790239.56,3.6433482e+06,29500000,1,78200000,1.6645369e+06,5.176657e+06,29500000,4,78200000,1.533983e+06,4.985582e+06,29500000,1,0,0,0,0,972,1052,0.61354625,0.66467506,0,1460,125.0297,314.91693,99172.67,0,0,0,1,0,0,0,0,1,126.28,250.875,11.269231,972,0,0,0,0,0,0,48,12042,52,586,8192,538,47,20,2.0248438e+06,3.0939992e+06,7461188,3051,1.36e+07,1.02e+07,29500000,5662979
53,61264,2,2,60,264,30,30,30.0,0.0,132,132,132.0,0.0,5288.587,65.2912,20421.334,35326.625,61213,3,3,3.0,0.0,3,3,48,48.0,0.0,48,48,0,0,0,0,40,40,32.6456,32.6456,30,132,70.8,55.867702,3121.2,0,0,0,0,0,0,0,0,1,88.5,30.0,132.0,40,0,0,0,0,0,0,2,60,2,264,-1,-1,1,20,0.0,0.0,0,0,0.0,0.0,0,0
88,435,2,2,348,358,174,174,174.0,0.0,179,179,179.0,0.0,1.6229885e+06,9195.402,145.0,167.14365,338,48,49,49.0,0.0,49,49,48,48.0,0.0,48,48,0,0,0,0,64,64,4597.701,4597.701,174,179,176.0,2.738613,7.5,0,0,0,0,0,0,0,0,1,220.0,174.0,179.0,64,0,0,0,0,0,0,2,348,2,358,-1,-1,1,32,0.0,0.0,0,0,0.0,0.0,0,0
53,45789,4,2,124,94,31,31,31.0,0.0,47,47,47.0,0.0,4760.9688,131.03584,9157.8,14597.594,33469,3,33477,11159.0,19321.027,33469,4,3,3.0,0.0,3,3,0,0,0,0,128,64,87.35722,43.67861,31,47,35.57143,7.8072004,60.95238,0,0,0,0,0,0,0,0,0,41.5,31.0,47.0,128,0,0,0,0,0,0,4,124,2,94,-1,-1,3,32,0.0,0.0,0,0,0.0,0.0,0,0
80,91,2,0,0,0,0,0,0.0,0.0,0,0,0.0,0.0,0.0,21978.021,91.0,0.0,91,91,91,91.0,0.0,91,91,0,0.0,0.0,0,0,0,0,0,0,40,0,21978.021,0.0,0,0,0.0,0.0,0.0,0,0,0,0,1,0,0,0,0,0.0,0.0,0.0,40,0,0,0,0,0,0,2,0,0,0,251,-1,0,20,0.0,0.0,0,0,0.0,0.0,0,0
53,84515,1,1,46,280,46,46,46.0,0.0,280,280,280.0,0.0,3857.3035,23.664438,84515.0,0.0,84515,84515,0,0.0,0.0,0,0,0,0.0,0.0,0,0,0,0,0,0,32,32,11.832219,11.832219,46,280,124.0,135.09996,18252.0,0,0,0,0,0,0,0,0,1,186.0,46.0,280.0,32,0,0,0,0,0,0,1,46,1,280,-1,-1,0,32,0.0,0.0,0,0,0.0,0.0,0,0
80,85221811,8,6,368,11595,362,0,46.0,127.70055,5803,0,1932.5,2539.0752,140.37486,0.1642772,6.555524e+06,2.33e+07,84200000,0,85200000,1.22e+07,3.18e+07,84200000,0,3189,637.8,1168.7252,2725,49,0,0,0,0,260,200,0.09387268,0.070404515,0,5803,797.5333,1797.4592,3.2308598e+06,0,0,0,0,1,0,0,0,0,854.5,46.0,1932.5,260,0,0,0,0,0,0,8,368,6,11595,274,235,2,20,1004.0,0.0,1004,1004,8.42e+07,0.0,84200000,84200000
3013,48,2,0,4,0,2,2,2.0,0.0,0,0,0.0,0.0,83333.336,41666.668,48.0,0.0,48,48,48,48.0,0.0,48,48,0,0.0,0.0,0,0,0,0,0,0,48,0,41666.668,0.0,2,2,2.0,0.0,0.0,0,0,0,1,0,0,0,0,0,3.0,2.0,0.0,48,0,0,0,0,0,0,2,4,0,0,1024,-1,1,24,0.0,0.0,0,0,0.0,0.0,0,0
65274,20506,7,2,11601,26,4380,0,1657.2858,1763.2115,20,6,13.0,9.899495,567004.75,438.89594,2563.25,6646.893,18994,14,20506,3417.6667,8129.882,20012,14,990,990.0,0.0,990,990,0,0,0,0,164,40,341.3635,97.53243,0,4380,1162.7,1645.2418,2.7068205e+06,0,0,0,1,0,0,0,0,0,1291.8889,1657.2858,13.0,164,0,0,0,0,0,0,7,11601,2,26,8192,256,5,20,0.0,0.0,0,0,0.0,0.0,0,0
53,207,2,2,84,310,42,42,42.0,0.0,155,155,155.0,0.0,1.9033816e+06,19323.672,69.0,113.45043,200,3,3,3.0,0.0,3,3,4,4.0,0.0,4,4,0,0,0,0,40,40,9661.836,9661.836,42,155,87.2,61.89265,3830.7,0,0,0,0,0,0,0,0,1,109.0,42.0,155.0,40,0,0,0,0,0,0,2,84,2,310,-1,-1,1,20,0.0,0.0,0,0,0.0,0.0,0,0
443,377719,24,33,740,43138,485,0,30.833334,102.55504,2722,0,1307.2122,812.378,116165.72,150.90584,6744.982,39597.996,295903,2,377719,16422.564,61389.344,295903,4,52483,1640.0938,4983.519,20433,2,0,0,0,0,780,1064,63.5393,87.36653,0,2722,756.5172,884.3615,782095.25,0,0,0,1,0,0,0,0,1,769.7895,30.833334,1307.2122,780,0,0,0,0,0,0,24,740,33,43138,65535,31,5,32,0.0,0.0,0,0,0.0,0.0,0,0
53,30659,1,1,54,110,54,54,54.0,0.0,110,110,110.0,0.0,5349.1636,65.233696,30659.0,0.0,30659,30659,0,0.0,0.0,0,0,0,0.0,0.0,0,0,0,0,0,0,32,20,32.616848,32.616848,54,110,72.666664,32.331615,1045.3334,0,0,0,0,0,0,0,0,1,109.0,54.0,110.0,32,0,0,0,0,0,0,1,54,1,110,-1,-1,0,32,0.0,0.0,0,0,0.0,0.0,0,0
57862,19767,2,1,280,6,274,6,140.0,189.50462,6,6,6.0,0.0,14468.559,151.7681,9883.5,13881.213,19699,68,19767,19767.0,0.0,19767,19767,0,0.0,0.0,0,0,1,0,0,0,40,20,101.178734,50.589367,6,274,140.0,154.72987,23941.334,0,1,0,0,1,0,0,0,0,186.66667,140.0,6.0,40,0,0,0,0,0,0,2,280,1,6,60,0,1,20,0.0,0.0,0,0,0.0,0.0,0,0
80,4221898,4,0,24,0,6,6,6.0,0.0,0,0,0.0,0.0,5.684647,0.94744116,1.4072994e+06,2.4340498e+06,4217897,3,4221898,1.4072994e+06,2.4340498e+06,4217897,3,0,0.0,0.0,0,0,0,0,0,0,80,0,0.94744116,0.0,6,6,6.0,0.0,0.0,0,0,0,0,1,0,0,0,0,7.5,6.0,0.0,80,0,0,0,0,0,0,4,24,0,0,256,-1,3,20,0.0,0.0,0,0,0.0,0.0,0,0
49167,41,1,1,0,6,0,0,0.0,0.0,6,6,6.0,0.0,146341.47,48780.49,41.0,0.0,41,41,0,0.0,0.0,0,0,0,0.0,0.0,0,0,0,0,0,0,40,20,24390.244,24390.244,0,6,2.0,3.4641016,12.0,0,0,0,1,0,0,0,0,1,3.0,0.0,6.0,40,0,0,0,0,0,0,1,0,1,6,29200,0,0,40,0.0,0.0,0,0,0.0,0.0,0,0
80,314,2,0,0,0,0,0,0.0,0.0,0,0,0.0,0.0,0.0,6369.427,314.0,0.0,314,314,314,314.0,0.0,314,314,0,0.0,0.0,0,0,0,0,0,0,64,0,6369.427,0.0,0,0,0.0,0.0,0.0,0,0,0,0,1,0,0,0,0,0.0,0.0,0.0,64,0,0,0,0,0,0,2,0,0,0,251,-1,0,32,0.0,0.0,0,0,0.0,0.0,0,0
37659,48,2,0,0,0,0,0,0.0,0.0,0,0,0.0,0.0,0.0,41666.668,48.0,0.0,48,48,48,48.0,0.0,48,48,0,0.0,0.0,0,0,0,0,0,0,64,0,41666.668,0.0,0,0,0.0,0.0,0.0,0,0,0,0,1,0,0,0,0,0.0,0.0,0.0,64,0,0,0,0,0,0,2,0,0,0,22,-1,0,32,0.0,0.0,0,0,0.0,0.0,0,0
443,5731426,9,7,421,6586,234,0,46.77778,80.68423,1460,0,940.8571,662.6491,1222.5579,2.7916265,382095.06,1.3858658e+06,5388180,2,5731426,716428.25,1.8890144e+06,5388180,2,132237,22039.5,39896.902,99071,48,0,0,0,0,192,152,1.5702899,1.2213365,0,1460,412.17648,613.12524,375922.53,0,0,0,1,0,0,0,0,0,437.9375,46.77778,940.8571,192,0,0,0,0,0,0,9,421,7,6586,8192,60,8,20,343244.0,0.0,343244,343244,5.38818e+06,0.0,5388180,5388180
995,57,1,1,2,6,2,2,2.0,0.0,6,6,6.0,0.0,140350.88,35087.72,57.0,0.0,57,57,0,0.0,0.0,0,0,0,0.0,0.0,0,0,0,0,0,0,24,20,17543.86,17543.86,2,6,3.3333333,2.309401,5.3333335,0,0,0,1,0,0,0,0,1,5.0,2.0,6.0,24,0,0,0,0,0,0,1,2,1,6,1024,0,0,24,0.0,0.0,0,0,0.0,0.0,0,0
80,63135822,7,0,0,0,0,0,0.0,0.0,0,0,0.0,0.0,0.0,0.11087208,1.05e+07,1.19e+07,32100000,996394,63100000,1.05e+07,1.19e+07,32100000,996394,0,0.0,0.0,0,0,0,0,0,0,280,0,0.11087208,0.0,0,0,0.0,0.0,0.0,0,0,0,1,0,0,0,0,0,0.0,0.0,0.0,280,0,0,0,0,0,0,7,0,0,0,29200,-1,0,40,7.008289e+06,0.0,7008289,7008289,1.87e+07,1.22e+07,32100000,8015985
53,60631,1,1,46,188,46,46,46.0,0.0,188,188,188.0,0.0,3859.4119,32.986427,60631.0,0.0,60631,60631,0,0.0,0.0,0,0,0,0.0,0.0,0,0,0,0,0,0,20,20,16.493214,16.493214,46,188,93.333336,81.98374,6721.3335,0,0,0,0,0,0,0,0,1,140.0,46.0,188.0,20,0,0,0,0,0,0,1,46,1,188,-1,-1,0,20,0.0,0.0,0,0,0.0,0.0,0,0
57241,108,1,1,6,6,6,6,6.0,0.0,6,6,6.0,0.0,111111.11,18518.518,108.0,0.0,108,108,0,0.0,0.0,0,0,0,0.0,0.0,0,0,0,0,0,0,20,20,9259.259,9259.259,6,6,6.0,0.0,0.0,0,0,0,0,1,1,0,0,1,9.0,6.0,6.0,20,0,0,0,0,0,0,1,6,1,6,31365,63292,0,20,0.0,0.0,0,0,0.0,0.0,0,0
443,118900362,15,14,1176,4623,507,0,78.4,133.22311,1430,0,330.2143,518.49194,48.77193,0.2439017,4.2464415e+06,1.54e+07,58800000,1,119000000,8.492883e+06,2.13e+07,58800000,514,119000000,9.127965e+06,2.21e+07,59000000,1,0,0,0,0,312,292,0.12615605,0.117745645,0,1430,193.3,382.42197,146246.56,0,0,0,1,0,0,0,0,0,199.96552,78.4,330.2143,312,0,0,0,0,0,0,15,1176,14,4623,8192,360,14,20,631807.0,558860.44,1026981,236633,5.87e+07,106370.07,58800000,58600000
22,13459323,23,32,2008,2745,640,0,87.304344,136.33997,976,0,85.78125,220.24059,353.13812,4.0863867,249246.72,687282.6,2630222,3,11200000,510485.6,954911.8,2701647,457,13500000,434167.25,866972.94,2630222,3,0,0,0,0,744,1032,1.7088526,2.3775342,0,976,84.875,186.83966,34909.06,0,0,0,1,0,0,0,0,1,86.41818,87.304344,85.78125,744,0,0,0,0,0,0,23,2008,32,2745,29200,247,16,32,0.0,0.0,0,0,0.0,0.0,0,0
53,61084,2,2,60,344,30,30,30.0,0.0,172,172,172.0,0.0,6613.8433,65.4836,20361.334,35253.875,61069,3,12,12.0,0.0,12,12,3,3.0,0.0,3,3,0,0,0,0,64,40,32.7418,32.7418,30,172,86.8,77.7766,6049.2,0,0,0,0,0,0,0,0,1,108.5,30.0,172.0,64,0,0,0,0,0,0,2,60,2,344,-1,-1,1,32,0.0,0.0,0,0,0.0,0.0,0,0
53,51239,1,1,54,116,54,54,54.0,0.0,116,116,116.0,0.0,3317.7854,39.03277,51239.0,0.0,51239,51239,0,0.0,0.0,0,0,0,0.0,0.0,0,0,0,0,0,0,20,20,19.516384,19.516384,54,116,74.666664,35.795715,1281.3334,0,0,0,0,0,0,0,0,1,112.0,54.0,116.0,20,0,0,0,0,0,0,1,54,1,116,-1,-1,0,20,0.0,0.0,0,0,0.0,0.0,0,0
80,1865,6,0,0,0,0,0,0.0,0.0,0,0,0.0,0.0,0.0,3217.1582,373.0,404.98456,1065,3,1865,373.0,404.98456,1065,3,0,0.0,0.0,0,0,0,0,0,0,192,0,3217.1582,0.0,0,0,0.0,0.0,0.0,0,0,0,0,1,0,0,0,0,0.0,0.0,0.0,192,0,0,0,0,0,0,6,0,0,0,251,-1,0,32,0.0,0.0,0,0,0.0,0.0,0,0
443,119869713,41,52,2054,68110,517,0,50.09756,132.33684,4344,0,1309.8077,1038.056,585.3355,0.77584237,1.3029316e+06,3.3101865e+06,10300000,0,120000000,2.9967428e+06,4.572535e+06,10300000,49,117000000,2.2885492e+06,4.24381e+06,10400000,48,0,0,0,0,1320,1672,0.34203804,0.43380433,0,4344,746.42554,997.83527,995675.2,0,0,0,1,0,0,0,0,1,754.4516,50.09756,1309.8077,1320,0,0,0,0,0,0,41,2054,52,68110,29200,1073,7,32,462001.2,1.1934994e+06,4060537,101856,1.01e+07,35455.527,10300000,10100000
80,115826323,26,32,1165,28465,521,0,44.807693,138.00058,2860,0,889.53125,865.28015,255.81404,0.5007497,2.0320408e+06,3.9920088e+06,10000000,1,116000000,4.633053e+06,4.9950355e+06,10000000,1,111000000,3.5654608e+06,4.8785835e+06,10000000,42,0,0,0,0,532,784,0.22447401,0.27627572,0,2860,502.2034,767.649,589284.94,0,0,0,1,0,0,0,0,1,510.86206,44.807693,889.53125,532,0,0,0,0,0,0,26,1165,32,28465,8192,351,25,20,47708.0,37667.0,161277,36167,1e+07,627.7538,10000000,9999370
8080,71796,4,3,210,134,198,0,52.5,97.04123,128,0,44.666668,72.23111,4791.3535,97.49847,11966.0,28464.68,70067,19,71796,23932.0,40926.75,71189,19,70635,35317.5,49143.215,70067,568,0,0,0,0,92,72,55.71341,41.785057,0,198,43.0,76.44232,5843.4287,0,0,0,1,0,0,0,0,0,49.142857,52.5,44.666668,92,0,0,0,0,0,0,4,210,3,134,8192,237,3,20,0.0,0.0,0,0,0.0,0.0,0,0
80,100001960,2,2,16,0,8,8,8.0,0.0,0,0,0.0,0.0,0.15999687,0.039999217,3.33e+07,5.77e+07,100000000,27,100000000,1e+08,0.0,100000000,100000000,100000000,1e+08,0.0,100000000,100000000,1,0,0,0,64,64,0.019999608,0.019999608,0,8,4.8,4.3817806,19.2,0,1,0,0,1,0,0,0,1,6.0,8.0,0.0,64,0,0,0,0,0,0,2,16,2,0,229,235,1,32,74.0,0.0,74,74,1e+08,0.0,100000000,100000000
55383,138,2,0,12,0,6,6,6.0,0.0,0,0,0.0,0.0,86956.52,14492.754,138.0,0.0,138,138,138,138.0,0.0,138,138,0,0.0,0.0,0,0,0,0,0,0,40,0,14492.754,0.0,6,6,6.0,0.0,0.0,0,0,0,0,1,0,0,0,0,9.0,6.0,0.0,40,0,0,0,0,0,0,2,12,0,0,5592,-1,1,20,0.0,0.0,0,0,0.0,0.0,0,0
21,275,2,1,14,0,14,0,7.0,9.899495,0,0,0.0,0.0,50909.09,10909.091,137.5,147.78532,242,33,275,275.0,0.0,275,275,0,0.0,0.0,0,0,1,0,0,0,64,20,7272.727,3636.3635,0,14,7.0,8.082904,65.333336,0,1,0,0,1,0,0,0,0,9.333333,7.0,0.0,64,0,0,0,0,0,0,2,14,1,0,229,0,0,32,0.0,0.0,0,0,0.0,0.0,0,0
902,46,1,1,0,6,0,0,0.0,0.0,6,6,6.0,0.0,130434.78,43478.26,46.0,0.0,46,46,0,0.0,0.0,0,0,0,0.0,0.0,0,0,0,0,0,0,40,20,21739.13,21739.13,0,6,2.0,3.4641016,12.0,0,0,0,1,0,0,0,0,1,3.0,0.0,6.0,40,0,0,0,0,0,0,1,0,1,6,29200,0,0,40,0.0,0.0,0,0,0.0,0.0,0,0
2021,36,1,1,2,6,2,2,2.0,0.0,6,6,6.0,0.0,222222.22,55555.555,36.0,0.0,36,36,0,0.0,0.0,0,0,0,0.0,0.0,0,0,0,0,0,0,24,20,27777.777,27777.777,2,6,3.3333333,2.309401,5.3333335,0,0,0,1,0,0,0,0,1,5.0,2.0,6.0,24,0,0,0,0,0,0,1,2,1,6,1024,0,0,24,0.0,0.0,0,0,0.0,0.0,0,0
53,154,2,2,78,134,39,39,39.0,0.0,67,67,67.0,0.0,1.3766234e+06,25974.025,51.333332,49.54123,102,3,3,3.0,0.0,3,3,49,49.0,0.0,49,49,0,0,0,0,40,40,12987.013,12987.013,39,67,50.2,15.336231,235.2,0,0,0,0,0,0,0,0,1,62.75,39.0,67.0,40,0,0,0,0,0,0,2,78,2,134,-1,-1,1,20,0.0,0.0,0,0,0.0,0.0,0,0
80,2754,2,0,12,0,6,6,6.0,0.0,0,0,0.0,0.0,4357.2983,726.21643,2754.0,0.0,2754,2754,2754,2754.0,0.0,2754,2754,0,0.0,0.0,0,0,0,0,0,0,40,0,726.21643,0.0,6,6,6.0,0.0,0.0,0,0,0,0,1,0,0,0,0,9.0,6.0,0.0,40,0,0,0,0,0,0,2,12,0,0,256,-1,1,20,0.0,0.0,0,0,0.0,0.0,0,0
53,31587,2,2,60,414,30,30,30.0,0.0,207,207,207.0,0.0,15006.174,126.63438,10529.0,18231.566,31581,3,3,3.0,0.0,3,3,3,3.0,0.0,3,3,0,0,0,0,64,64,63.31719,63.31719,30,207,100.8,96.94689,9398.7,0,0,0,0,0,0,0,0,1,126.0,30.0,207.0,64,0,0,0,0,0,0,2,60,2,414,-1,-1,1,32,0.0,0.0,0,0,0.0,0.0,0,0
8181,82,1,1,2,6,2,2,2.0,0.0,6,6,6.0,0.0,97560.98,24390.244,82.0,0.0,82,82,0,0.0,0.0,0,0,0,0.0,0.0,0,0,0,0,0,0,24,20,12195.122,12195.122,2,6,3.3333333,2.309401,5.3333335,0,0,0,1,0,0,0,0,1,5.0,2.0,6.0,24,0,0,0,0,0,0,1,2,1,6,1024,0,0,24,0.0,0.0,0,0,0.0,0.0,0,0
56576,71,1,1,6,6,6,6,6.0,0.0,6,6,6.0,0.0,169014.08,28169.014,71.0,0.0,71,71,0,0.0,0.0,0,0,0,0.0,0.0,0,0,0,0,0,0,20,20,14084.507,14084.507,6,6,6.0,0.0,0.0,0,0,0,0,1,1,0,0,1,9.0,6.0,6.0,20,0,0,0,0,0,0,1,6,1,6,31,255,0,20,0.0,0.0,0,0,0.0,0.0,0,0
80,101280333,2,0,0,0,0,0,0.0,0.0,0,0,0.0,0.0,0.0,0.01974717,1.01e+08,0.0,101000000,101000000,101000000,1.01e+08,0.0,101000000,101000000,0,0.0,0.0,0,0,0,0,0,0,64,0,0.01974717,0.0,0,0,0.0,0.0,0.0,0,0,0,0,1,0,0,0,0,0.0,0.0,0.0,64,0,0,0,0,0,0,2,0,0,0,410,-1,0,32,0.0,0.0,0,0,1.01e+08,0.0,101000000,101000000
53,95814,1,1,49,142,49,49,49.0,0.0,142,142,142.0,0.0,1993.4457,20.873775,95814.0,0.0,95814,95814,0,0.0,0.0,0,0,0,0.0,0.0,0,0,0,0,0,0,32,40,10.436888,10.436888,49,142,80.0,53.693577,2883.0,0,0,0,0,0,0,0,0,1,120.0,49.0,142.0,32,0,0,0,0,0,0,1,49,1,142,-1,-1,0,32,0.0,0.0,0,0,0.0,0.0,0,0
21,223,2,1,14,0,14,0,7.0,9.899495,0,0,0.0,0.0,62780.27,13452.915,111.5,77.07464,166,57,223,223.0,0.0,223,223,0,0.0,0.0,0,0,1,0,0,0,64,20,8968.61,4484.305,0,14,7.0,8.082904,65.333336,0,1,0,0,1,0,0,0,0,9.333333,7.0,0.0,64,0,0,0,0,0,0,2,14,1,0,229,0,0,32,0.0,0.0,0,0,0.0,0.0,0,0
52558,3,2,0,12,0,6,6,6.0,0.0,0,0,0.0,0.0,4e+06,666666.7,3.0,0.0,3,3,3,3.0,0.0,3,3,0,0.0,0.0,0,0,0,0,0,0,40,0,666666.7,0.0,6,6,6.0,0.0,0.0,0,0,0,0,1,0,0,0,0,9.0,6.0,0.0,40,0,0,0,0,0,0,2,12,0,0,123,-1,1,20,0.0,0.0,0,0,0.0,0.0,0,0
53,99499,2,2,72,202,36,36,36.0,0.0,101,101,101.0,0.0,2753.7966,40.20141,33166.332,57400.746,99447,5,5,5.0,0.0,5,5,47,47.0,0.0,47,47,0,0,0,0,64,64,20.100704,20.100704,36,101,62.0,35.601967,1267.5,0,0,0,0,0,0,0,0,1,77.5,36.0,101.0,64,0,0,0,0,0,0,2,72,2,202,-1,-1,1,32,0.0,0.0,0,0,0.0,0.0,0,0
80,489177,3,4,499,1126,499,0,166.33333,288.09778,1126,0,281.5,563.0,3321.906,14.309749,81529.5,123667.27,245735,1,236761,118380.5,167071.66,236518,243,252703,84234.336,140152.02,246022,1,0,0,0,0,104,140,6.1327496,8.176999,0,1126,203.125,411.7556,169542.7,0,0,0,1,0,0,0,0,1,232.14285,166.33333,281.5,104,0,0,0,0,0,0,3,499,4,1126,29200,4879,1,32,0.0,0.0,0,0,0.0,0.0,0,0
80,5869618,3,1,0,0,0,0,0.0,0.0,0,0,0.0,0.0,0.0,0.68147534,1.9565394e+06,3.3880642e+06,5868739,129,5869618,2.934809e+06,4.1492035e+06,5868739,879,0,0.0,0.0,0,0,0,0,0,0,104,40,0.5111065,0.17036884,0,0,0.0,0.0,0.0,0,0,0,1,0,0,0,0,0,0.0,0.0,0.0,104,0,0,0,0,0,0,3,0,1,0,29200,28960,0,32,0.0,0.0,0,0,0.0,0.0,0,0
443,32503622,13,7,962,5314,485,0,74.0,145.0678,1474,0,759.1429,720.9606,193.08617,0.61531603,1.710717e+06,7.4294005e+06,32400000,1,32500000,2.7086352e+06,9.347299e+06,32400000,1,89887,14981.167,17297.88,40687,50,0,0,0,0,428,232,0.39995542,0.21536061,0,1474,298.85715,529.19214,280044.34,0,0,0,1,0,0,0,0,0,313.8,74.0,759.1429,428,0,0,0,0,0,0,13,962,7,5314,65535,61,6,32,113285.0,0.0,113285,113285,3.24e+07,0.0,32400000,32400000
8080,1044192,3,3,0,18,0,0,0.0,0.0,6,6,6.0,0.0,17.238209,5.74607,208838.4,285388.34,530881,352,1043660,521830.0,13297.851,531233,512427,1043642,521821.0,13565.137,531413,512229,0,0,0,0,92,60,2.873035,2.873035,0,6,2.5714285,3.207135,10.285714,0,0,0,1,0,0,0,0,1,3.0,0.0,6.0,92,0,0,0,0,0,0,3,0,3,18,8192,0,0,28,0.0,0.0,0,0,0.0,0.0,0,0
80,81630766,2,0,0,0,0,0,0.0,0.0,0,0,0.0,0.0,0.0,0.024500566,8.16e+07,0.0,81600000,81600000,81600000,8.16e+07,0.0,81600000,81600000,0,0.0,0.0,0,0,0,0,0,0,64,0,0.024500566,0.0,0,0,0.0,0.0,0.0,0,0,0,0,1,0,0,0,0,0.0,0.0,0.0,64,0,0,0,0,0,0,2,0,0,0,410,-1,0,32,0.0,0.0,0,0,8.16e+07,0.0,81600000,81600000
80,81638693,9,6,62,11601,20,0,6.888889,5.3019915,4380,0,1933.5,1757.7899,142.86118,0.1837364,5.831335e+06,2.07e+07,77500000,1,81600000,1.02e+07,2.72e+07,77500000,1,40961,8192.2,11464.339,24404,17,0,0,0,0,192,132,0.110241845,0.07349456,0,4380,729.3125,1399.2855,1.9580001e+06,0,0,0,0,1,0,0,0,0,777.93335,6.888889,1933.5,192,0,0,0,0,0,0,9,62,6,11601,256,229,7,20,4.064972e+06,0.0,4064972,4064972,7.75e+07,0.0,77500000,77500000
53,60919,1,1,64,157,64,64,64.0,0.0,157,157,157.0,0.0,3627.768,32.83048,60919.0,0.0,60919,60919,0,0.0,0.0,0,0,0,0.0,0.0,0,0,0,0,0,0,32,32,16.41524,16.41524,64,157,95.0,53.693577,2883.0,0,0,0,0,0,0,0,0,1,142.5,64.0,157.0,32,0,0,0,0,0,0,1,64,1,157,-1,-1,0,32,0.0,0.0,0,0,0.0,0.0,0,0
443,65063529,16,17,1921,10265,770,0,120.0625,257.93863,1601,0,603.82355,700.0285,187.29387,0.5071966,2.0332352e+06,3.9500722e+06,10000000,45,65100000,4.3375685e+06,4.9439965e+06,10100000,161,65000000,4.0611558e+06,4.9080335e+06,10100000,49,0,0,0,0,332,412,0.24591349,0.2612831,0,1601,358.41177,574.71747,330300.2,0,0,0,1,0,0,0,0,1,369.27274,120.0625,603.82355,332,0,0,0,0,0,0,16,1921,17,10265,8192,87,15,20,873876.5,1.9333056e+06,4820220,84482,9.970002e+06,75539.64,10000000,9815986
80,5492846,3,1,0,0,0,0,0.0,0.0,0,0,0.0,0.0,0.0,0.7282199,1.8309486e+06,3.1703902e+06,5491800,108,5492846,2.746423e+06,3.8825495e+06,5491800,1046,0,0.0,0.0,0,0,0,0,0,0,104,40,0.54616493,0.18205498,0,0,0.0,0.0,0.0,0,0,0,1,0,0,0,0,0,0.0,0.0,0.0,104,0,0,0,0,0,0,3,0,1,0,29200,28960,0,32,0.0,0.0,0,0,0.0,0.0,0,0
443,70650229,13,8,2359,4079,866,0,181.46153,335.20184,1762,41,509.875,753.90686,91.12497,0.29723895,3.5325115e+06,1.31e+07,58600000,4,70700000,5.887519e+06,1.68e+07,58600000,383,70600000,1.01e+07,2.16e+07,58700000,395,1,0,0,0,416,256,0.18400507,0.11323389,0,1762,294.5,531.3243,282305.5,0,1,0,0,1,0,0,0,0,308.5238,181.46153,509.875,416,0,0,0,0,0,0,13,2359,8,4079,698,239,4,32,1.9822315e+06,2.5256335e+06,3768124,196339,3.33e+07,3.58e+07,58600000,8002636
53,256,2,2,68,326,34,34,34.0,0.0,163,163,163.0,0.0,1.5390625e+06,15625.0,85.333336,105.09678,204,4,48,48.0,0.0,48,48,4,4.0,0.0,4,4,0,0,0,0,40,40,7812.5,7812.5,34,163,85.6,70.65621,4992.3,0,0,0,0,0,0,0,0,1,107.0,34.0,163.0,40,0,0,0,0,0,0,2,68,2,326,-1,-1,1,20,0.0,0.0,0,0,0.0,0.0,0,0
80,111115709,20,20,2780,1920,585,6,139.0,236.79128,366,6,96.0,159.9342,42.29825,0.3599851,2.8491208e+06,4.247459e+06,10000000,576,111000000,5.845078e+06,4.484504e+06,10100000,32156,111000000,5.8450695e+06,4.522078e+06,10100000,576,0,0,0,0,400,400,0.17999256,0.17999256,6,585,114.78049,198.86874,39548.777,0,0,0,0,1,0,0,0,1,117.65,139.0,96.0,400,0,0,0,0,0,0,20,2780,20,1920,63142,8639,19,20,1.4772758e+06,2.2848e+06,4932327,59020,9.628373e+06,1.1475571e+06,10000000,6362614
48029,42,1,1,6,6,6,6,6.0,0.0,6,6,6.0,0.0,285714.28,47619.047,42.0,0.0,42,42,0,0.0,0.0,0,0,0,0.0,0.0,0,0,0,0,0,0,20,20,23809.523,23809.523,6,6,6.0,0.0,0.0,0,0,0,0,1,1,0,0,1,9.0,6.0,6.0,20,0,0,0,0,0,0,1,6,1,6,8190,30016,0,20,0.0,0.0,0,0,0.0,0.0,0,0
123,81176,1,1,48,48,48,48,48.0,0.0,48,48,48.0,0.0,1182.6156,24.637823,81176.0,0.0,81176,81176,0,0.0,0.0,0,0,0,0.0,0.0,0,0,0,0,0,0,32,32,12.318912,12.318912,48,48,48.0,0.0,0.0,0,0,0,0,0,0,0,0,1,72.0,48.0,48.0,32,0,0,0,0,0,0,1,48,1,48,-1,-1,0,32,0.0,0.0,0,0,0.0,0.0,0,0
21,9277049,9,15,93,188,19,0,10.333333,7.905694,34,0,12.533334,14.54975,30.289804,2.5870295,403349.97,1.0529256e+06,3375544,3,6576159,822019.9,1.5220782e+06,3418173,4,9276977,662641.2,1.3004465e+06,3375544,3,0,0,0,0,296,488,0.9701361,1.6168935,0,34,11.24,12.285764,150.94,0,0,0,1,0,0,0,0,1,11.708333,10.333333,12.533334,296,0,0,0,0,0,0,9,93,15,188,29200,227,6,32,0.0,0.0,0,0,0.0,0.0,0,0
2383,47,1,1,0,6,0,0,0.0,0.0,6,6,6.0,0.0,127659.58,42553.19,47.0,0.0,47,47,0,0.0,0.0,0,0,0,0.0,0.0,0,0,0,0,0,0,40,20,21276.596,21276.596,0,6,2.0,3.4641016,12.0,0,0,0,1,0,0,0,0,1,3.0,0.0,6.0,40,0,0,0,0,0,0,1,0,1,6,29200,0,0,40,0.0,0.0,0,0,0.0,0.0,0,0
46230,3,2,0,6,0,6,0,3.0,4.2426405,0,0,0.0,0.0,2e+06,666666.7,3.0,0.0,3,3,3,3.0,0.0,3,3,0,0.0,0.0,0,0,0,0,0,0,52,0,666666.7,0.0,0,6,2.0,3.4641016,12.0,0,0,0,0,1,0,0,0,0,3.0,3.0,0.0,52,0,0,0,0,0,0,2,6,0,0,259,-1,1,20,0.0,0.0,0,0,0.0,0.0,0,0
80,84216172,6,6,370,11595,370,0,61.666668,151.05186,4344,0,1932.5,1754.8314,142.07484,0.14249045,7.6560155e+06,2.53e+07,84100000,3,84100000,1.68e+07,3.76e+07,84100000,3,145532,29106.4,58443.133,133242,15,0,0,0,0,200,200,0.07124522,0.07124522,0,4344,920.38464,1498.0266,2.2440835e+06,0,0,0,0,1,0,0,0,1,997.0833,61.666668,1932.5,200,0,0,0,0,0,0,6,370,6,11595,251,235,1,32,993.0,0.0,993,993,8.41e+07,0.0,84100000,84100000
45688,106,1,1,0,0,0,0,0.0,0.0,0,0,0.0,0.0,0.0,18867.924,106.0,0.0,106,106,0,0.0,0.0,0,0,0,0.0,0.0,0,0,0,0,0,0,32,32,9433.962,9433.962,0,0,0.0,0.0,0.0,0,0,0,0,1,1,0,0,1,0.0,0.0,0.0,32,0,0,0,0,0,0,1,0,1,0,3,229,0,32,0.0,0.0,0,0,0.0,0.0,0,0
53,69719,4,2,160,290,40,40,40.0,0.0,145,145,145.0,0.0,6454.4814,86.05975,13943.8,27081.686,62022,3,62029,20676.334,35806.4,62022,3,3,3.0,0.0,3,3,0,0,0,0,128,64,57.37317,28.686584,40,145,70.0,51.234753,2625.0,0,0,0,0,0,0,0,0,0,81.666664,40.0,145.0,128,0,0,0,0,0,0,4,160,2,290,-1,-1,3,32,0.0,0.0,0,0,0.0,0.0,0,0
80,93887170,8,5,56,11607,20,0,7.0,5.656854,7215,0,2321.4,3327.7698,124.22358,0.13846408,7.823931e+06,2.49e+07,86700000,4,93700000,1.34e+07,3.24e+07,86700000,98,202449,50612.25,100470.78,201317,4,0,0,0,0,172,112,0.08520866,0.053255413,0,7215,833.5,2175.3025,4.7319415e+06,0,0,0,0,1,0,0,0,0,897.61536,7.0,2321.4,172,0,0,0,0,0,0,8,56,5,11607,256,229,6,20,2116.0,0.0,2116,2116,4.68e+07,5.63e+07,86700000,7030164
53,34873,4,4,168,280,42,42,42.0,0.0,70,70,70.0,0.0,12846.615,229.40384,4981.857,11436.119,30703,3,34728,11576.0,20005.2,34676,3,4121,1373.6666,2333.4695,4068,4,0,0,0,0,128,128,114.70192,114.70192,42,70,54.444443,14.757296,217.77777,0,0,0,0,0,0,0,0,1,61.25,42.0,70.0,128,0,0,0,0,0,0,4,168,4,280,-1,-1,3,32,0.0,0.0,0,0,0.0,0.0,0,0
49493,2059,2,0,12,0,6,6,6.0,0.0,0,0,0.0,0.0,5828.072,971.34534,2059.0,0.0,2059,2059,2059,2059.0,0.0,2059,2059,0,0.0,0.0,0,0,0,0,0,0,40,0,971.34534,0.0,6,6,6.0,0.0,0.0,0,0,0,0,1,0,0,0,0,9.0,6.0,0.0,40,0,0,0,0,0,0,2,12,0,0,131,-1,1,20,0.0,0.0,0,0,0.0,0.0,0,0
53,172021,2,2,60,238,30,30,30.0,0.0,119,119,119.0,0.0,1732.3467,23.252975,57340.332,99271.34,171969,3,49,49.0,0.0,49,49,3,3.0,0.0,3,3,0,0,0,0,64,64,11.626488,11.626488,30,119,65.6,48.747307,2376.3,0,0,0,0,0,0,0,0,1,82.0,30.0,119.0,64,0,0,0,0,0,0,2,60,2,238,-1,-1,1,32,0.0,0.0,0,0,0.0,0.0,0,0
57558,74821,2,2,0,12,0,0,0.0,0.0,6,6,6.0,0.0,160.38278,53.460926,24940.334,43176.273,74796,2,74821,74821.0,0.0,74821,74821,2,2.0,0.0,2,2,0,0,0,0,64,40,26.730463,26.730463,0,6,2.4,3.2863352,10.8,0,0,0,0,1,0,0,0,1,3.0,0.0,6.0,64,0,0,0,0,0,0,2,0,2,12,349,0,0,32,0.0,0.0,0,0,0.0,0.0,0,0
53,50375,4,2,192,180,48,48,48.0,0.0,90,90,90.0,0.0,7384.615,119.1067,10075.0,14307.534,30732,4,30829,10276.333,17715.127,30732,48,4,4.0,0.0,4,4,0,0,0,0,104,64,79.404465,39.702232,48,90,60.0,20.493902,420.0,0,0,0,0,0,0,0,0,0,70.0,48.0,90.0,104,0,0,0,0,0,0,4,192,2,180,-1,-1,3,20,0.0,0.0,0,0,0.0,0.0,0,0
80,10045765,5,0,30,0,6,6,6.0,0.0,0,0,0.0,0.0,2.9863331,0.49772218,2.5114412e+06,5.0215345e+06,10000000,3,10000000,2.5114412e+06,5.0215345e+06,10000000,3,0,0.0,0.0,0,0,0,0,0,0,100,0,0.49772218,0.0,6,6,6.0,0.0,0.0,0,0,0,0,1,0,0,0,0,7.2,6.0,0.0,100,0,0,0,0,0,0,5,30,0,0,256,-1,4,20,2022.0,0.0,2022,2022,1e+07,0.0,10000000,10000000
49360,1,2,0,31,0,31,0,15.5,21.920311,0,0,0.0,0.0,3.1e+07,2e+06,1.0,0.0,1,1,1,1.0,0.0,1,1,0,0.0,0.0,0,0,1,0,0,0,64,0,2e+06,0.0,0,31,20.666666,17.897858,320.33334,0,1,0,0,1,0,0,0,0,31.0,15.5,0.0,64,0,0,0,0,0,0,2,31,0,0,84,-1,0,32,0.0,0.0,0,0,0.0,0.0,0,0
53,23488,1,1,46,93,46,46,46.0,0.0,93,93,93.0,0.0,5917.9155,85.149864,23488.0,0.0,23488,23488,0,0.0,0.0,0,0,0,0.0,0.0,0,0,0,0,0,0,32,20,42.574932,42.574932,46,93,61.666668,27.135462,736.3333,0,0,0,0,0,0,0,0,1,92.5,46.0,93.0,32,0,0,0,0,0,0,1,46,1,93,-1,-1,0,32,0.0,0.0,0,0,0.0,0.0,0,0
35606,21,1,1,0,0,0,0,0.0,0.0,0,0,0.0,0.0,0.0,95238.09,21.0,0.0,21,21,0,0.0,0.0,0,0,0,0.0,0.0,0,0,0,0,0,0,32,32,47619.047,47619.047,0,0,0.0,0.0,0.0,0,0,0,0,1,1,0,0,1,0.0,0.0,0.0,32,0,0,0,0,0,0,1,0,1,0,143,338,0,32,0.0,0.0,0,0,0.0,0.0,0,0
465,1803649,16,24,1396,4574,378,0,87.25,89.882515,1430,0,190.58333,409.2062,3309.9565,22.177263,46247.41,129769.18,806871,4,1754421,116961.4,213013.36,855742,816,1755086,76308.086,163545.02,806871,4,0,0,0,0,332,492,8.870906,13.306358,0,1430,145.60976,320.0299,102419.14,0,0,0,1,0,0,0,0,1,149.25,87.25,190.58333,332,0,0,0,0,0,0,16,1396,24,4574,8192,176,15,20,0.0,0.0,0,0,0.0,0.0,0,0
80,82914183,7,5,388,11595,382,0,55.42857,144.02182,5792,0,2319.0,3170.4038,144.52292,0.14472796,7.537653e+06,2.5e+07,82800000,4,82800000,1.38e+07,3.38e+07,82800000,4,148444,37111.0,65081.66,134242,86,0,0,0,0,220,168,0.08442464,0.060303316,0,5792,921.7692,2164.0056,4.6829205e+06,0,0,0,0,1,0,0,0,0,998.5833,55.42857,2319.0,220,0,0,0,0,0,0,7,388,5,11595,251,235,2,20,992.0,0.0,992,992,8.28e+07,0.0,82800000,82800000
34204,21,3,0,31,0,31,0,10.333333,17.897858,0,0,0.0,0.0,1.4761905e+06,142857.14,10.5,13.435029,20,1,21,10.5,13.435029,20,1,0,0.0,0.0,0,0,0,0,0,0,96,0,142857.14,0.0,0,31,7.75,15.5,240.25,0,0,0,0,1,0,0,0,0,10.333333,10.333333,0.0,96,0,0,0,0,0,0,3,31,0,0,972,-1,1,32,0.0,0.0,0,0,0.0,0.0,0,0
80,826,2,0,0,0,0,0,0.0,0.0,0,0,0.0,0.0,0.0,2421.3076,826.0,0.0,826,826,826,826.0,0.0,826,826,0,0.0,0.0,0,0,0,0,0,0,64,0,2421.3076,0.0,0,0,0.0,0.0,0.0,0,0,0,0,1,1,0,0,0,0.0,0.0,0.0,64,0,0,0,0,0,0,2,0,0,0,227,-1,0,32,0.0,0.0,0,0,0.0,0.0,0,0
53,49661,1,1,44,110,44,44,44.0,0.0,110,110,110.0,0.0,3101.025,40.273052,49661.0,0.0,49661,49661,0,0.0,0.0,0,0,0,0.0,0.0,0,0,0,0,0,0,32,32,20.136526,20.136526,44,110,66.0,38.105118,1452.0,0,0,0,0,0,0,0,0,1,99.0,44.0,110.0,32,0,0,0,0,0,0,1,44,1,110,-1,-1,0,32,0.0,0.0,0,0,0.0,0.0,0,0
1089,63,1,1,2,6,2,2,2.0,0.0,6,6,6.0,0.0,126984.125,31746.031,63.0,0.0,63,63,0,0.0,0.0,0,0,0,0.0,0.0,0,0,0,0,0,0,24,20,15873.016,15873.016,2,6,3.3333333,2.309401,5.3333335,0,0,0,1,0,0,0,0,1,5.0,2.0,6.0,24,0,0,0,0,0,0,1,2,1,6,1024,0,0,24,0.0,0.0,0,0,0.0,0.0,0,0
80,98420925,5,8,359,11595,347,0,71.8,153.87073,4344,0,1449.375,1729.3801,121.45791,0.13208573,8.201744e+06,2.84e+07,98200000,3,98300000,2.46e+07,4.91e+07,98200000,4,98400000,1.41e+07,3.71e+07,98300000,11,0,0,0,0,144,264,0.050802205,0.081283525,0,4344,854.2857,1458.2406,2.1264655e+06,1,0,0,0,0,0,0,0,1,920.0,71.8,1449.375,144,0,0,0,0,0,0,5,359,8,11595,0,235,2,20,25009.0,0.0,25009,25009,9.82e+07,0.0,98200000,98200000
53,60536,1,1,54,70,54,54,54.0,0.0,70,70,70.0,0.0,2048.368,33.038193,60536.0,0.0,60536,60536,0,0.0,0.0,0,0,0,0.0,0.0,0,0,0,0,0,0,20,20,16.519096,16.519096,54,70,59.333332,9.237604,85.333336,0,0,0,0,0,0,0,0,1,89.0,54.0,70.0,20,0,0,0,0,0,0,1,54,1,70,-1,-1,0,20,0.0,0.0,0,0,0.0,0.0,0,0
80,98657484,6,5,299,11595,299,0,49.833332,122.06624,8688,0,2319.0,3774.2375,120.55852,0.111496866,9.865748e+06,3.12e+07,98600000,1,98700000,1.97e+07,4.41e+07,98600000,1,8250,2062.5,3382.7593,7132,192,0,0,0,0,200,168,0.06081647,0.05068039,0,8688,991.1667,2561.4048,6.560795e+06,0,0,0,0,1,0,0,0,0,1081.2727,49.833332,2319.0,200,0,0,0,0,0,0,6,299,5,11595,251,235,1,32,4.0,0.0,4,4,9.86e+07,0.0,98600000,98600000
80,14691,2,0,12,0,6,6,6.0,0.0,0,0,0.0,0.0,816.8266,136.13777,14691.0,0.0,14691,14691,14691,14691.0,0.0,14691,14691,0,0.0,0.0,0,0,0,0,0,0,40,0,136.13777,0.0,6,6,6.0,0.0,0.0,0,0,0,0,1,0,0,0,0,9.0,6.0,0.0,40,0,0,0,0,0,0,2,12,0,0,255,-1,1,20,0.0,0.0,0,0,0.0,0.0,0,0
21,8909885,9,15,109,188,24,0,12.111111,9.829095,34,0,12.533334,14.54975,33.333763,2.6936374,387386.3,1.0094668e+06,3273368,3,6036035,754504.4,1.4043696e+06,3317995,3,8909794,636413.9,1.2465314e+06,3273368,3,0,0,0,0,296,488,1.0101141,1.6835234,0,34,11.88,12.722421,161.86,0,0,0,1,0,0,0,0,1,12.375,12.111111,12.533334,296,0,0,0,0,0,0,9,109,15,188,29200,227,6,32,0.0,0.0,0,0,0.0,0.0,0,0
53,31068,1,1,48,114,48,48,48.0,0.0,114,114,114.0,0.0,5214.3687,64.374916,31068.0,0.0,31068,31068,0,0.0,0.0,0,0,0,0.0,0.0,0,0,0,0,0,0,40,32,32.187458,32.187458,48,114,70.0,38.105118,1452.0,0,0,0,0,0,0,0,0,1,105.0,48.0,114.0,40,0,0,0,0,0,0,1,48,1,114,-1,-1,0,40,0.0,0.0,0,0,0.0,0.0,0,0
53,296,2,2,64,96,32,32,32.0,0.0,48,48,48.0,0.0,540540.56,13513.514,98.666664,86.892654,199,48,48,48.0,0.0,48,48,49,49.0,0.0,49,49,0,0,0,0,64,64,6756.757,6756.757,32,48,38.4,8.763561,76.8,0,0,0,0,0,0,0,0,1,48.0,32.0,48.0,64,0,0,0,0,0,0,2,64,2,96,-1,-1,1,32,0.0,0.0,0,0,0.0,0.0,0,0
21,8739205,9,15,98,188,19,0,10.888889,8.417904,34,0,12.533334,14.54975,32.72609,2.7462451,379965.44,992358.44,3282283,3,5414814,676851.75,1.2536919e+06,2906400,4,8739089,624220.6,1.2257081e+06,3282283,3,0,0,0,0,296,488,1.0298419,1.7164032,0,34,11.44,12.386417,153.42334,0,0,0,1,0,0,0,0,1,11.916667,10.888889,12.533334,296,0,0,0,0,0,0,9,98,15,188,29200,227,6,32,0.0,0.0,0,0,0.0,0.0,0,0
32772,65,1,1,0,6,0,0,0.0,0.0,6,6,6.0,0.0,92307.695,30769.23,65.0,0.0,65,65,0,0.0,0.0,0,0,0,0.0,0.0,0,0,0,0,0,0,40,20,15384.615,15384.615,0,6,2.0,3.4641016,12.0,0,0,0,1,0,0,0,0,1,3.0,0.0,6.0,40,0,0,0,0,0,0,1,0,1,6,29200,0,0,40,0.0,0.0,0,0,0.0,0.0,0,0
83,80,1,1,2,6,2,2,2.0,0.0,6,6,6.0,0.0,100000.0,25000.0,80.0,0.0,80,80,0,0.0,0.0,0,0,0,0.0,0.0,0,0,0,0,0,0,24,20,12500.0,12500.0,2,6,3.3333333,2.309401,5.3333335,0,0,0,1,0,0,0,0,1,5.0,2.0,6.0,24,0,0,0,0,0,0,1,2,1,6,1024,0,0,24,0.0,0.0,0,0,0.0,0.0,0,0
9009,4,1,1,0,6,0,0,0.0,0.0,6,6,6.0,0.0,1.5e+06,500000.0,4.0,0.0,4,4,0,0.0,0.0,0,0,0,0.0,0.0,0,0,0,0,0,0,40,20,250000.0,250000.0,0,6,2.0,3.4641016,12.0,0,0,0,1,0,0,0,0,1,3.0,0.0,6.0,40,0,0,0,0,0,0,1,0,1,6,29200,0,0,40,0.0,0.0,0,0,0.0,0.0,0,0
53,61419,1,1,45,90,45,45,45.0,0.0,90,90,90.0,0.0,2198.0168,32.563213,61419.0,0.0,61419,61419,0,0.0,0.0,0,0,0,0.0,0.0,0,0,0,0,0,0,20,32,16.281607,16.281607,45,90,60.0,25.980762,675.0,0,0,0,0,0,0,0,0,1,90.0,45.0,90.0,20,0,0,0,0,0,0,1,45,1,90,-1,-1,0,20,0.0,0.0,0,0,0.0,0.0,0,0
80,81198925,8,6,56,11607,20,0,7.0,5.656854,5840,0,1934.5,2538.9192,143.6349,0.17241608,6.246071e+06,2.06e+07,74500000,1,80700000,1.15e+07,2.79e+07,74500000,1,527154,105430.8,234090.03,524179,48,0,0,0,0,172,132,0.098523475,0.0738926,0,5840,777.93335,1804.899,3.2576602e+06,0,0,0,0,1,0,0,0,0,833.5,7.0,1934.5,172,0,0,0,0,0,0,8,56,6,11607,256,229,6,20,5.0,0.0,5,5,4.03e+07,4.83e+07,74500000,6183849
8080,90356,4,3,206,134,194,0,51.5,95.0421,128,0,44.666668,72.23111,3762.8936,77.47134,15059.333,35660.574,87847,59,90356,30118.666,51327.06,89384,59,88509,44254.5,61649.105,87847,662,0,0,0,0,92,72,44.269333,33.202,0,194,42.5,75.28802,5668.2856,0,0,0,1,0,0,0,0,0,48.57143,51.5,44.666668,92,0,0,0,0,0,0,4,206,3,134,8192,237,3,20,0.0,0.0,0,0,0.0,0.0,0,0
80,15988,3,6,26,11607,20,0,8.666667,10.263203,5840,0,1934.5,2538.9192,727608.2,562.9222,1998.5,5234.8613,14948,3,840,420.0,18.384777,433,407,15944,3188.8,6584.1597,14948,3,0,0,0,0,72,132,187.64073,375.28146,0,5840,1163.3,2138.329,4.5724515e+06,0,0,0,1,0,0,0,0,2,1292.5555,8.666667,1934.5,72,0,0,0,0,0,0,3,26,6,11607,8192,229,2,20,0.0,0.0,0,0,0.0,0.0,0,0
80,99999141,2,2,16,0,8,8,8.0,0.0,0,0,0.0,0.0,0.16000137,0.040000346,3.33e+07,5.77e+07,100000000,54,100000000,1e+08,0.0,100000000,100000000,100000000,1e+08,0.0,100000000,100000000,1,0,0,0,64,64,0.020000173,0.020000173,0,8,4.8,4.3817806,19.2,0,1,0,0,1,0,0,0,1,6.0,8.0,0.0,64,0,0,0,0,0,0,2,16,2,0,229,235,1,32,57.0,0.0,57,57,1e+08,0.0,100000000,100000000
61274,44,1,1,6,6,6,6,6.0,0.0,6,6,6.0,0.0,272727.28,45454.547,44.0,0.0,44,44,0,0.0,0.0,0,0,0,0.0,0.0,0,0,0,0,0,0,20,20,22727.273,22727.273,6,6,6.0,0.0,0.0,0,0,0,0,1,0,0,0,1,9.0,6.0,6.0,20,0,0,0,0,0,0,1,6,1,6,32,32850,0,20,0.0,0.0,0,0,0.0,0.0,0,0
443,5535734,8,6,309,147,227,0,38.625,78.51831,102,0,24.5,42.017853,82.3739,2.5290232,425825.7,1.4228808e+06,5158040,1,5535734,790819.1,1.9817986e+06,5283143,40,252648,50529.6,69182.56,126765,1,0,0,0,0,264,200,1.4451561,1.0838671,0,227,30.4,61.908688,3832.6858,0,0,0,1,0,0,0,0,0,32.57143,38.625,24.5,264,0,0,0,0,0,0,8,309,6,147,29200,4658,3,32,377654.0,0.0,377654,377654,5.15804e+06,0.0,5158040,5158040
22,12859695,20,33,2008,2745,640,0,100.4,141.91414,976,0,83.181816,217.28574,369.6044,4.121404,247301.83,683042.25,2780348,3,10700000,561358.44,983505.9,2829175,371,12900000,401862.9,838798.0,2780348,3,0,0,0,0,648,1064,1.5552468,2.5661573,0,976,88.01852,189.59027,35944.473,0,0,0,1,0,0,0,0,1,89.679245,100.4,83.181816,648,0,0,0,0,0,0,20,2008,33,2745,29200,247,16,32,0.0,0.0,0,0,0.0,0.0,0,0
80,11006,3,1,18,0,6,6,6.0,0.0,0,0,0.0,0.0,1635.4716,363.4381,3668.6667,6318.8403,10965,1,11006,5503.0,7781.003,11005,1,0,0.0,0.0,0,0,0,0,0,0,60,32,272.57858,90.85953,0,6,4.8,2.6832817,7.2,1,0,0,0,0,0,0,0,0,6.0,6.0,0.0,60,0,0,0,0,0,0,3,18,1,0,0,235,2,20,0.0,0.0,0,0,0.0,0.0,0,0
80,98150800,8,6,375,11595,375,0,46.875,132.58252,5792,0,1932.5,2537.82,121.95519,0.14263766,7.5500615e+06,2.72e+07,98100000,1,98200000,1.4e+07,3.71e+07,98100000,1,1811,362.2,612.47504,1441,2,0,0,0,0,264,200,0.08150723,0.061130423,0,5792,798.0,1796.794,3.2284685e+06,0,0,0,0,1,0,0,0,0,855.0,46.875,1932.5,264,0,0,0,0,0,0,8,375,6,11595,274,235,1,32,1026.0,0.0,1026,1026,9.81e+07,0.0,98100000,98100000
80,5203722,3,1,0,0,0,0,0.0,0.0,0,0,0.0,0.0,0.0,0.7686806,1.734574e+06,3.0037572e+06,5203014,136,5203722,2.601861e+06,3.6785858e+06,5203014,708,0,0.0,0.0,0,0,0,0,0,0,104,40,0.5765104,0.19217014,0,0,0.0,0.0,0.0,0,0,0,1,0,0,0,0,0,0.0,0.0,0.0,104,0,0,0,0,0,0,3,0,1,0,29200,28960,0,32,0.0,0.0,0,0,0.0,0.0,0,0
80,70309343,9,6,62,11607,20,0,6.888889,5.3019915,5840,0,1934.5,2538.9192,165.96657,0.2133429,5.022096e+06,1.66e+07,62300000,1,69300000,8.668416e+06,2.18e+07,62300000,1,962957,192591.4,430019.9,961834,2,0,0,0,0,192,132,0.12800574,0.08533716,0,5840,729.6875,1754.3447,3.0777255e+06,0,0,0,0,1,0,0,0,0,778.3333,6.888889,1934.5,192,0,0,0,0,0,0,9,62,6,11607,256,229,7,20,969.0,0.0,969,969,3.47e+07,3.9e+07,62300000,7061856
53,24440,2,2,76,484,38,38,38.0,0.0,242,242,242.0,0.0,22913.258,163.66612,8146.6665,14103.513,24432,4,4,4.0,0.0,4,4,4,4.0,0.0,4,4,0,0,0,0,40,40,81.83306,81.83306,38,242,119.6,111.735405,12484.8,0,0,0,0,0,0,0,0,1,149.5,38.0,242.0,40,0,0,0,0,0,0,2,76,2,484,-1,-1,1,20,0.0,0.0,0,0,0.0,0.0,0,0
80,100059667,6,6,395,11595,395,0,65.833336,161.25807,5792,0,1932.5,2181.0083,119.8285,0.11992844,9.096333e+06,3.01e+07,99900000,1,99900000,2e+07,4.47e+07,99900000,1,144361,28872.2,59475.703,135040,46,0,0,0,0,200,200,0.05996422,0.05996422,0,5792,922.3077,1714.8585,2.9407398e+06,0,0,0,0,1,0,0,0,1,999.1667,65.833336,1932.5,200,0,0,0,0,0,0,6,395,6,11595,274,235,1,32,2.0,0.0,2,2,9.99e+07,0.0,99900000,99900000
80,65173813,11,11,463,1970,463,0,42.090908,139.59975,1388,0,179.09091,437.31668,37.330944,0.3375589,3.103515e+06,4.621131e+06,10200000,3,61400000,6.1379255e+06,5.245629e+06,10200000,3,65100000,6.5087435e+06,4.901591e+06,10200000,3,0,0,0,0,360,360,0.16877945,0.16877945,0,1388,105.78261,317.82413,101012.18,0,0,0,1,0,0,0,0,1,110.59091,42.090908,179.09091,360,0,0,0,0,0,0,11,463,11,1970,29200,4663,1,32,101248.836,36072.445,174873,86166,1.01e+07,60868.668,10200000,10000000
53,31557,2,2,86,196,43,43,43.0,0.0,98,98,98.0,0.0,8936.211,126.75476,10519.0,18213.38,31550,3,4,4.0,0.0,4,4,3,3.0,0.0,3,3,0,0,0,0,64,64,63.37738,63.37738,43,98,65.0,30.12474,907.5,0,0,0,0,0,0,0,0,1,81.25,43.0,98.0,64,0,0,0,0,0,0,2,86,2,196,-1,-1,1,32,0.0,0.0,0,0,0.0,0.0,0,0
443,60975504,16,12,930,3396,600,0,58.125,155.65683,1627,0,283.0,591.1044,70.946526,0.4592008,2.258352e+06,4.239981e+06,10200000,41,61000000,4.0650335e+06,5.1100955e+06,10200000,148,60900000,5.535679e+06,5.2574905e+06,10200000,204,0,0,0,0,520,392,0.26240045,0.19680034,0,1627,149.17241,404.2934,163453.14,0,0,0,1,0,0,0,0,0,154.5,58.125,283.0,520,0,0,0,0,0,0,16,930,12,3396,29200,123,3,32,121669.836,95009.32,315606,82640,1e+07,171971.2,10200000,9716009
53,47704,2,2,70,200,35,35,35.0,0.0,100,100,100.0,0.0,5659.903,83.85041,15901.333,27497.76,47653,3,48,48.0,0.0,48,48,3,3.0,0.0,3,3,0,0,0,0,80,40,41.925205,41.925205,35,100,61.0,35.601967,1267.5,0,0,0,0,0,0,0,0,1,76.25,35.0,100.0,80,0,0,0,0,0,0,2,70,2,200,-1,-1,1,40,0.0,0.0,0,0,0.0,0.0,0,0
53,215,2,2,64,218,32,32,32.0,0.0,109,109,109.0,0.0,1.3116279e+06,18604.65,71.666664,85.00784,166,1,1,1.0,0.0,1,1,48,48.0,0.0,48,48,0,0,0,0,80,80,9302.325,9302.325,32,109,62.8,42.174637,1778.7,0,0,0,0,0,0,0,0,1,78.5,32.0,109.0,80,0,0,0,0,0,0,2,64,2,218,-1,-1,1,40,0.0,0.0,0,0,0.0,0.0,0,0
53,324090,1,1,56,209,56,56,56.0,0.0,209,209,209.0,0.0,817.67413,6.1711254,324090.0,0.0,324090,324090,0,0.0,0.0,0,0,0,0.0,0.0,0,0,0,0,0,0,32,32,3.0855627,3.0855627,56,209,107.0,88.334595,7803.0,0,0,0,0,0,0,0,0,1,160.5,56.0,209.0,32,0,0,0,0,0,0,1,56,1,209,-1,-1,0,32,0.0,0.0,0,0,0.0,0.0,0,0
443,63749591,7,2,169,92,46,0,24.142857,23.197906,46,46,46.0,0.0,4.094144,0.14117737,7.968699e+06,2.04e+07,58200000,4,63700000,1.06e+07,2.34e+07,58200000,4,58200000,5.82e+07,0.0,58200000,58200000,1,0,0,0,224,64,0.10980462,0.03137275,0,46,30.7,21.684864,470.23334,0,1,0,0,1,0,0,0,0,34.11111,24.142857,46.0,224,0,0,0,0,0,0,7,169,2,92,1053,483,3,32,36499.5,198.697,36640,36359,3.18e+07,3.72e+07,58200000,5500039
444,18897509,8,0,7366,0,1460,6,920.75,634.234,0,0,0.0,0.0,389.78683,0.4233362,2.6996442e+06,3.4560295e+06,9600510,291814,18900000,2.6996442e+06,3.4560295e+06,9600510,291814,0,0.0,0.0,0,0,1,0,0,0,160,0,0.4233362,0.0,6,1460,825.1111,659.0086,434292.38,0,1,0,0,1,0,0,0,0,928.25,920.75,0.0,160,0,0,0,0,0,0,8,7366,0,0,255,-1,7,20,9.296999e+06,0.0,9296999,9296999,9.60051e+06,0.0,9600510,9600510
443,779,2,0,0,0,0,0,0.0,0.0,0,0,0.0,0.0,0.0,2567.394,779.0,0.0,779,779,779,779.0,0.0,779,779,0,0.0,0.0,0,0,0,0,0,0,64,0,2567.394,0.0,0,0,0.0,0.0,0.0,0,0,0,0,1,0,0,0,0,0.0,0.0,0.0,64,0,0,0,0,0,0,2,0,0,0,699,-1,0,32,0.0,0.0,0,0,0.0,0.0,0,0
80,10623256,9,6,349,11632,349,0,38.77778,116.333336,4392,0,1938.6666,2190.7188,1127.8086,1.4119965,758804.0,1.9320376e+06,5617496,4,5620186,702523.25,1.9863194e+06,5618413,38,10600000,2.1246478e+06,2.9169815e+06,5617496,4,0,0,0,0,296,200,0.8471979,0.5647986,0,4392,748.8125,1585.2885,2.5131398e+06,0,0,0,1,0,0,0,0,0,798.73334,38.77778,1938.6666,296,0,0,0,0,0,0,9,349,6,11632,29200,235,1,32,650.0,0.0,650,650,5.617496e+06,0.0,5617496,5617496
80,100823673,7,7,338,11595,320,0,48.285713,119.85229,4344,0,1656.4286,1760.5973,118.35514,0.13885628,7.755667e+06,2.76e+07,99700000,1,101000000,1.68e+07,4.06e+07,99700000,1,101000000,1.68e+07,4.11e+07,101000000,17,0,0,0,0,204,232,0.06942814,0.06942814,0,4344,795.93335,1424.3896,2.0288858e+06,1,0,0,0,0,0,0,0,1,852.7857,48.285713,1656.4286,204,0,0,0,0,0,0,7,338,7,11595,0,235,3,20,13980.0,0.0,13980,13980,9.97e+07,0.0,99700000,99700000
53,643041,1,1,52,127,52,52,52.0,0.0,127,127,127.0,0.0,278.36484,3.1102216,643041.0,0.0,643041,643041,0,0.0,0.0,0,0,0,0.0,0.0,0,0,0,0,0,0,32,20,1.5551108,1.5551108,52,127,77.0,43.30127,1875.0,0,0,0,0,0,0,0,0,1,115.5,52.0,127.0,32,0,0,0,0,0,0,1,52,1,127,-1,-1,0,32,0.0,0.0,0,0,0.0,0.0,0,0
53,30817,1,1,71,87,71,71,71.0,0.0,87,87,87.0,0.0,5127.04,64.89925,30817.0,0.0,30817,30817,0,0.0,0.0,0,0,0,0.0,0.0,0,0,0,0,0,0,32,32,32.449623,32.449623,71,87,76.333336,9.237604,85.333336,0,0,0,0,0,0,0,0,1,114.5,71.0,87.0,32,0,0,0,0,0,0,1,71,1,87,-1,-1,0,32,0.0,0.0,0,0,0.0,0.0,0,0
80,10641101,8,6,322,11632,322,0,40.25,113.84419,4392,0,1938.6666,2190.7188,1123.38,1.3156533,818546.25,1.7989548e+06,5003495,16,5637606,805372.3,1.7309674e+06,4639520,26,9644626,1.9289252e+06,2.6440722e+06,5005079,16,0,0,0,0,272,200,0.7518019,0.5638514,0,4392,796.93335,1628.4076,2.6517112e+06,0,0,0,1,0,0,0,0,0,853.8571,40.25,1938.6666,272,0,0,0,0,0,0,8,322,6,11632,29200,235,1,32,0.0,0.0,0,0,0.0,0.0,0,0
53,23740,2,2,76,140,38,38,38.0,0.0,70,70,70.0,0.0,9098.567,168.49199,7913.3335,13699.367,23732,4,4,4.0,0.0,4,4,4,4.0,0.0,4,4,0,0,0,0,64,88,84.245995,84.245995,38,70,50.8,17.527122,307.2,0,0,0,0,0,0,0,0,1,63.5,38.0,70.0,64,0,0,0,0,0,0,2,76,2,140,-1,-1,1,32,0.0,0.0,0,0,0.0,0.0,0,0
80,11660,3,6,26,11601,20,0,8.666667,10.263203,4380,0,1933.5,1757.7899,997169.8,771.8696,1457.5,3111.6904,8929,6,9034,4517.0,6379.5176,9028,6,11561,2312.2,3893.029,9074,15,0,0,0,0,72,132,257.2899,514.5798,0,4380,1162.7,1645.2418,2.7068205e+06,0,0,0,1,0,0,0,0,2,1291.8889,8.666667,1933.5,72,0,0,0,0,0,0,3,26,6,11601,8192,229,2,20,0.0,0.0,0,0,0.0,0.0,0,0
80,99305666,9,6,356,11595,350,0,39.555557,116.43358,5792,0,1932.5,2181.0083,120.345604,0.15104878,7.093262e+06,2.65e+07,99200000,1,99200000,1.24e+07,3.51e+07,99200000,1,151412,30282.4,61603.4,140160,46,0,0,0,0,284,200,0.09062927,0.060419515,0,5792,746.9375,1578.7592,2.4924805e+06,0,0,0,0,1,0,0,0,0,796.73334,39.555557,1932.5,284,0,0,0,0,0,0,9,356,6,11595,274,235,2,20,1962.0,0.0,1962,1962,9.92e+07,0.0,99200000,99200000
53,409,1,1,48,100,48,48,48.0,0.0,100,100,100.0,0.0,361858.2,4889.9756,409.0,0.0,409,409,0,0.0,0.0,0,0,0,0.0,0.0,0,0,0,0,0,0,40,40,2444.9878,2444.9878,48,100,65.333336,30.022215,901.3333,0,0,0,0,0,0,0,0,1,98.0,48.0,100.0,40,0,0,0,0,0,0,1,48,1,100,-1,-1,0,40,0.0,0.0,0,0,0.0,0.0,0,0
80,536273,3,6,26,11607,20,0,8.666667,10.263203,5840,0,1934.5,2558.3962,21692.31,16.782497,67034.125,189155.11,535169,2,786,393.0,377.59503,660,126,536072,107214.4,239234.08,535169,2,0,0,0,0,72,132,5.594166,11.188332,0,5840,1163.3,2151.1873,4.627607e+06,0,0,0,1,0,0,0,0,2,1292.5555,8.666667,1934.5,72,0,0,0,0,0,0,3,26,6,11607,8192,229,2,20,0.0,0.0,0,0,0.0,0.0,0,0
53900,42,1,1,0,0,0,0,0.0,0.0,0,0,0.0,0.0,0.0,47619.047,42.0,0.0,42,42,0,0.0,0.0,0,0,0,0.0,0.0,0,0,0,0,0,0,32,32,23809.523,23809.523,0,0,0.0,0.0,0.0,0,0,0,0,1,1,0,0,1,0.0,0.0,0.0,32,0,0,0,0,0,0,1,0,1,0,235,308,0,32,0.0,0.0,0,0,0.0,0.0,0,0
8080,96996,4,3,206,134,194,0,51.5,95.0421,128,0,44.666668,72.23111,3505.299,72.16792,16166.0,38511.797,94774,41,96996,32332.0,55454.883,96365,41,95384,47692.0,66584.0,94774,610,0,0,0,0,92,72,41.238815,30.92911,0,194,42.5,75.28802,5668.2856,0,0,0,1,0,0,0,0,0,48.57143,51.5,44.666668,92,0,0,0,0,0,0,4,206,3,134,8192,237,3,20,0.0,0.0,0,0,0.0,0.0,0,0
52937,42,1,1,6,6,6,6,6.0,0.0,6,6,6.0,0.0,285714.28,47619.047,42.0,0.0,42,42,0,0.0,0.0,0,0,0,0.0,0.0,0,0,0,0,0,0,20,20,23809.523,23809.523,6,6,6.0,0.0,0.0,0,0,0,0,1,1,0,0,1,9.0,6.0,6.0,20,0,0,0,0,0,0,1,6,1,6,980,256,0,20,0.0,0.0,0,0,0.0,0.0,0,0
443,7161601,2,0,12,0,6,6,6.0,0.0,0,0,0.0,0.0,1.675603,0.27926716,7.161601e+06,0.0,7161601,7161601,7161601,7.161601e+06,0.0,7161601,7161601,0,0.0,0.0,0,0,0,0,0,0,40,0,0.27926716,0.0,6,6,6.0,0.0,0.0,0,0,0,0,1,0,0,0,0,9.0,6.0,0.0,40,0,0,0,0,0,0,2,12,0,0,253,-1,1,20,0.0,0.0,0,0,0.0,0.0,0,0
123,89014,1,1,48,48,48,48,48.0,0.0,48,48,48.0,0.0,1078.482,22.468376,89014.0,0.0,89014,89014,0,0.0,0.0,0,0,0,0.0,0.0,0,0,0,0,0,0,32,32,11.234188,11.234188,48,48,48.0,0.0,0.0,0,0,0,0,0,0,0,0,1,72.0,48.0,48.0,32,0,0,0,0,0,0,1,48,1,48,-1,-1,0,32,0.0,0.0,0,0,0.0,0.0,0,0
80,420846,3,4,657,433,651,0,219.0,374.135,421,0,108.25,208.51918,2590.021,16.633163,70141.0,107996.48,209577,3,209791,104895.5,148126.84,209637,154,211269,70423.0,120672.586,209761,3,0,0,0,0,72,88,7.128498,9.504664,0,651,136.25,254.28822,64662.5,0,0,0,1,0,0,0,0,1,155.71428,219.0,108.25,72,0,0,0,0,0,0,3,657,4,433,8192,5031,2,20,0.0,0.0,0,0,0.0,0.0,0,0
53,48119,2,2,62,190,31,31,31.0,0.0,95,95,95.0,0.0,5237.0166,83.12725,16039.667,27776.322,48113,3,3,3.0,0.0,3,3,3,3.0,0.0,3,3,0,0,0,0,64,64,41.563625,41.563625,31,95,56.6,35.054245,1228.8,0,0,0,0,0,0,0,0,1,70.75,31.0,95.0,64,0,0,0,0,0,0,2,62,2,190,-1,-1,1,32,0.0,0.0,0,0,0.0,0.0,0,0
3333,112,1,1,0,6,0,0,0.0,0.0,6,6,6.0,0.0,53571.43,17857.143,112.0,0.0,112,112,0,0.0,0.0,0,0,0,0.0,0.0,0,0,0,0,0,0,40,20,8928.571,8928.571,0,6,2.0,3.4641016,12.0,0,0,0,1,0,0,0,0,1,3.0,0.0,6.0,40,0,0,0,0,0,0,1,0,1,6,29200,0,0,40,0.0,0.0,0,0,0.0,0.0,0,0
443,5762102,2,4,52,147,46,6,26.0,28.284271,64,6,36.75,24.540783,34.536007,1.0412867,1.1524204e+06,2.5334248e+06,5684182,1,77916,77916.0,0.0,77916,77916,5736733,1.9122444e+06,3.312101e+06,5736729,1,1,0,0,0,40,80,0.34709555,0.6941911,6,64,35.0,21.992422,483.66666,0,1,0,0,1,0,0,0,2,40.833332,26.0,36.75,40,0,0,0,0,0,0,2,52,4,147,253,292,1,20,77916.0,0.0,77916,77916,5.684182e+06,0.0,5684182,5684182
32775,93,2,2,4,12,2,2,2.0,0.0,6,6,6.0,0.0,172043.02,43010.754,31.0,24.433584,48,3,48,48.0,0.0,48,48,3,3.0,0.0,3,3,0,0,0,0,48,40,21505.377,21505.377,2,6,3.6,2.1908903,4.8,0,0,0,1,0,0,0,0,1,4.5,2.0,6.0,48,0,0,0,0,0,0,2,4,2,12,1024,0,1,24,0.0,0.0,0,0,0.0,0.0,0,0
53,281,2,2,64,204,32,32,32.0,0.0,102,102,102.0,0.0,953736.6,14234.875,93.666664,158.77448,277,1,3,3.0,0.0,3,3,1,1.0,0.0,1,1,0,0,0,0,64,64,7117.4375,7117.4375,32,102,60.0,38.34058,1470.0,0,0,0,0,0,0,0,0,1,75.0,32.0,102.0,64,0,0,0,0,0,0,2,64,2,204,-1,-1,1,32,0.0,0.0,0,0,0.0,0.0,0,0
53,43520916,2,2,100,132,53,47,50.0,4.2426405,69,63,66.0,4.2426405,5.33077,0.09190983,1.45e+07,2.51e+07,43400000,23651,43500000,4.35e+07,0.0,43500000,43500000,43500000,4.35e+07,0.0,43500000,43500000,0,0,0,0,52,52,0.045954917,0.045954917,47,69,57.0,8.83176,78.0,0,0,0,0,0,0,0,0,1,71.25,50.0,66.0,52,0,0,0,0,0,0,2,100,2,132,-1,-1,1,20,48135.0,0.0,48135,48135,4.34e+07,0.0,43400000,43400000
2965,29,3,1,43,6,31,6,14.333333,14.433757,6,6,6.0,0.0,1.6896551e+06,137931.03,9.666667,13.316656,25,1,4,2.0,1.4142135,3,1,0,0.0,0.0,0,0,0,0,0,0,60,20,103448.27,34482.758,6,31,11.0,11.18034,125.0,0,0,0,0,1,0,0,0,0,13.75,14.333333,6.0,60,0,0,0,0,0,0,3,43,1,6,1129,0,2,20,0.0,0.0,0,0,0.0,0.0,0,0
53,4979471,2,2,117,170,67,50,58.5,12.020815,87,83,85.0,2.828427,57.636646,0.8032982,1.6598236e+06,2.673388e+06,4745920,53443,4799363,4.799363e+06,0.0,4799363,4799363,4926028,4.926028e+06,0.0,4926028,4926028,0,0,0,0,52,40,0.4016491,0.4016491,50,87,67.4,17.558474,308.3,0,0,0,0,0,0,0,0,1,84.25,58.5,85.0,52,0,0,0,0,0,0,2,117,2,170,-1,-1,1,20,0.0,0.0,0,0,0.0,0.0,0,0
5214,48,1,1,2,6,2,2,2.0,0.0,6,6,6.0,0.0,166666.67,41666.668,48.0,0.0,48,48,0,0.0,0.0,0,0,0,0.0,0.0,0,0,0,0,0,0,24,20,20833.334,20833.334,2,6,3.3333333,2.309401,5.3333335,0,0,0,1,0,0,0,0,1,5.0,2.0,6.0,24,0,0,0,0,0,0,1,2,1,6,1024,0,0,24,0.0,0.0,0,0,0.0,0.0,0,0
80,7569954,5,0,30,0,6,6,6.0,0.0,0,0,0.0,0.0,3.963036,0.660506,1.8924885e+06,3.7829665e+06,7566938,1,7569954,1.8924885e+06,3.7829665e+06,7566938,1,0,0.0,0.0,0,0,0,0,0,0,100,0,0.660506,0.0,6,6,6.0,0.0,0.0,0,0,0,0,1,0,0,0,0,7.2,6.0,0.0,100,0,0,0,0,0,0,5,30,0,0,256,-1,4,20,3016.0,0.0,3016,3016,7.566938e+06,0.0,7566938,7566938
53,107839,1,1,51,209,51,51,51.0,0.0,209,209,209.0,0.0,2411.0015,18.546165,107839.0,0.0,107839,107839,0,0.0,0.0,0,0,0,0.0,0.0,0,0,0,0,0,0,40,32,9.273083,9.273083,51,209,103.666664,91.221344,8321.333,0,0,0,0,0,0,0,0,1,155.5,51.0,209.0,40,0,0,0,0,0,0,1,51,1,209,-1,-1,0,40,0.0,0.0,0,0,0.0,0.0,0,0
2033,74,2,2,4,12,2,2,2.0,0.0,6,6,6.0,0.0,216216.22,54054.055,24.666666,1.5275252,26,23,49,49.0,0.0,49,49,48,48.0,0.0,48,48,0,0,0,0,48,40,27027.027,27027.027,2,6,3.6,2.1908903,4.8,0,0,0,1,0,0,0,0,1,4.5,2.0,6.0,48,0,0,0,0,0,0,2,4,2,12,1024,0,1,24,0.0,0.0,0,0,0.0,0.0,0,0
443,60404137,19,21,1192,20634,517,0,62.736843,148.73909,2920,0,982.5714,1021.339,361.33286,0.6622063,1.548824e+06,3.6341498e+06,10000000,0,50600000,2.8138108e+06,4.612224e+06,10100000,190,60400000,3.0181328e+06,4.6858105e+06,10100000,3,0,0,0,0,400,432,0.314548,0.3476583,0,2920,532.3415,865.8978,749779.06,0,0,0,1,0,0,0,0,1,545.65,62.736843,982.5714,400,0,0,0,0,0,0,19,1192,21,20634,29200,127,18,20,106823.0,165769.73,445199,38995,9.960533e+06,119797.36,10000000,9716396
53833,55,1,1,6,6,6,6,6.0,0.0,6,6,6.0,0.0,218181.81,36363.637,55.0,0.0,55,55,0,0.0,0.0,0,0,0,0.0,0.0,0,0,0,0,0,0,20,20,18181.818,18181.818,6,6,6.0,0.0,0.0,0,0,0,0,1,1,0,0,1,9.0,6.0,6.0,20,0,0,0,0,0,0,1,6,1,6,123,256,0,20,0.0,0.0,0,0,0.0,0.0,0,0
2607,54,1,1,2,6,2,2,2.0,0.0,6,6,6.0,0.0,148148.14,37037.035,54.0,0.0,54,54,0,0.0,0.0,0,0,0,0.0,0.0,0,0,0,0,0,0,24,20,18518.518,18518.518,2,6,3.3333333,2.309401,5.3333335,0,0,0,1,0,0,0,0,1,5.0,2.0,6.0,24,0,0,0,0,0,0,1,2,1,6,1024,0,0,24,0.0,0.0,0,0,0.0,0.0,0,0
9099,29,1,1,0,6,0,0,0.0,0.0,6,6,6.0,0.0,206896.55,68965.516,29.0,0.0,29,29,0,0.0,0.0,0,0,0,0.0,0.0,0,0,0,0,0,0,40,20,34482.758,34482.758,0,6,2.0,3.4641016,12.0,0,0,0,1,0,0,0,0,1,3.0,0.0,6.0,40,0,0,0,0,0,0,1,0,1,6,29200,0,0,40,0.0,0.0,0,0,0.0,0.0,0,0
53,317216,2,2,86,246,43,43,43.0,0.0,123,123,123.0,0.0,1046.6055,12.609704,105738.664,183141.28,317212,1,1,1.0,0.0,1,1,3,3.0,0.0,3,3,0,0,0,0,64,64,6.304852,6.304852,43,123,75.0,43.817806,1920.0,0,0,0,0,0,0,0,0,1,93.75,43.0,123.0,64,0,0,0,0,0,0,2,86,2,246,-1,-1,1,32,0.0,0.0,0,0,0.0,0.0,0,0
53,394,1,1,68,138,68,68,68.0,0.0,138,138,138.0,0.0,522842.62,5076.142,394.0,0.0,394,394,0,0.0,0.0,0,0,0,0.0,0.0,0,0,0,0,0,0,32,32,2538.071,2538.071,68,138,91.333336,40.41452,1633.3334,0,0,0,0,0,0,0,0,1,137.0,68.0,138.0,32,0,0,0,0,0,0,1,68,1,138,-1,-1,0,32,0.0,0.0,0,0,0.0,0.0,0,0
80,17056745,4,3,239,0,231,0,59.75,114.228935,0,0,0.0,0.0,14.012053,0.41039482,2.8427908e+06,6.9628715e+06,17100000,4,17100000,5.6855515e+06,9.846873e+06,17100000,393,17100000,8.52837e+06,1.21e+07,17100000,957,0,0,0,0,136,104,0.23451133,0.1758835,0,231,29.875,81.31497,6612.125,0,0,0,1,0,0,0,0,0,34.142857,59.75,0.0,136,0,0,0,0,0,0,4,239,3,0,29200,235,2,32,961.0,0.0,961,961,1.71e+07,0.0,17100000,17100000
5226,41,1,1,2,6,2,2,2.0,0.0,6,6,6.0,0.0,195121.95,48780.49,41.0,0.0,41,41,0,0.0,0.0,0,0,0,0.0,0.0,0,0,0,0,0,0,24,20,24390.244,24390.244,2,6,3.3333333,2.309401,5.3333335,0,0,0,1,0,0,0,0,1,5.0,2.0,6.0,24,0,0,0,0,0,0,1,2,1,6,1024,0,0,24,0.0,0.0,0,0,0.0,0.0,0,0
53,30827,1,1,53,107,53,53,53.0,0.0,107,107,107.0,0.0,5190.2554,64.87819,30827.0,0.0,30827,30827,0,0.0,0.0,0,0,0,0.0,0.0,0,0,0,0,0,0,20,20,32.439095,32.439095,53,107,71.0,31.176914,972.0,0,0,0,0,0,0,0,0,1,106.5,53.0,107.0,20,0,0,0,0,0,0,1,53,1,107,-1,-1,0,20,0.0,0.0,0,0,0.0,0.0,0,0
53,141911,2,2,70,218,35,35,35.0,0.0,109,109,109.0,0.0,2029.441,28.18668,47303.668,81926.29,141904,3,4,4.0,0.0,4,4,3,3.0,0.0,3,3,0,0,0,0,64,64,14.09334,14.09334,35,109,64.6,40.531467,1642.8,0,0,0,0,0,0,0,0,1,80.75,35.0,109.0,64,0,0,0,0,0,0,2,70,2,218,-1,-1,1,32,0.0,0.0,0,0,0.0,0.0,0,0
57556,34,1,1,6,6,6,6,6.0,0.0,6,6,6.0,0.0,352941.2,58823.53,34.0,0.0,34,34,0,0.0,0.0,0,0,0,0.0,0.0,0,0,0,0,0,0,20,20,29411.766,29411.766,6,6,6.0,0.0,0.0,0,0,0,0,1,1,0,0,1,9.0,6.0,6.0,20,0,0,0,0,0,0,1,6,1,6,913,16425,0,20,0.0,0.0,0,0,0.0,0.0,0,0
80,18571699,7,6,499,11632,499,0,71.28571,188.60428,5840,0,1938.6666,2550.3752,653.1982,0.6999898,1.5476416e+06,4.0490222e+06,13600000,1,13600000,2.2616652e+06,5.5390675e+06,13600000,1,18600000,3.7143328e+06,5.9186505e+06,13600000,14,0,0,0,0,232,200,0.3769176,0.32307222,0,5840,866.5,1856.5918,3.446933e+06,0,0,0,1,0,0,0,0,0,933.1539,71.28571,1938.6666,232,0,0,0,0,0,0,7,499,6,11632,29200,235,1,32,819.0,0.0,819,819,1.36e+07,0.0,13600000,13600000
443,115073369,16,16,1374,1058,681,0,85.875,232.31326,529,0,66.125,180.6879,21.134342,0.27808344,3.7120442e+06,4.7871885e+06,10200000,21976,115000000,7.671558e+06,4.110313e+06,10200000,109460,115000000,7.666497e+06,4.1326808e+06,10200000,33779,0,0,0,0,320,464,0.13904172,0.13904172,0,681,73.72727,202.1632,40869.953,0,0,0,0,1,0,0,0,1,76.03125,85.875,66.125,320,0,0,0,0,0,0,16,1374,16,1058,252,189,13,20,201979.19,596525.1,2000570,21976,1e+07,63179.836,10200000,9951328
443,95353,1,1,0,0,0,0,0.0,0.0,0,0,0.0,0.0,0.0,20.974693,95353.0,0.0,95353,95353,0,0.0,0.0,0,0,0,0.0,0.0,0,0,0,0,0,0,32,32,10.487347,10.487347,0,0,0.0,0.0,0.0,0,0,0,0,1,1,0,0,1,0.0,0.0,0.0,32,0,0,0,0,0,0,1,0,1,0,304,252,0,32,0.0,0.0,0,0,0.0,0.0,0,0
22,12035846,23,32,2008,2745,640,0,87.304344,136.33997,976,0,85.78125,220.24059,394.9037,4.569683,222886.03,609024.6,2216205,3,10200000,462186.47,860654.3,2264727,336,12000000,388248.72,767525.56,2216205,3,0,0,0,0,744,1032,1.9109583,2.6587245,0,976,84.875,186.83966,34909.06,0,0,0,1,0,0,0,0,1,86.41818,87.304344,85.78125,744,0,0,0,0,0,0,23,2008,32,2745,29200,247,16,32,0.0,0.0,0,0,0.0,0.0,0,0
443,297517,7,6,641,356,437,0,91.57143,161.31837,181,0,59.333332,80.06414,3351.069,43.69498,24793.084,44183.277,100263,1,199659,33276.5,50690.594,100311,4,200486,40097.2,54448.703,100739,1,0,0,0,0,236,200,23.528067,20.166914,0,437,71.21429,123.10482,15154.797,0,0,0,1,0,0,0,0,0,76.69231,91.57143,59.333332,236,0,0,0,0,0,0,7,641,6,356,65535,130,4,32,0.0,0.0,0,0,0.0,0.0,0,0
51851,3,2,0,0,0,0,0,0.0,0.0,0,0,0.0,0.0,0.0,666666.7,3.0,0.0,3,3,3,3.0,0.0,3,3,0,0.0,0.0,0,0,0,0,0,0,64,0,666666.7,0.0,0,0,0.0,0.0,0.0,0,0,0,0,1,0,0,0,0,0.0,0.0,0.0,64,0,0,0,0,0,0,2,0,0,0,4171,-1,0,32,0.0,0.0,0,0,0.0,0.0,0,0
80,3001555,3,0,0,0,0,0,0.0,0.0,0,0,0.0,0.0,0.0,0.9994819,1.5007775e+06,711637.2,2003981,997574,3001555,1.5007775e+06,711637.2,2003981,997574,0,0.0,0.0,0,0,0,0,0,0,120,0,0.9994819,0.0,0,0,0.0,0.0,0.0,0,0,0,1,0,0,0,0,0,0.0,0.0,0.0,120,0,0,0,0,0,0,3,0,0,0,29200,-1,0,40,0.0,0.0,0,0,0.0,0.0,0,0
80,5887698,3,1,0,0,0,0,0.0,0.0,0,0,0.0,0.0,0.0,0.6793827,1.962566e+06,3.3858735e+06,5872226,42,5887698,2.943849e+06,4.1413505e+06,5872226,15472,0,0.0,0.0,0,0,0,0,0,0,104,40,0.509537,0.16984567,0,0,0.0,0.0,0.0,0,0,0,1,0,0,0,0,0,0.0,0.0,0.0,104,0,0,0,0,0,0,3,0,1,0,29200,28960,0,32,0.0,0.0,0,0,0.0,0.0,0,0
53,199,2,2,72,288,36,36,36.0,0.0,144,144,144.0,0.0,1.8090452e+06,20100.502,66.333336,108.83167,192,3,4,4.0,0.0,4,4,3,3.0,0.0,3,3,0,0,0,0,40,40,10050.251,10050.251,36,144,79.2,59.154037,3499.2,0,0,0,0,0,0,0,0,1,99.0,36.0,144.0,40,0,0,0,0,0,0,2,72,2,288,-1,-1,1,20,0.0,0.0,0,0,0.0,0.0,0,0
53,23487,1,1,45,61,45,45,45.0,0.0,61,61,61.0,0.0,4513.135,85.15349,23487.0,0.0,23487,23487,0,0.0,0.0,0,0,0,0.0,0.0,0,0,0,0,0,0,20,20,42.576744,42.576744,45,61,50.333332,9.237604,85.333336,0,0,0,0,0,0,0,0,1,75.5,45.0,61.0,20,0,0,0,0,0,0,1,45,1,61,-1,-1,0,20,0.0,0.0,0,0,0.0,0.0,0,0
53,60844,4,2,164,318,41,41,41.0,0.0,159,159,159.0,0.0,7921.8984,98.61285,12168.8,16740.646,32769,3,32776,10925.333,18917.17,32769,3,4,4.0,0.0,4,4,0,0,0,0,104,40,65.7419,32.87095,41,159,74.71429,57.578106,3315.238,0,0,0,0,0,0,0,0,0,87.166664,41.0,159.0,104,0,0,0,0,0,0,4,164,2,318,-1,-1,3,20,0.0,0.0,0,0,0.0,0.0,0,0
53,227,2,2,64,328,32,32,32.0,0.0,164,164,164.0,0.0,1.7268722e+06,17621.145,75.666664,47.0567,130,48,48,48.0,0.0,48,48,49,49.0,0.0,49,49,0,0,0,0,40,40,8810.572,8810.572,32,164,84.8,72.29938,5227.2,0,0,0,0,0,0,0,0,1,106.0,32.0,164.0,40,0,0,0,0,0,0,2,64,2,328,-1,-1,1,20,0.0,0.0,0,0,0.0,0.0,0,0
443,47410332,17,14,1158,12322,917,0,68.117645,221.81746,1588,0,880.1429,702.98145,284.3262,0.65386593,1.5803444e+06,8.599e+06,47100000,14,47400000,2.9631458e+06,1.18e+07,47100000,48,240010,18462.309,26904.725,61958,59,0,0,0,0,556,456,0.35857162,0.29529428,0,1588,421.25,633.912,401844.38,0,0,0,1,0,0,0,0,0,434.8387,68.117645,880.1429,556,0,0,0,0,0,0,17,1158,14,12322,65535,121,5,32,301377.0,0.0,301377,301377,4.71e+07,0.0,47100000,47100000
53,31206,2,2,68,182,34,34,34.0,0.0,91,91,91.0,0.0,8011.28,128.18048,10402.0,18013.328,31202,1,1,1.0,0.0,1,1,3,3.0,0.0,3,3,0,0,0,0,64,64,64.09024,64.09024,34,91,56.8,31.220186,974.7,0,0,0,0,0,0,0,0,1,71.0,34.0,91.0,64,0,0,0,0,0,0,2,68,2,182,-1,-1,1,32,0.0,0.0,0,0,0.0,0.0,0,0
16001,1,2,0,4,0,2,2,2.0,0.0,0,0,0.0,0.0,4e+06,2e+06,1.0,0.0,1,1,1,1.0,0.0,1,1,0,0.0,0.0,0,0,0,0,0,0,48,0,2e+06,0.0,2,2,2.0,0.0,0.0,0,0,0,1,0,0,0,0,0,3.0,2.0,0.0,48,0,0,0,0,0,0,2,4,0,0,1024,-1,1,24,0.0,0.0,0,0,0.0,0.0,0,0
53,31678,1,1,45,102,45,45,45.0,0.0,102,102,102.0,0.0,4640.4443,63.1353,31678.0,0.0,31678,31678,0,0.0,0.0,0,0,0,0.0,0.0,0,0,0,0,0,0,32,32,31.56765,31.56765,45,102,64.0,32.908966,1083.0,0,0,0,0,0,0,0,0,1,96.0,45.0,102.0,32,0,0,0,0,0,0,1,45,1,102,-1,-1,0,32,0.0,0.0,0,0,0.0,0.0,0,0
80,99532697,5,7,356,11595,344,0,71.2,152.52934,4344,0,1656.4286,1760.5973,120.0711,0.120563395,9.048427e+06,3e+07,99400000,8,99400000,2.48e+07,4.97e+07,99400000,1043,99500000,1.66e+07,4.06e+07,99400000,47,0,0,0,0,144,232,0.050234746,0.070328645,0,4344,919.7692,1497.9227,2.2437722e+06,1,0,0,0,0,0,0,0,1,996.4167,71.2,1656.4286,144,0,0,0,0,0,0,5,356,7,11595,0,235,2,20,13995.0,0.0,13995,13995,9.94e+07,0.0,99400000,99400000
53,32564,2,2,86,86,43,43,43.0,0.0,43,43,43.0,0.0,5281.9062,122.83503,10854.667,18794.771,32557,3,3,3.0,0.0,3,3,4,4.0,0.0,4,4,0,0,0,0,40,40,61.417515,61.417515,43,43,43.0,0.0,0.0,0,0,0,0,0,0,0,0,1,53.75,43.0,43.0,40,0,0,0,0,0,0,2,86,2,86,-1,-1,1,20,0.0,0.0,0,0,0.0,0.0,0,0
22,11739193,19,31,2008,2745,640,0,105.68421,143.7672,976,0,88.548386,223.315,404.88303,4.2592363,239575.38,622969.94,2163964,3,10200000,564538.75,925760.8,2232411,477,11700000,391301.84,762258.1,2163964,3,0,0,0,0,616,1000,1.6185099,2.6407266,0,976,93.196075,193.9303,37608.96,0,0,0,1,0,0,0,0,1,95.06,105.68421,88.548386,616,0,0,0,0,0,0,19,2008,31,2745,29200,247,16,32,0.0,0.0,0,0,0.0,0.0,0,0
53,23319,1,1,51,135,51,51,51.0,0.0,135,135,135.0,0.0,7976.328,85.76697,23319.0,0.0,23319,23319,0,0.0,0.0,0,0,0,0.0,0.0,0,0,0,0,0,0,32,20,42.883484,42.883484,51,135,79.0,48.49742,2352.0,0,0,0,0,0,0,0,0,1,118.5,51.0,135.0,32,0,0,0,0,0,0,1,51,1,135,-1,-1,0,32,0.0,0.0,0,0,0.0,0.0,0,0
56737,31,1,1,2,6,2,2,2.0,0.0,6,6,6.0,0.0,258064.52,64516.13,31.0,0.0,31,31,0,0.0,0.0,0,0,0,0.0,0.0,0,0,0,0,0,0,24,20,32258.064,32258.064,2,6,3.3333333,2.309401,5.3333335,0,0,0,1,0,0,0,0,1,5.0,2.0,6.0,24,0,0,0,0,0,0,1,2,1,6,1024,0,0,24,0.0,0.0,0,0,0.0,0.0,0,0
53,162,2,2,60,264,30,30,30.0,0.0,132,132,132.0,0.0,2e+06,24691.357,54.0,88.334595,156,3,3,3.0,0.0,3,3,3,3.0,0.0,3,3,0,0,0,0,64,40,12345.679,12345.679,30,132,70.8,55.867702,3121.2,0,0,0,0,0,0,0,0,1,88.5,30.0,132.0,64,0,0,0,0,0,0,2,60,2,264,-1,-1,1,32,0.0,0.0,0,0,0.0,0.0,0,0
53,30894,2,2,76,108,38,38,38.0,0.0,54,54,54.0,0.0,5955.849,129.47498,10298.0,17831.463,30888,3,3,3.0,0.0,3,3,3,3.0,0.0,3,3,0,0,0,0,64,64,64.73749,64.73749,38,54,44.4,8.763561,76.8,0,0,0,0,0,0,0,0,1,55.5,38.0,54.0,64,0,0,0,0,0,0,2,76,2,108,-1,-1,1,32,0.0,0.0,0,0,0.0,0.0,0,0
53,46734,1,1,50,148,50,50,50.0,0.0,148,148,148.0,0.0,4236.744,42.795395,46734.0,0.0,46734,46734,0,0.0,0.0,0,0,0,0.0,0.0,0,0,0,0,0,0,20,20,21.397697,21.397697,50,148,82.666664,56.580326,3201.3333,0,0,0,0,0,0,0,0,1,124.0,50.0,148.0,20,0,0,0,0,0,0,1,50,1,148,-1,-1,0,20,0.0,0.0,0,0,0.0,0.0,0,0
443,6074878,8,4,612,3114,342,0,76.5,125.55477,1460,0,778.5,745.9354,613.34564,1.9753484,552261.6,1.6558599e+06,5540962,4,6074878,867839.7,2.062241e+06,5540962,4,335947,111982.336,97199.34,177235,272,0,0,0,0,172,92,1.3168988,0.6584494,0,1460,286.6154,515.00366,265228.75,0,0,0,1,0,0,0,0,0,310.5,76.5,778.5,172,0,0,0,0,0,0,8,612,4,3114,8192,547,7,20,533912.0,0.0,533912,533912,5.540962e+06,0.0,5540962,5540962
21,9850941,9,15,106,188,24,0,11.777778,9.510228,34,0,12.533334,14.54975,29.844864,2.4363155,428301.78,1.1153161e+06,3401753,3,6447033,805879.1,1.4946222e+06,3445869,225,9850847,703631.94,1.377133e+06,3401753,3,0,0,0,0,296,488,0.9136183,1.5226972,0,34,11.76,12.640147,159.77333,0,0,0,1,0,0,0,0,1,12.25,11.777778,12.533334,296,0,0,0,0,0,0,9,106,15,188,29200,227,6,32,0.0,0.0,0,0,0.0,0.0,0,0
80,61165217,47,64,750,81473,267,0,15.957447,53.54923,4380,0,1273.0156,1285.8326,1344.2771,1.8147569,556047.44,2.2137722e+06,10000000,1,52400000,1.1384706e+06,3.1918398e+06,10300000,81,60900000,966324.4,2.9436228e+06,10300000,2,0,0,0,0,1048,1352,0.76841056,1.0463463,0,4380,734.1339,1153.372,1.3302668e+06,0,0,0,1,0,0,0,0,1,740.74774,15.957447,1273.0156,1048,0,0,0,0,0,0,47,750,64,81473,8192,131,38,20,524345.2,544752.75,1498747,271141,9.949585e+06,129265.46,10000000,9718424
53,43903,2,2,64,180,32,32,32.0,0.0,90,90,90.0,0.0,5557.7065,91.10995,14634.333,25262.54,43805,49,49,49.0,0.0,49,49,49,49.0,0.0,49,49,0,0,0,0,64,40,45.554974,45.554974,32,90,55.2,31.767908,1009.2,0,0,0,0,0,0,0,0,1,69.0,32.0,90.0,64,0,0,0,0,0,0,2,64,2,180,-1,-1,1,32,0.0,0.0,0,0,0.0,0.0,0,0
53,202,2,2,62,228,31,31,31.0,0.0,114,114,114.0,0.0,1.4356436e+06,19801.98,67.333336,76.55281,152,3,3,3.0,0.0,3,3,47,47.0,0.0,47,47,0,0,0,0,64,64,9900.99,9900.99,31,114,64.2,45.46097,2066.7,0,0,0,0,0,0,0,0,1,80.25,31.0,114.0,64,0,0,0,0,0,0,2,62,2,228,-1,-1,1,32,0.0,0.0,0,0,0.0,0.0,0,0
39949,55,1,1,0,0,0,0,0.0,0.0,0,0,0.0,0.0,0.0,36363.637,55.0,0.0,55,55,0,0.0,0.0,0,0,0,0.0,0.0,0,0,0,0,0,0,32,32,18181.818,18181.818,0,0,0.0,0.0,0.0,0,0,0,0,1,1,0,0,1,0.0,0.0,0.0,32,0,0,0,0,0,0,1,0,1,0,114,229,0,32,0.0,0.0,0,0,0.0,0.0,0,0
80,5368208,3,1,0,0,0,0,0.0,0.0,0,0,0.0,0.0,0.0,0.7451276,1.7894026e+06,3.098667e+06,5367435,190,5368208,2.684104e+06,3.794803e+06,5367435,773,0,0.0,0.0,0,0,0,0,0,0,104,40,0.5588457,0.1862819,0,0,0.0,0.0,0.0,0,0,0,1,0,0,0,0,0,0.0,0.0,0.0,104,0,0,0,0,0,0,3,0,1,0,29200,28960,0,32,0.0,0.0,0,0,0.0,0.0,0,0
59064,69,1,1,0,0,0,0,0.0,0.0,0,0,0.0,0.0,0.0,28985.508,69.0,0.0,69,69,0,0.0,0.0,0,0,0,0.0,0.0,0,0,0,0,0,0,32,32,14492.754,14492.754,0,0,0.0,0.0,0.0,0,0,0,0,1,1,0,0,1,0.0,0.0,0.0,32,0,0,0,0,0,0,1,0,1,0,972,4123,0,32,0.0,0.0,0,0,0.0,0.0,0,0
80,98287790,8,6,385,11595,385,0,48.125,136.11806,5792,0,1932.5,2181.0083,121.88696,0.14243886,7.560599e+06,2.73e+07,98300000,0,98300000,1.4e+07,3.71e+07,98300000,0,28549,5709.8,8208.556,18204,46,0,0,0,0,264,200,0.08139363,0.061045222,0,5792,798.6667,1620.6594,2.626537e+06,0,0,0,0,1,0,0,0,0,855.7143,48.125,1932.5,264,0,0,0,0,0,0,8,385,6,11595,251,235,1,32,999.0,0.0,999,999,9.83e+07,0.0,98300000,98300000
53518,40,1,1,6,6,6,6,6.0,0.0,6,6,6.0,0.0,300000.0,50000.0,40.0,0.0,40,40,0,0.0,0.0,0,0,0,0.0,0.0,0,0,0,0,0,0,20,20,25000.0,25000.0,6,6,6.0,0.0,0.0,0,0,0,0,1,1,0,0,1,9.0,6.0,6.0,20,0,0,0,0,0,0,1,6,1,6,237,256,0,20,0.0,0.0,0,0,0.0,0.0,0,0
443,115821985,58,113,4570,199855,517,0,78.793106,160.80136,2896,0,1768.6283,1000.747,1764.993,1.4764036,681305.8,2.489678e+06,10024609,1,115821985,2.0319646e+06,4.0001322e+06,10048052,3,111125145,992188.8,3.0008758e+06,10048240,2,0,0,0,0,1888,3624,0.5007685,0.9756352,0,2896,1188.5175,1145.8235,1.3129115e+06,0,0,0,1,0,0,0,0,1,1195.4679,78.793106,1768.6283,1888,0,0,0,0,0,0,58,4570,113,199855,29200,1274,13,32,81489.63,192059.58,660571,23404,1.0020806e+07,8841.98,10024609,9996494
80,999,5,0,0,0,0,0,0.0,0.0,0,0,0.0,0.0,0.0,5005.005,249.75,496.1696,994,0,999,249.75,496.1696,994,0,0,0.0,0.0,0,0,0,0,0,0,160,0,5005.005,0.0,0,0,0.0,0.0,0.0,0,0,0,0,1,0,0,0,0,0.0,0.0,0.0,160,0,0,0,0,0,0,5,0,0,0,274,-1,0,32,0.0,0.0,0,0,0.0,0.0,0,0
443,14515907,7,12,1707,9027,1093,0,243.85715,399.99435,1997,0,752.25,787.53503,739.46466,1.3089089,806439.25,3.3591515e+06,14265760,4,250147,41691.168,59987.953,160684,84,14487522,1.3170475e+06,4.2948115e+06,14265867,4,0,0,0,0,152,252,0.4822296,0.8266793,0,1997,536.7,696.9175,485694.0,0,0,0,1,0,0,0,0,1,564.9474,243.85715,752.25,152,0,0,0,0,0,0,7,1707,12,9027,8192,5120,6,20,0.0,0.0,0,0,0.0,0.0,0,0
443,4125613,5,1,135,46,46,6,27.0,20.12461,46,46,46.0,0.0,43.87227,1.4543294,825122.6,1.7122531e+06,3884722,4,4125613,1.03140325e+06,1.9053048e+06,3884722,4,0,0.0,0.0,0,0,1,0,0,0,100,20,1.2119411,0.24238822,6,46,32.42857,18.866701,355.9524,0,1,0,0,1,0,0,0,0,37.833332,27.0,46.0,100,0,0,0,0,0,0,5,135,1,46,257,393,4,20,0.0,0.0,0,0,0.0,0.0,0,0
59640,13361,3,1,50,6,38,6,16.666666,18.475208,6,6,6.0,0.0,4191.303,299.37878,4453.6665,7667.246,13307,4,13361,6680.5,9441.997,13357,4,0,0.0,0.0,0,0,0,0,0,0,60,20,224.53409,74.844696,6,38,12.4,14.310835,204.8,0,0,0,0,1,0,0,0,0,15.5,16.666666,6.0,60,0,0,0,0,0,0,3,50,1,6,351,0,2,20,0.0,0.0,0,0,0.0,0.0,0,0
524,77,1,1,2,6,2,2,2.0,0.0,6,6,6.0,0.0,103896.1,25974.025,77.0,0.0,77,77,0,0.0,0.0,0,0,0,0.0,0.0,0,0,0,0,0,0,24,20,12987.013,12987.013,2,6,3.3333333,2.309401,5.3333335,0,0,0,1,0,0,0,0,1,5.0,2.0,6.0,24,0,0,0,0,0,0,1,2,1,6,1024,0,0,24,0.0,0.0,0,0,0.0,0.0,0,0
80,5880354,3,1,0,0,0,0,0.0,0.0,0,0,0.0,0.0,0.0,0.68023115,1.960118e+06,3.3942522e+06,5879463,153,5880354,2.940177e+06,4.156778e+06,5879463,891,0,0.0,0.0,0,0,0,0,0,0,104,40,0.5101734,0.17005779,0,0,0.0,0.0,0.0,0,0,0,1,0,0,0,0,0,0.0,0.0,0.0,104,0,0,0,0,0,0,3,0,1,0,29200,28960,0,32,0.0,0.0,0,0,0.0,0.0,0,0
80,11530939,8,4,1244,3525,311,0,155.5,166.2365,3525,0,881.25,1762.5,413.58298,1.0406785,1.0482672e+06,2.1405175e+06,5716714,29,6533270,933324.3,2.1161478e+06,5719966,219,11500000,3.8436368e+06,2.6487232e+06,5716714,813197,0,0,0,0,264,136,0.69378567,0.34689283,0,3525,366.84616,960.1658,921918.3,0,0,0,1,0,0,0,0,0,397.41666,155.5,881.25,264,0,0,0,0,0,0,8,1244,4,3525,29200,235,4,32,813226.0,0.0,813226,813226,5.716714e+06,0.0,5716714,5716714
443,123812,3,0,43,0,31,6,14.333333,14.433757,0,0,0.0,0.0,347.30075,24.230284,61906.0,87542.65,123808,4,123812,61906.0,87542.65,123808,4,0,0.0,0.0,0,0,0,0,0,0,60,0,24.230284,0.0,6,31,12.25,12.5,156.25,0,0,0,0,1,0,0,0,0,16.333334,14.333333,0.0,60,0,0,0,0,0,0,3,43,0,0,251,-1,2,20,0.0,0.0,0,0,0.0,0.0,0,0
53246,3,2,0,37,0,31,6,18.5,17.67767,0,0,0.0,0.0,1.23e+07,666666.7,3.0,0.0,3,3,3,3.0,0.0,3,3,0,0.0,0.0,0,0,1,0,0,0,40,0,666666.7,0.0,6,31,22.666666,14.433757,208.33333,0,1,0,0,1,0,0,0,0,34.0,18.5,0.0,40,0,0,0,0,0,0,2,37,0,0,62,-1,1,20,0.0,0.0,0,0,0.0,0.0,0,0
80,3002688,3,0,0,0,0,0,0.0,0.0,0,0,0.0,0.0,0.0,0.9991048,1.501344e+06,710870.0,2004005,998683,3002688,1.501344e+06,710870.0,2004005,998683,0,0.0,0.0,0,0,0,0,0,0,120,0,0.9991048,0.0,0,0,0.0,0.0,0.0,0,0,0,1,0,0,0,0,0,0.0,0.0,0.0,120,0,0,0,0,0,0,3,0,0,0,29200,-1,0,40,0.0,0.0,0,0,0.0,0.0,0,0
80,102630754,14,3,2541,6,231,0,181.5,98.363335,6,0,2.0,3.4641016,24.817123,0.16564235,6.414422e+06,1.32e+07,51300000,126,103000000,7.894663e+06,1.43e+07,51300000,392,103000000,5.13e+07,2.79e+07,71000000,31600000,0,0,0,0,456,100,0.13641135,0.029231004,0,231,141.5,115.45473,13329.794,0,0,0,1,0,0,0,0,0,149.82353,181.5,2.0,456,0,0,0,0,0,0,14,2541,3,6,29200,0,11,32,3.2042015e+06,4.530407e+06,6407683,720,1.92e+07,1.88e+07,51300000,5964604
80,101008732,9,5,700,11595,350,0,77.77778,154.3355,8688,0,2319.0,3633.797,121.72215,0.13860188,7.7699025e+06,2.79e+07,101000000,0,101000000,1.26e+07,3.56e+07,101000000,0,376574,94143.5,112414.58,224019,112,0,0,0,0,296,168,0.08910121,0.04950067,0,8688,819.6667,2234.0535,4.990995e+06,0,0,0,0,1,0,0,0,0,878.2143,77.77778,2319.0,296,0,0,0,0,0,0,9,700,5,11595,274,235,2,32,984.0,0.0,984,984,1.01e+08,0.0,101000000,101000000
443,116443787,35,38,2120,34674,517,0,60.57143,143.37082,2896,0,912.4737,923.7148,315.9808,0.62691194,1.6172749e+06,3.6388832e+06,10000000,3,116000000,3.4248172e+06,4.7183965e+06,10000000,3,112000000,3.015933e+06,4.6359335e+06,10000000,48,0,0,0,0,1128,1224,0.3005742,0.32633772,0,2896,497.21622,791.58276,626603.25,0,0,0,1,0,0,0,0,1,504.0274,60.57143,912.4737,1128,0,0,0,0,0,0,35,2120,38,34674,29200,1073,7,32,123834.55,333906.66,1130601,23006,1e+07,9251.509,10000000,10000000
443,119861667,35,32,995,21526,458,0,28.428572,88.79099,2777,0,672.6875,762.70966,187.8916,0.5589777,1.8160859e+06,3.7553665e+06,10000000,1,120000000,3.5253432e+06,4.669145e+06,10100000,1,115000000,3.7102822e+06,4.8089985e+06,10100000,1,0,0,0,0,1128,1044,0.29200327,0.26697442,0,2777,331.19116,615.12476,378378.5,0,0,0,1,0,0,0,0,0,336.13434,28.428572,672.6875,1128,0,0,0,0,0,0,35,995,32,21526,29200,357,5,32,443258.72,1.3496906e+06,4512729,36189,1e+07,4831.413,10000000,10000000
52878,3,2,0,37,0,37,0,18.5,26.16295,0,0,0.0,0.0,1.23e+07,666666.7,3.0,0.0,3,3,3,3.0,0.0,3,3,0,0.0,0.0,0,0,1,0,0,0,64,0,666666.7,0.0,0,37,24.666666,21.36196,456.33334,0,1,0,0,1,0,0,0,0,37.0,18.5,0.0,64,0,0,0,0,0,0,2,37,0,0,972,-1,0,32,0.0,0.0,0,0,0.0,0.0,0,0
53,24093,1,1,47,63,47,47,47.0,0.0,63,63,63.0,0.0,4565.6416,83.011665,24093.0,0.0,24093,24093,0,0.0,0.0,0,0,0,0.0,0.0,0,0,0,0,0,0,20,32,41.505833,41.505833,47,63,52.333332,9.237604,85.333336,0,0,0,0,0,0,0,0,1,78.5,47.0,63.0,20,0,0,0,0,0,0,1,47,1,63,-1,-1,0,20,0.0,0.0,0,0,0.0,0.0,0,0
52922,61,1,1,6,6,6,6,6.0,0.0,6,6,6.0,0.0,196721.31,32786.887,61.0,0.0,61,61,0,0.0,0.0,0,0,0,0.0,0.0,0,0,0,0,0,0,20,20,16393.443,16393.443,6,6,6.0,0.0,0.0,0,0,0,0,1,1,0,0,1,9.0,6.0,6.0,20,0,0,0,0,0,0,1,6,1,6,237,256,0,20,0.0,0.0,0,0,0.0,0.0,0,0
51454,7991,1,2,0,0,0,0,0.0,0.0,0,0,0.0,0.0,0.0,375.42236,3995.5,4892.4717,7455,536,0,0.0,0.0,0,0,7455,7455.0,0.0,7455,7455,0,0,0,0,32,76,125.140785,250.28157,0,0,0.0,0.0,0.0,0,0,0,0,1,1,0,0,2,0.0,0.0,0.0,32,0,0,0,0,0,0,1,0,2,0,247,259,0,32,0.0,0.0,0,0,0.0,0.0,0,0
80,5148819,3,1,0,0,0,0,0.0,0.0,0,0,0.0,0.0,0.0,0.77687716,1.716273e+06,2.9720728e+06,5148127,120,5148819,2.5744095e+06,3.6397862e+06,5148127,692,0,0.0,0.0,0,0,0,0,0,0,104,40,0.5826579,0.19421929,0,0,0.0,0.0,0.0,0,0,0,1,0,0,0,0,0,0.0,0.0,0.0,104,0,0,0,0,0,0,3,0,1,0,29200,28960,0,32,0.0,0.0,0,0,0.0,0.0,0,0
8080,1007384,3,3,0,18,0,0,0.0,0.0,6,6,6.0,0.0,17.868063,5.956021,201476.8,275120.2,505661,489,1006895,503447.5,3993.032,506271,500624,1006795,503397.5,3892.6228,506150,500645,0,0,0,0,92,60,2.9780104,2.9780104,0,6,2.5714285,3.207135,10.285714,0,0,0,1,0,0,0,0,1,3.0,0.0,6.0,92,0,0,0,0,0,0,3,0,3,18,8192,0,0,28,0.0,0.0,0,0,0.0,0.0,0,0
80,98372744,9,6,360,11595,360,0,40.0,120.0,5792,0,1932.5,2181.0083,121.527565,0.15248126,7.0266245e+06,2.63e+07,98300000,0,98300000,1.23e+07,3.48e+07,98300000,0,36502,7300.4,10771.679,24205,27,0,0,0,0,296,200,0.091488756,0.060992505,0,5792,747.1875,1578.7821,2.492553e+06,0,0,0,0,1,0,0,0,0,797.0,40.0,1932.5,296,0,0,0,0,0,0,9,360,6,11595,251,235,1,32,1009.0,0.0,1009,1009,9.83e+07,0.0,98300000,98300000
80,920265,3,4,26,11607,20,0,8.666667,10.263203,11595,0,2901.75,5795.5005,12640.924,7.6065044,153377.5,375112.3,919072,5,1100,550.0,691.5504,1039,61,920130,306710.0,530321.3,919072,5,0,0,0,0,72,92,3.2599306,4.3465743,0,11595,1454.125,4097.5376,1.68e+07,0,0,0,1,0,0,0,0,1,1661.8572,8.666667,2901.75,72,0,0,0,0,0,0,3,26,4,11607,8192,229,2,20,0.0,0.0,0,0,0.0,0.0,0,0
443,10076758,6,6,974,561,517,0,162.33333,231.12132,381,0,93.5,150.00633,152.33073,1.1908592,916068.94,2.9956355e+06,9948111,3,128644,25728.8,32472.498,79633,145,10052764,2.0105528e+06,4.4658045e+06,9999199,3,0,0,0,0,132,132,0.5954296,0.5954296,0,517,118.07692,184.59706,34076.08,0,0,0,1,0,0,0,0,1,127.916664,162.33333,93.5,132,0,0,0,0,0,0,6,974,6,561,8192,118,5,20,128644.0,0.0,128644,128644,9.948111e+06,0.0,9948111,9948111
53,1931,1,1,51,111,51,51,51.0,0.0,111,111,111.0,0.0,83894.35,1035.7328,1931.0,0.0,1931,1931,0,0.0,0.0,0,0,0,0.0,0.0,0,0,0,0,0,0,32,32,517.8664,517.8664,51,111,71.0,34.641018,1200.0,0,0,0,0,0,0,0,0,1,106.5,51.0,111.0,32,0,0,0,0,0,0,1,51,1,111,-1,-1,0,32,0.0,0.0,0,0,0.0,0.0,0,0
53,47028,2,2,60,162,30,30,30.0,0.0,81,81,81.0,0.0,4720.592,85.05571,15676.0,27146.432,47022,3,3,3.0,0.0,3,3,3,3.0,0.0,3,3,0,0,0,0,64,64,42.527855,42.527855,30,81,50.4,27.933851,780.3,0,0,0,0,0,0,0,0,1,63.0,30.0,81.0,64,0,0,0,0,0,0,2,60,2,162,-1,-1,1,32,0.0,0.0,0,0,0.0,0.0,0,0
443,60485527,14,11,645,841,373,0,46.07143,111.23604,665,0,76.454544,199.97818,24.567862,0.41332203,2.5202302e+06,4.4189745e+06,10200000,29,60500000,4.652733e+06,5.2060075e+06,10200000,121,60400000,6.0434215e+06,5.1890355e+06,10200000,495,0,0,0,0,456,360,0.23146033,0.18186168,0,665,57.153847,150.977,22794.055,0,0,0,1,0,0,0,0,0,59.44,46.07143,76.454544,456,0,0,0,0,0,0,14,645,11,841,29200,122,3,32,75018.5,59120.684,195698,50748,1e+07,410515.8,10200000,9170502
443,31164241,15,22,12719,5524,3125,0,847.93335,1359.6395,1448,0,251.09091,461.96185,585.38245,1.1872581,865673.4,2.7587792e+06,10000000,1,21600000,1.5409106e+06,3.6059485e+06,10000000,4,31100000,1.4829095e+06,3.5232872e+06,10000000,1,0,0,0,0,488,700,0.4813209,0.70593727,0,3125,480.07895,955.44055,912866.7,0,0,0,1,0,0,0,0,1,493.05405,847.93335,251.09091,488,0,0,0,0,0,0,15,12719,22,5524,29200,17099,7,32,529888.0,877415.44,1543040,22999,9.858192e+06,250890.58,10000000,9568493
80,10617699,5,6,366,3525,366,0,73.2,163.68018,1448,0,587.5,709.6635,366.4636,1.036006,1.0617699e+06,2.242409e+06,5612005,11,5614247,1.4035618e+06,2.8064435e+06,5613227,49,10600000,2.1235335e+06,2.9153478e+06,5612005,11,0,0,0,0,168,200,0.47091183,0.5650942,0,1448,324.25,560.95276,314668.03,0,0,0,1,0,0,0,0,1,353.72726,73.2,587.5,168,0,0,0,0,0,0,5,366,6,3525,29200,235,1,32,700.0,0.0,700,700,5.612005e+06,0.0,5612005,5612005
54856,52,1,1,0,0,0,0,0.0,0.0,0,0,0.0,0.0,0.0,38461.54,52.0,0.0,52,52,0,0.0,0.0,0,0,0,0.0,0.0,0,0,0,0,0,0,20,20,19230.77,19230.77,0,0,0.0,0.0,0.0,0,0,0,0,1,1,0,0,1,0.0,0.0,0.0,20,0,0,0,0,0,0,1,0,1,0,8190,64240,0,20,0.0,0.0,0,0,0.0,0.0,0,0
80,85679297,8,5,344,11595,344,0,43.0,121.62237,8688,0,2319.0,3774.2375,139.34521,0.1517286,7.1399415e+06,2.47e+07,85500000,4,85500000,1.22e+07,3.23e+07,85500000,4,149693,37423.25,65531.047,135234,160,0,0,0,0,264,168,0.09337145,0.058357157,0,8688,852.7857,2382.7136,5.6773235e+06,0,0,0,0,1,0,0,0,0,918.38464,43.0,2319.0,264,0,0,0,0,0,0,8,344,5,11595,274,235,1,32,1962.0,0.0,1962,1962,8.55e+07,0.0,85500000,85500000
53,23641,1,1,49,177,49,49,49.0,0.0,177,177,177.0,0.0,9559.663,84.59879,23641.0,0.0,23641,23641,0,0.0,0.0,0,0,0,0.0,0.0,0,0,0,0,0,0,40,20,42.299397,42.299397,49,177,91.666664,73.90083,5461.3335,0,0,0,0,0,0,0,0,1,137.5,49.0,177.0,40,0,0,0,0,0,0,1,49,1,177,-1,-1,0,40,0.0,0.0,0,0,0.0,0.0,0,0
53,31212,4,4,128,192,32,32,32.0,0.0,48,48,48.0,0.0,10252.467,256.31168,4458.857,11732.677,31066,3,31073,10357.667,17933.943,31066,3,124,41.333332,34.486713,72,4,0,0,0,0,152,176,128.15584,128.15584,32,48,39.11111,8.43274,71.111115,0,0,0,0,0,0,0,0,1,44.0,32.0,48.0,152,0,0,0,0,0,0,4,128,4,192,-1,-1,3,32,0.0,0.0,0,0,0.0,0.0,0,0
443,63060595,7,2,187,92,46,6,26.714285,20.089087,46,46,46.0,0.0,4.424316,0.14271986,7.8825745e+06,2.06e+07,58700000,3,63100000,1.05e+07,2.37e+07,58700000,3,59000000,5.9e+07,0.0,59000000,59000000,1,0,0,0,140,40,0.111004345,0.031715527,6,46,32.5,18.863544,355.83334,0,1,0,0,1,0,0,0,0,36.11111,26.714285,46.0,140,0,0,0,0,0,0,7,187,2,92,16163,16384,6,20,233828.0,0.0,233828,233828,5.87e+07,0.0,58700000,58700000
1085,23,1,1,0,6,0,0,0.0,0.0,6,6,6.0,0.0,260869.56,86956.52,23.0,0.0,23,23,0,0.0,0.0,0,0,0,0.0,0.0,0,0,0,0,0,0,40,20,43478.26,43478.26,0,6,2.0,3.4641016,12.0,0,0,0,1,0,0,0,0,1,3.0,0.0,6.0,40,0,0,0,0,0,0,1,0,1,6,29200,0,0,40,0.0,0.0,0,0,0.0,0.0,0,0
53,150,2,2,50,82,25,25,25.0,0.0,41,41,41.0,0.0,880000.0,26666.666,50.0,47.507893,98,3,3,3.0,0.0,3,3,49,49.0,0.0,49,49,0,0,0,0,64,64,13333.333,13333.333,25,41,31.4,8.763561,76.8,0,0,0,0,0,0,0,0,1,39.25,25.0,41.0,64,0,0,0,0,0,0,2,50,2,82,-1,-1,1,32,0.0,0.0,0,0,0.0,0.0,0,0
80,109962212,4,3,533,0,520,0,133.25,257.90616,0,0,0.0,0.0,4.84712,0.06365823,1.83e+07,4.49e+07,110000000,86,110000000,3.67e+07,6.35e+07,110000000,632,110000000,5.5e+07,7.77e+07,110000000,5298,0,0,0,0,136,104,0.036376134,0.027282098,0,520,66.625,183.24763,33579.695,0,0,0,1,0,0,0,0,0,76.14286,133.25,0.0,136,0,0,0,0,0,0,4,533,3,0,29200,235,2,32,5384.0,0.0,5384,5384,1.1e+08,0.0,110000000,110000000
80,5607742,3,1,0,0,0,0,0.0,0.0,0,0,0.0,0.0,0.0,0.7132996,1.8692474e+06,3.2368728e+06,5606866,124,5607742,2.803871e+06,3.9640335e+06,5606866,876,0,0.0,0.0,0,0,0,0,0,0,104,40,0.5349747,0.1783249,0,0,0.0,0.0,0.0,0,0,0,1,0,0,0,0,0,0.0,0.0,0.0,104,0,0,0,0,0,0,3,0,1,0,29200,28960,0,32,0.0,0.0,0,0,0.0,0.0,0,0
63298,79,1,1,0,0,0,0,0.0,0.0,0,0,0.0,0.0,0.0,25316.455,79.0,0.0,79,79,0,0.0,0.0,0,0,0,0.0,0.0,0,0,0,0,0,0,32,32,12658.228,12658.228,0,0,0.0,0.0,0.0,0,0,0,0,1,0,0,0,1,0.0,0.0,0.0,32,0,0,0,0,0,0,1,0,1,0,362,32832,0,32,0.0,0.0,0,0,0.0,0.0,0,0
21,9093641,9,15,106,188,22,0,11.777778,9.40449,34,0,12.533334,14.54975,32.330284,2.639207,395375.7,1.03416544e+06,3455821,28,6093987,761748.4,1.4268949e+06,3500058,51,9093541,649538.6,1.2775554e+06,3455821,48,0,0,0,0,296,488,0.9897026,1.6495043,0,34,11.76,12.6137495,159.10667,0,0,0,1,0,0,0,0,1,12.25,11.777778,12.533334,296,0,0,0,0,0,0,9,106,15,188,29200,227,6,32,0.0,0.0,0,0,0.0,0.0,0,0
443,5691030,47,60,2974,39150,495,0,63.276596,109.30327,1430,0,652.5,656.7947,7401.8237,18.801517,53688.96,191246.81,1523070,0,5691030,123718.05,298786.38,1600176,3,5618175,95223.305,263782.4,1560158,0,0,0,0,0,952,1212,8.258611,10.542907,0,1430,390.03705,574.41223,329949.4,0,0,0,1,0,0,0,0,1,393.68225,63.276596,652.5,952,0,0,0,0,0,0,47,2974,60,39150,8192,393,46,20,0.0,0.0,0,0,0.0,0.0,0,0
61383,62,1,1,0,0,0,0,0.0,0.0,0,0,0.0,0.0,0.0,32258.064,62.0,0.0,62,62,0,0.0,0.0,0,0,0,0.0,0.0,0,0,0,0,0,0,32,32,16129.032,16129.032,0,0,0.0,0.0,0.0,0,0,0,0,1,0,0,0,1,0.0,0.0,0.0,32,0,0,0,0,0,0,1,0,1,0,122,33304,0,32,0.0,0.0,0,0,0.0,0.0,0,0
2692,105,1,1,0,0,0,0,0.0,0.0,0,0,0.0,0.0,0.0,19047.62,105.0,0.0,105,105,0,0.0,0.0,0,0,0,0.0,0.0,0,0,0,0,0,0,20,20,9523.81,9523.81,0,0,0.0,0.0,0.0,0,0,0,0,1,1,0,0,1,0.0,0.0,0.0,20,0,0,0,0,0,0,1,0,1,0,31175,63738,0,20,0.0,0.0,0,0,0.0,0.0,0,0
80,46054121,9,9,495,2173,453,0,55.0,149.26318,1460,0,241.44444,508.11984,57.93184,0.3908445,2.709066e+06,4.460607e+06,10224965,1,40975554,5.121944e+06,5.4580285e+06,10240022,1,46038974,5.754872e+06,5.0625545e+06,10240206,48,0,0,0,0,200,192,0.19542225,0.19542225,0,1460,140.42105,366.7396,134497.92,0,0,0,1,0,0,0,0,1,148.22223,55.0,241.44444,200,0,0,0,0,0,0,9,495,9,2173,29200,30,8,20,27784.25,25393.902,65875,15040,1.0216104e+07,17630.902,10224965,10189658
80,3001353,3,0,0,0,0,0,0.0,0.0,0,0,0.0,0.0,0.0,0.9995492,1.5006765e+06,711922.9,2004082,997271,3001353,1.5006765e+06,711922.9,2004082,997271,0,0.0,0.0,0,0,0,0,0,0,120,0,0.9995492,0.0,0,0,0.0,0.0,0.0,0,0,0,1,0,0,0,0,0,0.0,0.0,0.0,120,0,0,0,0,0,0,3,0,0,0,29200,-1,0,40,0.0,0.0,0,0,0.0,0.0,0,0
80,44230,3,5,26,11601,20,0,8.666667,10.263203,5840,0,2320.2,2634.7495,262875.88,180.87271,6318.5713,14251.746,38324,32,38681,19340.5,27136.637,38529,152,44025,11006.25,18508.24,38508,48,0,0,0,0,72,112,67.82726,113.04544,0,5840,1291.8889,2226.654,4.957988e+06,0,0,0,1,0,0,0,0,1,1453.375,8.666667,2320.2,72,0,0,0,0,0,0,3,26,5,11601,8192,229,2,20,0.0,0.0,0,0,0.0,0.0,0,0
443,116339679,23,23,3876,7941,1737,0,168.52174,489.01654,1988,0,345.26086,623.46716,101.57326,0.3953939,2.5853262e+06,4.3419095e+06,10001095,3,116339679,5.288167e+06,4.981521e+06,10030662,3,110822551,5.0373885e+06,5.109506e+06,10029879,49,0,0,0,0,484,616,0.19769695,0.19769695,0,1988,251.42554,556.317,309488.66,0,0,0,1,0,0,0,0,1,256.8913,168.52174,345.26086,484,0,0,0,0,0,0,23,3876,23,7941,8192,1311,21,20,70641.586,144991.4,531050,28463,9.624331e+06,1.3025538e+06,10001095,5488168
80,85391321,8,6,380,11595,374,0,47.5,131.94263,5792,0,1932.5,2534.0515,140.23674,0.16395108,6.568563e+06,2.34e+07,84400000,1,85400000,1.22e+07,3.18e+07,84400000,1,4647,929.4,1785.5659,4120,46,0,0,0,0,260,200,0.093686335,0.07026475,0,5792,798.3333,1794.7203,3.221021e+06,0,0,0,0,1,0,0,0,0,855.3571,47.5,1932.5,260,0,0,0,0,0,0,8,380,6,11595,251,235,2,20,973.0,0.0,973,973,8.44e+07,0.0,84400000,84400000
3047,19,1,1,6,6,6,6,6.0,0.0,6,6,6.0,0.0,631578.94,105263.16,19.0,0.0,19,19,0,0.0,0.0,0,0,0,0.0,0.0,0,0,0,0,0,0,20,20,52631.58,52631.58,6,6,6.0,0.0,0.0,0,0,0,0,1,1,0,0,1,9.0,6.0,6.0,20,0,0,0,0,0,0,1,6,1,6,237,16393,0,20,0.0,0.0,0,0,0.0,0.0,0,0
443,4,2,0,31,0,31,0,15.5,21.920311,0,0,0.0,0.0,7.75e+06,500000.0,4.0,0.0,4,4,4,4.0,0.0,4,4,0,0.0,0.0,0,0,1,0,0,0,64,0,500000.0,0.0,0,31,20.666666,17.897858,320.33334,0,1,0,0,1,0,0,0,0,31.0,15.5,0.0,64,0,0,0,0,0,0,2,31,0,0,1272,-1,0,32,0.0,0.0,0,0,0.0,0.0,0,0
80,1805531,3,5,26,11607,20,0,8.666667,10.263203,10135,0,2321.4,4413.202,6442.98,4.4308295,257933.0,681978.1,1804514,6,750,375.0,296.98486,585,165,1805458,451364.5,902099.75,1804514,6,0,0,0,0,72,112,1.661561,2.7692685,0,10135,1292.5555,3350.635,1.12e+07,0,0,0,1,0,0,0,0,1,1454.125,8.666667,2321.4,72,0,0,0,0,0,0,3,26,5,11607,8192,229,2,20,0.0,0.0,0,0,0.0,0.0,0,0
53,23284,1,1,80,158,80,80,80.0,0.0,158,158,158.0,0.0,10221.611,85.8959,23284.0,0.0,23284,23284,0,0.0,0.0,0,0,0,0.0,0.0,0,0,0,0,0,0,32,32,42.94795,42.94795,80,158,106.0,45.03332,2028.0,0,0,0,0,0,0,0,0,1,159.0,80.0,158.0,32,0,0,0,0,0,0,1,80,1,158,-1,-1,0,32,0.0,0.0,0,0,0.0,0.0,0,0
123,66045594,2,2,96,96,48,48,48.0,0.0,48,48,48.0,0.0,2.9070826,0.060564224,2.2e+07,3.81e+07,66000000,45641,66000000,6.6e+07,0.0,66000000,66000000,66000000,6.6e+07,0.0,66000000,66000000,0,0,0,0,40,40,0.030282112,0.030282112,48,48,48.0,0.0,0.0,0,0,0,0,0,0,0,0,1,60.0,48.0,48.0,40,0,0,0,0,0,0,2,96,2,96,-1,-1,1,20,46095.0,0.0,46095,46095,6.6e+07,0.0,66000000,66000000
58401,294,3,1,83,6,46,6,27.666666,20.20726,6,6,6.0,0.0,302721.1,13605.442,98.0,52.848843,154,49,294,147.0,138.59293,245,49,0,0.0,0.0,0,0,1,0,0,0,60,20,10204.082,3401.3606,6,46,27.0,20.12461,405.0,0,1,0,0,1,0,0,0,0,33.75,27.666666,6.0,60,0,0,0,0,0,0,3,83,1,6,119,0,2,20,0.0,0.0,0,0,0.0,0.0,0,0
80,85378209,10,7,782,11595,391,0,78.2,164.86008,5792,0,1656.4286,1947.6382,144.96674,0.19911404,5.336138e+06,2.12e+07,85000000,0,85200000,9.470951e+06,2.83e+07,85000000,0,369577,61596.168,99475.055,229964,45,0,0,0,0,328,232,0.117125906,0.08198813,0,5792,687.6111,1409.2396,1.9859562e+06,0,0,0,0,1,0,0,0,0,728.05884,78.2,1656.4286,328,0,0,0,0,0,0,10,782,7,11595,251,235,2,32,973.0,0.0,973,973,8.5e+07,0.0,85000000,85000000
53,88101,2,2,78,206,39,39,39.0,0.0,103,103,103.0,0.0,3223.573,45.402435,29367.0,50859.94,88095,3,3,3.0,0.0,3,3,3,3.0,0.0,3,3,0,0,0,0,64,64,22.701218,22.701218,39,103,64.6,35.054245,1228.8,0,0,0,0,0,0,0,0,1,80.75,39.0,103.0,64,0,0,0,0,0,0,2,78,2,206,-1,-1,1,32,0.0,0.0,0,0,0.0,0.0,0,0
5414,37,1,1,0,6,0,0,0.0,0.0,6,6,6.0,0.0,162162.16,54054.055,37.0,0.0,37,37,0,0.0,0.0,0,0,0,0.0,0.0,0,0,0,0,0,0,40,20,27027.027,27027.027,0,6,2.0,3.4641016,12.0,0,0,0,1,0,0,0,0,1,3.0,0.0,6.0,40,0,0,0,0,0,0,1,0,1,6,29200,0,0,40,0.0,0.0,0,0,0.0,0.0,0,0
53,930,2,2,70,148,35,35,35.0,0.0,74,74,74.0,0.0,234408.61,4301.075,310.0,495.0586,881,1,1,1.0,0.0,1,1,48,48.0,0.0,48,48,0,0,0,0,64,64,2150.5376,2150.5376,35,74,50.6,21.36118,456.3,0,0,0,0,0,0,0,0,1,63.25,35.0,74.0,64,0,0,0,0,0,0,2,70,2,148,-1,-1,1,32,0.0,0.0,0,0,0.0,0.0,0,0
443,6204988,9,5,385,3298,198,0,42.77778,70.49074,1590,0,659.6,797.3298,593.55475,2.2562494,477306.78,1.5246155e+06,5545875,40,6204988,775623.5,1.9288235e+06,5545875,164,564349,141087.25,164882.17,316455,242,0,0,0,0,200,112,1.450446,0.80580336,0,1590,245.53334,525.7798,276444.4,0,0,0,1,0,0,0,0,0,263.07144,42.77778,659.6,200,0,0,0,0,0,0,9,385,5,3298,29200,123,8,20,658949.0,0.0,658949,658949,5.545875e+06,0.0,5545875,5545875
80,99983740,9,6,345,11595,345,0,38.333332,115.0,7240,0,1932.5,2695.6392,119.41942,0.1500244,7.1416955e+06,2.67e+07,99800000,0,99900000,1.25e+07,3.53e+07,99800000,0,140517,28103.4,57124.277,129994,80,0,0,0,0,296,200,0.09001464,0.06000976,0,7240,746.25,1824.8011,3.3298992e+06,0,0,0,0,1,0,0,0,0,796.0,38.333332,1932.5,296,0,0,0,0,0,0,9,345,6,11595,251,235,1,32,994.0,0.0,994,994,9.98e+07,0.0,99800000,99800000
80,5965370,3,1,0,0,0,0,0.0,0.0,0,0,0.0,0.0,0.0,0.67053676,1.9884566e+06,3.4433598e+06,5964506,132,5965370,2.982685e+06,4.2169315e+06,5964506,864,0,0.0,0.0,0,0,0,0,0,0,104,40,0.50290257,0.16763419,0,0,0.0,0.0,0.0,0,0,0,1,0,0,0,0,0,0.0,0.0,0.0,104,0,0,0,0,0,0,3,0,1,0,29200,28960,0,32,0.0,0.0,0,0,0.0,0.0,0,0
49972,11423181,1,6,1375,30,1375,1375,1375.0,0.0,6,0,5.0,2.4494898,122.995514,0.61278903,1.9038635e+06,4.6503525e+06,11400000,4,0,0.0,0.0,0,0,11400000,2.2837398e+06,5.0941075e+06,11400000,4,1,0,0,0,20,132,0.08754129,0.52524775,0,1375,347.5,634.1901,402197.16,0,1,0,0,1,1,0,0,6,397.14285,1375.0,5.0,20,0,0,0,0,0,0,1,1375,6,30,229,0,0,20,26836.0,0.0,26836,26836,1.14e+07,0.0,11400000,11400000
80,98426729,6,7,376,11595,376,0,62.666668,153.50136,4344,0,1656.4286,1757.579,121.62347,0.13207795,8.2022275e+06,2.84e+07,98400000,1,98400000,1.97e+07,4.4e+07,98400000,1,40461,6743.5,11839.559,29200,1,0,0,0,0,200,232,0.060959052,0.07111889,0,4344,855.0714,1458.2948,2.1266238e+06,0,0,0,0,1,0,0,0,1,920.8461,62.666668,1656.4286,200,0,0,0,0,0,0,6,376,7,11595,274,235,1,32,4.0,0.0,4,4,9.84e+07,0.0,98400000,98400000
80,35446860,203,104,43906,72169,602,0,216.28572,228.49318,1068,0,693.9327,362.43347,3274.62,8.6608515,115839.414,329419.1,3572543,12,35400000,175465.3,392688.75,3572543,843,35400000,344143.3,518068.7,3573382,12,0,0,0,0,6504,3336,5.7268825,2.9339693,0,1068,376.86688,360.54596,129993.38,0,0,0,1,0,0,0,0,0,378.09445,216.28572,693.9327,6504,0,0,0,0,0,0,203,43906,104,72169,29200,1176,101,32,0.0,0.0,0,0,0.0,0.0,0,0
80,100978660,9,6,346,11595,334,0,38.444443,110.86378,5792,0,1932.5,2181.0083,118.25271,0.14854623,7.2127615e+06,2.67e+07,99800000,1,101000000,1.26e+07,3.52e+07,99800000,1,137427,27485.4,55369.918,126176,45,0,0,0,0,280,200,0.08912774,0.059418496,0,5792,746.3125,1578.8441,2.4927488e+06,0,0,0,0,1,0,0,0,0,796.06665,38.444443,1932.5,280,0,0,0,0,0,0,9,346,6,11595,251,235,3,20,2003.0,0.0,2003,2003,9.98e+07,0.0,99800000,99800000
22,1436607,39,46,2646,7062,408,0,67.84615,101.81344,976,0,153.52174,306.21182,6757.5894,59.16719,17102.465,104510.43,951997,1,1436607,37805.45,163281.06,996005,1,484507,10766.822,23360.412,97503,1,0,0,0,0,804,944,27.147299,32.01989,0,976,112.88372,237.16905,56249.164,0,0,0,1,0,0,0,0,1,114.21176,67.84615,153.52174,804,0,0,0,0,0,0,39,2646,46,7062,8192,245,37,20,0.0,0.0,0,0,0.0,0.0,0,0
53,340,2,2,90,206,45,45,45.0,0.0,103,103,103.0,0.0,870588.25,11764.706,113.333336,125.703354,254,12,12,12.0,0.0,12,12,74,74.0,0.0,74,74,0,0,0,0,64,64,5882.353,5882.353,45,103,68.2,31.767908,1009.2,0,0,0,0,0,0,0,0,1,85.25,45.0,103.0,64,0,0,0,0,0,0,2,90,2,206,-1,-1,1,32,0.0,0.0,0,0,0.0,0.0,0,0
80,69795,3,6,26,11607,20,0,8.666667,10.263203,4380,0,1934.5,2177.345,166673.83,128.94907,8724.375,24315.727,68901,3,778,389.0,469.5189,721,57,69639,13927.8,30732.236,68901,3,0,0,0,0,72,132,42.98302,85.96604,0,4380,1163.3,1903.9626,3.6250738e+06,0,0,0,1,0,0,0,0,2,1292.5555,8.666667,1934.5,72,0,0,0,0,0,0,3,26,6,11607,8192,229,2,20,0.0,0.0,0,0,0.0,0.0,0,0
80,685364,4,5,430,2266,430,0,107.5,215.0,1448,0,453.2,659.3324,3933.676,13.131708,85670.5,216123.7,619328,1,685209,228403.0,338551.25,619328,32520,652952,163238.0,325872.16,652046,1,0,0,0,0,136,168,5.8363147,7.2953935,0,1448,269.6,497.09003,247098.48,0,0,0,1,0,0,0,0,1,299.55554,107.5,453.2,136,0,0,0,0,0,0,4,430,5,2266,29200,237,1,32,0.0,0.0,0,0,0.0,0.0,0,0
53097,35,1,1,6,6,6,6,6.0,0.0,6,6,6.0,0.0,342857.16,57142.855,35.0,0.0,35,35,0,0.0,0.0,0,0,0,0.0,0.0,0,0,0,0,0,0,20,20,28571.428,28571.428,6,6,6.0,0.0,0.0,0,0,0,0,1,1,0,0,1,9.0,6.0,6.0,20,0,0,0,0,0,0,1,6,1,6,237,256,0,20,0.0,0.0,0,0,0.0,0.0,0,0
443,20268175,10,7,1032,4271,789,0,103.2,245.3663,1448,0,610.1429,723.03766,261.64172,0.83875334,1.266761e+06,5.029009e+06,20125447,4,20268175,2.2520195e+06,6.702568e+06,20125447,18,100270,16711.666,22655.611,48504,4,0,0,0,0,332,232,0.49338433,0.34536904,0,1448,294.6111,532.95197,284037.78,0,0,0,1,0,0,0,0,0,311.94116,103.2,610.1429,332,0,0,0,0,0,0,10,1032,7,4271,65535,116,5,32,142621.0,0.0,142621,142621,2.0125448e+07,0.0,20125447,20125447
22,11996595,21,32,2008,2745,640,0,95.61905,140.04517,976,0,85.78125,220.24059,396.19574,4.41792,230703.75,630493.44,2567650,3,10300000,514527.25,920181.44,2642171,553,12000000,386983.03,783190.75,2567650,3,0,0,0,0,680,1032,1.7504967,2.6674235,0,976,88.01852,189.59027,35944.473,0,0,0,1,0,0,0,0,1,89.679245,95.61905,85.78125,680,0,0,0,0,0,0,21,2008,32,2745,29200,247,16,32,0.0,0.0,0,0,0.0,0.0,0,0
53,78841,2,2,88,362,44,44,44.0,0.0,181,181,181.0,0.0,5707.69,50.735023,26280.334,45512.81,78834,3,3,3.0,0.0,3,3,4,4.0,0.0,4,4,0,0,0,0,64,80,25.367512,25.367512,44,181,98.8,75.03799,5630.7,0,0,0,0,0,0,0,0,1,123.5,44.0,181.0,64,0,0,0,0,0,0,2,88,2,362,-1,-1,1,32,0.0,0.0,0,0,0.0,0.0,0,0
444,119382036,1157,1157,319630,6942,1271,6,276.25757,265.15588,6,6,6.0,0.0,2735.5205,19.38315,51613.504,688536.9,24800000,1,119000000,103271.23,972656.1,24800000,352,119000000,103271.2,971529.4,24800000,464,1,0,0,0,23140,23140,9.691575,9.691575,6,1271,141.10886,231.0501,53384.15,0,1,0,0,1,0,0,0,1,141.16983,276.25757,6.0,23140,0,0,0,0,0,0,1157,319630,1157,6942,255,3977,1156,20,8.742789e+06,8.670544e+06,21700000,3735603,1.36e+07,9.693511e+06,24800000,5373451
54799,60,1,2,6,12,6,6,6.0,0.0,6,6,6.0,0.0,300000.0,50000.0,30.0,31.112698,52,8,0,0.0,0.0,0,0,52,52.0,0.0,52,52,0,0,0,0,20,40,16666.666,33333.332,6,6,6.0,0.0,0.0,0,0,0,0,1,1,0,0,2,8.0,6.0,6.0,20,0,0,0,0,0,0,1,6,2,12,245,256,0,20,0.0,0.0,0,0,0.0,0.0,0,0
53,23704,1,1,64,117,64,64,64.0,0.0,117,117,117.0,0.0,7635.8423,84.37395,23704.0,0.0,23704,23704,0,0.0,0.0,0,0,0,0.0,0.0,0,0,0,0,0,0,20,32,42.186974,42.186974,64,117,81.666664,30.599564,936.3333,0,0,0,0,0,0,0,0,1,122.5,64.0,117.0,20,0,0,0,0,0,0,1,64,1,117,-1,-1,0,20,0.0,0.0,0,0,0.0,0.0,0,0
80,15138592,1,5,0,0,0,0,0.0,0.0,0,0,0.0,0.0,0.0,0.39633805,3.0277185e+06,3.1298552e+06,8000055,139446,0,0.0,0.0,0,0,15000000,3.7497865e+06,3.0960365e+06,8000055,998824,0,0,0,0,32,160,0.06605634,0.3302817,0,0,0.0,0.0,0.0,0,0,0,1,0,0,0,0,5,0.0,0.0,0.0,32,0,0,0,0,0,0,1,0,5,0,8192,29200,0,32,7.138537e+06,0.0,7138537,7138537,8.000055e+06,0.0,8000055,8000055
443,5357554,7,4,599,152,517,0,85.57143,191.30853,152,0,38.0,76.0,140.1759,2.0531757,535755.4,1.6512259e+06,5234904,42,5357554,892925.7,2.1576388e+06,5297145,48,99571,33190.332,34735.293,69449,211,0,0,0,0,232,136,1.3065664,0.7466094,0,517,62.583332,149.83473,22450.447,0,0,0,1,0,0,0,0,0,68.27273,85.57143,38.0,232,0,0,0,0,0,0,7,599,4,152,29200,939,3,32,122602.0,0.0,122602,122602,5.234904e+06,0.0,5234904,5234904
80,1303047,3,5,26,11601,20,0,8.666667,10.263203,5840,0,2320.2,2436.833,8922.933,6.1394563,186149.58,485529.6,1287157,1,14997,7498.5,10603.066,14996,1,1302951,325737.75,640984.2,1287157,161,0,0,0,0,72,112,2.3022962,3.83716,0,5840,1291.8889,2110.9507,4.456113e+06,0,0,0,1,0,0,0,0,1,1453.375,8.666667,2320.2,72,0,0,0,0,0,0,3,26,5,11601,8192,229,2,20,0.0,0.0,0,0,0.0,0.0,0,0
443,118204755,664,1037,10608,1731615,1664,0,15.9759035,127.63671,4290,0,1669.8313,741.12506,14739.026,14.390284,69532.21,1.9937522e+06,58400000,0,118000000,178287.72,3.1930998e+06,58400000,47,118000000,114006.79,2.5563135e+06,58400000,1,0,0,0,0,13960,20752,5.617371,8.772913,0,4290,1023.6328,996.2064,992427.2,0,0,0,1,0,0,0,0,1,1024.2346,15.9759035,1669.8313,13960,0,0,0,0,0,0,664,10608,1037,1731615,8192,605,34,20,910611.5,1.1554174e+06,1727615,93608,5.81e+07,293214.56,58400000,57900000
53,108868,1,1,47,106,47,47,47.0,0.0,106,106,106.0,0.0,1405.3716,18.37087,108868.0,0.0,108868,108868,0,0.0,0.0,0,0,0,0.0,0.0,0,0,0,0,0,0,32,32,9.185435,9.185435,47,106,66.666664,34.063667,1160.3334,0,0,0,0,0,0,0,0,1,100.0,47.0,106.0,32,0,0,0,0,0,0,1,47,1,106,-1,-1,0,32,0.0,0.0,0,0,0.0,0.0,0,0
53,271088,1,1,47,95,47,47,47.0,0.0,95,95,95.0,0.0,523.8151,7.377678,271088.0,0.0,271088,271088,0,0.0,0.0,0,0,0,0.0,0.0,0,0,0,0,0,0,20,20,3.688839,3.688839,47,95,63.0,27.712812,768.0,0,0,0,0,0,0,0,0,1,94.5,47.0,95.0,20,0,0,0,0,0,0,1,47,1,95,-1,-1,0,20,0.0,0.0,0,0,0.0,0.0,0,0
80,103218710,11,6,2154,11595,359,0,195.81818,187.48163,5792,0,1932.5,2362.7815,133.20259,0.16469882,6.4511695e+06,2.49e+07,99700000,1,103000000,1.03e+07,3.14e+07,99700000,1,3543343,708668.6,1.5838469e+06,3541940,185,0,0,0,0,360,200,0.10656983,0.058128998,0,5792,763.8333,1545.2462,2.3877858e+06,0,0,0,0,1,0,0,0,0,808.7647,195.81818,1932.5,360,0,0,0,0,0,0,11,2154,6,11595,274,235,6,32,2.0,0.0,2,2,9.97e+07,0.0,99700000,99700000
3610,127,1,1,6,6,6,6,6.0,0.0,6,6,6.0,0.0,94488.19,15748.031,127.0,0.0,127,127,0,0.0,0.0,0,0,0,0.0,0.0,0,0,0,0,0,0,20,20,7874.0156,7874.0156,6,6,6.0,0.0,0.0,0,0,0,0,1,1,0,0,1,9.0,6.0,6.0,20,0,0,0,0,0,0,1,6,1,6,237,256,0,20,0.0,0.0,0,0,0.0,0.0,0,0
443,31408398,14,13,1228,6648,450,0,87.71429,156.5117,1821,0,511.3846,652.6267,250.76096,0.8596427,1.2080152e+06,3.1916365e+06,10071814,3,21765497,1.674269e+06,3.7008805e+06,10101118,3,31378978,2.6149148e+06,4.3897645e+06,10101140,3,0,0,0,0,304,296,0.44574067,0.41390204,0,1821,281.2857,498.94324,248944.36,0,0,0,1,0,0,0,0,0,291.7037,87.71429,511.3846,304,0,0,0,0,0,0,14,1228,13,6648,8192,254,12,20,612154.0,1.00950675e+06,1777832,29304,9.857311e+06,230515.7,10071814,9613572
53,60390,1,1,47,79,47,47,47.0,0.0,79,79,79.0,0.0,2086.4382,33.118065,60390.0,0.0,60390,60390,0,0.0,0.0,0,0,0,0.0,0.0,0,0,0,0,0,0,32,32,16.559032,16.559032,47,79,57.666668,18.475208,341.33334,0,0,0,0,0,0,0,0,1,86.5,47.0,79.0,32,0,0,0,0,0,0,1,47,1,79,-1,-1,0,32,0.0,0.0,0,0,0.0,0.0,0,0
80,63148787,7,0,0,0,0,0,0.0,0.0,0,0,0.0,0.0,0.0,0.11084932,1.05e+07,1.19e+07,32100000,997379,63100000,1.05e+07,1.19e+07,32100000,997379,0,0.0,0.0,0,0,0,0,0,0,280,0,0.11084932,0.0,0,0,0.0,0.0,0.0,0,0,0,1,0,0,0,0,0,0.0,0.0,0.0,280,0,0,0,0,0,0,7,0,0,0,29200,-1,0,40,7.005157e+06,0.0,7005157,7005157,1.87e+07,1.23e+07,32100000,8016081
53,95584,1,1,70,127,70,70,70.0,0.0,127,127,127.0,0.0,2061.0144,20.924004,95584.0,0.0,95584,95584,0,0.0,0.0,0,0,0,0.0,0.0,0,0,0,0,0,0,32,20,10.462002,10.462002,70,127,89.0,32.908966,1083.0,0,0,0,0,0,0,0,0,1,133.5,70.0,127.0,32,0,0,0,0,0,0,1,70,1,127,-1,-1,0,32,0.0,0.0,0,0,0.0,0.0,0,0
1840,44,1,1,2,6,2,2,2.0,0.0,6,6,6.0,0.0,181818.19,45454.547,44.0,0.0,44,44,0,0.0,0.0,0,0,0,0.0,0.0,0,0,0,0,0,0,24,20,22727.273,22727.273,2,6,3.3333333,2.309401,5.3333335,0,0,0,1,0,0,0,0,1,5.0,2.0,6.0,24,0,0,0,0,0,0,1,2,1,6,1024,0,0,24,0.0,0.0,0,0,0.0,0.0,0,0
123,103024583,3,3,144,144,48,48,48.0,0.0,48,48,48.0,0.0,2.7954493,0.05823853,2.0604916e+07,2.9325502e+07,62969352,28244,102996339,5.149817e+07,1.6262894e+07,62997772,39998567,102996149,5.1498076e+07,1.6262779e+07,62997596,39998553,0,0,0,0,84,96,0.029119264,0.029119264,48,48,48.0,0.0,0.0,0,0,0,0,0,0,0,0,1,56.0,48.0,48.0,84,0,0,0,0,0,0,3,144,3,144,-1,-1,2,20,28427.0,9.899495,28434,28420,5.1469744e+07,1.6262904e+07,62969352,39970133
80,24567999,13,7,460,11680,460,0,35.384617,127.58105,4392,0,1668.5714,2123.684,494.13873,0.8140671,1.2930526e+06,3.0874858e+06,12500000,3,19600000,1.6328356e+06,3.6566145e+06,12600000,3,17600000,2.9253742e+06,5.1192875e+06,12500000,16,0,0,0,0,460,232,0.52914363,0.2849235,0,4392,578.0952,1409.6567,1.9871322e+06,0,0,0,1,0,0,0,0,0,607.0,35.384617,1668.5714,460,0,0,0,0,0,0,13,460,7,11680,29200,235,1,32,7.016721e+06,0.0,7016721,7016721,1.25e+07,0.0,12500000,12500000
80,1255714,3,5,26,11607,20,0,8.666667,10.263203,5840,0,2321.4,3173.3738,9264.052,6.3708773,179387.72,474211.8,1254799,4,676,338.0,93.3381,404,272,1255694,313923.5,627250.4,1254799,4,0,0,0,0,72,112,2.389079,3.9817984,0,5840,1292.5555,2554.1592,6.5237295e+06,0,0,0,1,0,0,0,0,1,1454.125,8.666667,2321.4,72,0,0,0,0,0,0,3,26,5,11607,8192,229,2,20,0.0,0.0,0,0,0.0,0.0,0,0
55908,15,1,1,0,0,0,0,0.0,0.0,0,0,0.0,0.0,0.0,133333.33,15.0,0.0,15,15,0,0.0,0.0,0,0,0,0.0,0.0,0,0,0,0,0,0,32,32,66666.664,66666.664,0,0,0.0,0.0,0.0,0,0,0,0,1,1,0,0,1,0.0,0.0,0.0,32,0,0,0,0,0,0,1,0,1,0,59,736,0,32,0.0,0.0,0,0,0.0,0.0,0,0
80,99055684,7,7,730,11595,356,0,104.28571,171.97453,5792,0,1656.4286,2120.7322,124.424965,0.14133465,7.619668e+06,2.74e+07,98700000,1,98900000,1.65e+07,4.03e+07,98700000,1,99100000,1.65e+07,4.03e+07,98700000,45,0,0,0,0,196,232,0.07066733,0.07066733,0,5792,822.06665,1610.4133,2.593431e+06,1,0,0,0,0,0,0,0,1,880.7857,104.28571,1656.4286,196,0,0,0,0,0,0,7,730,7,11595,0,235,4,20,14954.0,0.0,14954,14954,9.87e+07,0.0,98700000,98700000
53,31135,1,1,51,111,51,51,51.0,0.0,111,111,111.0,0.0,5203.1475,64.23639,31135.0,0.0,31135,31135,0,0.0,0.0,0,0,0,0.0,0.0,0,0,0,0,0,0,32,32,32.118195,32.118195,51,111,71.0,34.641018,1200.0,0,0,0,0,0,0,0,0,1,106.5,51.0,111.0,32,0,0,0,0,0,0,1,51,1,111,-1,-1,0,32,0.0,0.0,0,0,0.0,0.0,0,0
54061,20,1,1,0,0,0,0,0.0,0.0,0,0,0.0,0.0,0.0,100000.0,20.0,0.0,20,20,0,0.0,0.0,0,0,0,0.0,0.0,0,0,0,0,0,0,32,32,50000.0,50000.0,0,0,0.0,0.0,0.0,0,0,0,0,1,1,0,0,1,0.0,0.0,0.0,32,0,0,0,0,0,0,1,0,1,0,122,33304,0,32,0.0,0.0,0,0,0.0,0.0,0,0
443,181483,1,1,6,6,6,6,6.0,0.0,6,6,6.0,0.0,66.121895,11.020316,181483.0,0.0,181483,181483,0,0.0,0.0,0,0,0,0.0,0.0,0,0,0,0,0,0,20,20,5.510158,5.510158,6,6,6.0,0.0,0.0,0,0,0,0,1,1,0,0,1,9.0,6.0,6.0,20,0,0,0,0,0,0,1,6,1,6,376,35,0,20,0.0,0.0,0,0,0.0,0.0,0,0
80,8525816,5,0,30,0,6,6,6.0,0.0,0,0,0.0,0.0,3.5187247,0.58645415,2.131454e+06,4.2622435e+06,8524819,1,8525816,2.131454e+06,4.2622435e+06,8524819,1,0,0.0,0.0,0,0,0,0,0,0,100,0,0.58645415,0.0,6,6,6.0,0.0,0.0,0,0,0,0,1,0,0,0,0,7.2,6.0,0.0,100,0,0,0,0,0,0,5,30,0,0,256,-1,4,20,997.0,0.0,997,997,8.524819e+06,0.0,8524819,8524819
53,66269,4,2,184,348,46,46,46.0,0.0,174,174,174.0,0.0,8027.886,90.54007,13253.8,18125.338,33308,1,33357,11119.0,19216.252,33308,1,3,3.0,0.0,3,3,0,0,0,0,104,40,60.360046,30.180023,46,174,82.57143,62.457603,3900.9524,0,0,0,0,0,0,0,0,0,96.333336,46.0,174.0,104,0,0,0,0,0,0,4,184,2,348,-1,-1,3,20,0.0,0.0,0,0,0.0,0.0,0,0
5902,41,1,1,2,6,2,2,2.0,0.0,6,6,6.0,0.0,195121.95,48780.49,41.0,0.0,41,41,0,0.0,0.0,0,0,0,0.0,0.0,0,0,0,0,0,0,24,20,24390.244,24390.244,2,6,3.3333333,2.309401,5.3333335,0,0,0,1,0,0,0,0,1,5.0,2.0,6.0,24,0,0,0,0,0,0,1,2,1,6,1024,0,0,24,0.0,0.0,0,0,0.0,0.0,0,0
2681,3,2,0,37,0,31,6,18.5,17.67767,0,0,0.0,0.0,1.2333333e+07,666666.7,3.0,0.0,3,3,3,3.0,0.0,3,3,0,0.0,0.0,0,0,1,0,0,0,40,0,666666.7,0.0,6,31,22.666666,14.433757,208.33333,0,1,0,0,1,0,0,0,0,34.0,18.5,0.0,40,0,0,0,0,0,0,2,37,0,0,110,-1,1,20,0.0,0.0,0,0,0.0,0.0,0,0
8080,71845,4,3,206,134,194,0,51.5,95.0421,128,0,44.666668,72.23111,4732.41,97.43197,11974.167,28211.871,69557,74,71845,23948.334,40779.594,71035,74,70202,35101.0,48728.14,69557,645,0,0,0,0,92,72,55.67541,41.756557,0,194,42.5,75.28802,5668.2856,0,0,0,1,0,0,0,0,0,48.57143,51.5,44.666668,92,0,0,0,0,0,0,4,206,3,134,8192,237,3,20,0.0,0.0,0,0,0.0,0.0,0,0
80,97789242,6,7,306,11595,306,0,51.0,124.92398,4344,0,1656.4286,1757.579,121.7005,0.13293897,8.1491035e+06,2.82e+07,97800000,2,97800000,1.96e+07,4.37e+07,97800000,2,15966,2661.0,4460.1357,11034,14,0,0,0,0,200,232,0.06135644,0.07158252,0,4344,850.0714,1460.1825,2.132133e+06,0,0,0,0,1,0,0,0,1,915.46155,51.0,1656.4286,200,0,0,0,0,0,0,6,306,7,11595,251,235,1,32,470.0,0.0,470,470,9.78e+07,0.0,97800000,97800000
8080,1001110,3,3,0,18,0,0,0.0,0.0,6,6,6.0,0.0,17.980042,5.993347,200222.0,273336.16,503338,531,1000579,500289.5,5154.1016,503934,496645,1000514,500257.0,5371.183,504055,496459,0,0,0,0,92,60,2.9966736,2.9966736,0,6,2.5714285,3.207135,10.285714,0,0,0,1,0,0,0,0,1,3.0,0.0,6.0,92,0,0,0,0,0,0,3,0,3,18,8192,0,0,28,0.0,0.0,0,0,0.0,0.0,0,0
8080,1002549,3,3,0,18,0,0,0.0,0.0,6,6,6.0,0.0,17.954235,5.984745,200509.8,273515.06,500349,668,1001751,500875.5,200.11122,501017,500734,1001727,500863.5,400.92953,501147,500580,0,0,0,0,92,60,2.9923725,2.9923725,0,6,2.5714285,3.207135,10.285714,0,0,0,1,0,0,0,0,1,3.0,0.0,6.0,92,0,0,0,0,0,0,3,0,3,18,8192,0,0,28,0.0,0.0,0,0,0.0,0.0,0,0
53,172,2,2,46,46,23,23,23.0,0.0,23,23,23.0,0.0,534883.75,23255.814,57.333332,62.147675,124,1,47,47.0,0.0,47,47,1,1.0,0.0,1,1,0,0,0,0,64,64,11627.907,11627.907,23,23,23.0,0.0,0.0,0,0,0,0,0,0,0,0,1,28.75,23.0,23.0,64,0,0,0,0,0,0,2,46,2,46,-1,-1,1,32,0.0,0.0,0,0,0.0,0.0,0,0
444,119302728,2685,1729,8299,7556917,517,0,3.0908751,16.858421,17376,0,4370.6865,2566.935,63411.93,36.998314,27034.383,174625.77,5024984,0,119000000,44449.508,222461.72,5025702,0,119000000,69040.91,273867.44,5024984,1,0,0,0,0,85928,55336,22.505772,14.492544,0,17376,1713.5258,2669.3894,7.1256395e+06,0,0,0,1,0,0,0,0,0,1713.914,3.0908751,4370.6865,85928,0,0,0,0,0,0,2685,8299,1729,7556917,29200,235,118,32,2217.0,0.0,2217,2217,5.024984e+06,0.0,5024984,5024984
443,176,3,0,0,0,0,0,0.0,0.0,0,0,0.0,0.0,0.0,17045.455,88.0,121.62237,174,2,176,88.0,121.62237,174,2,0,0.0,0.0,0,0,0,0,0,0,96,0,17045.455,0.0,0,0,0.0,0.0,0.0,0,0,0,0,1,0,0,0,0,0.0,0.0,0.0,96,0,0,0,0,0,0,3,0,0,0,33300,-1,0,32,0.0,0.0,0,0,0.0,0.0,0,0
443,117311,10,4,652,703,405,0,65.2,128.46513,565,0,175.75,267.5299,11550.494,119.3409,9023.923,13447.831,32765,19,117311,13034.556,16905.69,39809,19,75865,25288.334,13793.685,33328,9361,0,0,0,0,224,88,85.2435,34.0974,0,565,90.333336,170.48404,29064.809,0,0,0,1,0,0,0,0,0,96.78571,65.2,175.75,224,0,0,0,0,0,0,10,652,4,703,65535,11,5,20,0.0,0.0,0,0,0.0,0.0,0,0
443,113439904,19,20,2581,1656,1015,0,135.8421,326.91202,511,0,82.8,185.08934,37.350174,0.34379438,2.9852608e+06,4.536323e+06,10000000,62,113000000,6.300896e+06,4.789007e+06,10000000,23968,113000000,5.969265e+06,4.902741e+06,10000000,319,0,0,0,0,404,544,0.16748956,0.1763048,0,1015,105.925,258.86887,67013.09,0,0,0,1,0,0,0,0,1,108.64103,135.8421,82.8,404,0,0,0,0,0,0,19,2581,20,1656,8192,67,15,20,350315.53,951851.94,3195095,23797,9.960242e+06,88886.01,10000000,9771888
53,224,2,2,76,332,38,38,38.0,0.0,166,166,166.0,0.0,1.8214286e+06,17857.143,74.666664,88.0814,173,3,3,3.0,0.0,3,3,48,48.0,0.0,48,48,0,0,0,0,40,40,8928.571,8928.571,38,166,89.2,70.10849,4915.2,0,0,0,0,0,0,0,0,1,111.5,38.0,166.0,40,0,0,0,0,0,0,2,76,2,332,-1,-1,1,20,0.0,0.0,0,0,0.0,0.0,0,0
443,144,2,0,0,0,0,0,0.0,0.0,0,0,0.0,0.0,0.0,13888.889,144.0,0.0,144,144,144,144.0,0.0,144,144,0,0.0,0.0,0,0,0,0,0,0,64,0,13888.889,0.0,0,0,0.0,0.0,0.0,0,0,0,0,1,0,0,0,0,0.0,0.0,0.0,64,0,0,0,0,0,0,2,0,0,0,410,-1,0,32,0.0,0.0,0,0,0.0,0.0,0,0
80,100284278,8,6,56,11607,20,0,7.0,5.656854,4380,0,1934.5,2177.345,116.299385,0.13960314,7.714175e+06,2.57e+07,93000000,2,99000000,1.41e+07,3.49e+07,93000000,4,1260436,252087.2,563156.5,1259492,2,0,0,0,0,172,132,0.079773225,0.059829917,0,4380,777.93335,1627.4618,2.6486318e+06,0,0,0,0,1,0,0,0,0,833.5,7.0,1934.5,172,0,0,0,0,0,0,8,56,6,11607,256,229,6,20,2981.0,0.0,2981,2981,4.95e+07,6.16e+07,93000000,5974859
80,106307715,6,3,525,0,520,0,87.5,211.8903,0,0,0.0,0.0,4.9384937,0.0846599,1.33e+07,3.64e+07,103000000,48,106000000,2.13e+07,4.59e+07,103000000,232,103000000,5.17e+07,7.3e+07,103000000,1037,0,0,0,0,216,104,0.05643993,0.028219964,0,520,52.5,164.27028,26984.723,0,0,0,1,0,0,0,0,0,58.333332,87.5,0.0,216,0,0,0,0,0,0,6,525,3,0,29200,235,2,32,3.003309e+06,0.0,3003309,3003309,1.03e+08,0.0,103000000,103000000
443,8575844,5,0,682,0,645,0,136.4,284.7671,0,0,0.0,0.0,79.5257,0.58303297,2.143961e+06,4.2815065e+06,8566217,3,8575844,2.143961e+06,4.2815065e+06,8566217,3,0,0.0,0.0,0,0,0,0,0,0,160,0,0.58303297,0.0,0,645,113.666664,260.7195,67974.664,0,0,0,0,1,0,0,0,0,136.4,136.4,0.0,160,0,0,0,0,0,0,5,682,0,0,33285,-1,2,32,3.0,0.0,3,3,8.566217e+06,0.0,8566217,8566217
